{"type": "Feature", "properties": {}, "geometry": {"type": "MultiPolygon", "coordinates": [[[[89.29287351113413, 24.378798478048218], [89.28347222222223, 24.379027777777775], [89.2851388888889, 24.420416666666664], [89.27180555555556, 24.42736111111111], [89.2598611111111, 24.423194444444444], [89.24708333333334, 24.42736111111111], [89.25125, 24.436249999999998], [89.27125000000001, 24.44486111111111], [89.28125, 24.456527777777776], [89.28347222222223, 24.484583333333333], [89.29319444444445, 24.480416666666667], [89.29097222222222, 24.48736111111111], [89.32097222222222, 24.519027777777776], [89.32125, 24.52986111111111], [89.33486111111111, 24.544027777777778], [89.34291666666667, 24.542916666666667], [89.34263888888889, 24.536527777777778], [89.35041666666667, 24.543194444444442], [89.33902777777779, 24.544305555555553], [89.34208333333333, 24.549305555555556], [89.33597222222222, 24.545694444444443], [89.34434543952946, 24.557992607364437], [89.3451388888889, 24.556527777777777], [89.35319444444444, 24.558194444444442], [89.34986111111111, 24.554027777777776], [89.35847222222222, 24.542638888888888], [89.35236111111111, 24.541527777777777], [89.35819444444445, 24.536805555555553], [89.35180555555556, 24.53708333333333], [89.35819444444445, 24.53625], [89.35875, 24.52847222222222], [89.35930555555557, 24.54486111111111], [89.3776388888889, 24.53875], [89.37819444444445, 24.54513888888889], [89.38847222222222, 24.54208333333333], [89.3926388888889, 24.55236111111111], [89.39347222222223, 24.534027777777776], [89.39902777777777, 24.540138888888887], [89.40819444444445, 24.531527777777775], [89.41375000000001, 24.533472222222223], [89.42125, 24.54347222222222], [89.41902777777779, 24.551805555555553], [89.42430555555556, 24.543194444444442], [89.43847222222223, 24.544583333333332], [89.43625, 24.53625], [89.42902777777778, 24.536527777777778], [89.43347222222222, 24.525694444444444], [89.44791666666667, 24.539305555555554], [89.44180555555556, 24.525416666666665], [89.45347222222223, 24.52958333333333], [89.45097222222222, 24.50708333333333], [89.45652777777778, 24.501805555555553], [89.45319444444445, 24.49486111111111], [89.44875, 24.498194444444444], [89.44844551282051, 24.495860042735043], [89.44791666666667, 24.50097222222222], [89.43347222222222, 24.489305555555553], [89.44513888888889, 24.48097222222222], [89.4426388888889, 24.477083333333333], [89.44208333333333, 24.48263888888889], [89.43625, 24.481805555555553], [89.43847222222223, 24.46236111111111], [89.44402777777778, 24.470416666666665], [89.43930555555556, 24.476527777777775], [89.44680555555556, 24.47486111111111], [89.4473611111111, 24.46097222222222], [89.45041666666667, 24.477361111111108], [89.45097222222222, 24.468194444444443], [89.45847222222223, 24.47347222222222], [89.45208333333333, 24.48097222222222], [89.45875000000001, 24.477083333333333], [89.46708333333333, 24.483194444444443], [89.44847222222222, 24.480694444444442], [89.46625, 24.510416666666664], [89.47458333333334, 24.515138888888888], [89.47652777777778, 24.507638888888888], [89.47902777777779, 24.519027777777776], [89.48157805802836, 24.507649604352125], [89.48680555555556, 24.51013888888889], [89.48458333333333, 24.515694444444442], [89.49486111111112, 24.515138888888888], [89.48569444444445, 24.528194444444445], [89.51652777777778, 24.514027777777777], [89.51208333333334, 24.521527777777777], [89.50041666666667, 24.524027777777775], [89.50116915422886, 24.526285240464347], [89.50625000000001, 24.525694444444444], [89.51097222222222, 24.532083333333333], [89.52152777777778, 24.52347222222222], [89.52875, 24.526249999999997], [89.52291666666667, 24.53013888888889], [89.53569444444445, 24.526805555555555], [89.52458333333334, 24.531527777777775], [89.53041666666667, 24.544305555555553], [89.51986111111111, 24.533194444444444], [89.52152777777778, 24.550416666666667], [89.50430555555556, 24.55625], [89.52180555555556, 24.552083333333332], [89.52041666666666, 24.535416666666666], [89.52930555555555, 24.545694444444443], [89.5345129718554, 24.54488078564759], [89.53736111111111, 24.55013888888889], [89.52875, 24.55125], [89.53236111111111, 24.561249999999998], [89.53708333333334, 24.551527777777775], [89.54625, 24.553194444444443], [89.54541666666667, 24.546805555555554], [89.55319444444444, 24.548194444444444], [89.55513888888889, 24.555416666666666], [89.56180555555555, 24.554027777777776], [89.56125, 24.546249999999997], [89.56319444444445, 24.553472222222222], [89.5651388888889, 24.546805555555554], [89.57791666666667, 24.55013888888889], [89.58069444444445, 24.54486111111111], [89.56736111111111, 24.544583333333332], [89.56541666666666, 24.535416666666666], [89.57541666666667, 24.54347222222222], [89.57513888888889, 24.537916666666664], [89.58180555555556, 24.539305555555554], [89.58986111111112, 24.529027777777777], [89.58763888888889, 24.54208333333333], [89.59069444444445, 24.52875], [89.59791666666666, 24.52958333333333], [89.59847222222223, 24.52375], [89.58125, 24.51486111111111], [89.59541666666667, 24.518749999999997], [89.58625, 24.513194444444444], [89.59430555555556, 24.513194444444444], [89.58375000000001, 24.498194444444444], [89.58819444444444, 24.48486111111111], [89.59386095890412, 24.491103881278537], [89.59041666666667, 24.492916666666666], [89.59091359575656, 24.496022473478515], [89.58847222222222, 24.491805555555555], [89.58875, 24.503194444444443], [89.60069444444444, 24.512916666666666], [89.59346269422457, 24.500425461741422], [89.59819444444445, 24.501805555555553], [89.5951388888889, 24.49458333333333], [89.59536649079247, 24.4927625181047], [89.60458333333334, 24.502916666666664], [89.60819444444445, 24.497638888888886], [89.60680555555555, 24.48763888888889], [89.60597222222222, 24.495694444444442], [89.58597222222222, 24.47458333333333], [89.59319444444445, 24.47597222222222], [89.59236111111112, 24.467916666666664], [89.60347222222222, 24.475694444444443], [89.59375, 24.476527777777775], [89.59847222222223, 24.48263888888889], [89.60763888888889, 24.47375], [89.61180555555556, 24.482916666666664], [89.61541666666668, 24.47986111111111], [89.61125, 24.48986111111111], [89.60819444444445, 24.486527777777777], [89.61180555555556, 24.506527777777777], [89.60763888888889, 24.50263888888889], [89.60736111111112, 24.512638888888887], [89.61030310006139, 24.511440300798036], [89.60208333333334, 24.519027777777776], [89.60180555555556, 24.532638888888886], [89.59013888888889, 24.554305555555555], [89.59597222222223, 24.559305555555554], [89.60652777777779, 24.549305555555556], [89.59930555555556, 24.546249999999997], [89.60347222222222, 24.545694444444443], [89.60430555555556, 24.518472222222222], [89.60986111111112, 24.530694444444443], [89.60847222222222, 24.51986111111111], [89.61430555555556, 24.527916666666666], [89.62041666666667, 24.522916666666664], [89.61430555555556, 24.521527777777777], [89.62125, 24.506527777777777], [89.61375, 24.498194444444444], [89.61986111111112, 24.50263888888889], [89.62236111111112, 24.498749999999998], [89.62597222222223, 24.51097222222222], [89.63402777777777, 24.50708333333333], [89.6301388888889, 24.525972222222222], [89.63708333333334, 24.518749999999997], [89.64208333333333, 24.52263888888889], [89.64430555555556, 24.50097222222222], [89.64958333333334, 24.50986111111111], [89.65069444444444, 24.496805555555554], [89.63263888888889, 24.492916666666666], [89.63541666666667, 24.481527777777778], [89.6251388888889, 24.482916666666664], [89.62597222222223, 24.487916666666667], [89.61680555555556, 24.484583333333333], [89.62430555555555, 24.47236111111111], [89.62541666666667, 24.48125], [89.63902777777778, 24.47847222222222], [89.63652777777779, 24.48736111111111], [89.64152777777778, 24.491805555555555], [89.65902777777778, 24.48736111111111], [89.65069444444444, 24.498749999999998], [89.65152777777779, 24.504027777777775], [89.65875, 24.501527777777778], [89.65486111111112, 24.507916666666667], [89.66069444444445, 24.506527777777777], [89.65097222222222, 24.512638888888887], [89.66236111111111, 24.520138888888887], [89.65986111111111, 24.513194444444444], [89.66791666666667, 24.509027777777778], [89.66097222222223, 24.506249999999998], [89.66125000000001, 24.499305555555555], [89.66541666666667, 24.50375], [89.67236111111112, 24.496805555555554], [89.65986111111111, 24.491805555555555], [89.66597222222222, 24.490694444444443], [89.66819444444445, 24.479305555555555], [89.67902777777778, 24.476805555555554], [89.66958333333334, 24.48875], [89.6776388888889, 24.495416666666664], [89.67847222222223, 24.50597222222222], [89.67680013256206, 24.507779886719696], [89.67208333333333, 24.51597222222222], [89.67875000000001, 24.517638888888886], [89.68263888888889, 24.506527777777777], [89.68736111111112, 24.52486111111111], [89.67958333333334, 24.52486111111111], [89.68208333333334, 24.54208333333333], [89.67069444444445, 24.54986111111111], [89.66319444444444, 24.58458333333333], [89.64986111111111, 24.59263888888889], [89.64847222222222, 24.601805555555554], [89.65875, 24.616249999999997], [89.66291666666667, 24.650138888888886], [89.64986111111111, 24.67013888888889], [89.63791666666667, 24.67458333333333], [89.63208333333334, 24.691805555555554], [89.63847222222222, 24.69736111111111], [89.65958333333333, 24.678472222222222], [89.66430555555556, 24.687083333333334], [89.66736111111112, 24.68347222222222], [89.66680555555556, 24.69013888888889], [89.65726943076082, 24.69345580186097], [89.66652777777779, 24.692638888888887], [89.65541666666667, 24.746805555555554], [89.66652777777779, 24.74736111111111], [89.66402777777778, 24.75486111111111], [89.67125, 24.754583333333333], [89.6751388888889, 24.764027777777777], [89.67180555555557, 24.754305555555554], [89.70652777777778, 24.746805555555554], [89.72319444444445, 24.734583333333333], [89.72347222222223, 24.762083333333333], [89.71628759601862, 24.766635967759385], [89.71819444444445, 24.769305555555555], [89.70541666666666, 24.776805555555555], [89.71191095082561, 24.76940928748564], [89.69541666666667, 24.77986111111111], [89.72041666666667, 24.775694444444444], [89.73041666666667, 24.76597222222222], [89.73902777777778, 24.741249999999997], [89.73180555555555, 24.71986111111111], [89.74319444444444, 24.697916666666664], [89.79208333333334, 24.676805555555553], [89.79486111111112, 24.685416666666665], [89.79736111111112, 24.678194444444443], [89.78236111111111, 24.671527777777776], [89.78375, 24.62569444444444], [89.76347222222222, 24.645416666666666], [89.74236111111111, 24.68263888888889], [89.72930555555556, 24.69486111111111], [89.72069444444445, 24.69458333333333], [89.72847222222222, 24.69597222222222], [89.71791666666667, 24.707916666666666], [89.70597222222223, 24.69597222222222], [89.70680555555556, 24.689305555555553], [89.71236111111111, 24.69097222222222], [89.70625, 24.666527777777777], [89.71375, 24.63347222222222], [89.71847222222223, 24.641527777777778], [89.71625, 24.624027777777776], [89.75152777777778, 24.59986111111111], [89.75791666666667, 24.570416666666667], [89.75597222222223, 24.582638888888887], [89.76180555555555, 24.57875], [89.75875, 24.561527777777776], [89.7676388888889, 24.539861111111108], [89.75180555555556, 24.53736111111111], [89.7501388888889, 24.562638888888888], [89.73597222222223, 24.566527777777775], [89.74319444444444, 24.56347222222222], [89.75097222222223, 24.54347222222222], [89.73986111111111, 24.533749999999998], [89.73208333333334, 24.513194444444444], [89.7401388888889, 24.50736111111111], [89.73625, 24.512916666666666], [89.74375, 24.512916666666666], [89.75208333333333, 24.499583333333334], [89.75652777777778, 24.50125], [89.74736111111112, 24.482916666666664], [89.75680555555556, 24.482083333333332], [89.74236111111111, 24.470694444444444], [89.74236111111111, 24.455694444444443], [89.7551388888889, 24.455416666666665], [89.74652777777779, 24.430416666666666], [89.76597222222223, 24.37569444444444], [89.75458333333333, 24.365694444444443], [89.75180555555556, 24.350416666666664], [89.77125000000001, 24.330972222222222], [89.77402777777777, 24.301805555555553], [89.79013888888889, 24.276527777777776], [89.78069444444445, 24.220416666666665], [89.7851388888889, 24.224027777777778], [89.79847222222223, 24.174305555555556], [89.78013888888889, 24.166249999999998], [89.78763888888889, 24.157916666666665], [89.80319444444444, 24.158749999999998], [89.80625, 24.139305555555556], [89.82013888888889, 24.140694444444442], [89.81430555555556, 24.116527777777776], [89.82486111111112, 24.088749999999997], [89.82291666666667, 24.072916666666664], [89.76652777777778, 24.02375], [89.74097222222223, 24.02208333333333], [89.72180555555556, 24.01347222222222], [89.70291666666667, 24.02375], [89.69875, 24.03847222222222], [89.68291666666667, 24.034305555555555], [89.68125, 24.062083333333334], [89.63736111111112, 24.086805555555554], [89.62986111111111, 24.083194444444445], [89.61652777777778, 24.096805555555555], [89.60458333333334, 24.096527777777776], [89.59013888888889, 24.107916666666664], [89.55930555555555, 24.11125], [89.55541666666667, 24.119027777777777], [89.56708333333333, 24.115972222222222], [89.56152777777778, 24.117638888888887], [89.56430555555556, 24.12236111111111], [89.55069444444445, 24.129583333333333], [89.54569444444445, 24.125416666666666], [89.55347222222223, 24.13513888888889], [89.53291666666667, 24.130138888888887], [89.52180555555556, 24.154305555555553], [89.52930555555555, 24.158749999999998], [89.52319444444444, 24.16847222222222], [89.53347222222223, 24.166527777777777], [89.5351388888889, 24.172916666666666], [89.5176388888889, 24.179027777777776], [89.51708333333333, 24.18875], [89.52513888888889, 24.19125], [89.52236111111111, 24.19736111111111], [89.51041666666667, 24.199583333333333], [89.50208333333333, 24.21708333333333], [89.48930555555556, 24.21708333333333], [89.48597222222223, 24.20375], [89.46930555555556, 24.20097222222222], [89.47097222222223, 24.212916666666665], [89.46152777777777, 24.22458333333333], [89.47375000000001, 24.219305555555554], [89.47819444444444, 24.22958333333333], [89.47152777777778, 24.234583333333333], [89.45430555555556, 24.227638888888887], [89.44652777777777, 24.23125], [89.45652777777778, 24.233749999999997], [89.46319444444444, 24.250138888888888], [89.46097222222222, 24.261805555555554], [89.45236111111112, 24.266805555555553], [89.4401388888889, 24.260694444444443], [89.43930555555556, 24.25236111111111], [89.42458333333333, 24.250416666666666], [89.42930555555556, 24.26736111111111], [89.41763888888889, 24.292916666666667], [89.41902777777779, 24.304583333333333], [89.42541666666666, 24.306805555555552], [89.41875, 24.324305555555554], [89.40013888888889, 24.321527777777778], [89.39930555555556, 24.33625], [89.39180555555556, 24.33458333333333], [89.38180555555556, 24.34236111111111], [89.3751388888889, 24.338194444444444], [89.37819444444445, 24.34819444444444], [89.36625000000001, 24.353749999999998], [89.35347222222222, 24.34819444444444], [89.32152777777777, 24.350694444444443], [89.32125, 24.355694444444442], [89.3151388888889, 24.351805555555554], [89.31458333333333, 24.361805555555556], [89.31736111111111, 24.370694444444442], [89.31013888888889, 24.370694444444442], [89.30902777777779, 24.377916666666664], [89.32177323454081, 24.370524301744112], [89.30208333333334, 24.390694444444442], [89.29976134215502, 24.385839371980687], [89.30125, 24.387361111111108], [89.2991090425532, 24.38447547281325], [89.29597222222222, 24.377916666666664], [89.30875, 24.37486111111111], [89.31070110484251, 24.364373922582665], [89.31236111111112, 24.363194444444442], [89.31155243690165, 24.35979801276473], [89.31319444444445, 24.35097222222222], [89.31138180960086, 24.35908137810141], [89.31097222222222, 24.35736111111111], [89.29013888888889, 24.36958333333333], [89.30180555555556, 24.370694444444442], [89.31010392385393, 24.36479823539034], [89.30791666666667, 24.374583333333334], [89.28875000000001, 24.374583333333334], [89.29287351113413, 24.378798478048218]], [[89.32294493441881, 24.369324023820294], [89.32347222222222, 24.359305555555554], [89.32486111111112, 24.36736111111111], [89.32294493441881, 24.369324023820294]], [[89.61435426540284, 24.507700763559768], [89.61291666666666, 24.50236111111111], [89.61652777777778, 24.505694444444444], [89.61435426540284, 24.507700763559768]], [[89.48169828981987, 24.507113185589958], [89.4823383108542, 24.504257707129096], [89.47930555555556, 24.50097222222222], [89.47791666666667, 24.496805555555554], [89.48236604938272, 24.504133950617284], [89.48263888888889, 24.502916666666664], [89.49236111111111, 24.50347222222222], [89.48169828981987, 24.507113185589958]], [[89.8176388888889, 24.096527777777776], [89.81041666666667, 24.09736111111111], [89.81652777777778, 24.09097222222222], [89.8176388888889, 24.096527777777776]], [[89.79847222222223, 24.146805555555556], [89.78875000000001, 24.137361111111108], [89.78819444444444, 24.124027777777776], [89.79041666666667, 24.129305555555554], [89.79569444444445, 24.123194444444444], [89.79097222222222, 24.13097222222222], [89.79486111111112, 24.137638888888887], [89.79875, 24.13208333333333], [89.80291666666668, 24.13597222222222], [89.8126388888889, 24.12875], [89.80486111111111, 24.121805555555554], [89.81097222222222, 24.11736111111111], [89.8151388888889, 24.129027777777775], [89.79847222222223, 24.146805555555556]], [[89.79347222222222, 24.114305555555553], [89.80236111111111, 24.11375], [89.80069444444445, 24.119027777777777], [89.80652777777777, 24.113194444444442], [89.79847222222223, 24.12569444444444], [89.80486111111111, 24.125138888888888], [89.80458333333334, 24.131249999999998], [89.79875, 24.131805555555555], [89.79541666666667, 24.11875], [89.78736111111111, 24.116805555555555], [89.79236111111112, 24.10458333333333], [89.79486111111112, 24.108749999999997], [89.80125, 24.104027777777777], [89.79347222222222, 24.114305555555553]], [[89.79319444444445, 24.07125], [89.7976388888889, 24.06847222222222], [89.79041666666667, 24.07097222222222], [89.78819444444444, 24.064305555555553], [89.79708333333333, 24.06736111111111], [89.79347222222222, 24.059305555555554], [89.80152777777778, 24.06736111111111], [89.79430555555555, 24.07375], [89.80347222222223, 24.080416666666665], [89.80236111111111, 24.08625], [89.79097222222222, 24.084027777777777], [89.79319444444445, 24.07125]], [[89.78875000000001, 24.090694444444445], [89.79097222222222, 24.086527777777775], [89.79319444444445, 24.103194444444444], [89.78875000000001, 24.104027777777777], [89.78875000000001, 24.090694444444445]], [[89.78291666666667, 24.638749999999998], [89.77375, 24.654305555555553], [89.78125, 24.649027777777775], [89.77458333333334, 24.659027777777776], [89.78013888888889, 24.65347222222222], [89.77958333333333, 24.660138888888888], [89.76375, 24.664583333333333], [89.78291666666667, 24.638749999999998]], [[89.76986111111111, 24.672916666666666], [89.76652777777778, 24.67513888888889], [89.77708333333334, 24.665694444444444], [89.76986111111111, 24.672916666666666]], [[89.76902777777778, 24.679583333333333], [89.76402777777778, 24.680416666666666], [89.77569444444444, 24.67597222222222], [89.76902777777778, 24.679583333333333]], [[89.76549091752851, 24.670655993105278], [89.75541666666668, 24.678472222222222], [89.76597222222223, 24.666805555555555], [89.76549091752851, 24.670655993105278]], [[89.75041666666667, 24.569027777777777], [89.75763888888889, 24.562638888888888], [89.75402777777778, 24.573194444444443], [89.75041666666667, 24.569027777777777]], [[89.74847222222222, 24.576527777777777], [89.75402777777778, 24.574027777777776], [89.74930555555555, 24.59097222222222], [89.73902777777778, 24.581249999999997], [89.74902777777778, 24.56986111111111], [89.74847222222222, 24.576527777777777]], [[89.74236111111111, 24.38375], [89.74763888888889, 24.38375], [89.74791666666667, 24.390416666666667], [89.74875, 24.384027777777778], [89.75375, 24.39875], [89.74763888888889, 24.411805555555553], [89.74208333333334, 24.40625], [89.74486111111112, 24.400416666666665], [89.73041666666667, 24.395694444444445], [89.70680555555556, 24.394305555555555], [89.70125, 24.401527777777776], [89.69791666666667, 24.395138888888887], [89.70569444444445, 24.394027777777776], [89.69402777777778, 24.395416666666666], [89.71291666666667, 24.380694444444444], [89.70680555555556, 24.366527777777776], [89.71986111111111, 24.37125], [89.70152777777778, 24.34208333333333], [89.71263888888889, 24.358194444444443], [89.71430555555555, 24.35097222222222], [89.7226388888889, 24.35347222222222], [89.72180555555556, 24.38236111111111], [89.71541666666667, 24.39125], [89.74263888888889, 24.39236111111111], [89.74236111111111, 24.38375]], [[89.74236111111111, 24.375416666666666], [89.75347222222223, 24.37097222222222], [89.74819444444445, 24.375138888888888], [89.75375, 24.38097222222222], [89.73875, 24.378194444444443], [89.74236111111111, 24.375416666666666]], [[89.75125, 24.326805555555556], [89.75097222222223, 24.331249999999997], [89.74625, 24.31847222222222], [89.75125, 24.326805555555556]], [[89.74708333333334, 24.35763888888889], [89.75097222222223, 24.359583333333333], [89.74652777777779, 24.363194444444442], [89.74708333333334, 24.35763888888889]], [[89.7501388888889, 24.338194444444444], [89.74763888888889, 24.34236111111111], [89.74958333333333, 24.330416666666665], [89.7501388888889, 24.338194444444444]], [[89.71208333333334, 24.618194444444445], [89.71041666666667, 24.60486111111111], [89.71875, 24.595694444444444], [89.72430555555556, 24.595138888888886], [89.72219718792867, 24.597901577503425], [89.73041666666667, 24.594305555555554], [89.72819444444444, 24.60125], [89.72185813250293, 24.598345857026807], [89.71625, 24.605694444444442], [89.72763888888889, 24.602638888888887], [89.73652777777778, 24.586805555555554], [89.73347222222222, 24.605694444444442], [89.73930555555556, 24.594305555555554], [89.74291666666667, 24.596805555555555], [89.73930555555556, 24.592916666666664], [89.74402777777777, 24.596249999999998], [89.73902777777778, 24.589583333333334], [89.74541666666667, 24.594305555555554], [89.74402777777777, 24.60125], [89.71208333333334, 24.618194444444445]], [[89.74125000000001, 24.29986111111111], [89.74347222222222, 24.303194444444443], [89.73736111111111, 24.29875], [89.74125000000001, 24.29986111111111]], [[89.72791666666667, 24.50875], [89.72236111111111, 24.496527777777775], [89.73097222222222, 24.490416666666665], [89.72708333333334, 24.500416666666666], [89.73986111111111, 24.49236111111111], [89.72847222222222, 24.504027777777775], [89.74041666666668, 24.504305555555554], [89.72791666666667, 24.50875]], [[89.7351388888889, 24.576805555555556], [89.73597222222223, 24.585694444444442], [89.72930555555556, 24.572916666666664], [89.73541666666667, 24.568749999999998], [89.73958333333334, 24.570416666666667], [89.7351388888889, 24.576805555555556]], [[89.72125, 24.48986111111111], [89.72763888888889, 24.480694444444442], [89.72956690029302, 24.487549596103587], [89.72430555555556, 24.487916666666667], [89.7201388888889, 24.49736111111111], [89.72125, 24.48986111111111]], [[89.73149400540358, 24.487415146909825], [89.73569444444445, 24.480694444444442], [89.73625, 24.48708333333333], [89.73149400540358, 24.487415146909825]], [[89.72630157437567, 24.27711862106405], [89.72375000000001, 24.27125], [89.72819444444444, 24.276527777777776], [89.73097222222222, 24.26986111111111], [89.7351388888889, 24.275138888888886], [89.73152777777779, 24.280694444444443], [89.72630157437567, 24.27711862106405]], [[89.72430555555556, 24.369305555555552], [89.73347222222222, 24.37125], [89.72708333333334, 24.374027777777776], [89.72430555555556, 24.369305555555552]], [[89.72958333333334, 24.251527777777778], [89.73319444444445, 24.261527777777776], [89.72597222222223, 24.266805555555553], [89.72430555555556, 24.256527777777777], [89.72708333333334, 24.263194444444444], [89.73180555555555, 24.260416666666664], [89.72625000000001, 24.24736111111111], [89.72958333333334, 24.251527777777778]], [[89.72430555555556, 24.586527777777775], [89.72513888888889, 24.580694444444443], [89.73125, 24.588749999999997], [89.71680555555555, 24.594027777777775], [89.72375000000001, 24.579583333333332], [89.72430555555556, 24.586527777777775]], [[89.72513888888889, 24.717916666666664], [89.72125, 24.72458333333333], [89.72319444444445, 24.710694444444442], [89.72513888888889, 24.717916666666664]], [[89.64114617614794, 24.40511734054223], [89.6426388888889, 24.41208333333333], [89.63263888888889, 24.408194444444444], [89.64114617614794, 24.40511734054223]], [[89.64772276926817, 24.402738572817892], [89.65875, 24.39875], [89.65847222222223, 24.393749999999997], [89.66541666666667, 24.39763888888889], [89.65458333333333, 24.400694444444444], [89.65402777777778, 24.413194444444443], [89.65958333333333, 24.41208333333333], [89.65863063806381, 24.416370462046196], [89.65847222222223, 24.416249999999998], [89.65863050900062, 24.416371042830534], [89.65791666666667, 24.419583333333332], [89.65152777777779, 24.419305555555553], [89.64013888888888, 24.416805555555555], [89.64986111111111, 24.41236111111111], [89.64772276926817, 24.402738572817892]], [[89.6631975958941, 24.419843252896325], [89.66402777777778, 24.415138888888887], [89.66708333333334, 24.42236111111111], [89.67097222222222, 24.41375], [89.67097222222222, 24.423194444444444], [89.67819444444444, 24.422083333333333], [89.67819444444444, 24.427916666666665], [89.67958333333334, 24.42375], [89.68319444444445, 24.42986111111111], [89.68347222222222, 24.42347222222222], [89.69180555555556, 24.426805555555553], [89.68736111111112, 24.434027777777775], [89.69341666666666, 24.434027777777775], [89.69541666666667, 24.426527777777775], [89.68847222222223, 24.421805555555554], [89.69763888888889, 24.416527777777777], [89.6955408542247, 24.409616604766327], [89.70680555555556, 24.40347222222222], [89.70597222222223, 24.396805555555556], [89.71458333333334, 24.414583333333333], [89.71291666666667, 24.44125], [89.72097222222223, 24.46097222222222], [89.71347222222222, 24.47958333333333], [89.69291666666668, 24.485416666666666], [89.68791666666667, 24.47986111111111], [89.68597222222222, 24.484305555555554], [89.68930555555556, 24.47513888888889], [89.69319444444444, 24.480694444444442], [89.6973611111111, 24.476805555555554], [89.69902777777779, 24.466805555555553], [89.68680555555555, 24.472916666666666], [89.68291666666667, 24.483472222222222], [89.68347222222222, 24.477083333333333], [89.66986111111112, 24.472916666666666], [89.67375, 24.466805555555553], [89.68041666666667, 24.47513888888889], [89.68958333333333, 24.469583333333333], [89.6776388888889, 24.470416666666665], [89.68819444444445, 24.461805555555554], [89.68125, 24.457638888888887], [89.68930555555556, 24.458194444444445], [89.68486111111112, 24.45375], [89.6726388888889, 24.44708333333333], [89.65875, 24.459027777777777], [89.66263888888889, 24.44847222222222], [89.65430555555555, 24.451805555555556], [89.64791666666667, 24.44236111111111], [89.64958333333334, 24.44875], [89.6429057355967, 24.44805234053498], [89.64219924060751, 24.43886790567546], [89.64736111111111, 24.437638888888888], [89.65347222222222, 24.44625], [89.66930555555555, 24.442638888888887], [89.66986111111112, 24.436527777777776], [89.68680555555555, 24.451805555555556], [89.68263888888889, 24.443749999999998], [89.69125, 24.442638888888887], [89.67736111111111, 24.440416666666664], [89.68513888888889, 24.436527777777776], [89.67739289459026, 24.43063759461319], [89.67569444444445, 24.437916666666666], [89.67347222222223, 24.430138888888887], [89.67625, 24.429768518518518], [89.6631975958941, 24.419843252896325]], [[89.64283792842865, 24.448045256203986], [89.63097222222223, 24.446805555555553], [89.63680555555555, 24.449583333333333], [89.63041666666668, 24.451249999999998], [89.61347222222223, 24.43736111111111], [89.62625, 24.436249999999998], [89.62347222222222, 24.44486111111111], [89.63263888888889, 24.446805555555553], [89.6301388888889, 24.440694444444443], [89.63763888888889, 24.43819444444444], [89.64283792842865, 24.448045256203986]], [[89.69306423611111, 24.40145833333331], [89.69291666666668, 24.400972222222222], [89.68819444444445, 24.395416666666666], [89.68276508156353, 24.395513619575254], [89.68986111111111, 24.39486111111111], [89.70208333333333, 24.384027777777778], [89.70236111111112, 24.36875], [89.70263888888888, 24.38513888888889], [89.7076388888889, 24.38375], [89.69125, 24.394305555555555], [89.6973611111111, 24.402083333333334], [89.6926388888889, 24.399027777777775], [89.69306423611111, 24.40145833333331]], [[89.67316975667215, 24.396395948300896], [89.68041666666667, 24.40597222222222], [89.68986111111111, 24.40597222222222], [89.68347222222222, 24.41597222222222], [89.68652777777778, 24.406805555555554], [89.68013888888889, 24.41125], [89.67208333333333, 24.396527777777777], [89.66569444444444, 24.39708333333333], [89.67316975667215, 24.396395948300896]], [[89.71791666666667, 24.40458333333333], [89.71486111111112, 24.408749999999998], [89.71375, 24.401527777777776], [89.71791666666667, 24.40458333333333]], [[89.71236111111111, 24.582916666666666], [89.71625, 24.580416666666665], [89.71680555555555, 24.586527777777775], [89.71763888888889, 24.581527777777776], [89.71791666666667, 24.588472222222222], [89.70819444444444, 24.59208333333333], [89.71236111111111, 24.582916666666666]], [[89.71652777777778, 24.339027777777776], [89.71569444444445, 24.35097222222222], [89.71180555555556, 24.341527777777777], [89.71652777777778, 24.339027777777776]], [[89.71125, 24.340138888888887], [89.70625, 24.34375], [89.71513888888889, 24.335694444444442], [89.71125, 24.340138888888887]], [[89.64958333333334, 24.240972222222222], [89.65097222222222, 24.23263888888889], [89.65847222222223, 24.245416666666664], [89.67486111111111, 24.23986111111111], [89.67347222222223, 24.227916666666665], [89.66458333333334, 24.226805555555554], [89.66766176470588, 24.214748366013072], [89.66736111111112, 24.21486111111111], [89.66291666666667, 24.20486111111111], [89.67041666666667, 24.209305555555556], [89.67402777777778, 24.21236111111111], [89.66838847012842, 24.21447585147962], [89.67875000000001, 24.230416666666667], [89.68319444444445, 24.22513888888889], [89.67986111111111, 24.234583333333333], [89.68319444444445, 24.230694444444442], [89.68652777777778, 24.23763888888889], [89.6973611111111, 24.231805555555553], [89.68902777777778, 24.219305555555554], [89.68540351742276, 24.217936390532543], [89.69152777777778, 24.20875], [89.69847222222222, 24.22236111111111], [89.70486111111111, 24.219583333333333], [89.70375, 24.276249999999997], [89.69597222222222, 24.268194444444443], [89.70097222222222, 24.26458333333333], [89.6876388888889, 24.25236111111111], [89.67958333333334, 24.25486111111111], [89.67980263157895, 24.25544005847953], [89.67430555555556, 24.257638888888888], [89.68652777777778, 24.25069444444444], [89.68875, 24.240138888888886], [89.67930555555556, 24.23486111111111], [89.67541666666666, 24.24458333333333], [89.68069444444444, 24.240138888888886], [89.68236111111112, 24.249583333333334], [89.67097222222222, 24.251805555555553], [89.66847222222222, 24.263194444444444], [89.68041666666667, 24.265416666666667], [89.67987268518519, 24.25562499999997], [89.68620882166614, 24.272352400309718], [89.67628964714045, 24.27025411339082], [89.68180555555556, 24.277083333333334], [89.68622299122215, 24.272389807937575], [89.68652777777778, 24.273194444444442], [89.69625, 24.275138888888886], [89.69708333333334, 24.283472222222223], [89.69097222222223, 24.279305555555553], [89.69458333333334, 24.28625], [89.70283212560386, 24.28625], [89.70041666666667, 24.289027777777775], [89.70708333333333, 24.286805555555553], [89.70847222222223, 24.29236111111111], [89.70263888888888, 24.30236111111111], [89.70875000000001, 24.304027777777776], [89.70930555555556, 24.319027777777777], [89.71486111111112, 24.321527777777778], [89.71406742986271, 24.32673079929507], [89.69791666666667, 24.315694444444443], [89.69375000000001, 24.32236111111111], [89.69763888888889, 24.327916666666667], [89.69180555555556, 24.328194444444442], [89.69791666666667, 24.331805555555555], [89.69847222222222, 24.324861111111108], [89.70069444444445, 24.33375], [89.69236111111111, 24.329583333333332], [89.6901388888889, 24.337638888888886], [89.68375, 24.32986111111111], [89.68875, 24.341527777777777], [89.67819444444444, 24.338472222222222], [89.67708333333334, 24.32708333333333], [89.68402777777779, 24.329583333333332], [89.68125, 24.318749999999998], [89.68597222222222, 24.324583333333333], [89.69458333333334, 24.317083333333333], [89.68430555555555, 24.312083333333334], [89.6901388888889, 24.305416666666666], [89.68541666666667, 24.29986111111111], [89.67347222222223, 24.297083333333333], [89.67986111111111, 24.29347222222222], [89.67319444444445, 24.289305555555554], [89.67569444444445, 24.284027777777776], [89.68208333333334, 24.283749999999998], [89.66652777777779, 24.279305555555553], [89.67430555555556, 24.274027777777775], [89.67236111111112, 24.27958333333333], [89.68125, 24.27958333333333], [89.6761720635906, 24.270229239947582], [89.67180555555557, 24.269305555555555], [89.66097222222223, 24.259027777777778], [89.66375000000001, 24.245694444444442], [89.64069444444445, 24.24486111111111], [89.63569444444445, 24.236527777777777], [89.6426388888889, 24.242083333333333], [89.64736111111111, 24.234583333333333], [89.64402777777778, 24.241805555555555], [89.64958333333334, 24.240972222222222]], [[89.70379247708473, 24.285145595797008], [89.70402777777778, 24.279027777777777], [89.70597222222223, 24.282638888888886], [89.70379247708473, 24.285145595797008]], [[89.70625, 24.60597222222222], [89.70736111111111, 24.594583333333333], [89.71347222222222, 24.596805555555555], [89.70625, 24.60597222222222]], [[89.71236111111111, 24.30486111111111], [89.71041666666667, 24.309027777777775], [89.70902777777778, 24.298194444444444], [89.71236111111111, 24.30486111111111]], [[89.70708333333333, 24.561249999999998], [89.70958333333334, 24.550694444444442], [89.71125, 24.56736111111111], [89.70708333333333, 24.561249999999998]], [[89.70736111111111, 24.719027777777775], [89.70402777777778, 24.725694444444443], [89.70875000000001, 24.724305555555553], [89.70597222222223, 24.72986111111111], [89.71069444444444, 24.72486111111111], [89.70958333333334, 24.730694444444442], [89.69708333333334, 24.734027777777776], [89.69791666666667, 24.70875], [89.70736111111111, 24.719027777777775]], [[89.70875000000001, 24.624027777777776], [89.70236111111112, 24.616527777777776], [89.7076388888889, 24.607083333333332], [89.70986111111111, 24.62486111111111], [89.70125, 24.62125], [89.70180555555555, 24.615972222222222], [89.70875000000001, 24.624027777777776]], [[89.70791666666666, 24.680416666666666], [89.70958333333334, 24.687916666666666], [89.70541666666666, 24.67375], [89.70791666666666, 24.680416666666666]], [[89.70819444444444, 24.629027777777775], [89.70625, 24.636805555555554], [89.70263888888888, 24.62763888888889], [89.70819444444444, 24.629027777777775]], [[89.70347222222223, 24.363194444444442], [89.69236111111111, 24.35625], [89.69708333333334, 24.35347222222222], [89.70791666666666, 24.36347222222222], [89.70347222222223, 24.363194444444442]], [[89.70597222222223, 24.58986111111111], [89.6973611111111, 24.61375], [89.69930555555555, 24.635416666666664], [89.69402777777778, 24.637638888888887], [89.69180555555556, 24.60763888888889], [89.70597222222223, 24.58986111111111]], [[89.70216276477146, 24.56874628390932], [89.70097222222222, 24.57069444444444], [89.69819444444445, 24.564027777777778], [89.70236111111112, 24.55763888888889], [89.70216276477146, 24.56874628390932]], [[89.69930555555555, 24.36375], [89.70375, 24.366805555555555], [89.69375000000001, 24.365972222222222], [89.69930555555555, 24.36375]], [[89.6985101010101, 24.649785353535417], [89.69819444444445, 24.664305555555554], [89.69125, 24.645138888888887], [89.69763888888889, 24.638749999999998], [89.6985101010101, 24.649785353535417]], [[89.70041666666667, 24.34125], [89.70069444444445, 24.334305555555556], [89.70069444444445, 24.345416666666665], [89.69513888888889, 24.339305555555555], [89.70041666666667, 24.34125]], [[89.68792074890521, 24.374127607065983], [89.68958333333333, 24.37236111111111], [89.70013888888889, 24.376805555555553], [89.68792074890521, 24.374127607065983]], [[89.68532440405481, 24.373558545180963], [89.67986111111111, 24.37236111111111], [89.68541666666667, 24.371805555555554], [89.68532440405481, 24.373558545180963]], [[89.69680555555556, 24.72319444444444], [89.69458333333334, 24.734305555555554], [89.67708333333334, 24.73625], [89.69291666666668, 24.70736111111111], [89.69430555555556, 24.685972222222222], [89.69902777777779, 24.705138888888886], [89.69347222222223, 24.70875], [89.69625, 24.72236111111111], [89.68902777777778, 24.727916666666665], [89.69680555555556, 24.72319444444444]], [[89.69875, 24.525416666666665], [89.69708333333334, 24.539305555555554], [89.69319444444444, 24.535138888888888], [89.69875, 24.525416666666665]], [[89.69319444444444, 24.53736111111111], [89.69486111111111, 24.542638888888888], [89.68986111111111, 24.541249999999998], [89.69319444444444, 24.53736111111111]], [[89.68652777777778, 24.38319444444444], [89.68625, 24.37875], [89.69430555555556, 24.38319444444444], [89.68652777777778, 24.38319444444444]], [[89.68708333333333, 24.357083333333332], [89.69208333333333, 24.361527777777777], [89.68263888888889, 24.36263888888889], [89.68708333333333, 24.357083333333332]], [[89.68013888888889, 24.385694444444443], [89.69097222222223, 24.388194444444444], [89.68875, 24.392638888888886], [89.68013888888889, 24.385694444444443]], [[89.67648672687466, 24.487310481663933], [89.68097222222222, 24.481805555555553], [89.68180555555556, 24.486527777777777], [89.69097222222223, 24.484305555555554], [89.68319444444445, 24.50486111111111], [89.68180555555556, 24.491805555555555], [89.67736111111111, 24.494305555555552], [89.67648672687466, 24.487310481663933]], [[89.6901388888889, 24.503194444444443], [89.6901388888889, 24.50736111111111], [89.68680555555555, 24.499305555555555], [89.6901388888889, 24.503194444444443]], [[89.68097222222222, 24.20875], [89.68513888888889, 24.204027777777778], [89.6901388888889, 24.20847222222222], [89.68708333333333, 24.213749999999997], [89.68569444444445, 24.20875], [89.67652777777778, 24.20958333333333], [89.68097222222222, 24.20875]], [[89.68930555555556, 24.554305555555555], [89.68125, 24.560416666666665], [89.68263888888889, 24.552916666666665], [89.68319444444445, 24.55847222222222], [89.68930555555556, 24.554305555555555]], [[89.68569444444445, 24.594027777777775], [89.67708333333334, 24.596249999999998], [89.68208333333334, 24.58625], [89.68013888888889, 24.594305555555554], [89.68569444444445, 24.594027777777775]], [[89.68180555555556, 24.624583333333334], [89.68513888888889, 24.620694444444442], [89.68263888888889, 24.646527777777777], [89.67652777777778, 24.629305555555554], [89.67986111111111, 24.632916666666667], [89.68263888888889, 24.62013888888889], [89.68180555555556, 24.624583333333334]], [[89.67902777777778, 24.419583333333332], [89.67708333333334, 24.409027777777776], [89.68347222222222, 24.416805555555555], [89.68208333333334, 24.423194444444444], [89.67902777777778, 24.419583333333332]], [[89.68208333333334, 24.311527777777776], [89.67652777777778, 24.310416666666665], [89.68013888888889, 24.303749999999997], [89.68208333333334, 24.311527777777776]], [[89.65847222222223, 24.365694444444443], [89.64319444444445, 24.363194444444442], [89.63652777777779, 24.349305555555553], [89.64569444444444, 24.34847222222222], [89.64097222222223, 24.358472222222222], [89.64819444444444, 24.36236111111111], [89.65819444444445, 24.35486111111111], [89.67597222222223, 24.355416666666667], [89.6751388888889, 24.34263888888889], [89.67986111111111, 24.35736111111111], [89.65847222222223, 24.365694444444443]], [[89.67430555555556, 24.318194444444444], [89.67875000000001, 24.314305555555553], [89.67819444444444, 24.320138888888888], [89.67430555555556, 24.318194444444444]], [[89.66680555555556, 24.32069444444444], [89.66180555555556, 24.317638888888887], [89.65625, 24.32375], [89.65541666666667, 24.31736111111111], [89.67180555555557, 24.31486111111111], [89.67652777777778, 24.329027777777778], [89.66680555555556, 24.32069444444444]], [[89.66819444444445, 24.451805555555556], [89.67625, 24.453194444444442], [89.66541666666667, 24.45486111111111], [89.66819444444445, 24.451805555555556]], [[89.67625, 24.150694444444444], [89.65875, 24.139305555555556], [89.67152777777778, 24.138194444444444], [89.67625, 24.150694444444444]], [[89.65708333333333, 24.38486111111111], [89.65902777777778, 24.376527777777778], [89.65986111111111, 24.387638888888887], [89.67375, 24.38097222222222], [89.67625, 24.385694444444443], [89.67013888888889, 24.393749999999997], [89.65541666666667, 24.38958333333333], [89.65708333333333, 24.38486111111111]], [[89.6726388888889, 24.373749999999998], [89.6601388888889, 24.376805555555553], [89.67125, 24.366527777777776], [89.6751388888889, 24.371805555555554], [89.66597222222222, 24.372638888888886], [89.6726388888889, 24.373749999999998]], [[89.66791666666667, 24.460416666666664], [89.67486111111111, 24.46013888888889], [89.67458333333333, 24.46597222222222], [89.66791666666667, 24.460416666666664]], [[89.66541666666667, 24.33486111111111], [89.67291666666667, 24.34125], [89.66180555555556, 24.332916666666666], [89.66541666666667, 24.33486111111111]], [[89.67125, 24.299027777777777], [89.67152777777778, 24.307916666666664], [89.66708333333334, 24.30708333333333], [89.66402777777778, 24.29986111111111], [89.67125, 24.299027777777777]], [[89.66125000000001, 24.27263888888889], [89.66875, 24.27125], [89.65958333333333, 24.281527777777775], [89.66125000000001, 24.27263888888889]], [[89.66847222222222, 24.229305555555555], [89.66458333333334, 24.23708333333333], [89.65902777777778, 24.234305555555554], [89.66847222222222, 24.229305555555555]], [[89.66736111111112, 24.122916666666665], [89.66486111111111, 24.12625], [89.66125000000001, 24.11736111111111], [89.66736111111112, 24.122916666666665]], [[89.66208333333334, 24.46097222222222], [89.66736111111112, 24.462083333333332], [89.66402777777778, 24.471527777777776], [89.65680555555556, 24.460416666666664], [89.66208333333334, 24.46097222222222]], [[89.65347222222222, 24.433194444444442], [89.65041666666667, 24.427083333333332], [89.65625, 24.422916666666666], [89.66652777777779, 24.436249999999998], [89.66069444444445, 24.443194444444444], [89.65347222222222, 24.433194444444442]], [[89.66541666666667, 24.079583333333332], [89.66319444444444, 24.089583333333334], [89.65986111111111, 24.079305555555553], [89.66541666666667, 24.079583333333332]], [[89.66291666666667, 24.589583333333334], [89.65847222222223, 24.59875], [89.66097222222223, 24.594305555555554], [89.66347222222223, 24.59847222222222], [89.66513888888889, 24.587916666666665], [89.66236111111111, 24.607916666666664], [89.65180555555555, 24.60625], [89.65569444444445, 24.59263888888889], [89.66291666666667, 24.589583333333334]], [[89.65625, 24.341805555555553], [89.66430555555556, 24.347638888888888], [89.65847222222223, 24.34875], [89.65625, 24.341805555555553]], [[89.66319444444444, 24.407638888888886], [89.65902777777778, 24.411805555555553], [89.65819444444445, 24.400416666666665], [89.66319444444444, 24.407638888888886]], [[89.65680555555556, 24.470972222222223], [89.66263888888889, 24.472638888888888], [89.65930555555556, 24.48486111111111], [89.65986111111111, 24.47513888888889], [89.64930555555556, 24.47208333333333], [89.65680555555556, 24.470972222222223]], [[89.65930555555556, 24.615416666666665], [89.65402777777778, 24.608749999999997], [89.66125000000001, 24.609027777777776], [89.65930555555556, 24.615416666666665]], [[89.65458333333333, 24.185416666666665], [89.66097222222223, 24.186527777777776], [89.64708333333334, 24.187083333333334], [89.65458333333333, 24.185416666666665]], [[89.64569444444444, 24.479305555555555], [89.65291666666667, 24.476805555555554], [89.65791666666667, 24.484027777777776], [89.65402777777778, 24.48708333333333], [89.64569444444444, 24.479305555555555]], [[89.64791666666667, 24.21736111111111], [89.65569444444445, 24.218194444444443], [89.65513888888889, 24.22347222222222], [89.64347222222223, 24.215694444444445], [89.63430555555556, 24.21736111111111], [89.64041666666667, 24.213194444444444], [89.64791666666667, 24.21736111111111]], [[89.64763888888889, 24.38319444444444], [89.65486111111112, 24.38958333333333], [89.64152777777778, 24.382916666666667], [89.63819444444445, 24.372083333333332], [89.64597222222223, 24.37013888888889], [89.64763888888889, 24.38319444444444]], [[89.64486111111111, 24.155694444444443], [89.64486111111111, 24.150416666666665], [89.65291666666667, 24.158194444444444], [89.64486111111111, 24.155694444444443]], [[89.65236111111112, 24.340694444444445], [89.64569444444444, 24.347916666666666], [89.64791666666667, 24.339583333333334], [89.65236111111112, 24.340694444444445]], [[89.63930555555555, 24.42236111111111], [89.65125, 24.42236111111111], [89.64291666666666, 24.428749999999997], [89.63652777777779, 24.425694444444442], [89.63930555555555, 24.42236111111111]], [[89.65041666666667, 24.295694444444443], [89.64680555555556, 24.29847222222222], [89.64708333333334, 24.28847222222222], [89.65041666666667, 24.295694444444443]], [[89.64208333333333, 24.468194444444443], [89.64680555555556, 24.463472222222222], [89.64902777777777, 24.47236111111111], [89.64219594594594, 24.469207957957952], [89.64208333333333, 24.468194444444443]], [[89.64458333333333, 24.498472222222222], [89.64819444444444, 24.50125], [89.64013888888888, 24.497083333333332], [89.64458333333333, 24.498472222222222]], [[89.64036630177819, 24.39041949326755], [89.63597222222222, 24.38097222222222], [89.64597222222223, 24.39125], [89.64036630177819, 24.39041949326755]], [[89.63902777777778, 24.143194444444443], [89.6451388888889, 24.14708333333333], [89.6348611111111, 24.144583333333333], [89.63902777777778, 24.143194444444443]], [[89.64041666666667, 24.279305555555553], [89.64430555555556, 24.289583333333333], [89.63736111111112, 24.284027777777776], [89.64041666666667, 24.279305555555553]], [[89.63736111111112, 24.161527777777778], [89.64236111111111, 24.154305555555553], [89.63652777777779, 24.162916666666664], [89.64402777777778, 24.16597222222222], [89.63458333333334, 24.16597222222222], [89.63736111111112, 24.161527777777778]], [[89.63708333333334, 24.33486111111111], [89.63819444444445, 24.32736111111111], [89.64402777777778, 24.330972222222222], [89.63708333333334, 24.33486111111111]], [[89.63736111111112, 24.30986111111111], [89.64208333333333, 24.310138888888886], [89.63236111111111, 24.31597222222222], [89.63736111111112, 24.30986111111111]], [[89.63902777777778, 24.18208333333333], [89.64208333333333, 24.178472222222222], [89.6348611111111, 24.18847222222222], [89.63902777777778, 24.18208333333333]], [[89.63125000000001, 24.49375], [89.64069444444445, 24.50263888888889], [89.62736111111111, 24.497638888888886], [89.62652777777778, 24.48986111111111], [89.63125000000001, 24.49375]], [[89.63902777777778, 24.39875], [89.6348611111111, 24.402916666666666], [89.63625, 24.395138888888887], [89.63902777777778, 24.39875]], [[89.62902777777778, 24.461527777777775], [89.62986111111111, 24.456805555555555], [89.63847222222222, 24.468194444444443], [89.62902777777778, 24.461527777777775]], [[89.63458333333334, 24.37569444444444], [89.6301388888889, 24.37125], [89.63819444444445, 24.36347222222222], [89.63625, 24.380416666666665], [89.63458333333334, 24.37569444444444]], [[89.62041666666667, 24.217916666666664], [89.62486111111112, 24.220138888888886], [89.63736111111112, 24.20875], [89.62902777777778, 24.220972222222223], [89.63680555555555, 24.22625], [89.63263888888889, 24.234583333333333], [89.62847222222223, 24.220972222222223], [89.62541666666667, 24.22958333333333], [89.62041666666667, 24.217916666666664]], [[89.62569444444445, 24.416249999999998], [89.63097222222223, 24.41347222222222], [89.62782859078591, 24.418384146341463], [89.62569444444445, 24.416249999999998]], [[89.62907679738562, 24.419632352941175], [89.63375, 24.418194444444442], [89.6348611111111, 24.425416666666667], [89.62907679738562, 24.419632352941175]], [[89.62958333333333, 24.167916666666667], [89.62402777777778, 24.16708333333333], [89.63375, 24.164583333333333], [89.62958333333333, 24.167916666666667]], [[89.6276388888889, 24.429027777777776], [89.63347222222222, 24.436527777777776], [89.61652777777778, 24.43097222222222], [89.6276388888889, 24.429027777777776]], [[89.6251388888889, 24.38597222222222], [89.63319444444444, 24.38097222222222], [89.62791666666666, 24.40236111111111], [89.6251388888889, 24.38597222222222]], [[89.62847222222223, 24.32125], [89.63291666666667, 24.324861111111108], [89.62458333333333, 24.329583333333332], [89.6276388888889, 24.317083333333333], [89.62847222222223, 24.32125]], [[89.62291666666667, 24.40625], [89.63069444444444, 24.402638888888887], [89.63180555555556, 24.407916666666665], [89.62291666666667, 24.40625]], [[89.62458333333333, 24.36486111111111], [89.62263888888889, 24.343194444444443], [89.63069444444444, 24.361527777777777], [89.62458333333333, 24.36486111111111]], [[89.62625, 24.29097222222222], [89.6301388888889, 24.28625], [89.62541666666667, 24.302083333333332], [89.62625, 24.29097222222222]], [[89.62458333333333, 24.263749999999998], [89.62986111111111, 24.259305555555553], [89.62930555555556, 24.26736111111111], [89.62458333333333, 24.263749999999998]], [[89.62013888888889, 24.46736111111111], [89.62097222222222, 24.45736111111111], [89.62569444444445, 24.457638888888887], [89.62930555555556, 24.467916666666664], [89.62263888888889, 24.462916666666665], [89.62013888888889, 24.46736111111111]], [[89.62291666666667, 24.334305555555556], [89.62791666666666, 24.333194444444445], [89.62569444444445, 24.338194444444444], [89.61402777777778, 24.332916666666666], [89.62291666666667, 24.334305555555556]], [[89.62208333333334, 24.252916666666664], [89.62208333333334, 24.247083333333332], [89.62708333333333, 24.25819444444444], [89.62208333333334, 24.252916666666664]], [[89.61708333333334, 24.16097222222222], [89.62652777777778, 24.16375], [89.60847222222222, 24.17236111111111], [89.60541666666667, 24.164583333333333], [89.60986111111112, 24.16986111111111], [89.6126388888889, 24.158472222222223], [89.6126388888889, 24.166249999999998], [89.61708333333334, 24.16097222222222]], [[89.62291666666667, 24.305694444444445], [89.62569444444445, 24.302638888888886], [89.62433364544319, 24.309442883895137], [89.62597222222223, 24.308194444444442], [89.6251388888889, 24.315416666666664], [89.62013888888889, 24.312638888888888], [89.62427213309566, 24.309489750445636], [89.62291666666667, 24.305694444444445]], [[89.62069444444445, 24.19875], [89.61569444444444, 24.200694444444444], [89.62375, 24.194305555555555], [89.62069444444445, 24.19875]], [[89.61486111111111, 24.489027777777775], [89.62152777777779, 24.490694444444443], [89.61625000000001, 24.494305555555552], [89.61486111111111, 24.489027777777775]], [[89.62069444444445, 24.32375], [89.61958333333334, 24.32986111111111], [89.61458333333334, 24.327638888888888], [89.62069444444445, 24.32375]], [[89.61208333333333, 24.344027777777775], [89.61902777777777, 24.349027777777778], [89.60708333333334, 24.34347222222222], [89.61208333333333, 24.344027777777775]], [[89.61902777777777, 24.28763888888889], [89.61763888888889, 24.299305555555556], [89.61430555555556, 24.293194444444442], [89.61902777777777, 24.28763888888889]], [[89.60597222222222, 24.340694444444445], [89.59902777777778, 24.337638888888886], [89.61819444444444, 24.33597222222222], [89.61597222222223, 24.34208333333333], [89.60597222222222, 24.340694444444445]], [[89.60137529989504, 24.429494489428706], [89.59263888888889, 24.42375], [89.59652777777778, 24.39736111111111], [89.5976388888889, 24.40458333333333], [89.60097222222223, 24.400416666666665], [89.59430555555556, 24.419583333333332], [89.5976388888889, 24.424027777777777], [89.60319444444444, 24.42013888888889], [89.60137529989504, 24.429494489428706]], [[89.60423180447887, 24.431372739018073], [89.60930555555557, 24.43347222222222], [89.61791666666667, 24.432916666666664], [89.61291666666666, 24.437083333333334], [89.60423180447887, 24.431372739018073]], [[89.6126388888889, 24.15236111111111], [89.61736111111111, 24.151805555555555], [89.61375, 24.157916666666665], [89.6126388888889, 24.15236111111111]], [[89.61430555555556, 24.367916666666666], [89.61152777777778, 24.37097222222222], [89.61597222222223, 24.362916666666667], [89.61430555555556, 24.367916666666666]], [[89.61402777777778, 24.213749999999997], [89.61541666666668, 24.21986111111111], [89.61041666666667, 24.21763888888889], [89.61402777777778, 24.213749999999997]], [[89.60513888888889, 24.326527777777777], [89.60375, 24.321527777777778], [89.61041666666667, 24.325416666666666], [89.60930555555557, 24.318749999999998], [89.61402777777778, 24.319027777777777], [89.61486111111111, 24.326527777777777], [89.6066106014271, 24.327865698267072], [89.60513888888889, 24.326527777777777]], [[89.61402777777778, 24.466805555555553], [89.61375, 24.471249999999998], [89.60347222222222, 24.462638888888886], [89.61402777777778, 24.466805555555553]], [[89.6101388888889, 24.446805555555553], [89.61402777777778, 24.45486111111111], [89.60902777777778, 24.46097222222222], [89.6101388888889, 24.446805555555553]], [[89.61319444444445, 24.200138888888887], [89.60736111111112, 24.202638888888888], [89.61180555555556, 24.19458333333333], [89.61319444444445, 24.200138888888887]], [[89.60402777777779, 24.347916666666666], [89.60069444444444, 24.34263888888889], [89.61236111111111, 24.34986111111111], [89.59625, 24.349027777777778], [89.60402777777779, 24.347916666666666]], [[89.59402777777778, 24.28847222222222], [89.60013888888889, 24.28458333333333], [89.61152777777778, 24.291249999999998], [89.59847222222223, 24.290138888888887], [89.601751375989, 24.30281828345373], [89.60847222222222, 24.29986111111111], [89.60597222222222, 24.305694444444445], [89.60182483576122, 24.303102327906313], [89.60263888888889, 24.30625], [89.59486111111111, 24.29986111111111], [89.59402777777778, 24.28847222222222]], [[89.60513888888889, 24.243194444444445], [89.60958333333333, 24.244027777777777], [89.60708333333334, 24.236527777777777], [89.61097222222223, 24.24513888888889], [89.60513888888889, 24.243194444444445]], [[89.60069444444444, 24.259027777777778], [89.61069444444445, 24.254305555555554], [89.60847222222222, 24.26125], [89.60069444444444, 24.259027777777778]], [[89.60819444444445, 24.367916666666666], [89.60930555555557, 24.362916666666667], [89.60763888888889, 24.370694444444442], [89.59986111111111, 24.366527777777776], [89.60652777777779, 24.36347222222222], [89.60819444444445, 24.367916666666666]], [[89.60930555555557, 24.269583333333333], [89.60291666666667, 24.272916666666664], [89.60402777777779, 24.26458333333333], [89.60930555555557, 24.269583333333333]], [[89.60347222222222, 24.41986111111111], [89.60847222222222, 24.415694444444444], [89.60791666666667, 24.421527777777776], [89.60347222222222, 24.41986111111111]], [[89.60347222222222, 24.225416666666664], [89.60791666666667, 24.232083333333332], [89.60236111111111, 24.23125], [89.60347222222222, 24.225416666666664]], [[89.60152777777778, 24.161805555555553], [89.60152777777778, 24.155416666666664], [89.60763888888889, 24.156805555555554], [89.60152777777778, 24.161805555555553]], [[89.60708333333334, 24.144305555555555], [89.60763888888889, 24.139305555555556], [89.60652777777779, 24.150694444444444], [89.60180555555556, 24.149305555555554], [89.60708333333334, 24.144305555555555]], [[89.59458333333333, 24.46097222222222], [89.58597222222222, 24.46097222222222], [89.60625, 24.456527777777776], [89.59652777777778, 24.46097222222222], [89.60152777777778, 24.462638888888886], [89.59930555555556, 24.46847222222222], [89.59458333333333, 24.46097222222222]], [[89.58208333333333, 24.171805555555554], [89.58430555555556, 24.16736111111111], [89.59152777777778, 24.17347222222222], [89.59458258258259, 24.1675975975976], [89.59680555555556, 24.17236111111111], [89.60208333333334, 24.170694444444443], [89.59847222222223, 24.166805555555555], [89.60430555555556, 24.17013888888889], [89.59875000000001, 24.200138888888887], [89.59208333333333, 24.19625], [89.59791666666666, 24.192083333333333], [89.59180555555555, 24.18819444444444], [89.59236111111112, 24.178749999999997], [89.58208333333333, 24.171805555555554]], [[89.59415159096741, 24.166674044136514], [89.58763888888889, 24.167638888888888], [89.59291666666667, 24.164027777777775], [89.59415159096741, 24.166674044136514]], [[89.59625, 24.21708333333333], [89.60347222222222, 24.203194444444442], [89.59708333333333, 24.224027777777778], [89.59625, 24.21708333333333]], [[89.59875000000001, 24.276249999999997], [89.60263888888889, 24.27347222222222], [89.60208333333334, 24.280416666666664], [89.59875000000001, 24.276249999999997]], [[89.59875000000001, 24.38625], [89.59902777777778, 24.373194444444444], [89.60097222222223, 24.388749999999998], [89.59458333333333, 24.387916666666666], [89.59875000000001, 24.38625]], [[89.58541666666667, 24.22513888888889], [89.58513888888889, 24.216805555555553], [89.59458333333333, 24.221805555555555], [89.58541666666667, 24.22513888888889]], [[89.59375, 24.27208333333333], [89.59208333333333, 24.280416666666664], [89.5826388888889, 24.282083333333333], [89.58736111111111, 24.271805555555556], [89.59375, 24.27208333333333]], [[89.59319444444445, 24.293194444444442], [89.59319444444445, 24.299027777777777], [89.58458333333334, 24.29513888888889], [89.59180555555555, 24.297916666666666], [89.59319444444445, 24.293194444444442]], [[89.58513888888889, 24.248472222222222], [89.58291666666666, 24.260416666666664], [89.59236111111112, 24.268194444444443], [89.5826388888889, 24.262361111111108], [89.57958333333333, 24.241249999999997], [89.58513888888889, 24.248472222222222]], [[89.58597222222222, 24.16347222222222], [89.59236111111112, 24.162916666666664], [89.58430555555556, 24.166805555555555], [89.58208333333333, 24.160138888888888], [89.58597222222222, 24.16347222222222]], [[89.58208333333333, 24.46125], [89.58930555555555, 24.444305555555555], [89.59152777777778, 24.456527777777776], [89.58569444444444, 24.454583333333332], [89.58208333333333, 24.46125]], [[89.57708333333333, 24.37597222222222], [89.58847222222222, 24.369027777777777], [89.59152777777778, 24.38986111111111], [89.57708333333333, 24.37597222222222]], [[89.58679509530451, 24.149497326824726], [89.59069444444445, 24.140138888888888], [89.58875, 24.151249999999997], [89.58679509530451, 24.149497326824726]], [[89.55593776264918, 24.30617477727349], [89.53319444444445, 24.305416666666666], [89.52652777777779, 24.294305555555553], [89.53125, 24.29097222222222], [89.53402777777778, 24.303749999999997], [89.54041666666667, 24.29986111111111], [89.55593776264918, 24.30617477727349]], [[89.55664617486339, 24.306198391013965], [89.5526388888889, 24.297916666666666], [89.56125, 24.29875], [89.56652777777778, 24.291805555555555], [89.55763888888889, 24.296527777777776], [89.55375000000001, 24.290416666666665], [89.56680555555556, 24.283194444444444], [89.57430555555555, 24.288194444444443], [89.56875000000001, 24.27375], [89.56013888888889, 24.277638888888887], [89.56680555555556, 24.271805555555556], [89.56125, 24.267638888888886], [89.57097222222222, 24.263194444444444], [89.57625, 24.26597222222222], [89.57375, 24.275694444444444], [89.5826388888889, 24.279027777777777], [89.57847222222223, 24.28625], [89.58458333333334, 24.287916666666664], [89.57763888888888, 24.291805555555555], [89.57819444444445, 24.27958333333333], [89.57708333333333, 24.291527777777777], [89.56958333333334, 24.300694444444442], [89.56680555555556, 24.297083333333333], [89.55986111111112, 24.30097222222222], [89.56875000000001, 24.30236111111111], [89.56486111111111, 24.304583333333333], [89.56930555555556, 24.307916666666664], [89.57791666666667, 24.300694444444442], [89.58180555555556, 24.303749999999997], [89.57958333333333, 24.296249999999997], [89.58375000000001, 24.302916666666665], [89.59041666666667, 24.300694444444442], [89.57208333333334, 24.311527777777776], [89.57394520251246, 24.315008663634394], [89.58097222222223, 24.306527777777777], [89.57736111111112, 24.311527777777776], [89.57399585521574, 24.315103362166614], [89.57847222222223, 24.32347222222222], [89.56458333333333, 24.324583333333333], [89.57013888888889, 24.326249999999998], [89.56847222222223, 24.334027777777777], [89.56125, 24.331527777777776], [89.56291666666667, 24.32097222222222], [89.55069444444445, 24.318194444444444], [89.55819444444445, 24.317916666666665], [89.55819444444445, 24.30625], [89.55664617486339, 24.306198391013965]], [[89.57847222222223, 24.427638888888886], [89.58930555555555, 24.43263888888889], [89.58180555555556, 24.435972222222222], [89.57847222222223, 24.427638888888886]], [[89.58569444444444, 24.52486111111111], [89.58902777777779, 24.529027777777777], [89.57986111111111, 24.52236111111111], [89.58569444444444, 24.52486111111111]], [[89.57375, 24.42625], [89.57125, 24.430694444444445], [89.56375, 24.42625], [89.57069444444444, 24.417916666666667], [89.58458333333334, 24.424027777777777], [89.58097222222223, 24.41375], [89.58652777777777, 24.42458333333333], [89.57375, 24.42625]], [[89.57703267277226, 24.399599123638087], [89.57069444444444, 24.395138888888887], [89.57900862068965, 24.39352969348659], [89.57875, 24.391805555555553], [89.57763888888888, 24.386527777777776], [89.58541666666667, 24.386805555555554], [89.57958333333333, 24.39736111111111], [89.57908797729618, 24.394058737530116], [89.57703267277226, 24.399599123638087]], [[89.56708333333333, 24.222916666666666], [89.57013888888889, 24.216805555555553], [89.56597222222223, 24.220694444444444], [89.56125, 24.215694444444445], [89.56791666666668, 24.21236111111111], [89.57319444444445, 24.220138888888886], [89.58097222222223, 24.210416666666664], [89.57263888888889, 24.222638888888888], [89.57347222222222, 24.230416666666667], [89.57625, 24.225694444444443], [89.57819933920705, 24.228726749877634], [89.57930555555556, 24.22347222222222], [89.58513888888889, 24.226805555555554], [89.57821125907991, 24.228745291902072], [89.57875, 24.22958333333333], [89.57319444444445, 24.240138888888886], [89.57375, 24.230694444444442], [89.56402777777778, 24.226527777777775], [89.56708333333333, 24.222916666666666]], [[89.58458333333334, 24.20847222222222], [89.58125, 24.210694444444442], [89.58069444444445, 24.203194444444442], [89.58458333333334, 24.20847222222222]], [[89.58069444444445, 24.527638888888887], [89.58291666666666, 24.53486111111111], [89.57763888888888, 24.52347222222222], [89.58069444444445, 24.527638888888887]], [[89.57291666666667, 24.354305555555555], [89.57597222222222, 24.34736111111111], [89.56791666666668, 24.34875], [89.57541666666667, 24.341527777777777], [89.58236111111111, 24.352361111111108], [89.57291666666667, 24.354305555555555]], [[89.57013888888889, 24.184583333333332], [89.5651388888889, 24.18097222222222], [89.57986111111111, 24.18236111111111], [89.57319444444445, 24.185138888888886], [89.57513888888889, 24.19708333333333], [89.57013888888889, 24.184583333333332]], [[89.57680555555555, 24.495694444444442], [89.57875, 24.491527777777776], [89.57875, 24.501527777777778], [89.57680555555555, 24.495694444444442]], [[89.5626388888889, 24.25847222222222], [89.56946807284463, 24.261203895804517], [89.56847222222223, 24.26347222222222], [89.55791666666667, 24.261527777777776], [89.5626388888889, 24.25847222222222]], [[89.56949243396429, 24.261148406587527], [89.56486111111111, 24.25597222222222], [89.57263888888889, 24.252916666666664], [89.5651388888889, 24.244027777777777], [89.56902777777778, 24.23986111111111], [89.57708333333333, 24.254583333333333], [89.57347222222222, 24.25208333333333], [89.56949243396429, 24.261148406587527]], [[89.57430555555555, 24.381249999999998], [89.57569444444445, 24.386805555555554], [89.57013888888889, 24.38486111111111], [89.57430555555555, 24.381249999999998]], [[89.56736111111111, 24.435416666666665], [89.57319444444445, 24.435138888888886], [89.56680555555556, 24.444305555555555], [89.56736111111111, 24.435416666666665]], [[89.56958333333334, 24.15458333333333], [89.5723611111111, 24.159027777777776], [89.56291666666667, 24.15986111111111], [89.56958333333334, 24.15458333333333]], [[89.56236111111112, 24.512083333333333], [89.56208333333333, 24.507638888888888], [89.56680555555556, 24.515416666666667], [89.56236111111112, 24.512083333333333]], [[89.55958333333334, 24.392916666666665], [89.56013888888889, 24.38347222222222], [89.56597222222223, 24.384027777777778], [89.55958333333334, 24.392916666666665]], [[89.56041376433029, 24.246840988245538], [89.55375000000001, 24.23708333333333], [89.5651388888889, 24.244305555555552], [89.56041376433029, 24.246840988245538]], [[89.56486111111111, 24.204583333333332], [89.56041666666667, 24.206249999999997], [89.56041666666667, 24.20097222222222], [89.56486111111111, 24.204583333333332]], [[89.52847222222222, 24.407916666666665], [89.5351388888889, 24.414305555555554], [89.54513888888889, 24.41069444444444], [89.53930555555556, 24.414583333333333], [89.54986111111111, 24.41847222222222], [89.54597222222222, 24.403194444444445], [89.55291666666668, 24.402638888888887], [89.55125, 24.40736111111111], [89.56347222222223, 24.415416666666665], [89.55402777777778, 24.41597222222222], [89.55291666666668, 24.424027777777777], [89.55033805031447, 24.422738469601672], [89.54902777777778, 24.429027777777776], [89.55736111111112, 24.425416666666667], [89.56069444444445, 24.430416666666666], [89.5559593451067, 24.429890544518027], [89.55569444444444, 24.44763888888889], [89.54755844824854, 24.444113290537327], [89.55319444444444, 24.434583333333332], [89.54513888888889, 24.427916666666665], [89.54569444444445, 24.434305555555554], [89.53791666666667, 24.431527777777777], [89.54236111111112, 24.426805555555553], [89.53152777777778, 24.421805555555554], [89.54375, 24.41986111111111], [89.54013888888889, 24.42347222222222], [89.54541666666667, 24.427916666666665], [89.55015804597701, 24.422648467432946], [89.52902777777778, 24.41208333333333], [89.53097222222223, 24.420694444444443], [89.52402777777777, 24.41097222222222], [89.52847222222222, 24.407916666666665]], [[89.5472946685879, 24.444559317963492], [89.54458333333334, 24.46625], [89.54319444444445, 24.45875], [89.53791666666667, 24.460416666666664], [89.5472946685879, 24.444559317963492]], [[89.55819444444445, 24.50708333333333], [89.55736111111112, 24.49986111111111], [89.56291666666667, 24.504027777777775], [89.55819444444445, 24.50708333333333]], [[89.56013888888889, 24.272916666666664], [89.55319444444444, 24.271527777777777], [89.55819444444445, 24.26347222222222], [89.56013888888889, 24.272916666666664]], [[89.55652777777777, 24.340138888888887], [89.55930555555555, 24.350416666666664], [89.55180555555556, 24.34125], [89.55652777777777, 24.340138888888887]], [[89.55875, 24.360416666666666], [89.55291666666668, 24.356527777777778], [89.55680555555556, 24.352083333333333], [89.55875, 24.360416666666666]], [[89.54819444444445, 24.373194444444444], [89.55291666666668, 24.368194444444445], [89.55763888888889, 24.376805555555553], [89.54819444444445, 24.373194444444444]], [[89.55041666666666, 24.456805555555555], [89.55652777777777, 24.455972222222222], [89.54680555555557, 24.46597222222222], [89.55041666666666, 24.456805555555555]], [[89.54541666666667, 24.51125], [89.55375000000001, 24.519027777777776], [89.54902777777778, 24.523194444444442], [89.54541666666667, 24.51125]], [[89.5526388888889, 24.393472222222222], [89.55236111111111, 24.398194444444442], [89.54319444444445, 24.396805555555556], [89.54291666666667, 24.390138888888888], [89.5526388888889, 24.393472222222222]], [[89.54708333333333, 24.200416666666666], [89.55236111111111, 24.205138888888886], [89.54208333333334, 24.20208333333333], [89.54708333333333, 24.200416666666666]], [[89.54291666666667, 24.36347222222222], [89.55125, 24.367638888888887], [89.5476388888889, 24.372916666666665], [89.54291666666667, 24.36347222222222]], [[89.54208333333334, 24.441805555555554], [89.53986111111111, 24.436805555555555], [89.5476388888889, 24.435138888888886], [89.54208333333334, 24.441805555555554]], [[89.54125, 24.317916666666665], [89.54236111111112, 24.312083333333334], [89.54708333333333, 24.321527777777778], [89.54125, 24.317916666666665]], [[89.52056704260652, 24.49820488721804], [89.51708333333333, 24.491527777777776], [89.52456804281346, 24.492435015290518], [89.52416175419793, 24.491559932118612], [89.53097222222223, 24.493194444444445], [89.53093369829685, 24.493206609894568], [89.53541666666666, 24.49375], [89.52056704260652, 24.49820488721804]], [[89.52411577496187, 24.491460899917865], [89.52208333333334, 24.48708333333333], [89.52597222222222, 24.48986111111111], [89.53086805555556, 24.486325231481484], [89.52874577524292, 24.48031210392902], [89.52597222222222, 24.481805555555553], [89.51902777777778, 24.477361111111108], [89.52763888888889, 24.47513888888889], [89.51458333333333, 24.46013888888889], [89.50958333333334, 24.462083333333332], [89.51180555555555, 24.456249999999997], [89.52597222222222, 24.470694444444444], [89.53338649386696, 24.464074559047358], [89.53680555555556, 24.46708333333333], [89.54180555555556, 24.461805555555554], [89.53684259259259, 24.475867283950617], [89.54236111111112, 24.474027777777778], [89.53041666666667, 24.48236111111111], [89.53902777777778, 24.491249999999997], [89.53319444444445, 24.492916666666666], [89.53086915069059, 24.48632833436405], [89.52411577496187, 24.491460899917865]], [[89.52451973255056, 24.505780876277452], [89.53597222222223, 24.506527777777777], [89.52819444444445, 24.509027777777778], [89.52958333333333, 24.515694444444442], [89.53763888888889, 24.517638888888886], [89.53402777777778, 24.520416666666666], [89.53902777777778, 24.525416666666665], [89.54458333333334, 24.521527777777777], [89.53958333333334, 24.52847222222222], [89.54680555555557, 24.522916666666664], [89.54569444444445, 24.535138888888888], [89.53875000000001, 24.53013888888889], [89.53180555555556, 24.541527777777777], [89.52625, 24.532083333333333], [89.53375, 24.536805555555553], [89.53680555555556, 24.526805555555555], [89.52513888888889, 24.52236111111111], [89.52708333333334, 24.510694444444443], [89.52451973255056, 24.505780876277452]], [[89.53597222222223, 24.335416666666664], [89.53819444444444, 24.329583333333332], [89.54152777777779, 24.33458333333333], [89.53597222222223, 24.335416666666664]], [[89.53236111111111, 24.247083333333332], [89.53680555555556, 24.249027777777776], [89.52791666666667, 24.247083333333332], [89.53236111111111, 24.247083333333332]], [[89.53208333333333, 24.336805555555554], [89.52597222222222, 24.331805555555555], [89.53680555555556, 24.336805555555554], [89.53041666666667, 24.34486111111111], [89.52597222222222, 24.34208333333333], [89.53208333333333, 24.336805555555554]], [[89.53291666666667, 24.327916666666667], [89.53486111111111, 24.335694444444442], [89.52541666666667, 24.330694444444443], [89.53291666666667, 24.33236111111111], [89.53291666666667, 24.327916666666667]], [[89.52958333333333, 24.372916666666665], [89.53319444444445, 24.377916666666664], [89.52541666666667, 24.374027777777776], [89.52958333333333, 24.372916666666665]], [[89.52319444444444, 24.43736111111111], [89.51486111111112, 24.43736111111111], [89.52541666666667, 24.432916666666664], [89.53041666666667, 24.442083333333333], [89.52347222222222, 24.437638888888888], [89.52208333333334, 24.444027777777777], [89.52319444444444, 24.43736111111111]], [[89.52236111111111, 24.241249999999997], [89.51736111111111, 24.239027777777775], [89.52958333333333, 24.24347222222222], [89.52236111111111, 24.241249999999997]], [[89.52347222222222, 24.28875], [89.52791666666667, 24.28458333333333], [89.52458333333334, 24.290138888888887], [89.52930555555555, 24.29097222222222], [89.52430555555556, 24.294027777777778], [89.51597222222223, 24.285416666666666], [89.52347222222222, 24.28875]], [[89.52208333333334, 24.351527777777775], [89.52763888888889, 24.355694444444442], [89.51930555555556, 24.358472222222222], [89.52208333333334, 24.351527777777775]], [[89.52152777777778, 24.417916666666667], [89.52680555555555, 24.41986111111111], [89.51791666666666, 24.421805555555554], [89.52152777777778, 24.417916666666667]], [[89.52069444444444, 24.44597222222222], [89.52652777777779, 24.445138888888888], [89.52430555555556, 24.46097222222222], [89.52069444444444, 24.44597222222222]], [[89.52097222222223, 24.28125], [89.5201388888889, 24.276805555555555], [89.52541666666667, 24.28125], [89.52097222222223, 24.28125]], [[89.52236111111111, 24.400416666666665], [89.52513888888889, 24.40347222222222], [89.52069444444444, 24.39986111111111], [89.52486111111111, 24.395138888888887], [89.52236111111111, 24.400416666666665]], [[89.50791666666667, 24.49597222222222], [89.49930555555555, 24.493194444444445], [89.50541666666668, 24.499305555555555], [89.49430555555556, 24.500138888888888], [89.49652777777779, 24.491805555555555], [89.50902777777777, 24.491249999999997], [89.50319444444445, 24.487916666666667], [89.5051388888889, 24.480416666666667], [89.51430555555555, 24.484583333333333], [89.51569444444445, 24.47597222222222], [89.52069444444444, 24.481527777777778], [89.51529914529914, 24.485844017094013], [89.51430555555555, 24.48597222222222], [89.51208333333334, 24.492916666666666], [89.51877606712283, 24.510678152492638], [89.51736111111111, 24.50486111111111], [89.52486111111111, 24.510694444444443], [89.51986111111111, 24.515138888888888], [89.51913423886441, 24.51215063631914], [89.51152777777779, 24.515138888888888], [89.50791666666667, 24.49597222222222]], [[89.51088312368972, 24.41625524109013], [89.51569444444445, 24.42347222222222], [89.52347222222222, 24.429027777777776], [89.51097222222222, 24.421805555555554], [89.51013888888889, 24.429305555555555], [89.49958333333333, 24.428472222222222], [89.50819444444444, 24.421805555555554], [89.50236111111111, 24.414305555555554], [89.51013888888889, 24.40958333333333], [89.50430555555556, 24.406805555555554], [89.50625000000001, 24.400972222222222], [89.51347222222222, 24.404305555555553], [89.51088312368972, 24.41625524109013]], [[89.49625, 24.360416666666666], [89.50650810872544, 24.35953016344348], [89.49736111111112, 24.365694444444443], [89.49625, 24.360416666666666]], [[89.51086945031713, 24.35915325738], [89.51875, 24.358472222222222], [89.51180555555555, 24.361805555555556], [89.51086945031713, 24.35915325738]], [[89.50930555555556, 24.385694444444443], [89.50541666666668, 24.38458333333333], [89.51708333333333, 24.38208333333333], [89.50930555555556, 24.385694444444443]], [[89.50847222222222, 24.44847222222222], [89.50541666666668, 24.45958333333333], [89.50347222222223, 24.444027777777777], [89.51347222222222, 24.436805555555555], [89.51597222222223, 24.442083333333333], [89.51069444444445, 24.440694444444443], [89.50847222222222, 24.44847222222222]], [[89.50736111111111, 24.39236111111111], [89.51458333333333, 24.387638888888887], [89.50875, 24.39847222222222], [89.50736111111111, 24.39236111111111]], [[89.51347222222222, 24.44875], [89.50680555555556, 24.45875], [89.5098611111111, 24.445416666666667], [89.51347222222222, 24.44875]], [[89.50763888888889, 24.50263888888889], [89.51069444444445, 24.51486111111111], [89.50430555555556, 24.51097222222222], [89.50763888888889, 24.50263888888889]], [[89.50541666666668, 24.47208333333333], [89.50875, 24.46875], [89.50875, 24.475694444444443], [89.50541666666668, 24.47208333333333]], [[89.50847222222222, 24.367083333333333], [89.5051388888889, 24.37097222222222], [89.50430555555556, 24.365138888888886], [89.50847222222222, 24.367083333333333]], [[89.49263888888889, 24.38097222222222], [89.48402777777778, 24.381527777777777], [89.4901388888889, 24.373194444444444], [89.49458333333334, 24.380138888888887], [89.49668494152044, 24.37959064327486], [89.49263888888889, 24.38097222222222]], [[89.50080627862135, 24.37818335743552], [89.49347222222222, 24.365416666666665], [89.50402777777778, 24.37708333333333], [89.50080627862135, 24.37818335743552]], [[89.49902777777778, 24.28236111111111], [89.49680555555555, 24.271805555555556], [89.50291666666666, 24.284027777777776], [89.49902777777778, 24.28236111111111]], [[89.49625, 24.259027777777778], [89.50236111111111, 24.260416666666664], [89.49791666666667, 24.268749999999997], [89.49625, 24.259027777777778]], [[89.49902777777778, 24.460694444444442], [89.49958333333333, 24.454583333333332], [89.50069444444445, 24.46625], [89.49902777777778, 24.460694444444442]], [[89.49069444444444, 24.329305555555553], [89.49513888888889, 24.324305555555554], [89.49958333333333, 24.328194444444442], [89.49069444444444, 24.329305555555553]], [[89.48208333333334, 24.300694444444442], [89.49458333333334, 24.303749999999997], [89.49763888888889, 24.311527777777776], [89.48208333333334, 24.300694444444442]], [[89.48458333333333, 24.39875], [89.47097222222223, 24.394305555555555], [89.48486111111112, 24.39847222222222], [89.48847222222223, 24.393194444444443], [89.48208333333334, 24.38847222222222], [89.49319444444444, 24.387638888888887], [89.49263888888889, 24.381249999999998], [89.49569444444445, 24.388749999999998], [89.48875, 24.390138888888888], [89.49375, 24.39763888888889], [89.48875, 24.396527777777777], [89.48930555555556, 24.402916666666666], [89.48458333333333, 24.39875]], [[89.48347222222222, 24.441805555555554], [89.48958333333334, 24.436249999999998], [89.48625, 24.430138888888887], [89.4901388888889, 24.431805555555552], [89.49375, 24.43819444444444], [89.48652777777778, 24.445138888888888], [89.48347222222222, 24.441805555555554]], [[89.4876388888889, 24.352638888888887], [89.48625, 24.34819444444444], [89.49208333333334, 24.349305555555553], [89.4876388888889, 24.352638888888887]], [[89.49097222222223, 24.44763888888889], [89.49041666666668, 24.45736111111111], [89.48625, 24.44847222222222], [89.49097222222223, 24.44763888888889]], [[89.48736111111111, 24.345138888888886], [89.48347222222222, 24.347638888888888], [89.48097222222222, 24.339305555555555], [89.48736111111111, 24.345138888888886]], [[89.48208333333334, 24.306805555555552], [89.48041666666667, 24.302638888888886], [89.48541666666667, 24.303472222222222], [89.48208333333334, 24.306805555555552]], [[89.48041666666667, 24.465416666666666], [89.48430555555557, 24.458194444444445], [89.48402777777778, 24.46763888888889], [89.47458333333334, 24.46625], [89.48041666666667, 24.465416666666666]], [[89.48041666666667, 24.404027777777777], [89.47680555555556, 24.400138888888886], [89.48430555555557, 24.401249999999997], [89.48041666666667, 24.404027777777777]], [[89.47680555555556, 24.33597222222222], [89.48291666666667, 24.332916666666666], [89.47847222222222, 24.34236111111111], [89.47319444444445, 24.339027777777776], [89.47680555555556, 24.33597222222222]], [[89.47382575757575, 24.447237144168962], [89.47902777777779, 24.446527777777778], [89.46902777777778, 24.435972222222222], [89.47597222222223, 24.43375], [89.47597222222223, 24.425416666666667], [89.48152777777779, 24.431527777777777], [89.47486111111111, 24.435694444444444], [89.48069444444445, 24.440694444444443], [89.47625000000001, 24.46236111111111], [89.47125, 24.451805555555556], [89.47652777777778, 24.45375], [89.47791666666667, 24.44736111111111], [89.47382575757575, 24.447237144168962]], [[89.47208333333333, 24.482916666666664], [89.47958333333334, 24.488194444444442], [89.46791666666667, 24.489027777777775], [89.47208333333333, 24.482916666666664]], [[89.46791666666667, 24.340694444444445], [89.46263888888889, 24.33486111111111], [89.47125, 24.344027777777775], [89.46791666666667, 24.340694444444445]], [[89.46486111111112, 24.47625], [89.46180555555556, 24.468194444444443], [89.46791666666667, 24.464583333333334], [89.46402777777779, 24.47236111111111], [89.47097222222223, 24.47375], [89.46486111111112, 24.47625]], [[89.46458333333334, 24.362916666666667], [89.45430555555556, 24.36875], [89.45875000000001, 24.358194444444443], [89.47041666666667, 24.364305555555553], [89.46458333333334, 24.362916666666667]], [[89.46680555555555, 24.405416666666664], [89.46902777777778, 24.40958333333333], [89.46152777777777, 24.399027777777775], [89.46680555555555, 24.405416666666664]], [[89.46291666666667, 24.408749999999998], [89.46847222222223, 24.414583333333333], [89.46152777777777, 24.415416666666665], [89.46347222222222, 24.410416666666666], [89.45819444444444, 24.410138888888888], [89.46291666666667, 24.408749999999998]], [[89.46402777777779, 24.286527777777778], [89.46819444444445, 24.28486111111111], [89.46597222222222, 24.290416666666665], [89.46402777777779, 24.286527777777778]], [[89.45958333333334, 24.355416666666667], [89.45291666666667, 24.35347222222222], [89.46680555555555, 24.353194444444444], [89.46708333333333, 24.358194444444443], [89.45958333333334, 24.355416666666667]], [[89.45819444444444, 24.39597222222222], [89.45069444444445, 24.387916666666666], [89.45875000000001, 24.384027777777778], [89.45597222222223, 24.389305555555556], [89.46597222222222, 24.389027777777777], [89.45569444444445, 24.390694444444442], [89.45819444444444, 24.39597222222222]], [[89.45847222222223, 24.442083333333333], [89.45458333333333, 24.439027777777778], [89.45902777777778, 24.442083333333333], [89.46013888888889, 24.436527777777776], [89.45430555555556, 24.434583333333332], [89.46319444444444, 24.43736111111111], [89.46263888888889, 24.44847222222222], [89.4551388888889, 24.44625], [89.45847222222223, 24.442083333333333]], [[89.45736111111111, 24.419027777777778], [89.46291666666667, 24.419027777777778], [89.45930555555556, 24.423194444444444], [89.45736111111111, 24.419027777777778]], [[89.4551388888889, 24.425694444444442], [89.46180555555556, 24.427083333333332], [89.45625, 24.431805555555552], [89.4551388888889, 24.425694444444442]], [[89.45125, 24.459027777777777], [89.46041666666667, 24.451805555555556], [89.45458333333333, 24.456805555555555], [89.45902777777778, 24.46013888888889], [89.45375, 24.460416666666664], [89.45847222222223, 24.463194444444444], [89.44930555555555, 24.46847222222222], [89.45125, 24.459027777777777]], [[89.44597222222222, 24.400416666666665], [89.45236111111112, 24.39597222222222], [89.44958333333334, 24.404027777777777], [89.44597222222222, 24.400416666666665]], [[89.45180555555555, 24.447916666666664], [89.4473611111111, 24.44847222222222], [89.45069444444445, 24.442638888888887], [89.45180555555555, 24.447916666666664]], [[89.44152777777778, 24.519583333333333], [89.44819444444445, 24.511805555555554], [89.44458333333334, 24.521527777777777], [89.45097222222222, 24.522916666666664], [89.44097222222223, 24.524583333333332], [89.44152777777778, 24.519583333333333]], [[89.45013888888889, 24.426805555555553], [89.44402777777778, 24.43375], [89.44152777777778, 24.429305555555555], [89.45013888888889, 24.426805555555553]], [[89.42013888888889, 24.43736111111111], [89.4251388888889, 24.439027777777778], [89.41791666666667, 24.427916666666665], [89.42736111111111, 24.435138888888886], [89.42744614512472, 24.437859977324262], [89.43402777777779, 24.43347222222222], [89.42791666666668, 24.429027777777776], [89.43125, 24.420694444444443], [89.44375000000001, 24.422083333333333], [89.43208333333334, 24.42236111111111], [89.43486111111112, 24.426527777777775], [89.42958333333334, 24.428749999999997], [89.43652777777778, 24.427916666666665], [89.43569444444445, 24.435138888888886], [89.42745474406992, 24.438135143570534], [89.4276388888889, 24.444027777777777], [89.42013888888889, 24.43736111111111]], [[89.43625, 24.40597222222222], [89.44041666666666, 24.41208333333333], [89.43486111111112, 24.41597222222222], [89.43625, 24.40597222222222]], [[89.4376388888889, 24.462083333333332], [89.42847222222223, 24.459305555555556], [89.43652777777778, 24.459305555555556], [89.43458333333334, 24.442916666666665], [89.4376388888889, 24.462083333333332]], [[89.43236111111112, 24.38319444444444], [89.43541666666667, 24.37875], [89.43041666666667, 24.387916666666666], [89.43236111111112, 24.38319444444444]], [[89.43041666666667, 24.512361111111108], [89.42402777777778, 24.507638888888888], [89.43152777777777, 24.50708333333333], [89.42930555555556, 24.499583333333334], [89.43541666666667, 24.506527777777777], [89.43263888888889, 24.525972222222222], [89.43041666666667, 24.512361111111108]], [[89.42847222222223, 24.520138888888887], [89.43125, 24.527083333333334], [89.42458333333333, 24.522916666666664], [89.42847222222223, 24.520138888888887]], [[89.4251388888889, 24.464027777777776], [89.43125, 24.46625], [89.4226388888889, 24.46875], [89.4251388888889, 24.464027777777776]], [[89.42041666666667, 24.341527777777777], [89.41569444444444, 24.340694444444445], [89.41930555555555, 24.336527777777775], [89.43041666666667, 24.34097222222222], [89.42041666666667, 24.341527777777777]], [[89.42152777777778, 24.351527777777775], [89.41875, 24.361805555555556], [89.42013888888889, 24.351527777777775], [89.42930555555556, 24.349305555555553], [89.42152777777778, 24.351527777777775]], [[89.41708333333334, 24.379305555555554], [89.42819444444444, 24.381249999999998], [89.41736111111112, 24.380138888888887], [89.42625, 24.38236111111111], [89.41763888888889, 24.385416666666664], [89.41597222222222, 24.374305555555555], [89.41708333333334, 24.379305555555554]], [[89.42013888888889, 24.36847222222222], [89.41847222222222, 24.364305555555553], [89.42430555555556, 24.366249999999997], [89.42013888888889, 24.36847222222222]], [[89.4101388888889, 24.420694444444443], [89.40486111111112, 24.411805555555553], [89.41208333333334, 24.41986111111111], [89.42236111111112, 24.42013888888889], [89.41652777777779, 24.420416666666664], [89.41708333333334, 24.428749999999997], [89.41458333333334, 24.422916666666666], [89.4101388888889, 24.428749999999997], [89.40569444444445, 24.425694444444442], [89.4101388888889, 24.420694444444443]], [[89.41569444444444, 24.501805555555553], [89.42041666666667, 24.50125], [89.41791666666667, 24.50986111111111], [89.41569444444444, 24.501805555555553]], [[89.41236111111111, 24.366249999999997], [89.41736111111112, 24.371805555555554], [89.41263888888889, 24.374305555555555], [89.41236111111111, 24.366249999999997]], [[89.41513888888889, 24.352361111111108], [89.40597222222223, 24.349027777777778], [89.41513888888889, 24.347638888888888], [89.41513888888889, 24.352361111111108]], [[89.40708333333333, 24.378194444444443], [89.41486111111111, 24.380138888888887], [89.40013888888889, 24.37736111111111], [89.40708333333333, 24.378194444444443]], [[89.41180555555556, 24.492916666666666], [89.39875, 24.495694444444442], [89.39708333333334, 24.490694444444443], [89.40347222222222, 24.48708333333333], [89.41180555555556, 24.492916666666666]], [[89.40708333333333, 24.392916666666665], [89.41069444444445, 24.400694444444444], [89.40291666666667, 24.38958333333333], [89.40708333333333, 24.392916666666665]], [[89.40208333333334, 24.495694444444442], [89.40541666666667, 24.50125], [89.40097222222222, 24.503194444444443], [89.39736111111111, 24.498749999999998], [89.40208333333334, 24.495694444444442]], [[89.38902777777778, 24.52847222222222], [89.38458333333334, 24.52847222222222], [89.38958333333333, 24.527916666666666], [89.38875, 24.520416666666666], [89.39819444444444, 24.519583333333333], [89.38986111111112, 24.51986111111111], [89.39347222222223, 24.51013888888889], [89.40125, 24.52236111111111], [89.38902777777778, 24.52847222222222]], [[89.39069444444445, 24.477083333333333], [89.39319444444445, 24.470972222222223], [89.39763888888889, 24.47847222222222], [89.39069444444445, 24.477083333333333]], [[89.3848611111111, 24.41375], [89.38291666666667, 24.40958333333333], [89.39291666666666, 24.41069444444444], [89.3848611111111, 24.41375]], [[89.39236111111111, 24.45097222222222], [89.38958333333333, 24.455694444444443], [89.39125, 24.444305555555555], [89.39236111111111, 24.45097222222222]], [[89.38430555555556, 24.344027777777775], [89.38263888888889, 24.35125], [89.37958333333333, 24.344305555555554], [89.39152777777778, 24.342916666666664], [89.38430555555556, 24.344027777777775]], [[89.38402777777777, 24.395694444444445], [89.38763888888889, 24.401249999999997], [89.38180555555556, 24.400694444444444], [89.38402777777777, 24.395694444444445]], [[89.37708333333333, 24.44569444444444], [89.38458333333334, 24.435138888888886], [89.38513888888889, 24.443749999999998], [89.37708333333333, 24.44569444444444]], [[89.37430555555555, 24.434027777777775], [89.36402777777778, 24.434305555555554], [89.36763888888889, 24.42375], [89.37708333333333, 24.42597222222222], [89.38180555555556, 24.435694444444444], [89.37430555555555, 24.434027777777775]], [[89.37625, 24.526805555555555], [89.37375, 24.519583333333333], [89.37958333333333, 24.523194444444442], [89.37625, 24.526805555555555]], [[89.37652777777778, 24.504583333333333], [89.37736111111111, 24.51125], [89.37041666666667, 24.50986111111111], [89.37652777777778, 24.504583333333333]], [[89.37680555555556, 24.353749999999998], [89.37208333333334, 24.353194444444444], [89.37708333333333, 24.349027777777778], [89.37680555555556, 24.353749999999998]], [[89.36902777777777, 24.37986111111111], [89.36541666666668, 24.375138888888888], [89.37180555555555, 24.373194444444444], [89.3751388888889, 24.377916666666664], [89.36902777777777, 24.37986111111111]], [[89.37069444444445, 24.393194444444443], [89.36402777777778, 24.395416666666666], [89.36430555555556, 24.39097222222222], [89.37069444444445, 24.393194444444443]], [[89.35569444444445, 24.35736111111111], [89.3601388888889, 24.35458333333333], [89.36180555555556, 24.36236111111111], [89.35569444444445, 24.35736111111111]], [[89.36097222222223, 24.50375], [89.35986111111112, 24.511527777777776], [89.35625, 24.50847222222222], [89.36097222222223, 24.50375]], [[89.35958333333333, 24.52097222222222], [89.3601388888889, 24.512916666666666], [89.35930555555557, 24.52847222222222], [89.35958333333333, 24.52097222222222]], [[89.34597222222223, 24.455972222222222], [89.35569444444445, 24.457083333333333], [89.3451388888889, 24.463749999999997], [89.34597222222223, 24.455972222222222]], [[89.35263888888889, 24.519305555555555], [89.35402777777779, 24.526805555555555], [89.34958333333334, 24.52486111111111], [89.35263888888889, 24.519305555555555]], [[89.34930555555556, 24.50236111111111], [89.35069444444444, 24.513194444444444], [89.34263888888889, 24.513749999999998], [89.34930555555556, 24.50236111111111]], [[89.33902777777779, 24.481527777777778], [89.34486111111111, 24.47986111111111], [89.34708333333333, 24.485694444444444], [89.33652777777777, 24.498472222222222], [89.33902777777779, 24.481527777777778]], [[89.33625, 24.52263888888889], [89.34263888888889, 24.527638888888887], [89.33513888888889, 24.525138888888886], [89.33541666666667, 24.518194444444443], [89.34013888888889, 24.519305555555555], [89.33625, 24.52263888888889]], [[89.32375, 24.492916666666666], [89.32402777777779, 24.48736111111111], [89.32902777777778, 24.49347222222222], [89.32375, 24.492916666666666]], [[89.32736111111112, 24.50986111111111], [89.32375, 24.517083333333332], [89.32152777777777, 24.51013888888889], [89.32736111111112, 24.50986111111111]]], [[[89.4480543350908, 24.49286101347393], [89.44708333333334, 24.485416666666666], [89.44180555555556, 24.49236111111111], [89.4480543350908, 24.49286101347393]]], [[[89.49436636363636, 24.52872515151515], [89.48791666666666, 24.52847222222222], [89.48375, 24.53763888888889], [89.49208333333334, 24.539861111111108], [89.49180555555556, 24.53569444444444], [89.49486111111112, 24.54208333333333], [89.49436636363636, 24.52872515151515]]], [[[89.65707280771002, 24.693524192487338], [89.65402777777778, 24.69458333333333], [89.65352072310405, 24.711062610229277], [89.65707280771002, 24.693524192487338]]], [[[89.77041666666666, 24.60486111111111], [89.75430555555556, 24.624305555555555], [89.76152777777779, 24.623194444444444], [89.77041666666666, 24.60486111111111]]], [[[89.75791666666667, 24.602083333333333], [89.76291666666667, 24.602361111111108], [89.76652777777778, 24.58486111111111], [89.75847222222222, 24.584305555555556], [89.75791666666667, 24.602083333333333]]], [[[89.71263888888889, 24.421527777777776], [89.70958333333334, 24.407638888888886], [89.70569444444445, 24.413194444444443], [89.69652777777777, 24.41069444444444], [89.70402777777778, 24.42347222222222], [89.71180555555556, 24.426527777777775], [89.71263888888889, 24.421527777777776]]], [[[89.70430555555556, 24.47486111111111], [89.70930555555556, 24.470416666666665], [89.70208333333333, 24.470972222222223], [89.70013888888889, 24.475694444444443], [89.70430555555556, 24.47486111111111]]], [[[89.70652777777778, 24.31597222222222], [89.70791666666666, 24.30708333333333], [89.69291666666668, 24.30486111111111], [89.68736111111112, 24.30986111111111], [89.70652777777778, 24.31597222222222]]], [[[89.70236111111112, 24.421805555555554], [89.69791666666667, 24.417638888888888], [89.69541666666667, 24.424027777777777], [89.70069444444445, 24.434583333333332], [89.70236111111112, 24.421805555555554]]], [[[89.68875, 24.29486111111111], [89.69375000000001, 24.291527777777777], [89.68291666666667, 24.285416666666666], [89.68263888888889, 24.292638888888888], [89.68875, 24.29486111111111]]], [[[89.66347222222223, 24.541249999999998], [89.67013888888889, 24.538194444444443], [89.65819444444445, 24.53458333333333], [89.65930555555556, 24.540416666666665], [89.64902777777777, 24.545694444444443], [89.65541666666667, 24.55013888888889], [89.66347222222223, 24.541249999999998]]], [[[89.66958333333334, 24.529305555555553], [89.66097222222223, 24.526249999999997], [89.65819444444445, 24.533472222222223], [89.66958333333334, 24.529305555555553]]], [[[89.65458333333333, 24.55486111111111], [89.66152777777778, 24.557916666666664], [89.66319444444444, 24.551805555555553], [89.65458333333333, 24.55486111111111]]], [[[89.64652777777778, 24.539583333333333], [89.65125, 24.539861111111108], [89.64715395480226, 24.522111581920907], [89.66291666666667, 24.525416666666665], [89.65041666666667, 24.519583333333333], [89.65152777777779, 24.51347222222222], [89.64458333333333, 24.515138888888888], [89.64569444444444, 24.521805555555556], [89.6469796849088, 24.52207504145937], [89.64152777777778, 24.53625], [89.64652777777778, 24.539583333333333]]], [[[89.65513888888889, 24.530694444444443], [89.6576388888889, 24.52736111111111], [89.64930555555556, 24.52375], [89.65791666666667, 24.535416666666666], [89.65513888888889, 24.530694444444443]]], [[[89.60958333333333, 24.582916666666666], [89.61597222222223, 24.561527777777776], [89.63819444444445, 24.56458333333333], [89.64316874694077, 24.560161731114373], [89.64763888888889, 24.56486111111111], [89.64919333753197, 24.563876626970494], [89.63569444444445, 24.545694444444443], [89.62097222222222, 24.54847222222222], [89.62152777777779, 24.54208333333333], [89.61041666666667, 24.537916666666664], [89.6126388888889, 24.544583333333332], [89.59708333333333, 24.55847222222222], [89.60958333333333, 24.582916666666666]], [[89.62896961660154, 24.55364484459334], [89.63930555555555, 24.560416666666665], [89.63375, 24.561249999999998], [89.62896961660154, 24.55364484459334]], [[89.61958333333334, 24.555694444444445], [89.62347222222222, 24.553472222222222], [89.62208333333334, 24.560972222222222], [89.61958333333334, 24.555694444444445]]], [[[89.61097222222223, 24.627916666666664], [89.62013888888889, 24.62986111111111], [89.6126388888889, 24.638194444444444], [89.62319444444445, 24.635694444444443], [89.6251388888889, 24.640694444444442], [89.64097222222223, 24.626527777777778], [89.63930555555555, 24.630416666666665], [89.64458333333333, 24.629027777777775], [89.64319444444445, 24.62097222222222], [89.63375, 24.628194444444443], [89.64180555555556, 24.61736111111111], [89.64125, 24.605694444444442], [89.63375, 24.609583333333333], [89.63986111111112, 24.611527777777777], [89.63513888888889, 24.624583333333334], [89.62958333333333, 24.60763888888889], [89.62652777777778, 24.61097222222222], [89.63180555555556, 24.62763888888889], [89.62319444444445, 24.615972222222222], [89.62375, 24.629027777777775], [89.61097222222223, 24.627916666666664]]], [[[89.64208333333333, 24.571527777777778], [89.64236111111111, 24.56375], [89.63291666666667, 24.574305555555554], [89.64013888888888, 24.577638888888888], [89.64208333333333, 24.571527777777778]]], [[[89.62986111111111, 24.587916666666665], [89.63819444444445, 24.58347222222222], [89.62736111111111, 24.579583333333332], [89.62236111111112, 24.59236111111111], [89.62791666666666, 24.58375], [89.62458333333333, 24.594027777777775], [89.62986111111111, 24.587916666666665]]], [[[89.62680555555556, 24.577638888888888], [89.63541666666667, 24.56597222222222], [89.62180555555555, 24.566805555555554], [89.62541666666667, 24.572916666666664], [89.61402777777778, 24.57125], [89.62319444444445, 24.57347222222222], [89.61708333333334, 24.590694444444445], [89.62680555555556, 24.577638888888888]]], [[[89.62791666666666, 24.523194444444442], [89.63152777777778, 24.51736111111111], [89.6251388888889, 24.51486111111111], [89.62402777777778, 24.524305555555554], [89.62791666666666, 24.523194444444442]]], [[[89.61402777777778, 24.64708333333333], [89.60736111111112, 24.631527777777777], [89.60736111111112, 24.640694444444442], [89.59847222222223, 24.630138888888887], [89.58569444444444, 24.638749999999998], [89.61402777777778, 24.64708333333333]]], [[[89.60621601031411, 24.584258673230195], [89.60458333333334, 24.578194444444442], [89.60125000000001, 24.59236111111111], [89.60621601031411, 24.584258673230195]]], [[[89.55986111111112, 24.64125], [89.56180555555555, 24.624305555555555], [89.58208333333333, 24.62736111111111], [89.59125, 24.614305555555553], [89.59236111111112, 24.62486111111111], [89.60958333333333, 24.630694444444444], [89.59430555555556, 24.623472222222222], [89.59680555555556, 24.611527777777777], [89.58986111111112, 24.610694444444444], [89.57541666666667, 24.622638888888886], [89.58041666666666, 24.624583333333334], [89.56125, 24.623749999999998], [89.55513888888889, 24.637916666666666], [89.55986111111112, 24.64125]]], [[[89.60375, 24.481527777777778], [89.60125000000001, 24.48736111111111], [89.60930555555557, 24.482083333333332], [89.60597222222222, 24.477638888888887], [89.60375, 24.481527777777778]]], [[[89.60347222222222, 24.67236111111111], [89.59541666666667, 24.677638888888886], [89.60180555555556, 24.679583333333333], [89.60347222222222, 24.67236111111111]]], [[[89.58708333333334, 24.552916666666665], [89.58680555555556, 24.54208333333333], [89.58125, 24.54847222222222], [89.58708333333334, 24.552916666666665]]], [[[89.57263888888889, 24.637638888888887], [89.58486111111111, 24.63097222222222], [89.57763888888888, 24.62986111111111], [89.57263888888889, 24.637638888888887]]], [[[89.56625, 24.32069444444444], [89.56847222222223, 24.31513888888889], [89.55902777777779, 24.309027777777775], [89.56625, 24.32069444444444]]], [[[89.55791666666667, 24.66208333333333], [89.55791666666667, 24.65513888888889], [89.56541666666666, 24.664305555555554], [89.56791666666668, 24.659305555555555], [89.56291666666667, 24.645694444444445], [89.55597222222222, 24.644305555555555], [89.56486111111111, 24.656805555555554], [89.55819444444445, 24.653194444444445], [89.54819444444445, 24.66097222222222], [89.55486111111111, 24.658194444444444], [89.55041666666666, 24.664861111111108], [89.55763888888889, 24.667916666666667], [89.55791666666667, 24.66208333333333]]], [[[89.51847222222223, 24.54375], [89.51458333333333, 24.535138888888888], [89.50736111111111, 24.549027777777777], [89.5176388888889, 24.54986111111111], [89.51847222222223, 24.54375]]], [[[89.51402777777778, 24.504583333333333], [89.50875, 24.49486111111111], [89.51097222222222, 24.50986111111111], [89.51736111111111, 24.509027777777778], [89.51402777777778, 24.504583333333333]]], [[[89.48689537699704, 24.549539235885202], [89.48652777777778, 24.55597222222222], [89.49680555555555, 24.553194444444443], [89.49347222222222, 24.549027777777777], [89.49847222222222, 24.54486111111111], [89.48902777777778, 24.541805555555555], [89.48347222222222, 24.546805555555554], [89.47569444444444, 24.541527777777777], [89.47319444444445, 24.54958333333333], [89.47930555555556, 24.554305555555555], [89.47708333333334, 24.547916666666666], [89.48152777777779, 24.551805555555553], [89.48689537699704, 24.549539235885202]]], [[[89.48180555555555, 24.520694444444445], [89.47402777777778, 24.516805555555553], [89.47375000000001, 24.532083333333333], [89.48180555555555, 24.529305555555553], [89.47597222222223, 24.524027777777775], [89.48180555555555, 24.520694444444445]]], [[[89.30652777777777, 24.37763888888889], [89.2976388888889, 24.379027777777775], [89.30375000000001, 24.38513888888889], [89.30986111111112, 24.381249999999998], [89.30347222222223, 24.38208333333333], [89.30652777777777, 24.37763888888889]]]]}}