{"type":"FeatureCollection","bbox":[90.9,24.1,93.3,25.3],"features":[{"type":"Feature","properties":{"name":"Barak River","klass":"main"},"geometry":{"type":"LineString","coordinates":[[94.040227,25.304635],[94.039409,25.304817],[94.039023,25.304896],[94.038985,25.305225],[94.039169,25.306185],[94.039693,25.306827],[94.040388,25.307337],[94.042291,25.308276],[94.043418,25.308855],[94.043457,25.309403],[94.042963,25.310893],[94.042461,25.311776],[94.042039,25.312387],[94.040745,25.312931],[94.039944,25.313616],[94.040213,25.314046],[94.04072,25.314369],[94.041321,25.314425],[94.042342,25.314352],[94.043625,25.314356],[94.044284,25.314912],[94.045359,25.317047],[94.045856,25.317908],[94.04571,25.318649],[94.044879,25.319887],[94.044816,25.320506],[94.045117,25.32132],[94.046598,25.323184],[94.046708,25.323491],[94.046708,25.323718],[94.046633,25.323916],[94.046589,25.32408],[94.046507,25.324256],[94.046382,25.324493],[94.046238,25.32472],[94.046081,25.32498],[94.045768,25.32566],[94.04563,25.32588],[94.045561,25.326062],[94.045518,25.326282],[94.045524,25.326418],[94.045712,25.326554],[94.046025,25.326582],[94.046457,25.326554],[94.046745,25.326464],[94.04709,25.326384],[94.04739,25.326356],[94.047716,25.326328],[94.048023,25.326294],[94.048593,25.326294],[94.049063,25.326356],[94.049357,25.326401],[94.049858,25.326622],[94.050196,25.326832],[94.051249,25.327647],[94.05143,25.327992],[94.051787,25.329215],[94.051844,25.329617],[94.051875,25.329934],[94.051881,25.33016],[94.051637,25.330879],[94.051505,25.331072],[94.051036,25.331264],[94.050722,25.331315],[94.050434,25.331304],[94.050065,25.331281],[94.049739,25.331242],[94.049545,25.331213],[94.049332,25.331236],[94.049163,25.331293],[94.048962,25.331394],[94.048793,25.33153],[94.048668,25.331785],[94.048562,25.332159],[94.048399,25.332634],[94.048186,25.333149],[94.048117,25.333433],[94.048086,25.333823],[94.048067,25.334083],[94.048161,25.334525],[94.048493,25.335193],[94.049019,25.335612],[94.04937,25.335793],[94.050328,25.336218],[94.051011,25.336835],[94.051286,25.337225],[94.051455,25.337978],[94.051487,25.33872],[94.051411,25.338929],[94.05133,25.339144],[94.051274,25.339337],[94.051261,25.339558],[94.051261,25.33979],[94.051286,25.340424],[94.051418,25.340758],[94.051518,25.341086],[94.051643,25.341239],[94.051862,25.341448],[94.051988,25.341629],[94.052176,25.342009],[94.05247,25.342461],[94.052852,25.342993],[94.053009,25.343141],[94.053591,25.34365],[94.05381,25.343746],[94.054618,25.343871],[94.055157,25.343967],[94.055339,25.344194],[94.05537,25.344448],[94.055432,25.344771],[94.055501,25.345043],[94.055476,25.345422],[94.055401,25.345796],[94.055282,25.346118],[94.05527,25.346226],[94.055044,25.347007],[94.055032,25.347375],[94.055088,25.347731],[94.055276,25.348071],[94.055401,25.348224],[94.055658,25.348507],[94.055808,25.34866],[94.056071,25.349033],[94.056704,25.349911],[94.056979,25.35038],[94.057005,25.350494],[94.057612,25.351744],[94.058226,25.352973],[94.05857,25.353578],[94.059021,25.354342],[94.059309,25.354982],[94.060124,25.355808],[94.06055,25.356312],[94.060825,25.356754],[94.060838,25.357087],[94.060738,25.357586],[94.060481,25.358254],[94.060456,25.358599],[94.060537,25.358978],[94.060706,25.35925],[94.060919,25.359719],[94.061019,25.360042],[94.061213,25.360619],[94.061257,25.3608],[94.061677,25.361881],[94.061752,25.362493],[94.061859,25.363081],[94.062235,25.36376],[94.062585,25.364456],[94.062742,25.365056],[94.063005,25.365583],[94.063124,25.366087],[94.063249,25.366799],[94.063237,25.367049],[94.06303,25.367292],[94.062823,25.367428],[94.062642,25.367694],[94.062491,25.367988],[94.062372,25.368463],[94.062272,25.368905],[94.062241,25.369176],[94.062241,25.369363],[94.062347,25.369573],[94.062573,25.369923],[94.06271,25.370105],[94.063042,25.370139],[94.063299,25.370076],[94.06355,25.370156],[94.063838,25.37028],[94.064132,25.370529],[94.064583,25.370812],[94.06526,25.371089],[94.065541,25.371265],[94.065911,25.371497],[94.066368,25.372023],[94.066381,25.372402],[94.066331,25.37277],[94.066255,25.373228],[94.066136,25.373585],[94.066036,25.37406],[94.06603,25.374343],[94.065999,25.37474],[94.065999,25.375198],[94.066068,25.375566],[94.066168,25.375871],[94.0666,25.376279],[94.066807,25.376505],[94.067427,25.377026],[94.06789,25.37749],[94.068122,25.377903],[94.06841,25.378514],[94.068823,25.37908],[94.068924,25.379606],[94.069043,25.380144],[94.069162,25.380664],[94.069287,25.381072],[94.069375,25.38136],[94.069519,25.381751],[94.069631,25.382085],[94.07017,25.38325],[94.070377,25.383964],[94.070728,25.384603],[94.070872,25.385089],[94.07111,25.385525],[94.071498,25.385893],[94.071748,25.386108],[94.072037,25.386346],[94.072181,25.386583],[94.072594,25.38724],[94.072788,25.387602],[94.072939,25.387913],[94.07302,25.388513],[94.07302,25.388915],[94.072895,25.389169],[94.072763,25.389486],[94.072287,25.389854],[94.071648,25.390126],[94.071373,25.39012],[94.071254,25.390075],[94.070815,25.389763],[94.070521,25.389418],[94.070014,25.388858],[94.06975,25.388598],[94.069437,25.388468],[94.069206,25.388479],[94.068999,25.388524],[94.06883,25.388598],[94.068773,25.388751],[94.068792,25.388898],[94.068936,25.389147],[94.069011,25.389469],[94.06903,25.389695],[94.069011,25.389984],[94.069036,25.390267],[94.069237,25.391054],[94.069381,25.391302],[94.069832,25.391699],[94.070302,25.391931],[94.070847,25.392163],[94.071335,25.392474],[94.071554,25.392915],[94.071423,25.393311],[94.071241,25.393379],[94.071097,25.393436],[94.070671,25.393594],[94.070389,25.39373],[94.070227,25.39382],[94.070095,25.393922],[94.069882,25.394166],[94.069801,25.394364],[94.069782,25.394726],[94.069963,25.395354],[94.070114,25.395597],[94.070214,25.395925],[94.070333,25.396383],[94.070414,25.396847],[94.070427,25.397159],[94.070471,25.397527],[94.070646,25.39816],[94.070602,25.398454],[94.070477,25.398675],[94.070314,25.39889],[94.070032,25.398958],[94.069675,25.398856],[94.069381,25.398777],[94.069137,25.398715],[94.068372,25.398737],[94.067997,25.398777],[94.067727,25.398828],[94.067571,25.398907],[94.06742,25.399088],[94.067358,25.399337],[94.067433,25.39958],[94.067684,25.399908],[94.067677,25.400152],[94.067508,25.400401],[94.067358,25.400503],[94.067164,25.40065],[94.066957,25.400785],[94.066613,25.401136],[94.066362,25.401572],[94.066237,25.401821],[94.066099,25.402036],[94.065967,25.4022],[94.065767,25.402455],[94.065479,25.402822],[94.065404,25.403032],[94.065429,25.40323],[94.065491,25.403445],[94.065604,25.404078],[94.065598,25.404395],[94.065573,25.404751],[94.065441,25.40517],[94.06526,25.405425],[94.064997,25.405662],[94.064834,25.405923],[94.064671,25.406245],[94.064489,25.406437],[94.064214,25.406669],[94.06385,25.406941],[94.063456,25.40715],[94.063205,25.407286],[94.062065,25.407824],[94.061426,25.408169],[94.060744,25.408429],[94.060155,25.408621],[94.059717,25.408695],[94.059422,25.408695],[94.058464,25.408751],[94.057631,25.40878],[94.057055,25.408746],[94.056735,25.408565],[94.05624,25.408327],[94.05594,25.408446],[94.05579,25.408599],[94.055821,25.408797],[94.055902,25.409153],[94.056272,25.409928],[94.056447,25.410358],[94.056541,25.410647],[94.056679,25.411495],[94.056635,25.411773],[94.056472,25.412061],[94.056203,25.412112],[94.055971,25.412089],[94.055739,25.412027],[94.055188,25.411869],[94.054105,25.411642],[94.053466,25.411439],[94.053078,25.411122],[94.052677,25.410771],[94.052107,25.409928],[94.051956,25.409606],[94.051837,25.409278],[94.051743,25.408995],[94.051549,25.408491],[94.051443,25.408304],[94.051242,25.408265],[94.050992,25.408333],[94.050873,25.408406],[94.05071,25.408548],[94.049376,25.409425],[94.048944,25.409866],[94.048549,25.410296],[94.047791,25.411246],[94.047303,25.411541],[94.046952,25.411541],[94.046407,25.411467],[94.045737,25.411365],[94.044904,25.411088],[94.044622,25.410856],[94.044303,25.410454],[94.044058,25.410155],[94.043682,25.409668],[94.043357,25.409634],[94.0431,25.40977],[94.042868,25.409917],[94.042637,25.410075],[94.042505,25.410268],[94.042342,25.410488],[94.041916,25.410647],[94.041678,25.410573],[94.041478,25.410409],[94.041258,25.410217],[94.040889,25.410019],[94.040551,25.409804],[94.040325,25.409594],[94.038922,25.408938],[94.038108,25.408723],[94.037438,25.408842],[94.036874,25.409413],[94.036661,25.409832],[94.035935,25.410709],[94.035816,25.411009],[94.035609,25.411286],[94.035409,25.411433],[94.035058,25.411693],[94.03467,25.411999],[94.034068,25.412587],[94.034018,25.412881],[94.034056,25.413113],[94.034175,25.413373],[94.035033,25.414228],[94.035296,25.414613],[94.035515,25.414991],[94.035409,25.415427],[94.035233,25.415767],[94.035208,25.416157],[94.035221,25.416428],[94.035133,25.416666],[94.034989,25.417113],[94.034845,25.417373],[94.034619,25.417554],[94.034294,25.417854],[94.033993,25.418086],[94.033573,25.418335],[94.033361,25.418505],[94.032997,25.418556],[94.032659,25.418578],[94.032402,25.418584],[94.031281,25.418442],[94.030592,25.418482],[94.030316,25.418703],[94.030103,25.418884],[94.029916,25.41911],[94.029872,25.419285],[94.029865,25.419625],[94.029891,25.419845],[94.029922,25.420253],[94.02979,25.420677],[94.029383,25.421169],[94.029133,25.421565],[94.028957,25.42178],[94.028782,25.422029],[94.028093,25.422278],[94.027993,25.422464],[94.027955,25.422668],[94.027986,25.422906],[94.028112,25.423064],[94.028519,25.423771],[94.028563,25.424173],[94.028488,25.424388],[94.0283,25.424433],[94.027911,25.424484],[94.027354,25.424608],[94.026903,25.424665],[94.026571,25.424772],[94.026252,25.42492],[94.025788,25.42505],[94.025462,25.425033],[94.02508,25.424846],[94.024636,25.424444],[94.023984,25.424173],[94.023101,25.424258],[94.02275,25.424444],[94.022437,25.424574],[94.021711,25.424563],[94.021441,25.424433],[94.020602,25.424229],[94.020489,25.424246],[94.019537,25.424506],[94.018698,25.424671],[94.018015,25.424925],[94.01779,25.425146],[94.017408,25.42553],[94.017257,25.425842],[94.017095,25.426096],[94.0169,25.426215],[94.016512,25.42626],[94.016168,25.426158],[94.015798,25.425966],[94.01551,25.426034],[94.01514,25.426254],[94.014927,25.426419],[94.01479,25.426684],[94.014708,25.427357],[94.014765,25.427589],[94.014884,25.427753],[94.015228,25.428019],[94.015435,25.428308],[94.015523,25.428692],[94.015341,25.42906],[94.015153,25.42932],[94.014877,25.429541],[94.013988,25.430067],[94.013412,25.430163],[94.013042,25.430163],[94.012172,25.430039],[94.011476,25.42988],[94.010837,25.429609],[94.01028,25.429382],[94.009647,25.429094],[94.009297,25.428704],[94.008902,25.428053],[94.008689,25.427663],[94.00862,25.427131],[94.008507,25.426639],[94.008576,25.4257],[94.008677,25.424948],[94.008921,25.424286],[94.009253,25.423777],[94.009434,25.423426],[94.009579,25.423285],[94.010061,25.423302],[94.010718,25.423454],[94.0111,25.423369],[94.011451,25.423138],[94.011533,25.422974],[94.011677,25.422368],[94.011777,25.42178],[94.011689,25.421277],[94.011389,25.420688],[94.011188,25.420456],[94.010975,25.420411],[94.0108,25.420434],[94.010574,25.420552],[94.010286,25.420733],[94.010036,25.421028],[94.009942,25.421248],[94.009741,25.421486],[94.009535,25.421554],[94.00924,25.421571],[94.008965,25.421463],[94.008583,25.421305],[94.008063,25.421356],[94.007568,25.42139],[94.006447,25.421474],[94.005695,25.421429],[94.005013,25.421384],[94.004242,25.421339],[94.003641,25.421327],[94.002664,25.421186],[94.002225,25.420999],[94.002106,25.42096],[94.001749,25.420841],[94.001035,25.420326],[94.000021,25.420128],[93.999551,25.420309],[93.999282,25.42066],[93.999,25.421107],[93.998824,25.421644],[93.998799,25.421927],[93.998743,25.422204],[93.998705,25.423822],[93.99863,25.424456],[93.998361,25.424914],[93.998029,25.425168],[93.997415,25.425547],[93.996726,25.426175],[93.996707,25.426441],[93.996845,25.426617],[93.997077,25.426803],[93.997221,25.426945],[93.997353,25.427182],[93.997403,25.427414],[93.997522,25.427867],[93.997641,25.42824],[93.997841,25.42867],[93.998004,25.429162],[93.998173,25.429682],[93.998173,25.429993],[93.997998,25.430344],[93.997709,25.430514],[93.997165,25.430712],[93.996645,25.430757],[93.99543,25.430893],[93.994665,25.430876],[93.993413,25.430814],[93.992649,25.429914],[93.992054,25.429037],[93.991722,25.428398],[93.99149,25.427878],[93.990788,25.426803],[93.990269,25.426277],[93.989981,25.425949],[93.989761,25.425564],[93.989467,25.424874],[93.989279,25.424246],[93.989223,25.423992],[93.989216,25.42372],[93.989235,25.423228],[93.989373,25.422968],[93.989611,25.422504],[93.989968,25.421882],[93.990306,25.421243],[93.99045,25.420496],[93.990369,25.420292],[93.990187,25.419919],[93.989962,25.419704],[93.989642,25.419551],[93.989417,25.419455],[93.988903,25.419342],[93.988427,25.419314],[93.987024,25.419234],[93.985389,25.419546],[93.983999,25.41997],[93.982959,25.420269],[93.98259,25.420451],[93.981851,25.420796],[93.981231,25.42105],[93.98056,25.42122],[93.980153,25.421248],[93.979157,25.421169],[93.978237,25.420903],[93.977404,25.420377],[93.976383,25.419127],[93.975738,25.418312],[93.975337,25.418114],[93.975017,25.418052],[93.974736,25.418092],[93.974535,25.418239],[93.97426,25.418527],[93.974128,25.418917],[93.97369,25.419885],[93.973264,25.420264],[93.972844,25.420541],[93.972656,25.4207],[93.972406,25.420937],[93.972074,25.421316],[93.971485,25.421978],[93.970633,25.422923],[93.9696,25.423748],[93.968792,25.424292],[93.968078,25.424427],[93.967182,25.424552],[93.966355,25.424597],[93.965353,25.42475],[93.964439,25.4251],[93.964106,25.425339]]}},{"type":"Feature","properties":{"name":"Barak River","klass":"main"},"geometry":{"type":"LineString","coordinates":[[93.964106,25.425339],[93.963731,25.42561],[93.963211,25.426436],[93.962979,25.427374],[93.962791,25.428082],[93.962635,25.428936],[93.962509,25.429179],[93.962297,25.429354],[93.962015,25.429388],[93.961501,25.429337],[93.961,25.42923],[93.959973,25.428998],[93.959284,25.428811],[93.957854,25.42895],[93.957341,25.429142],[93.957057,25.42967],[93.956969,25.430326],[93.957057,25.430966],[93.957341,25.432262],[93.957606,25.433014],[93.95789,25.433989],[93.958262,25.434853],[93.959661,25.435813],[93.960441,25.436437],[93.961911,25.437525],[93.961947,25.437925],[93.961911,25.438293],[93.961025,25.439461],[93.960583,25.440469],[93.958864,25.441045],[93.957341,25.441173],[93.956508,25.441157],[93.955605,25.441284],[93.955162,25.441349],[93.954666,25.441444],[93.954028,25.441572],[93.953762,25.441716],[93.952239,25.442692],[93.951282,25.4433],[93.950184,25.445236],[93.949622,25.445767],[93.948525,25.446938],[93.947717,25.447735],[93.94731,25.448052],[93.946853,25.448538],[93.946189,25.448996],[93.945713,25.449455],[93.945375,25.449652],[93.944511,25.449867],[93.94389,25.449918],[93.943214,25.449992],[93.94302,25.450111],[93.942738,25.450416],[93.942193,25.4511],[93.941842,25.451819],[93.941523,25.452458],[93.940984,25.453504],[93.940859,25.454301],[93.941022,25.455167],[93.941179,25.455517],[93.94131,25.455907],[93.941391,25.456354],[93.941335,25.456891],[93.941291,25.457293],[93.941247,25.457683],[93.94074,25.458265],[93.940145,25.45878],[93.939262,25.459233],[93.938648,25.459453],[93.937878,25.459645],[93.93702,25.459894],[93.936506,25.460103],[93.935654,25.460211],[93.934859,25.460234],[93.93442,25.460262],[93.934007,25.460296],[93.933381,25.460579],[93.932416,25.461285],[93.931852,25.461975],[93.931445,25.462394],[93.930976,25.463134],[93.930863,25.463802],[93.931001,25.46448],[93.931282,25.465249],[93.931245,25.466126],[93.931138,25.466578],[93.931026,25.467336],[93.930994,25.46754],[93.930932,25.468314],[93.930938,25.468591],[93.930907,25.46884],[93.93085,25.469298],[93.930913,25.469875],[93.931195,25.470757],[93.931383,25.47143],[93.931451,25.471786],[93.931301,25.472533],[93.931101,25.473087],[93.930857,25.473613],[93.930637,25.474025],[93.930199,25.474574],[93.930011,25.474925],[93.929848,25.475286],[93.929754,25.47545],[93.92956,25.475778],[93.929303,25.476118],[93.928959,25.476513],[93.928034,25.477032],[93.92738,25.477514],[93.926723,25.478334],[93.926422,25.478826],[93.926228,25.478939],[93.926009,25.479346],[93.925764,25.479606],[93.925558,25.47977],[93.925013,25.479923],[93.924762,25.479804],[93.924556,25.47938],[93.924386,25.479012],[93.924217,25.478803],[93.923666,25.478492],[93.923096,25.478328],[93.922814,25.478283],[93.92232,25.478266],[93.921994,25.478311],[93.921643,25.478436],[93.921342,25.478752],[93.921042,25.479018],[93.920766,25.47938],[93.919432,25.480856],[93.919025,25.481308],[93.918612,25.481591],[93.918192,25.48206],[93.917979,25.482269],[93.917691,25.482411],[93.917278,25.482558],[93.916664,25.482716],[93.9162,25.482671],[93.915812,25.482592],[93.915186,25.482501],[93.914165,25.48249],[93.91347,25.482597],[93.913112,25.482597],[93.912229,25.482558],[93.911628,25.48219],[93.91077,25.481806],[93.909217,25.481116],[93.908415,25.480669],[93.907901,25.480573],[93.907363,25.48055],[93.907062,25.480709],[93.906523,25.481664],[93.905365,25.482733],[93.904538,25.482886],[93.904031,25.482772],[93.902884,25.482529],[93.902521,25.482512],[93.90192,25.482501],[93.901331,25.482603],[93.900066,25.48314],[93.899083,25.483734],[93.898419,25.483768],[93.898074,25.483705],[93.897542,25.483688],[93.896897,25.48379],[93.896421,25.484192],[93.896289,25.484503],[93.89617,25.485102],[93.895938,25.485537],[93.895494,25.486176],[93.895124,25.486476],[93.894404,25.486742],[93.894047,25.486696],[93.893746,25.486623],[93.893251,25.486515],[93.892995,25.486431],[93.892719,25.486346],[93.892061,25.48621],[93.891441,25.486221],[93.890445,25.486431],[93.889218,25.486985],[93.888848,25.48703],[93.888604,25.486951],[93.888209,25.486804],[93.887959,25.48673],[93.887583,25.486713],[93.887176,25.486691],[93.886844,25.486668],[93.886675,25.486645],[93.886236,25.486487],[93.885892,25.486063],[93.885673,25.485876],[93.885165,25.485554],[93.884433,25.485322],[93.883556,25.484961],[93.883155,25.484842],[93.882503,25.484904],[93.882165,25.484978],[93.881652,25.485],[93.880606,25.485192],[93.879954,25.485283],[93.879416,25.485322],[93.878902,25.485294],[93.878376,25.485164],[93.878082,25.485006],[93.87748,25.484621],[93.877261,25.48426],[93.877111,25.484028],[93.876691,25.483734],[93.875548,25.482883],[93.873777,25.482995],[93.873121,25.482979],[93.870712,25.483363],[93.866903,25.48549],[93.865575,25.486114],[93.864423,25.486353],[93.863219,25.486497],[93.861553,25.486737],[93.860295,25.486737],[93.858559,25.486785],[93.857798,25.486753],[93.857355,25.486306],[93.85693,25.485906],[93.856664,25.48565],[93.856256,25.485506],[93.855672,25.485458],[93.855264,25.48541],[93.854786,25.485298],[93.854272,25.485234],[93.853652,25.484978],[93.853209,25.48469],[93.852784,25.484338],[93.851703,25.483059],[93.850818,25.481796],[93.850463,25.481268],[93.849383,25.480756],[93.849099,25.4809],[93.848816,25.481076],[93.848461,25.48138],[93.848231,25.481924],[93.847983,25.48226],[93.847434,25.482611],[93.846283,25.482947],[93.844812,25.483011],[93.844529,25.482707],[93.844263,25.482244],[93.844068,25.48138],[93.843608,25.480932],[93.842775,25.480676],[93.841694,25.480324],[93.840082,25.479829],[93.839497,25.479205],[93.83847,25.478501],[93.837336,25.477414],[93.836592,25.476534],[93.835707,25.476102],[93.834466,25.475767],[93.833687,25.475751],[93.832961,25.475671],[93.832287,25.475607],[93.831242,25.475031],[93.830463,25.474375],[93.830038,25.473848],[93.829878,25.473512],[93.829878,25.473176],[93.829896,25.472616],[93.829914,25.47212],[93.830551,25.470345],[93.829506,25.469529],[93.82839,25.46849],[93.82754,25.467114],[93.827239,25.466203],[93.827097,25.465611],[93.826849,25.465115],[93.826512,25.464651],[93.825981,25.464283],[93.824528,25.46334],[93.823515,25.462542],[93.823394,25.46222],[93.823164,25.461788],[93.822863,25.461484],[93.822703,25.461356],[93.822225,25.461084],[93.820666,25.460636],[93.820276,25.46086],[93.820028,25.46102],[93.818753,25.46166],[93.817903,25.461772],[93.817123,25.461564],[93.815972,25.460668],[93.815476,25.460077],[93.814962,25.459565],[93.81443,25.459325],[93.813934,25.459213],[93.813261,25.459085],[93.812393,25.459197],[93.811897,25.459389],[93.811029,25.459517],[93.810214,25.459821],[93.808662,25.460212],[93.807349,25.460446],[93.807284,25.460528],[93.807019,25.460668],[93.806444,25.460931],[93.80623,25.461205],[93.806062,25.461777],[93.805797,25.462186],[93.805603,25.462636],[93.805415,25.462758]]}},{"type":"Feature","properties":{"name":"Barak River","klass":"main"},"geometry":{"type":"LineString","coordinates":[[93.805415,25.462758],[93.803129,25.462804],[93.801981,25.462523],[93.800422,25.461148],[93.798555,25.458738],[93.79657,25.45707],[93.794467,25.455811],[93.792443,25.454299],[93.791292,25.453059],[93.790348,25.450502],[93.789301,25.44917],[93.787679,25.448234],[93.786474,25.447315],[93.785541,25.446666],[93.785434,25.44622],[93.785444,25.445028],[93.785276,25.443584],[93.78416,25.441356],[93.782676,25.440969],[93.781872,25.440562],[93.781285,25.438856],[93.781271,25.437442],[93.782537,25.436241],[93.783388,25.434438],[93.779783,25.430097],[93.776006,25.427927],[93.772917,25.427307],[93.77198,25.426493],[93.771722,25.425408],[93.773775,25.423741],[93.774812,25.422501],[93.774805,25.420485],[93.773975,25.420079],[93.772917,25.4194],[93.770649,25.419924],[93.768464,25.420824],[93.76771,25.420902],[93.767163,25.420176],[93.767423,25.418934],[93.767452,25.417898],[93.766222,25.416706],[93.764867,25.414894],[93.76399,25.414593],[93.761415,25.416299],[93.758497,25.413818],[93.757153,25.412753],[93.756874,25.411096],[93.755407,25.410562],[93.753526,25.410001],[93.752775,25.408498],[93.751631,25.407771],[93.749202,25.40721],[93.745512,25.405698],[93.74269,25.404554],[93.741309,25.403381],[93.739793,25.400115],[93.739207,25.398961],[93.737157,25.397876],[93.735759,25.396849],[93.734837,25.395008],[93.733949,25.393117],[93.734375,25.392042],[93.735223,25.391237],[93.735666,25.389783],[93.735512,25.387351],[93.735215,25.385634],[93.734182,25.38423],[93.73337,25.382261],[93.730749,25.379839],[93.728979,25.379412],[93.726321,25.379208],[93.72458,25.378113],[93.723035,25.376901],[93.720546,25.375331],[93.717821,25.374265],[93.715621,25.372471],[93.714237,25.371085],[93.713121,25.369292],[93.711212,25.36521],[93.709785,25.360509],[93.709463,25.357978],[93.708937,25.357532],[93.708315,25.35728],[93.706974,25.357348],[93.705096,25.357648],[93.703465,25.358628],[93.701534,25.358599],[93.700075,25.358104],[93.698627,25.357096],[93.69662,25.356805],[93.694639,25.357056],[93.692608,25.357852],[93.690691,25.359073],[93.68955,25.359898],[93.688413,25.360625],[93.686986,25.361255],[93.68601,25.361119],[93.685441,25.36047],[93.68528,25.359529],[93.685495,25.358337],[93.686492,25.356892],[93.68646,25.355331],[93.686106,25.354187],[93.685602,25.353402],[93.684272,25.352781],[93.683885,25.352064],[93.683751,25.351555],[93.683891,25.350959],[93.684593,25.348937],[93.68543,25.347429],[93.686192,25.34613],[93.686251,25.345611],[93.68594,25.34486],[93.68513,25.343599],[93.684068,25.342882],[93.682416,25.34198],[93.681686,25.341301],[93.681418,25.340283],[93.681611,25.339314],[93.681718,25.338417],[93.681638,25.337704],[93.681326,25.337025],[93.680291,25.335823],[93.679851,25.335057],[93.679808,25.333496],[93.680109,25.331498],[93.680785,25.330082],[93.680892,25.328948],[93.680323,25.328259],[93.679208,25.328172],[93.678714,25.32758],[93.677394,25.32693],[93.676472,25.326863],[93.675726,25.327056],[93.675206,25.327328],[93.674168,25.328234],[93.673639,25.328395],[93.673039,25.32823],[93.670775,25.326358],[93.669487,25.325136],[93.668375,25.325252],[93.666987,25.326125],[93.665628,25.326493],[93.664273,25.326329],[93.663844,25.325776],[93.663554,25.325224],[93.663425,25.324545],[93.66408,25.323934],[93.665292,25.321994],[93.666505,25.319764],[93.666472,25.317882],[93.666505,25.315584],[93.667535,25.31377],[93.667749,25.313023],[93.667288,25.311568],[93.666408,25.309813],[93.664427,25.308338],[93.661848,25.307],[93.660003,25.306513],[93.65941,25.306076],[93.657986,25.304954],[93.657053,25.304139],[93.657289,25.303169],[93.658201,25.302228],[93.659606,25.301161],[93.659821,25.300472],[93.659788,25.299066],[93.658673,25.297611],[93.657632,25.296922],[93.656537,25.296573],[93.654778,25.295535],[93.654542,25.294798],[93.654445,25.293217],[93.654156,25.291548],[93.65437,25.290452],[93.653791,25.288997],[93.652694,25.287227],[93.651785,25.28501],[93.647622,25.280324],[93.645433,25.277841],[93.644081,25.276259],[93.643169,25.273601],[93.643451,25.271741],[93.64406,25.269905],[93.64494,25.268149],[93.645154,25.267004],[93.644746,25.266295],[93.643899,25.265675],[93.642075,25.265733],[93.640069,25.265383],[93.637773,25.264471],[93.636646,25.263395],[93.636185,25.262531],[93.636357,25.261803],[93.636593,25.260881],[93.636281,25.259038],[93.634983,25.256302],[93.632709,25.253478],[93.63081,25.252614],[93.629866,25.250625],[93.628868,25.24979],[93.627902,25.248811],[93.627731,25.247452],[93.628034,25.245161],[93.627666,25.24293],[93.626915,25.241649],[93.625724,25.240368],[93.623739,25.239145],[93.621916,25.23701],[93.621401,25.235506],[93.622098,25.234137],[93.622484,25.232546],[93.622334,25.231905],[93.62169,25.231139],[93.620758,25.23079],[93.620113,25.230765],[93.619888,25.230624],[93.618987,25.228906],[93.616412,25.223908],[93.613139,25.219283],[93.612823,25.21839],[93.612946,25.216939],[93.612506,25.21573],[93.611948,25.215022],[93.611246,25.214541],[93.610307,25.214799],[93.60888,25.21474],[93.608059,25.213925],[93.607367,25.212056],[93.607416,25.211032],[93.607904,25.209795],[93.608805,25.209149],[93.609698,25.208577],[93.610039,25.208188],[93.609996,25.207329],[93.610296,25.206252],[93.610425,25.205412],[93.610168,25.204553],[93.610253,25.203975],[93.609872,25.203708],[93.608349,25.203286],[93.607435,25.203387],[93.606407,25.203388],[93.605608,25.203194],[93.605066,25.202738],[93.604991,25.202063],[93.605221,25.201456],[93.605281,25.200646],[93.60442,25.199097],[93.604556,25.198753],[93.604707,25.197617],[93.604653,25.196704],[93.604208,25.196161],[93.603049,25.195365],[93.601198,25.194501],[93.599707,25.194287],[93.598827,25.193719],[93.597132,25.193015],[93.593774,25.191161],[93.591676,25.189855],[93.58974,25.188379],[93.58879,25.187549],[93.587755,25.187297],[93.586666,25.187156],[93.586011,25.186976],[93.585679,25.186549],[93.58577,25.185841],[93.586011,25.185331],[93.586006,25.184923],[93.585663,25.184583],[93.583853,25.182679],[93.583506,25.181214],[93.583678,25.180573],[93.584451,25.180729],[93.58488,25.180263],[93.584611,25.178894],[93.583563,25.177718],[93.582927,25.177389],[93.58194,25.177515],[93.580999,25.177135],[93.580084,25.176486],[93.579322,25.175282],[93.578904,25.174379],[93.579025,25.173018],[93.578067,25.171864],[93.576468,25.171359],[93.57532,25.17066],[93.573217,25.169834],[93.571375,25.168358],[93.570557,25.167232],[93.569806,25.166912],[93.567831,25.167193],[93.56649,25.167281],[93.565078,25.16693],[93.563883,25.166203],[93.561773,25.164551],[93.559602,25.164377],[93.558401,25.164513],[93.556634,25.165114],[93.554989,25.164299],[93.554002,25.164018],[93.552675,25.163667],[93.551599,25.163872],[93.550526,25.164474],[93.548952,25.1646],[93.547182,25.164085],[93.545945,25.163532],[93.544872,25.162513],[93.543599,25.161308],[93.542308,25.15992],[93.541031,25.15926],[93.539479,25.159103],[93.537802,25.159415],[93.536772,25.159493],[93.53498,25.159599],[93.533406,25.159715],[93.531686,25.159823],[93.530753,25.160104],[93.529648,25.159716],[93.528907,25.159735],[93.527813,25.159939],[93.527062,25.160279],[93.525753,25.160833],[93.524991,25.160609],[93.524179,25.160608],[93.522159,25.160677],[93.521681,25.160536],[93.521433,25.160201],[93.519298,25.159501],[93.517894,25.15874],[93.516424,25.158041],[93.516092,25.157536],[93.514949,25.156744],[93.514048,25.156477],[93.513,25.156331],[93.512036,25.155933],[93.511135,25.155001],[93.510588,25.154418],[93.510153,25.153554],[93.509416,25.153209],[93.50856,25.152476],[93.507316,25.151248],[93.505747,25.148916],[93.504288,25.143769],[93.502764,25.141884],[93.502128,25.141371],[93.50112,25.141099],[93.499213,25.140622],[93.497933,25.140632],[93.496217,25.141157],[93.494589,25.14135],[93.492869,25.140982],[93.491285,25.140156],[93.490004,25.139059],[93.489608,25.13768],[93.489937,25.136275],[93.490573,25.135184],[93.490402,25.134173],[93.490176,25.134028],[93.489774,25.13412],[93.4895,25.133989],[93.488881,25.133264],[93.48868,25.132527],[93.488309,25.131284],[93.487669,25.130375],[93.486598,25.12955],[93.484751,25.128097],[93.482857,25.127067],[93.481121,25.126684],[93.479914,25.126636],[93.478818,25.125766],[93.478573,25.125291],[93.478423,25.124683],[93.478691,25.123712],[93.479426,25.122581],[93.479542,25.121069],[93.479254,25.120579],[93.478702,25.11987],[93.4773,25.118655],[93.476052,25.117913],[93.474802,25.117345],[93.473647,25.11713],[93.472946,25.116446],[93.472366,25.115154],[93.471401,25.113192],[93.471308,25.112336],[93.470982,25.110782],[93.470449,25.109538],[93.469427,25.107567],[93.469239,25.107154],[93.469555,25.106503],[93.469834,25.105604],[93.470188,25.104404],[93.47028,25.103049],[93.471683,25.10026],[93.473282,25.098064],[93.474464,25.096588],[93.475408,25.095699],[93.475615,25.095266],[93.475403,25.094392],[93.47521,25.094052],[93.474909,25.093994],[93.47448,25.094179],[93.473976,25.094217],[93.473729,25.093965],[93.472989,25.093314],[93.472155,25.091661],[93.47124,25.089427],[93.470671,25.088067],[93.470725,25.087484],[93.471004,25.087173],[93.471962,25.086677],[93.472624,25.086522],[93.474001,25.086949],[93.474759,25.087785],[93.476261,25.088077],[93.476854,25.088173],[93.477645,25.088028],[93.478053,25.087902],[93.478074,25.087251],[93.47846,25.086629],[93.478517,25.086064],[93.47782,25.084636],[93.47713,25.083918],[93.475953,25.083324],[93.47558,25.083165],[93.474673,25.082538],[93.474518,25.081989],[93.474158,25.081158],[93.474319,25.080799],[93.474655,25.080487],[93.475306,25.079526],[93.474925,25.07851],[93.474795,25.07798],[93.474754,25.076989],[93.47521,25.076125],[93.475588,25.07488],[93.475403,25.073515],[93.475223,25.072619],[93.475381,25.071956],[93.475287,25.071345],[93.475044,25.070999],[93.474619,25.070517],[93.47449,25.068425],[93.473677,25.065381],[93.474194,25.064048],[93.474284,25.062682],[93.473959,25.062349],[93.473111,25.061592],[93.472814,25.061326],[93.471868,25.060481],[93.471433,25.060437],[93.471008,25.060613],[93.470432,25.060613],[93.469901,25.060513],[93.467051,25.059232],[93.465523,25.058375],[93.465239,25.057791],[93.465413,25.057327],[93.465986,25.056919],[93.466737,25.056657],[93.467049,25.056255],[93.467236,25.05535],[93.467263,25.053482],[93.466614,25.052171],[93.465988,25.05154],[93.465171,25.051063],[93.464212,25.050708],[93.463699,25.050352],[93.463414,25.049626],[93.463122,25.047582],[93.462534,25.045308],[93.461838,25.039415],[93.461382,25.038571],[93.461042,25.038128],[93.460371,25.037884],[93.460119,25.037865],[93.459532,25.038149],[93.45858,25.038117],[93.457407,25.0384],[93.457024,25.038662],[93.45676,25.038946],[93.456595,25.039737],[93.456716,25.040011],[93.457588,25.041053],[93.458563,25.04193],[93.458896,25.042345],[93.458971,25.042638],[93.4589,25.043018],[93.458851,25.043243],[93.4585,25.043623],[93.457794,25.043808],[93.456643,25.043948],[93.455877,25.04402],[93.455088,25.044048],[93.454308,25.043711],[93.453993,25.043588],[93.453687,25.043576],[93.453202,25.043809],[93.452314,25.044186],[93.451845,25.044239],[93.451469,25.04405],[93.451247,25.043756],[93.451331,25.043346],[93.451536,25.042337],[93.451557,25.041595],[93.451869,25.040801],[93.452264,25.040275],[93.45236,25.039807],[93.451758,25.038783],[93.451035,25.038177],[93.450683,25.038069],[93.450313,25.038067],[93.449662,25.038296],[93.449299,25.038502],[93.448897,25.038654],[93.448516,25.038597],[93.4483,25.038431],[93.448095,25.038125],[93.447915,25.037803],[93.447911,25.036959],[93.448068,25.036529],[93.448416,25.03626],[93.448993,25.036071],[93.449291,25.03579],[93.449579,25.03531],[93.4498,25.034647],[93.449712,25.034193],[93.449524,25.033935],[93.449195,25.033372],[93.448766,25.033111],[93.447414,25.031911],[93.447035,25.030878],[93.446834,25.029702],[93.445584,25.027478],[93.444395,25.025139],[93.442988,25.022253],[93.442767,25.021103],[93.44314,25.019929],[93.443702,25.019237],[93.444211,25.018806],[93.445008,25.018491],[93.445892,25.018168],[93.447094,25.01809],[93.448407,25.018014],[93.448902,25.017839],[93.449132,25.017677],[93.449603,25.016967],[93.449712,25.016532],[93.449494,25.016065],[93.449219,25.015802],[93.44803,25.015379],[93.446889,25.015081],[93.446451,25.014927],[93.4443,25.014154],[93.442959,25.013469],[93.442342,25.012832],[93.441455,25.012545],[93.440069,25.012283],[93.438864,25.011883],[93.438447,25.011782],[93.437943,25.011471],[93.437655,25.010617],[93.43717,25.009225],[93.436902,25.008574],[93.436766,25.007842],[93.437147,25.006838],[93.437036,25.005846],[93.436436,25.005089],[93.436441,25.004082],[93.436608,25.002943],[93.436795,25.002289],[93.437015,25.001583],[93.437055,25.000706],[93.437245,24.999755],[93.437385,24.999419],[93.437396,24.998781],[93.437009,24.998058],[93.436441,24.997363],[93.435979,24.996612],[93.435253,24.996173],[93.434808,24.996121],[93.434542,24.995666],[93.43455,24.994889],[93.435263,24.994309],[93.436018,24.993992],[93.436647,24.993699],[93.436892,24.993488],[93.437065,24.993206],[93.43717,24.99269],[93.436895,24.992193],[93.435625,24.991518],[93.434113,24.990998],[93.432487,24.990507],[93.431241,24.990098],[93.430615,24.990099],[93.429601,24.990176],[93.428818,24.990274],[93.428265,24.990235],[93.427756,24.990016],[93.427427,24.989471],[93.427289,24.988304],[93.427314,24.987346],[93.427799,24.985927],[93.428194,24.984185],[93.429762,24.981293],[93.429896,24.980525],[93.429696,24.979896],[93.428705,24.978025],[93.42774,24.976834],[93.427491,24.976254],[93.427171,24.97536],[93.426613,24.974456],[93.426147,24.974081],[93.425766,24.97397],[93.425395,24.974271],[93.421354,24.976099],[93.420525,24.976138],[93.419816,24.97538],[93.418951,24.973765],[93.417327,24.971893],[93.416796,24.970653],[93.41677,24.969856],[93.417063,24.968843],[93.417338,24.967852],[93.417299,24.967092],[93.416415,24.964676],[93.41568,24.962211],[93.414978,24.959122],[93.414195,24.956822],[93.414001,24.95637],[93.413635,24.956033],[93.413181,24.955913],[93.412864,24.956083],[93.412279,24.956866],[93.41187,24.957872],[93.411226,24.959136],[93.410574,24.959672],[93.409925,24.959799],[93.409045,24.959682],[93.408433,24.959434],[93.408088,24.958927],[93.407393,24.955655],[93.406545,24.95243],[93.406202,24.949906],[93.406019,24.946939],[93.405719,24.945149],[93.405397,24.943398],[93.405032,24.941715],[93.4047,24.941511],[93.404059,24.941393],[93.403165,24.941705],[93.402214,24.94221],[93.400537,24.942318],[93.399017,24.942094],[93.398037,24.941297],[93.396334,24.938338],[93.394539,24.935323],[93.392973,24.932113],[93.392837,24.931509],[93.395026,24.921954],[93.395197,24.920736],[93.394957,24.920196],[93.392386,24.917518],[93.390527,24.915358],[93.389561,24.914016],[93.389468,24.912944],[93.390205,24.91131],[93.391313,24.910006],[93.392869,24.908764],[93.39735,24.905692],[93.398352,24.904472],[93.400583,24.900294],[93.400714,24.899421],[93.400444,24.898574],[93.399939,24.898179],[93.398579,24.897453],[93.39774,24.896303],[93.397344,24.895139],[93.397493,24.893547],[93.398323,24.890458],[93.397475,24.887876],[93.396787,24.886977],[93.396161,24.886662],[93.395408,24.886076],[93.394773,24.885753],[93.394476,24.885726],[93.394301,24.885753],[93.393389,24.886016],[93.393237,24.886041],[93.39312,24.886007],[93.392957,24.885974],[93.392795,24.885891],[93.392614,24.885667],[93.39238,24.885446],[93.391589,24.884699],[93.391026,24.884213],[93.390922,24.884148],[93.39057,24.88414],[93.390548,24.884108],[93.390534,24.884088],[93.390387,24.883877],[93.390308,24.883747],[93.390259,24.883668],[93.3901,24.883513],[93.389896,24.88317],[93.389849,24.883112],[93.389736,24.882971],[93.389727,24.882795],[93.389711,24.8825],[93.389777,24.882144],[93.389958,24.881782],[93.389952,24.881667],[93.389982,24.88152],[93.390138,24.880772],[93.390138,24.880764],[93.390122,24.880168],[93.390245,24.87984],[93.390479,24.87958],[93.391329,24.87954],[93.392048,24.879538],[93.392909,24.879302],[93.393407,24.878903],[93.393819,24.878518],[93.393981,24.877803],[93.393861,24.877132],[93.393799,24.87682],[93.393717,24.875554],[93.394657,24.873307],[93.396013,24.871719],[93.397425,24.869666],[93.398963,24.868891],[93.399542,24.868814],[93.399896,24.869026],[93.400129,24.869067],[93.400706,24.868968],[93.4011,24.868732],[93.401913,24.867806],[93.402028,24.866707],[93.402173,24.864653],[93.402766,24.861484],[93.402479,24.859654],[93.401554,24.857488],[93.399968,24.855605],[93.398341,24.853155],[93.397592,24.851316],[93.397209,24.847811],[93.397506,24.844501],[93.397284,24.841677],[93.397415,24.840529],[93.397839,24.839599],[93.399271,24.838558],[93.402032,24.837515],[93.403024,24.83472],[93.405531,24.832209],[93.407015,24.828878],[93.406711,24.828105],[93.405386,24.827248],[93.403927,24.826995],[93.402868,24.826692],[93.401012,24.826147],[93.400494,24.825213],[93.400305,24.824206],[93.400524,24.822973],[93.401776,24.820315],[93.403085,24.819146],[93.403228,24.818581],[93.403069,24.818178],[93.402747,24.817817],[93.401304,24.817194],[93.400985,24.816945],[93.400435,24.814667],[93.39992,24.813391],[93.399264,24.812222],[93.398523,24.811978],[93.397989,24.81195],[93.397431,24.812003],[93.396798,24.81231],[93.396293,24.812904],[93.395213,24.814954],[93.394947,24.816298],[93.394468,24.817018],[93.393305,24.817744],[93.391659,24.818119],[93.390648,24.818226],[93.389883,24.81875],[93.388759,24.819115],[93.387027,24.819642],[93.385777,24.820434],[93.385034,24.82068],[93.384291,24.82123],[93.383934,24.821337],[93.382877,24.821318],[93.380935,24.821868],[93.378873,24.822164],[93.372731,24.821765],[93.370349,24.821064],[93.368468,24.820237],[93.366916,24.820178],[93.365239,24.820539],[93.364051,24.820343],[93.363157,24.819585],[93.362621,24.818406],[93.361702,24.815971],[93.361655,24.815193],[93.361773,24.814696],[93.361655,24.8142],[93.361366,24.813576],[93.360722,24.813138],[93.360915,24.811716],[93.360865,24.810703],[93.361173,24.809652],[93.361273,24.807771],[93.361183,24.806837],[93.360014,24.805084],[93.358,24.802756],[93.357214,24.800565],[93.357235,24.799241],[93.357324,24.798198],[93.357954,24.796367],[93.358687,24.794837],[93.359713,24.793027],[93.360229,24.791235],[93.360543,24.789062],[93.360068,24.788283],[93.359159,24.787445],[93.358032,24.786149],[93.356892,24.785176],[93.355878,24.7841],[93.35451,24.782575],[93.353591,24.781055],[93.352836,24.779127],[93.35269,24.77749],[93.353083,24.776068],[93.353891,24.775045],[93.354794,24.773511],[93.355803,24.772021],[93.35745,24.769921],[93.358564,24.768639],[93.358684,24.768231],[93.359188,24.767783],[93.359424,24.766979],[93.359309,24.765634],[93.357893,24.763773],[93.35314,24.76165],[93.34847,24.759819],[93.346545,24.759646],[93.342505,24.760462],[93.339168,24.761563],[93.336382,24.763199],[93.334361,24.764261],[93.332151,24.765109],[93.331368,24.765216],[93.330617,24.765206],[93.329464,24.764807],[93.328959,24.763769],[93.328868,24.762956],[93.32853,24.762276],[93.328269,24.761796],[93.327718,24.761063],[93.327709,24.760593],[93.328198,24.759536],[93.328611,24.758219],[93.328613,24.757342],[93.32912,24.756699],[93.330008,24.755812],[93.331074,24.754511],[93.332366,24.752785],[93.333979,24.751154],[93.334876,24.749628],[93.335102,24.748098],[93.335024,24.747404],[93.334719,24.746782],[93.333921,24.745633],[93.332144,24.74456],[93.330558,24.744003],[93.329032,24.743381],[93.328321,24.742783],[93.327731,24.742052],[93.326508,24.740868],[93.325684,24.740157],[93.32492,24.739358],[93.323984,24.738634],[93.323241,24.737748],[93.321465,24.735499],[93.319598,24.733462],[93.31918,24.732186],[93.318815,24.731513],[93.318568,24.730529],[93.318426,24.730181],[93.318496,24.729786],[93.318791,24.72934],[93.319362,24.728931],[93.320583,24.72869],[93.321079,24.728843],[93.321927,24.728892],[93.322821,24.728745],[93.324169,24.728346],[93.325939,24.728571],[93.327042,24.72889],[93.328023,24.72899],[93.329065,24.728991],[93.330995,24.728539],[93.33293,24.728022],[93.333372,24.727581],[93.33438,24.726802],[93.334989,24.726407],[93.335692,24.725327],[93.336099,24.724246],[93.336282,24.723851],[93.336223,24.722745],[93.335836,24.721257],[93.334756,24.719675],[93.333798,24.718757],[93.333095,24.718399],[93.332401,24.71823],[93.331223,24.718382],[93.330374,24.718298],[93.329362,24.718192],[93.328401,24.717814],[93.327868,24.717417],[93.327503,24.717436],[93.327361,24.717497],[93.32727,24.717538],[93.327042,24.717527],[93.326516,24.717271],[93.325778,24.716683],[93.325318,24.715555],[93.323945,24.712581],[93.322821,24.710501],[93.322093,24.709408],[93.320932,24.708162],[93.318558,24.706452],[93.317359,24.705287],[93.316514,24.70385],[93.316557,24.703153],[93.316501,24.701992],[93.315613,24.70097],[93.314738,24.700273],[93.313996,24.699677],[93.313301,24.699371],[93.312692,24.699365],[93.311035,24.699926],[93.309996,24.700614],[93.309508,24.70153],[93.308825,24.702372],[93.307899,24.702719],[93.305783,24.703147],[93.304814,24.703709],[93.304117,24.704693],[93.303582,24.705013],[93.302507,24.705392],[93.301799,24.705429],[93.301043,24.705865],[93.300088,24.705931],[93.29978,24.705663],[93.29936,24.705374],[93.299061,24.705373],[93.298617,24.705781],[93.298003,24.706032],[93.296907,24.706056],[93.296214,24.705705],[93.295603,24.705272],[93.29529,24.705144],[93.295027,24.704933],[93.294792,24.704183],[93.294757,24.703947],[93.29462,24.703705],[93.294569,24.703422],[93.294443,24.702625],[93.294669,24.702123],[93.295224,24.701947],[93.295613,24.701653],[93.295992,24.701052],[93.296519,24.699638],[93.2968,24.698791],[93.297044,24.697801],[93.29732,24.697358],[93.297481,24.696886],[93.297191,24.695726],[93.296864,24.694346],[93.296605,24.693631],[93.296379,24.693218],[93.296169,24.691656],[93.296102,24.690635],[93.296121,24.690091],[93.296025,24.689325],[93.296006,24.68839],[93.295743,24.687542],[93.295392,24.686269],[93.295174,24.684681],[93.294756,24.683073],[93.294429,24.682122],[93.294391,24.681332],[93.294772,24.680377],[93.294992,24.679753],[93.294911,24.678822],[93.29462,24.678202],[93.294359,24.677813],[93.293999,24.677623],[93.293409,24.677638],[93.292878,24.677482],[93.292218,24.676833],[93.292031,24.676019],[93.291848,24.675732],[93.291278,24.675433],[93.290826,24.675],[93.290177,24.674691],[93.289812,24.674255],[93.289375,24.674121],[93.289107,24.67403],[93.288801,24.673865],[93.28871,24.673584],[93.288276,24.673423],[93.288037,24.673365],[93.287879,24.673182],[93.287471,24.672685],[93.286875,24.672402],[93.285677,24.671602],[93.28501,24.671198],[93.284711,24.670816],[93.284369,24.670627],[93.28313,24.669977],[93.282573,24.669775],[93.281956,24.669613],[93.281643,24.669477],[93.28153,24.66933],[93.281287,24.669267],[93.280891,24.669095],[93.280312,24.66885],[93.279638,24.668666],[93.279006,24.668384],[93.27816,24.668098],[93.277468,24.667919],[93.276714,24.667727],[93.276296,24.667599],[93.275963,24.667401],[93.275579,24.667271],[93.274355,24.667039],[93.273388,24.666966],[93.271337,24.666616],[93.26931,24.666571],[93.265691,24.667223],[93.263817,24.667693],[93.260904,24.667983],[93.258366,24.668095],[93.256707,24.668416],[93.254906,24.669063],[93.253348,24.669863],[93.252216,24.670474],[93.250773,24.67154],[93.248949,24.673051],[93.24823,24.673782],[93.247275,24.674437],[93.246262,24.67475],[93.245266,24.675139],[93.244006,24.67581],[93.242826,24.676033],[93.242423,24.675936],[93.242037,24.675885],[93.240438,24.676429],[93.238631,24.677367],[93.23767,24.677535],[93.23674,24.677889],[93.235763,24.678498],[93.235007,24.678873],[93.233194,24.679753],[93.231086,24.68063],[93.230109,24.681293],[93.229181,24.682595],[93.228918,24.68358],[93.228602,24.684613],[93.228387,24.685427],[93.228323,24.685983],[93.228395,24.686533],[93.228511,24.687079],[93.228731,24.688517],[93.22868,24.689109],[93.228779,24.689736],[93.228908,24.689994],[93.228943,24.691185],[93.228841,24.692197],[93.228892,24.69284],[93.228798,24.693474],[93.228537,24.694066],[93.228157,24.695404],[93.227636,24.696023],[93.227545,24.696486],[93.227247,24.697066],[93.227116,24.697675],[93.227121,24.698396],[93.226832,24.69895],[93.226418,24.699927],[93.22604,24.700246],[93.225582,24.700502],[93.225308,24.700989],[93.224954,24.701279],[93.224404,24.702376],[93.224273,24.703319],[93.223932,24.703935],[93.223535,24.704513],[93.222266,24.706087],[93.221,24.707325],[93.219037,24.707939],[93.217742,24.70836],[93.216763,24.709108],[93.214981,24.709381],[93.213721,24.709206],[93.212058,24.709177],[93.210036,24.709625],[93.208662,24.709293],[93.208281,24.708699],[93.20797,24.708114],[93.207214,24.708109],[93.206452,24.70808],[93.205642,24.70789],[93.20495,24.707203],[93.20436,24.706369],[93.204038,24.705132],[93.204129,24.704464],[93.204596,24.703728],[93.205149,24.702904],[93.205519,24.702013],[93.205481,24.701082],[93.205333,24.700394]]}},{"type":"Feature","properties":{"name":"Barak River","klass":"main"},"geometry":{"type":"LineString","coordinates":[[93.205333,24.700394],[93.205838,24.70013],[93.206268,24.699915],[93.207364,24.699798],[93.208965,24.700237],[93.210469,24.700569],[93.212145,24.700589],[93.214225,24.700409],[93.215283,24.700277],[93.215992,24.699964],[93.216497,24.699505],[93.216626,24.699095],[93.216583,24.698646],[93.215681,24.697553],[93.214617,24.696118],[93.213736,24.694438],[93.213499,24.693511],[93.213292,24.692723],[93.212887,24.692134],[93.212264,24.691353],[93.211302,24.690559],[93.209695,24.68924],[93.20909,24.6886],[93.208661,24.687501],[93.208529,24.686971],[93.208595,24.686751],[93.208749,24.686591],[93.208859,24.686211],[93.20876,24.685841],[93.208067,24.684482],[93.207374,24.683072],[93.206868,24.682112],[93.206824,24.681483],[93.206934,24.680503],[93.206967,24.679503],[93.206802,24.678924],[93.206263,24.677964],[93.205823,24.677194],[93.205197,24.676356],[93.204976,24.675964],[93.204667,24.675325],[93.204564,24.674854],[93.204604,24.674445],[93.204981,24.673396],[93.205229,24.672874],[93.205398,24.672346],[93.205443,24.672096],[93.205476,24.671647],[93.205556,24.671507],[93.205725,24.671282],[93.206046,24.671113],[93.20631,24.671026],[93.206761,24.670929],[93.207285,24.67097],[93.207859,24.670929],[93.208102,24.670893],[93.208766,24.670796],[93.209295,24.670765],[93.209954,24.67078],[93.210792,24.67095],[93.212836,24.671734],[93.214241,24.672763],[93.215325,24.673611],[93.216092,24.674016],[93.21673,24.674021],[93.217905,24.67348],[93.218554,24.672948],[93.219123,24.672217],[93.219418,24.671315],[93.219504,24.670867],[93.2193,24.670696],[93.219154,24.670581],[93.218978,24.670443],[93.218844,24.669989],[93.21835,24.668819],[93.218211,24.66741],[93.21821,24.667299],[93.218206,24.666026],[93.217793,24.664871],[93.217487,24.66469],[93.216784,24.664495],[93.216151,24.664403],[93.215743,24.664495],[93.215314,24.664832],[93.214837,24.665563],[93.214054,24.666923],[93.213775,24.667269],[93.213469,24.667659],[93.212809,24.667918],[93.212439,24.667835],[93.212058,24.667649],[93.211602,24.667303],[93.211296,24.666762],[93.210905,24.666362],[93.210025,24.665928],[93.209408,24.665587],[93.209161,24.665305],[93.208855,24.664783],[93.208501,24.663803],[93.208147,24.662843],[93.208163,24.662326],[93.208255,24.661824],[93.208458,24.661288],[93.208941,24.660732],[93.209451,24.660293],[93.210132,24.659703],[93.211259,24.658679],[93.212031,24.657695],[93.212718,24.656632],[93.212943,24.655657],[93.213179,24.653726],[93.213179,24.65238],[93.213093,24.651844],[93.213089,24.65182],[93.212986,24.651308],[93.212954,24.650849],[93.212964,24.650557],[93.213072,24.650274],[93.213538,24.650012],[93.213635,24.649957],[93.214032,24.649635],[93.214477,24.649026],[93.215529,24.64809],[93.217004,24.647061],[93.217712,24.646608],[93.218152,24.646188],[93.218511,24.645681],[93.21893,24.645052],[93.219606,24.644306],[93.220169,24.643438],[93.220936,24.642034],[93.221526,24.640942],[93.221934,24.639567],[93.222202,24.638338],[93.222138,24.637441],[93.221912,24.636271],[93.221709,24.635559],[93.22173,24.634632],[93.22173,24.633589],[93.221591,24.633043],[93.22157,24.633008],[93.221322,24.632599],[93.221177,24.632316],[93.22092,24.631453],[93.220625,24.630917],[93.220571,24.630761],[93.220518,24.63039],[93.220555,24.629956],[93.220571,24.629722],[93.220571,24.629473],[93.220528,24.629283],[93.220511,24.629227],[93.220459,24.629054],[93.220169,24.628868],[93.219413,24.628508],[93.218501,24.628254],[93.217245,24.628171],[93.216183,24.628132],[93.214928,24.628327],[93.214037,24.628561],[93.213061,24.628942],[93.212241,24.628965],[93.212197,24.628966],[93.211098,24.628791],[93.2104,24.62842],[93.209869,24.627888],[93.209719,24.627479],[93.209676,24.627171],[93.209783,24.62683],[93.210213,24.62624],[93.210411,24.625738],[93.21047,24.624855],[93.210449,24.624021],[93.210749,24.622973],[93.211243,24.621705],[93.211897,24.620783],[93.213549,24.619369],[93.214214,24.618672],[93.214563,24.618252],[93.214638,24.617789],[93.214622,24.616887],[93.21444,24.615702],[93.214214,24.614594],[93.213818,24.613624],[93.213678,24.613112],[93.21348,24.61161],[93.21342,24.610864],[93.213292,24.609761],[93.213238,24.609049],[93.213313,24.608425],[93.213458,24.607659],[93.213785,24.60683],[93.214418,24.605791],[93.214692,24.605109],[93.214713,24.604704],[93.214697,24.604313],[93.214692,24.604055],[93.21474,24.603831],[93.215105,24.603309],[93.215915,24.602572],[93.216344,24.602065],[93.217084,24.601075],[93.21717,24.600792],[93.217127,24.600212],[93.216988,24.599904],[93.216768,24.599675],[93.216527,24.599494],[93.216205,24.599173],[93.216049,24.598909],[93.215969,24.598446],[93.215963,24.597748],[93.216135,24.59667],[93.216435,24.595987],[93.216905,24.595206],[93.217224,24.594671],[93.217245,24.594075],[93.217197,24.59369],[93.216811,24.592841],[93.216248,24.592222],[93.215202,24.590529],[93.214558,24.589598],[93.214268,24.589125],[93.213909,24.588749],[93.213447,24.588383],[93.21282,24.587856],[93.211795,24.586968],[93.210792,24.586393],[93.210116,24.585959],[93.209703,24.585861],[93.20937,24.585846],[93.208834,24.586095],[93.20833,24.586564],[93.207772,24.587568],[93.206828,24.588622],[93.206184,24.588973],[93.205283,24.589295],[93.20495,24.589295],[93.20451,24.588934],[93.203952,24.588456],[93.203266,24.587539],[93.202429,24.586593],[93.201785,24.584485],[93.201517,24.583568],[93.201828,24.580651],[93.202075,24.57989],[93.202568,24.57951],[93.203448,24.579158],[93.204199,24.57911],[93.204725,24.579461],[93.205122,24.57949],[93.205508,24.579266],[93.205873,24.578807],[93.206227,24.578085],[93.205894,24.577012],[93.205534,24.5764],[93.205083,24.575863],[93.204655,24.575339],[93.204374,24.574902],[93.204204,24.574385],[93.204123,24.573881],[93.204152,24.573518],[93.204219,24.57329],[93.204492,24.573034],[93.204832,24.572759],[93.205689,24.572114],[93.205984,24.571825],[93.206236,24.571415],[93.206679,24.570864],[93.206716,24.570535],[93.206664,24.570199],[93.206531,24.569924],[93.20614,24.569494],[93.205615,24.569064],[93.20478,24.568587],[93.204293,24.568459],[93.203798,24.568399],[93.203199,24.568419],[93.202512,24.568674],[93.20235,24.568788],[93.201951,24.569312],[93.201611,24.569991],[93.200909,24.571012],[93.200525,24.571503],[93.199901,24.571951],[93.199255,24.572292],[93.198645,24.572555],[93.197808,24.572732],[93.19695,24.572824],[93.196495,24.572817],[93.196185,24.572774],[93.195835,24.572637],[93.195467,24.572368],[93.195103,24.572017],[93.194655,24.571551],[93.194367,24.571318],[93.194006,24.571134],[93.193299,24.570963],[93.192505,24.570904],[93.191928,24.570953],[93.191455,24.57098],[93.191267,24.57094],[93.191022,24.570822],[93.190798,24.570592],[93.190643,24.570323],[93.190474,24.569749],[93.190344,24.569451],[93.190207,24.569231],[93.189986,24.568837],[93.189873,24.568414],[93.189873,24.568106],[93.189972,24.567664],[93.190296,24.567286],[93.190677,24.566985],[93.191255,24.566863],[93.191805,24.566863],[93.192446,24.566985],[93.193285,24.567286],[93.193982,24.567388],[93.194715,24.567324],[93.196506,24.566882],[93.197084,24.566613],[93.197358,24.566376],[93.197485,24.566068],[93.197513,24.565568],[93.197372,24.564581],[93.197098,24.563658],[93.196217,24.562087],[93.195723,24.561318],[93.194835,24.560401],[93.193708,24.559639],[93.192939,24.559305],[93.192234,24.55901],[93.191692,24.558562],[93.191022,24.55769],[93.190134,24.556241],[93.189661,24.555204],[93.189479,24.553505],[93.189554,24.552188],[93.189425,24.551476],[93.188943,24.550793],[93.188363,24.550383],[93.187591,24.55007],[93.185123,24.549807],[93.184125,24.549709],[93.183603,24.549464],[93.179827,24.544468],[93.179136,24.543337],[93.178407,24.540819],[93.177602,24.536895],[93.177624,24.53386],[93.177602,24.532386],[93.177302,24.53183],[93.17683,24.531537],[93.175736,24.531156],[93.174072,24.530893],[93.173118,24.530942],[93.17256,24.530405],[93.172273,24.52932],[93.173303,24.526353],[93.172874,24.524118],[93.172163,24.522167],[93.171574,24.520013]]}},{"type":"Feature","properties":{"name":"Barak River","klass":"main"},"geometry":{"type":"LineString","coordinates":[[93.171574,24.520013],[93.171056,24.519593],[93.169276,24.517698],[93.168683,24.51675],[93.168385,24.515802],[93.167496,24.514855],[93.16705,24.513907],[93.166751,24.512011],[93.167046,24.511062],[93.166749,24.510114],[93.166748,24.509166],[93.16645,24.508218],[93.166893,24.507269],[93.168075,24.505371],[93.16837,24.504423],[93.167777,24.503475],[93.166887,24.502528],[93.166442,24.50158],[93.165405,24.501174],[93.164368,24.500634],[93.162294,24.499823],[93.161404,24.498876],[93.160959,24.497928],[93.160365,24.49698],[93.160068,24.496032],[93.159919,24.495084],[93.160066,24.494136],[93.160509,24.493187],[93.161034,24.492422],[93.161767,24.492017],[93.16254,24.491942],[93.163683,24.491942],[93.164357,24.492476],[93.164734,24.493072],[93.165583,24.493442],[93.166552,24.493563],[93.167615,24.49345],[93.168651,24.493042],[93.169687,24.493041],[93.170192,24.492741],[93.170506,24.492129],[93.169817,24.49005],[93.169536,24.489174],[93.169104,24.488599],[93.16859,24.487908],[93.167902,24.486134],[93.167752,24.485186],[93.16686,24.482342],[93.166711,24.481394],[93.166266,24.480446],[93.165968,24.479498],[93.165375,24.47855],[93.165226,24.477602],[93.165225,24.476654],[93.165667,24.475705],[93.165814,24.474756],[93.166197,24.474086],[93.166809,24.473636],[93.167884,24.473128],[93.168799,24.472563],[93.169363,24.471907],[93.16951,24.470959],[93.169408,24.470387],[93.169064,24.470011],[93.168323,24.469064],[93.167286,24.468252],[93.16625,24.468253],[93.165214,24.468661],[93.164178,24.468662],[93.163141,24.468121],[93.162696,24.467173],[93.162101,24.465277],[93.161952,24.464329],[93.161655,24.463381],[93.161802,24.462432],[93.162837,24.461618],[93.163872,24.461211],[93.164908,24.460668],[93.165054,24.459719],[93.164609,24.458772],[93.16372,24.457824],[93.161932,24.456472],[93.160895,24.45566],[93.159745,24.454625],[93.15928,24.454052],[93.158534,24.452953],[93.158236,24.452005],[93.158383,24.451056],[93.15838,24.448211],[93.158231,24.447263],[93.158229,24.446315],[93.158376,24.445366],[93.158227,24.444418],[93.158374,24.443469],[93.158225,24.442521],[93.157927,24.441573],[93.157482,24.440625],[93.157185,24.439677],[93.156175,24.438732],[93.155541,24.43782],[93.154962,24.43697],[93.154665,24.436022],[93.15422,24.435074],[93.153034,24.433179],[93.152737,24.432231],[93.152292,24.431283],[93.151255,24.430606],[93.150219,24.430607],[93.149183,24.430202],[93.148147,24.429932],[93.147702,24.428984],[93.147849,24.428036],[93.147569,24.427424],[93.147003,24.427072],[93.146262,24.426428],[93.145989,24.425393],[93.145773,24.42438],[93.145251,24.423193],[93.143698,24.421537],[93.143253,24.420589],[93.142779,24.419402],[93.142263,24.418433],[93.141569,24.417572],[93.140586,24.416798],[93.139549,24.415986],[93.13866,24.415039],[93.137475,24.413143],[93.135252,24.4103],[93.134364,24.409353],[93.132141,24.40651],[93.130956,24.404614],[93.130511,24.403666],[93.130214,24.402718],[93.130065,24.40177],[93.130002,24.401061],[93.129705,24.400135],[93.129485,24.399164],[93.129379,24.398151],[93.129335,24.397246],[93.129405,24.396189],[93.129304,24.395132],[93.129551,24.394293],[93.129909,24.393235],[93.130046,24.392157],[93.129902,24.390991],[93.129433,24.390129],[93.12893,24.389356],[93.128468,24.388299],[93.127846,24.387482],[93.126476,24.386897],[93.125464,24.386405],[93.124499,24.385729],[93.123683,24.384781],[93.123243,24.384028],[93.12265,24.38308],[93.122057,24.381184],[93.122204,24.380235],[93.122499,24.379287],[93.122832,24.378397],[93.123681,24.37648],[93.124043,24.375531],[93.123999,24.37459],[93.123449,24.373923],[93.122691,24.373614],[93.121606,24.373319],[93.12047,24.373151],[93.119535,24.373328],[93.118499,24.373058],[93.117464,24.372923],[93.116429,24.373195],[93.115393,24.373331],[93.114358,24.373332],[93.113323,24.373062],[93.112287,24.373063],[93.111252,24.372793],[93.11033,24.372417],[93.109309,24.372003],[93.108144,24.371169],[93.106959,24.369273],[93.105479,24.367378],[93.104443,24.366565],[93.103511,24.365816],[93.103182,24.365371],[93.102946,24.364938],[93.101926,24.363045],[93.101629,24.362097],[93.101628,24.361148],[93.101332,24.3602],[93.100592,24.359252],[93.100443,24.358304],[93.099554,24.356408],[93.099406,24.35546],[93.098072,24.352615],[93.097924,24.351667],[93.097479,24.350719],[93.096444,24.350042],[93.095556,24.349095],[93.095407,24.348146],[93.09363,24.344354],[93.093333,24.343406],[93.092593,24.342458],[93.092149,24.34151],[93.091557,24.340562],[93.090669,24.339614],[93.088598,24.338261],[93.087563,24.337719],[93.086661,24.336748],[93.086526,24.335823],[93.086378,24.334875],[93.086525,24.333926],[93.084157,24.330134],[93.08386,24.329186],[93.083268,24.328238],[93.082972,24.32729],[93.082528,24.326342],[93.081492,24.325394],[93.080853,24.324379],[93.080774,24.323981],[93.080258,24.323391],[93.080153,24.323272],[93.079433,24.322855],[93.078816,24.322541],[93.077869,24.322435],[93.077055,24.322416],[93.07602,24.321739],[93.074365,24.319696],[93.074156,24.319029],[93.074001,24.317904],[93.073601,24.31627],[93.072971,24.31427],[93.072762,24.313206],[93.072151,24.31246],[93.071499,24.311983],[93.070638,24.311705],[93.070072,24.311161],[93.069326,24.309877],[93.06862,24.309008],[93.067585,24.308195],[93.066698,24.307247],[93.066106,24.306299],[93.065071,24.305351],[93.063,24.303455],[93.061965,24.303049],[93.06093,24.302508],[93.060043,24.30156],[93.059746,24.299663],[93.05945,24.298715],[93.05945,24.297767],[93.058857,24.29587],[93.058957,24.295061],[93.058613,24.294339],[93.057941,24.2932],[93.057273,24.292],[93.0563,24.290982],[93.05422,24.289601],[93.053185,24.289121],[93.052615,24.288716],[93.052464,24.28806],[93.052503,24.28725],[93.052063,24.286233],[93.051553,24.285276],[93.051019,24.284493],[93.050804,24.28351],[93.05085,24.282622],[93.051042,24.281639],[93.051379,24.280856],[93.052051,24.280293],[93.052539,24.279819],[93.052679,24.279273],[93.05257,24.278727],[93.051016,24.277448],[93.048946,24.276094],[93.047911,24.275823],[93.046877,24.275146],[93.046137,24.274198],[93.04525,24.27325],[93.044216,24.272708],[93.042146,24.270812],[93.041111,24.27],[93.04052,24.269051],[93.03978,24.268103],[93.038746,24.267155],[93.037711,24.266478],[93.036824,24.26553],[93.035789,24.264717],[93.034902,24.263769],[93.033868,24.263092],[93.032833,24.26255],[93.031799,24.262144],[93.030764,24.261602],[93.028695,24.260248],[93.02766,24.2593],[93.026626,24.258623],[93.025591,24.257674],[93.024852,24.256726],[93.023817,24.255778],[93.022931,24.25483],[93.022339,24.253881],[93.022044,24.252933],[93.022191,24.251985],[93.022634,24.251036],[93.024407,24.249139],[93.02485,24.248191],[93.024693,24.247217],[93.024407,24.246294],[93.024554,24.245346],[93.025145,24.244397],[93.02544,24.243449],[93.02544,24.241552],[93.024553,24.239656],[93.023962,24.238707],[93.023223,24.237759],[93.022336,24.236811],[93.021745,24.235863],[93.020711,24.234914],[93.019677,24.234644],[93.018642,24.234779],[93.017608,24.235186],[93.016574,24.235728],[93.01554,24.236134],[93.014653,24.237083],[93.014063,24.238031],[93.012585,24.239928],[93.011551,24.240877],[93.010665,24.241825],[93.009603,24.242893],[93.009106,24.243708],[93.008892,24.244399],[93.008449,24.245348],[93.008153,24.246296],[93.007267,24.248193],[93.00638,24.251038],[93.006233,24.251986],[93.006233,24.252935],[93.006085,24.253883],[93.005789,24.254831],[93.005346,24.25578],[93.004525,24.255985],[93.004016,24.256593],[93.003425,24.257541],[93.00313,24.258489],[93.003277,24.259438],[93.003869,24.261334],[93.004312,24.262283],[93.004903,24.263231],[93.005642,24.264179],[93.006677,24.265128],[93.007711,24.265805],[93.008746,24.266347],[93.009632,24.267295],[93.011406,24.27014],[93.011849,24.271089],[93.01185,24.272037],[93.011111,24.272985],[93.010076,24.273392],[93.009042,24.273934],[93.008303,24.274882],[93.007712,24.275831],[93.007268,24.276779],[93.006973,24.277727],[93.006973,24.278676],[93.006677,24.279624],[93.006825,24.280572],[93.006677,24.281521],[93.006382,24.282469],[93.006678,24.283417],[93.007121,24.284366],[93.007417,24.285314],[93.007712,24.287211],[93.008304,24.288159],[93.009338,24.289107],[93.010373,24.289378],[93.010964,24.290327],[93.011999,24.290869],[93.012738,24.291817],[93.013773,24.29263],[93.014808,24.293578],[93.015843,24.294255],[93.01673,24.295203],[93.017764,24.295881],[93.018504,24.296829],[93.019391,24.297777],[93.020869,24.299674],[93.022644,24.302518],[93.023531,24.304415],[93.023827,24.305363],[93.024714,24.306312],[93.026488,24.309156],[93.026784,24.310105],[93.027524,24.311053],[93.028115,24.312001],[93.028559,24.312949],[93.02915,24.313898],[93.030629,24.315794],[93.030777,24.316742],[93.031221,24.317691],[93.031813,24.318639],[93.032109,24.319587],[93.033884,24.322432],[93.034327,24.32338],[93.034475,24.324328],[93.034919,24.325277],[93.034919,24.326225],[93.035068,24.327173],[93.03566,24.32907],[93.035808,24.330018],[93.035512,24.330967],[93.035808,24.331915],[93.036252,24.332863],[93.036844,24.333811],[93.038175,24.336656],[93.038915,24.337604],[93.03995,24.338552],[93.040246,24.3395],[93.040247,24.340449],[93.040395,24.341397],[93.040395,24.342345],[93.040248,24.343294],[93.039213,24.343972],[93.039074,24.344045],[93.038178,24.344514],[93.037492,24.34524],[93.036685,24.345781],[93.036108,24.346411],[93.035073,24.346682],[93.034038,24.346411],[93.033003,24.34587],[93.030932,24.344515],[93.029897,24.344651],[93.027827,24.345464],[93.026792,24.345735],[93.025757,24.346278],[93.023687,24.347091],[93.022652,24.347226],[93.020581,24.347769],[93.019546,24.347904],[93.018511,24.348311],[93.017476,24.349259],[93.017181,24.351156],[93.016885,24.352104],[93.016737,24.353053],[93.017329,24.354949],[93.017921,24.355898],[93.018217,24.356846],[93.018365,24.357794],[93.018069,24.358743],[93.017478,24.359691],[93.017182,24.360639],[93.017034,24.361588],[93.017034,24.363485],[93.017331,24.365381],[93.018218,24.367278],[93.020585,24.371071],[93.021177,24.372967],[93.021325,24.373916],[93.020734,24.374864],[93.020224,24.375196],[93.019699,24.376084],[93.019551,24.377032],[93.019255,24.37798],[93.01896,24.379877],[93.018664,24.380825],[93.018516,24.381774],[93.018516,24.382722],[93.018368,24.383671],[93.018517,24.384619],[93.020588,24.385702],[93.021623,24.385567],[93.022658,24.385838],[93.023102,24.386786],[93.024286,24.388682],[93.025322,24.38936],[93.02547,24.390308],[93.025322,24.391256],[93.024879,24.392205],[93.024583,24.393153],[93.023547,24.393424],[93.021477,24.394508],[93.020441,24.395457],[93.019554,24.396405],[93.018962,24.397354],[93.015973,24.401286],[93.014593,24.403101],[93.013341,24.404535],[93.012306,24.405754],[93.010975,24.406973],[93.009643,24.408057],[93.00846,24.409277],[93.008312,24.410496],[93.008164,24.411715],[93.008312,24.412935],[93.008904,24.414154],[93.009288,24.414465],[93.009496,24.415373],[93.010236,24.416592],[93.011567,24.41727],[93.012899,24.41754],[93.014231,24.417269],[93.014674,24.41605],[93.01497,24.414831],[93.015414,24.413611],[93.015414,24.412392],[93.015413,24.411173],[93.015265,24.409953],[93.016301,24.408734],[93.017632,24.408327],[93.018964,24.408598],[93.020295,24.408734],[93.021627,24.408327],[93.022958,24.407649],[93.02429,24.407243],[93.025621,24.407513],[93.026953,24.40792],[93.028285,24.408868],[93.029616,24.409409],[93.030948,24.409545],[93.032279,24.409815],[93.033611,24.40995],[93.034943,24.410221],[93.036274,24.410356],[93.037606,24.411033],[93.038938,24.411846],[93.04027,24.412658],[93.041454,24.413877],[93.042194,24.415096],[93.04249,24.416316],[93.042786,24.417535],[93.042787,24.418754],[93.043231,24.419973],[93.042492,24.421193],[93.04116,24.421871],[93.039829,24.421871],[93.038497,24.421871],[93.037758,24.423091],[93.036426,24.42431],[93.035095,24.42553],[93.033763,24.426614],[93.032876,24.427834],[93.03258,24.429053],[93.032581,24.430272],[93.032877,24.431491],[93.033025,24.432711],[93.033321,24.43393],[93.03347,24.435149],[93.033914,24.436368],[93.03421,24.437588],[93.034655,24.438807],[93.034951,24.440026],[93.035395,24.441245],[93.035692,24.442464],[93.035988,24.443684],[93.036136,24.444903],[93.036285,24.446122],[93.036285,24.447341],[93.036285,24.448561],[93.036286,24.44978],[93.036286,24.450999],[93.036138,24.452219],[93.035991,24.453438],[93.035843,24.454657],[93.035695,24.455877],[93.035548,24.457096],[93.0354,24.458315],[93.035252,24.459535],[93.035401,24.460754],[93.036437,24.461973],[93.037769,24.46265],[93.038651,24.462685],[93.040433,24.462243],[93.04212,24.461776],[93.043516,24.462183],[93.045084,24.463217],[93.045615,24.46468],[93.046059,24.465899],[93.046208,24.467118],[93.046208,24.468338],[93.046208,24.469557],[93.046061,24.470776],[93.045765,24.471995],[93.045618,24.473215],[93.045618,24.474434],[93.045471,24.475653],[93.045323,24.476873],[93.044879,24.478092],[93.044436,24.479312],[93.044312,24.479567],[93.043844,24.480531],[93.043104,24.481751],[93.042216,24.48297],[93.041477,24.48419],[93.040441,24.485409],[93.039553,24.486629],[93.038665,24.487848],[93.037629,24.489068],[93.036445,24.490287],[93.035113,24.491507],[93.033781,24.492726],[93.032449,24.493946],[93.031413,24.495166],[93.031709,24.496385],[93.032598,24.497604],[93.033931,24.498552],[93.035264,24.499635],[93.036596,24.500448],[93.037929,24.501125],[93.03889,24.501643],[93.040594,24.50275],[93.041717,24.503683],[93.04177,24.503802],[93.042054,24.504435],[93.042205,24.505227],[93.042252,24.505934],[93.042042,24.506641],[93.040744,24.507627],[93.039412,24.508305],[93.038079,24.508712],[93.036747,24.509389],[93.036599,24.510609],[93.037192,24.511828],[93.038525,24.512911],[93.039266,24.51413],[93.040302,24.515349],[93.041635,24.516568],[93.042968,24.51711],[93.044301,24.517651],[93.045634,24.518057],[93.046967,24.518328],[93.0483,24.518598],[93.049632,24.519004],[93.049929,24.520223],[93.049781,24.521443],[93.050078,24.522662],[93.049634,24.523881],[93.049191,24.525101],[93.048006,24.52632],[93.046674,24.52754],[93.04623,24.52876],[93.046675,24.529979],[93.046675,24.531198],[93.04712,24.532417],[93.047121,24.533636],[93.047269,24.534856],[93.047566,24.536075],[93.047862,24.537294],[93.048455,24.538513],[93.0489,24.539732],[93.049345,24.540951],[93.049642,24.54217],[93.049938,24.54339],[93.050087,24.544609],[93.050532,24.545828],[93.050976,24.547047],[93.051717,24.548266],[93.052903,24.549485],[93.053348,24.550704],[93.053941,24.551923],[93.054534,24.553142],[93.055571,24.554361],[93.056904,24.555173],[93.058237,24.555037],[93.05957,24.554631],[93.060755,24.553411],[93.060606,24.552192],[93.060605,24.550972],[93.060753,24.549753],[93.0609,24.548534],[93.061937,24.547314],[93.063269,24.546907],[93.064602,24.547042],[93.065344,24.548261],[93.065937,24.54948],[93.066259,24.550858],[93.066764,24.551802],[93.0672,24.552374],[93.067715,24.553052],[93.068483,24.554246],[93.069163,24.555526],[93.070364,24.55794],[93.070712,24.558915],[93.070803,24.559714],[93.070534,24.560451],[93.069646,24.561671],[93.069054,24.56289],[93.067722,24.56411],[93.066389,24.56533],[93.065057,24.566279],[93.063724,24.567092],[93.062391,24.568041],[93.061059,24.569261],[93.059874,24.570481],[93.058838,24.571701],[93.058098,24.57292],[93.057506,24.57414],[93.058247,24.575359],[93.059433,24.576577],[93.060766,24.577119],[93.062099,24.577118],[93.063433,24.577118],[93.064766,24.576711],[93.066099,24.576304],[93.067432,24.576168],[93.068765,24.575625],[93.070098,24.575489],[93.071432,24.575624],[93.072765,24.575623],[93.074098,24.575623],[93.075432,24.575622],[93.076765,24.575621],[93.078098,24.574943],[93.079282,24.573723],[93.080466,24.572503],[93.080978,24.57187],[93.081799,24.571419],[93.083132,24.570876],[93.084465,24.571417],[93.085799,24.571688],[93.08733,24.572058],[93.088448,24.572581],[93.089234,24.573891],[93.089827,24.57522],[93.090393,24.5765],[93.090987,24.57789],[93.091837,24.580121],[93.09235,24.58101],[93.09328,24.581513],[93.094695,24.581878],[93.096028,24.581842],[93.097441,24.581581],[93.098815,24.581444],[93.100068,24.581233],[93.101368,24.581087],[93.102694,24.58116],[93.103202,24.581335],[93.103629,24.581706],[93.104029,24.582243],[93.10422,24.582663],[93.104491,24.583449],[93.104544,24.583926],[93.104438,24.584387],[93.104327,24.584681],[93.104212,24.584816],[93.103291,24.585901],[93.102107,24.587121],[93.100774,24.588206],[93.100248,24.588821],[93.099442,24.589291],[93.098109,24.590104],[93.097194,24.590384],[93.096776,24.590512],[93.095443,24.591055],[93.094109,24.591462],[93.092776,24.592005],[93.091443,24.592276],[93.09011,24.592684],[93.088776,24.592684],[93.087443,24.592414],[93.086109,24.592008],[93.084775,24.591603],[93.083442,24.591197],[93.082108,24.590791],[93.080774,24.590521],[93.079441,24.590386],[93.078256,24.591606],[93.077072,24.592826],[93.075295,24.595266],[93.073962,24.596486],[93.07263,24.597705],[93.071889,24.598925],[93.070705,24.600145],[93.071002,24.601364],[93.071299,24.602583],[93.071744,24.603802],[93.073078,24.604614],[93.074116,24.605833],[93.075006,24.607052],[93.07634,24.608271],[93.077675,24.609218],[93.079009,24.610437],[93.080343,24.61152],[93.081677,24.612332],[93.083011,24.612738],[93.08405,24.613956],[93.084347,24.615175],[93.083013,24.615854],[93.08168,24.616938],[93.079258,24.618442],[93.076684,24.620939],[93.075997,24.62484],[93.078057,24.627493],[93.080288,24.628273],[93.084408,24.627961],[93.08664,24.627337],[93.087823,24.631672],[93.087984,24.633157],[93.088185,24.636387],[93.084237,24.645125],[93.083722,24.649338],[93.084822,24.651495],[93.089215,24.652302],[93.095051,24.652146],[93.095738,24.653394],[93.09694,24.663847],[93.100054,24.668678],[93.1031,24.671399],[93.104205,24.673816],[93.104388,24.675433],[93.103686,24.677921],[93.103211,24.679606],[93.102433,24.680382],[93.101088,24.680407],[93.098656,24.679758],[93.094365,24.678042],[93.092163,24.676994],[93.090811,24.676955],[93.089788,24.677481],[93.08935,24.678353],[93.08958,24.679283],[93.090874,24.680534],[93.091961,24.683657],[93.091512,24.687122],[93.086812,24.693327],[93.082711,24.698523],[93.082303,24.699512],[93.082117,24.700061],[93.081729,24.701204],[93.08068,24.702163],[93.078313,24.704321],[93.074669,24.705481],[93.073594,24.706895],[93.073229,24.707908],[93.07398,24.709937],[93.075337,24.711568],[93.07686,24.712686]]}},{"type":"Feature","properties":{"name":"Barak River","klass":"main"},"geometry":{"type":"LineString","coordinates":[[93.07686,24.712686],[93.079344,24.714525],[93.081515,24.717369],[93.082015,24.718507],[93.081828,24.720308],[93.080179,24.722621],[93.077516,24.724691],[93.07271,24.727186],[93.070599,24.72755],[93.069105,24.72703],[93.066383,24.725749],[93.065131,24.725161],[93.063628,24.725218],[93.057805,24.725749],[93.052282,24.727186],[93.046102,24.728901],[93.043968,24.730469],[93.042497,24.732799],[93.041783,24.734686],[93.041746,24.734901],[93.041687,24.73534],[93.041797,24.736971],[93.041805,24.737226],[93.041924,24.741252],[93.041914,24.746368],[93.040777,24.74856],[93.036657,24.753276],[93.034371,24.755867],[93.032977,24.761547],[93.031925,24.767519],[93.032368,24.772599]]}},{"type":"Feature","properties":{"name":"Barak River","klass":"main"},"geometry":{"type":"LineString","coordinates":[[93.032368,24.772599],[93.03289,24.778592],[93.03229,24.780826],[93.032164,24.781047],[93.031152,24.78282],[93.028866,24.785148],[93.02569,24.787018],[93.023394,24.787895]]}},{"type":"Feature","properties":{"name":"Barak River","klass":"main"},"geometry":{"type":"LineString","coordinates":[[93.023394,24.787895],[93.017606,24.789227],[93.009013,24.7901],[93.006464,24.790359],[93.003866,24.790539],[93.000263,24.790788],[92.990999,24.790474],[92.985098,24.789344],[92.977953,24.785954],[92.974519,24.786422],[92.972899,24.787084],[92.971086,24.787825],[92.965078,24.789383],[92.957353,24.790474],[92.955293,24.792032],[92.952204,24.796084],[92.947042,24.802672],[92.945125,24.804257],[92.941603,24.807026],[92.938894,24.808611],[92.936084,24.809549],[92.934803,24.809529]]}},{"type":"Feature","properties":{"name":"Barak River","klass":"main"},"geometry":{"type":"LineString","coordinates":[[92.934803,24.809529],[92.934004,24.809078],[92.933296,24.808279],[92.932642,24.807317],[92.93144,24.806039],[92.929643,24.804862],[92.926075,24.80337],[92.923193,24.802785],[92.918565,24.801578],[92.916269,24.800682],[92.913673,24.798929],[92.911162,24.796202],[92.909639,24.793144],[92.908158,24.788176],[92.907572,24.782526],[92.904038,24.777227],[92.90318,24.775182],[92.903752,24.772239],[92.905068,24.76996],[92.9074,24.768031],[92.910004,24.765732],[92.911184,24.763823],[92.912192,24.76053],[92.911799,24.756632],[92.910465,24.75237],[92.909129,24.751138]]}},{"type":"Feature","properties":{"name":"Barak River","klass":"main"},"geometry":{"type":"LineString","coordinates":[[92.909129,24.751138],[92.90863,24.750962],[92.90715,24.750826],[92.90421,24.750709],[92.901528,24.75143],[92.899253,24.752989],[92.896957,24.755133],[92.894919,24.757432],[92.892988,24.759536],[92.890305,24.761748],[92.886776,24.763852],[92.882377,24.765138],[92.880617,24.76545],[92.877774,24.766638],[92.875682,24.768499],[92.874373,24.770808],[92.872957,24.772581],[92.871895,24.772844],[92.870951,24.772698],[92.866895,24.769824],[92.861974,24.767173],[92.858202,24.765445],[92.853743,24.762276],[92.850996,24.759022],[92.846554,24.752806],[92.845696,24.75115],[92.844323,24.75037],[92.84251,24.749703],[92.84082,24.75046],[92.839297,24.751929],[92.838254,24.754284],[92.837961,24.757103],[92.837685,24.76042],[92.836773,24.763312],[92.835531,24.765452],[92.833892,24.767261],[92.831126,24.769992],[92.830613,24.773642],[92.83074,24.777103],[92.831722,24.780445],[92.833443,24.783151],[92.833568,24.784985],[92.833176,24.786941],[92.831664,24.78797],[92.82979,24.788394],[92.828271,24.788332],[92.82501,24.786662],[92.819314,24.784672],[92.815228,24.784886],[92.814217,24.785845],[92.813556,24.787905],[92.812871,24.791991],[92.813244,24.795613],[92.813546,24.796766],[92.814092,24.79885],[92.815377,24.802529],[92.817795,24.805652],[92.818775,24.806304],[92.819853,24.807022],[92.821997,24.807361],[92.823972,24.806369],[92.825878,24.80328],[92.826376,24.802473],[92.828264,24.798578],[92.829262,24.796071],[92.829976,24.795417],[92.830584,24.79486],[92.832242,24.794385],[92.833626,24.794724],[92.835808,24.796071],[92.838464,24.799139],[92.841718,24.803202],[92.843912,24.80705],[92.844577,24.809517],[92.845446,24.812742],[92.84683,24.819001],[92.847069,24.82018],[92.847829,24.823918],[92.848039,24.824953],[92.850869,24.826978],[92.853842,24.827715],[92.856892,24.827443],[92.860757,24.825903],[92.862141,24.826085],[92.862951,24.827556],[92.862425,24.829428],[92.861642,24.829972],[92.859506,24.831454],[92.853327,24.833479],[92.852432,24.833673],[92.848984,24.834419],[92.843199,24.835037],[92.842493,24.835047],[92.838589,24.8351],[92.835924,24.835137],[92.83223,24.834643],[92.830869,24.834143],[92.828849,24.833401],[92.825898,24.83168],[92.824427,24.829627],[92.823147,24.825459],[92.823012,24.82502],[92.820423,24.823112],[92.818658,24.822805],[92.81607,24.822563],[92.815772,24.822535],[92.81148,24.823178],[92.810974,24.823254],[92.806806,24.824443],[92.804955,24.826142],[92.804773,24.827474],[92.804807,24.827807],[92.805037,24.830108],[92.805376,24.831002],[92.805928,24.832458],[92.808517,24.835526],[92.814417,24.840094],[92.815733,24.841112],[92.816558,24.842848],[92.816712,24.844487],[92.816733,24.844712],[92.81633,24.845623],[92.815455,24.845909],[92.81359,24.845962],[92.813449,24.845988],[92.809855,24.846662],[92.806448,24.846207],[92.804191,24.845484],[92.802818,24.845044],[92.801249,24.843753],[92.800664,24.843013],[92.79985,24.841984],[92.797222,24.838543],[92.795741,24.836211],[92.794554,24.833502],[92.793896,24.833081],[92.79309,24.832785],[92.790575,24.832619],[92.787649,24.832744],[92.78743,24.832754],[92.785583,24.833352],[92.784346,24.834026],[92.783077,24.835268],[92.782747,24.836525],[92.783225,24.839608],[92.783215,24.844932],[92.783214,24.845352],[92.782884,24.84821],[92.78201,24.849602],[92.781647,24.849878],[92.780885,24.850459],[92.776074,24.851381],[92.768728,24.852672],[92.76804,24.853105],[92.767282,24.853582],[92.766909,24.855507],[92.767258,24.85883],[92.768717,24.86412],[92.769723,24.867127],[92.769145,24.868234],[92.76781,24.868459],[92.766227,24.867546],[92.763638,24.86385],[92.76062,24.860065],[92.758905,24.858928],[92.757553,24.859018],[92.756629,24.859945],[92.755673,24.862624],[92.753364,24.865825],[92.750923,24.867279],[92.746648,24.869824],[92.744138,24.871593],[92.743616,24.871961],[92.741727,24.874267],[92.736491,24.885434],[92.735052,24.887993],[92.732806,24.890972],[92.730601,24.896367],[92.73039,24.896892],[92.729978,24.901395],[92.730291,24.90645],[92.731298,24.912759],[92.730245,24.914774],[92.728494,24.915418],[92.728122,24.915555],[92.725096,24.916019]]}},{"type":"Feature","properties":{"name":"Barak River","klass":"main"},"geometry":{"type":"LineString","coordinates":[[92.725096,24.916019],[92.721307,24.915315],[92.71948,24.914118],[92.717843,24.913231],[92.715869,24.911351],[92.714002,24.907826],[92.710302,24.900866],[92.706309,24.896251],[92.703972,24.892661],[92.702884,24.889915],[92.70256,24.888394],[92.701578,24.883788],[92.701328,24.881551],[92.701821,24.878261],[92.702701,24.876003],[92.704139,24.874256],[92.705544,24.873462],[92.707532,24.873379],[92.709703,24.874045],[92.711799,24.875166],[92.71549,24.876003],[92.720425,24.875672],[92.724738,24.874698],[92.727656,24.873316],[92.729781,24.871545],[92.730381,24.870007],[92.729759,24.868157],[92.728665,24.867048],[92.726562,24.865218],[92.723708,24.863621],[92.721648,24.862083],[92.717571,24.860467],[92.714546,24.860331],[92.711864,24.861869],[92.708709,24.864225],[92.706993,24.866561],[92.704632,24.86843],[92.701714,24.869053],[92.697401,24.868235],[92.693338,24.866657],[92.688925,24.8644],[92.686093,24.861674],[92.682896,24.85743],[92.681737,24.853517],[92.68105,24.850362],[92.681844,24.848026],[92.685041,24.843489],[92.689784,24.841181],[92.69478,24.839693],[92.695741,24.839243],[92.697197,24.838183],[92.697801,24.836595],[92.697749,24.835979],[92.697497,24.834686],[92.696712,24.834277],[92.694508,24.833815],[92.691318,24.834785],[92.687755,24.836355]]}},{"type":"Feature","properties":{"name":"Barak River","klass":"main"},"geometry":{"type":"LineString","coordinates":[[92.687755,24.836355],[92.677902,24.843644],[92.672567,24.84563],[92.669649,24.846409],[92.666255,24.84601],[92.663412,24.844336],[92.660204,24.840996],[92.657289,24.836127],[92.652311,24.830831],[92.64493,24.826001],[92.64249,24.825495],[92.63875,24.827092],[92.6379,24.828238],[92.637956,24.832757],[92.63951,24.838887],[92.640644,24.841707],[92.640732,24.844685],[92.639841,24.847884],[92.638655,24.849912],[92.635548,24.853618],[92.63472,24.856204],[92.632232,24.857415],[92.628913,24.858525],[92.623564,24.858575],[92.62307,24.858556],[92.622307,24.858563],[92.619207,24.858592],[92.616814,24.859985],[92.614373,24.862025],[92.61292,24.863184],[92.612083,24.86389],[92.61067,24.865385],[92.608071,24.866997],[92.606126,24.867879],[92.60299,24.868671],[92.601486,24.868863],[92.600026,24.869526],[92.598956,24.870461],[92.598739,24.872693],[92.599538,24.875066],[92.599613,24.877078],[92.600027,24.878399],[92.600049,24.879895],[92.598753,24.881141],[92.597551,24.881141],[92.595319,24.880354],[92.593172,24.87847],[92.5901,24.877219],[92.586151,24.87625],[92.576609,24.874756],[92.569055,24.8746],[92.567813,24.874832],[92.563219,24.87569],[92.556696,24.878494],[92.554319,24.877903],[92.550773,24.875901],[92.549486,24.874912],[92.546053,24.872887],[92.54159,24.868371],[92.535054,24.865126],[92.532416,24.86402],[92.527513,24.86292],[92.525606,24.863084],[92.52437,24.863241],[92.523313,24.863965],[92.522575,24.864906],[92.52202,24.86619],[92.52202,24.87133],[92.52172,24.874415],[92.519612,24.879569],[92.518126,24.881146],[92.517173,24.881478],[92.516152,24.881321],[92.510004,24.879272],[92.489126,24.875912]]}},{"type":"Feature","properties":{"name":"Gowain","klass":"feeder"},"geometry":{"type":"LineString","coordinates":[[91.919737,25.018175],[91.91849,25.017958],[91.918294,25.017888],[91.917361,25.017178],[91.91631,25.015973],[91.915666,25.014961],[91.915365,25.013945],[91.915231,25.012254],[91.915199,25.010951],[91.915462,25.009497],[91.915564,25.00833],[91.915548,25.007903],[91.915371,25.00747],[91.915281,25.007364],[91.914901,25.006914],[91.914303,25.006595],[91.913987,25.006506],[91.913413,25.006342],[91.912388,25.006289],[91.911546,25.006318],[91.910602,25.007071],[91.909411,25.008554],[91.908483,25.009551],[91.907839,25.009915],[91.907389,25.010139],[91.906624,25.010122],[91.905672,25.009911],[91.905459,25.009718],[91.904808,25.00905],[91.903338,25.007455],[91.902555,25.006473],[91.902019,25.005243],[91.901745,25.004091],[91.901488,25.003192],[91.901075,25.002326],[91.900431,25.001904],[91.899476,25.001753],[91.898258,25.001548],[91.89762,25.001364],[91.897201,25.001137],[91.896461,25.000586],[91.895973,24.999541],[91.895365,24.997926],[91.894604,24.996327],[91.894027,24.995097],[91.893519,24.994258],[91.89295,24.993666],[91.892066,24.993445],[91.890985,24.993529],[91.890113,24.993591],[91.889369,24.993591],[91.888742,24.993434],[91.888178,24.993185],[91.886767,24.992346],[91.886104,24.991977],[91.885841,24.99183],[91.884051,24.991033],[91.882124,24.990455],[91.880432,24.989396],[91.879986,24.989179],[91.879052,24.988723],[91.877959,24.988282],[91.876973,24.9882],[91.876252,24.98831],[91.874879,24.988571],[91.873529,24.988791],[91.872717,24.988819],[91.871905,24.988647],[91.871002,24.988447],[91.870153,24.988124],[91.869007,24.987774],[91.868395,24.987575],[91.867633,24.987565],[91.867148,24.987712],[91.866506,24.988168],[91.865616,24.989211],[91.864751,24.989995],[91.864167,24.990187],[91.863469,24.990318],[91.862521,24.990153],[91.860692,24.989279],[91.858667,24.988351],[91.857172,24.987904],[91.856421,24.987842],[91.855678,24.987918],[91.855352,24.988269],[91.855154,24.989066],[91.855329,24.990565],[91.855139,24.991446],[91.854745,24.992113],[91.853774,24.992525],[91.853372,24.992546],[91.852848,24.992449],[91.852181,24.992126],[91.851642,24.991762],[91.851497,24.991611],[91.851012,24.991108],[91.850703,24.99075]]}},{"type":"Feature","properties":{"name":"Gowain","klass":"feeder"},"geometry":{"type":"LineString","coordinates":[[92.028506,25.121915],[92.027208,25.120774],[92.026447,25.120458],[92.025663,25.120385],[92.024837,25.120424],[92.022802,25.120822],[92.021994,25.120812],[92.021034,25.120711],[92.019966,25.120332],[92.019328,25.119924],[92.01802,25.118486],[92.017776,25.11802],[92.0173,25.117748],[92.016675,25.117663],[92.014851,25.117663],[92.013306,25.117589],[92.012263,25.117311],[92.011678,25.117068],[92.010981,25.116747],[92.010514,25.1163],[92.010246,25.115921],[92.010015,25.115426],[92.009999,25.11494],[92.01008,25.114678],[92.010214,25.114362],[92.010342,25.114178],[92.0106,25.113959],[92.01119,25.113711],[92.011651,25.113619],[92.01317,25.113439],[92.014489,25.113133],[92.016227,25.112711],[92.017762,25.11173],[92.018357,25.111113],[92.01877,25.110365],[92.019145,25.109539],[92.019398,25.10881],[92.019408,25.108402],[92.019392,25.108062],[92.019392,25.107761],[92.019199,25.107387],[92.01877,25.10711],[92.01825,25.106984],[92.017949,25.106925],[92.017584,25.106935],[92.017118,25.10695],[92.016254,25.107095],[92.015777,25.107202],[92.015337,25.107295],[92.015068,25.107397],[92.014586,25.107504],[92.01384,25.107649],[92.012617,25.107814],[92.011936,25.108297],[92.011534,25.108703],[92.011263,25.109152],[92.011179,25.10985],[92.011034,25.110574],[92.010922,25.11105],[92.010572,25.111376],[92.010257,25.111525],[92.009404,25.111467],[92.008975,25.111308],[92.008526,25.110987],[92.008003,25.110463],[92.007717,25.110098],[92.007471,25.109568],[92.007284,25.109008],[92.007255,25.108491],[92.007456,25.107844],[92.007655,25.107392],[92.008331,25.106833],[92.008873,25.10625],[92.009135,25.105925],[92.00942,25.105493],[92.009816,25.104577],[92.009865,25.103944],[92.009865,25.10334],[92.009792,25.102943],[92.00967,25.102531],[92.009263,25.102023],[92.008711,25.101713],[92.00793,25.101345],[92.007237,25.101187],[92.006337,25.101132],[92.003791,25.101388],[92.00253,25.101667],[92.001531,25.101743],[92.00055,25.101709],[91.99952,25.10141],[91.996486,25.100183],[91.993393,25.098544],[91.992409,25.098094],[91.991044,25.097145],[91.990076,25.09619],[91.989469,25.09516],[91.989003,25.094096],[91.988611,25.093392],[91.988118,25.092468],[91.987871,25.092031],[91.987726,25.09191],[91.987423,25.091835],[91.986355,25.092015],[91.98506,25.092031],[91.984054,25.09186],[91.983515,25.091686],[91.982646,25.091307],[91.981525,25.09035],[91.981332,25.089976],[91.981224,25.089627]]}},{"type":"Feature","properties":{"name":"River Khowai","klass":"feeder"},"geometry":{"type":"LineString","coordinates":[[91.712604,23.826626],[91.712317,23.826615],[91.712068,23.826546],[91.711813,23.826392],[91.711651,23.82617],[91.711526,23.825919],[91.711507,23.825606],[91.711457,23.825372],[91.711289,23.824956],[91.710791,23.823742],[91.710616,23.823434],[91.710361,23.823052],[91.71023,23.822841],[91.710006,23.82267],[91.709725,23.822539],[91.709464,23.82255],[91.709183,23.822682],[91.708784,23.822972],[91.708093,23.823708],[91.708024,23.824112],[91.708429,23.825286],[91.709102,23.826546],[91.709538,23.827241],[91.709707,23.827601],[91.709862,23.82796],[91.709987,23.828376],[91.709956,23.828877],[91.709912,23.829191],[91.709819,23.82955],[91.709626,23.829977],[91.70937,23.830257],[91.70828,23.831881],[91.707831,23.832827],[91.707158,23.833904],[91.706361,23.835312],[91.705551,23.836395],[91.704647,23.838362],[91.703432,23.839935],[91.703226,23.840077],[91.702946,23.840208],[91.702628,23.840237],[91.702335,23.840145],[91.70193,23.839701],[91.701669,23.839319],[91.700902,23.838179],[91.70069,23.837581],[91.700522,23.837176],[91.700429,23.836646],[91.700491,23.835592],[91.700522,23.835221],[91.700516,23.834913],[91.700447,23.834554],[91.700092,23.833865],[91.700005,23.83383],[91.699793,23.833876],[91.699519,23.834132],[91.699438,23.834338],[91.699288,23.834742],[91.699189,23.835392],[91.699108,23.836042],[91.698921,23.836521],[91.698584,23.836874],[91.698192,23.837039],[91.697905,23.837091],[91.6975,23.836965],[91.696653,23.836367],[91.695475,23.83574],[91.694846,23.835711],[91.693867,23.835632],[91.693313,23.835637],[91.692571,23.835557],[91.691637,23.835586],[91.689649,23.835717],[91.689281,23.835728],[91.687954,23.835597],[91.685686,23.835398],[91.684054,23.835238],[91.681655,23.834788],[91.680714,23.83464],[91.679492,23.834526],[91.6789,23.834469],[91.677941,23.834292],[91.676551,23.83395],[91.675667,23.833597],[91.674015,23.833067],[91.672707,23.832753],[91.669485,23.831807],[91.667903,23.831351],[91.66632,23.831135],[91.664893,23.831157],[91.664339,23.831249],[91.663797,23.831613],[91.662912,23.832542],[91.662083,23.833967],[91.661641,23.834754],[91.661204,23.835489],[91.660625,23.836184],[91.660388,23.836378],[91.660127,23.836572],[91.659584,23.836851],[91.659111,23.837045],[91.658488,23.837148],[91.658052,23.837096],[91.657703,23.836982],[91.657391,23.836834],[91.657142,23.836549],[91.656718,23.835842],[91.656151,23.834543],[91.656008,23.834229],[91.655827,23.834001],[91.655634,23.833705],[91.654998,23.833574],[91.654014,23.833979],[91.65336,23.834224],[91.652587,23.835175],[91.652082,23.836258],[91.651864,23.836789],[91.651708,23.83778],[91.651441,23.838966],[91.651341,23.840071],[91.651166,23.841126],[91.650687,23.842243],[91.650649,23.842374],[91.650487,23.842551],[91.65035,23.842676],[91.649901,23.842801],[91.649552,23.842841],[91.649104,23.842853],[91.648662,23.842448],[91.648393,23.842135],[91.648231,23.841941],[91.647453,23.841485],[91.646892,23.841285],[91.646306,23.841251],[91.645023,23.84124],[91.64367,23.84124],[91.642356,23.841109],[91.640542,23.84067],[91.640025,23.84047],[91.639589,23.840271],[91.639172,23.840111],[91.638798,23.840026],[91.63833,23.839917],[91.637838,23.840328],[91.637552,23.840675],[91.637433,23.841405],[91.63767,23.842363],[91.638268,23.843536],[91.63901,23.845218],[91.639527,23.846118],[91.639558,23.846323],[91.639577,23.846922],[91.639465,23.847298],[91.639116,23.847754],[91.638548,23.84825],[91.637975,23.848455],[91.637533,23.848609],[91.637053,23.848654],[91.63681,23.848626],[91.636312,23.848529],[91.635558,23.848067],[91.633539,23.846651],[91.631707,23.845389],[91.630722,23.84483],[91.630411,23.844625],[91.629526,23.843907],[91.629254,23.843681],[91.62888,23.843397],[91.627819,23.842801],[91.627364,23.84263],[91.627046,23.842562],[91.626629,23.842533],[91.626255,23.842761],[91.626118,23.842995],[91.625993,23.843582],[91.625844,23.844323],[91.625812,23.845343],[91.625681,23.8465],[91.625632,23.84699],[91.625463,23.848016],[91.625364,23.8485],[91.625401,23.848734],[91.625625,23.849258],[91.62575,23.849577],[91.625856,23.850022],[91.625962,23.85025],[91.626099,23.850638],[91.626305,23.85131],[91.626554,23.851715],[91.626809,23.852233],[91.627196,23.853151],[91.627283,23.853544],[91.627389,23.853903],[91.6279,23.854604],[91.628149,23.855755],[91.628492,23.856912],[91.628741,23.858365],[91.629246,23.860115],[91.629638,23.862046],[91.630355,23.863647],[91.630822,23.865254],[91.631078,23.866195],[91.631096,23.866525],[91.63109,23.866884],[91.631003,23.867306],[91.630598,23.867887],[91.630218,23.868884],[91.6297,23.869688],[91.629289,23.870537],[91.628766,23.871357],[91.628541,23.871824],[91.628361,23.872178],[91.628298,23.872388],[91.628305,23.872622],[91.62851,23.872998],[91.628972,23.873403],[91.629576,23.873625],[91.630236,23.873773],[91.630922,23.873836],[91.631289,23.873932],[91.632143,23.874126],[91.633177,23.8744],[91.633788,23.874559],[91.634255,23.874969],[91.634449,23.875368],[91.63448,23.875648],[91.634442,23.875921],[91.634324,23.87644],[91.633838,23.877277],[91.632997,23.877932],[91.632349,23.87832],[91.631295,23.878812],[91.629588,23.879393],[91.628753,23.879872],[91.627993,23.880385],[91.627282,23.88116],[91.626672,23.881684],[91.626547,23.882094],[91.626547,23.882459],[91.626522,23.882823],[91.626559,23.883165],[91.626846,23.883473],[91.627893,23.8841],[91.628852,23.884293],[91.6298,23.884567],[91.630884,23.88492],[91.632429,23.885615],[91.633264,23.886173],[91.634797,23.887438],[91.635457,23.888042],[91.635869,23.888441],[91.636255,23.888897],[91.636704,23.889877],[91.636853,23.890663],[91.636866,23.891096],[91.636791,23.891631],[91.636691,23.892007],[91.635919,23.8926],[91.63476,23.893329],[91.633775,23.893739],[91.633451,23.893819],[91.632753,23.893876],[91.632317,23.894047],[91.631632,23.894468],[91.630286,23.89595],[91.62975,23.896759],[91.629301,23.898103],[91.629152,23.899345],[91.629114,23.899812],[91.629276,23.900667],[91.629563,23.901669],[91.630186,23.90274],[91.630597,23.903492],[91.631993,23.904711],[91.633252,23.905178],[91.634809,23.905611],[91.635308,23.905771],[91.635707,23.90593],[91.636081,23.906249],[91.636305,23.90642],[91.636417,23.906682],[91.636442,23.907001],[91.63638,23.907354],[91.636218,23.907742],[91.636006,23.908072],[91.635744,23.908357],[91.635482,23.908642],[91.634946,23.909109],[91.63446,23.909348],[91.633862,23.909439],[91.63213,23.909211],[91.631569,23.909211],[91.631033,23.909097],[91.630373,23.908961],[91.629712,23.908767],[91.629264,23.90863],[91.628217,23.908619],[91.626609,23.908824],[91.626086,23.908938],[91.625812,23.909257],[91.6257,23.909542],[91.625712,23.909838],[91.625899,23.910225],[91.626746,23.911501],[91.626921,23.911775],[91.627357,23.912378],[91.627482,23.913005],[91.627606,23.913381],[91.627681,23.913837],[91.627606,23.914794],[91.627482,23.915272],[91.627158,23.915853],[91.626958,23.916195],[91.62646,23.916377],[91.625974,23.916423],[91.625488,23.91632],[91.624478,23.91591],[91.622597,23.915067],[91.621413,23.914645],[91.619992,23.914008],[91.619531,23.913814],[91.619033,23.913666],[91.618521,23.9137],[91.61806,23.913711],[91.6175,23.91378],[91.617064,23.914087],[91.616852,23.914486],[91.616739,23.915147],[91.617026,23.916696],[91.61725,23.917881],[91.617163,23.918838],[91.617101,23.920467],[91.617512,23.922426],[91.618422,23.924488],[91.620079,23.926949],[91.620378,23.927586],[91.62079,23.928577],[91.620939,23.929192],[91.620852,23.930183],[91.620565,23.930799],[91.619942,23.931596],[91.618958,23.932621],[91.618173,23.93335],[91.615144,23.934489],[91.614459,23.934854],[91.613923,23.935275],[91.613287,23.935788],[91.612627,23.93646],[91.611954,23.937633],[91.61158,23.93892],[91.611256,23.940833],[91.611543,23.941995],[91.611493,23.94302],[91.611468,23.943874],[91.610658,23.946227],[91.610308,23.946883],[91.610284,23.947402],[91.610381,23.947705],[91.610556,23.948014],[91.611358,23.948334],[91.611841,23.948345],[91.612679,23.948328],[91.613084,23.948273],[91.613639,23.948146],[91.614484,23.947964],[91.615479,23.947639],[91.616264,23.947446],[91.616674,23.94738],[91.617163,23.947556],[91.617289,23.947716],[91.617482,23.948091],[91.617561,23.948422],[91.617555,23.94867],[91.617488,23.948962],[91.617078,23.949492],[91.616583,23.950054],[91.615769,23.950655],[91.615051,23.951289],[91.614435,23.951863],[91.613802,23.952447],[91.613023,23.952916],[91.611931,23.953385],[91.610109,23.954184],[91.609651,23.954763],[91.609445,23.955243],[91.609397,23.955563],[91.609608,23.955883],[91.609922,23.956087],[91.610254,23.95618],[91.610676,23.956246],[91.611322,23.956373],[91.611937,23.956495],[91.612951,23.956434],[91.613416,23.956368],[91.614532,23.956015],[91.615515,23.95564],[91.616915,23.955116],[91.617657,23.954868],[91.618502,23.954664],[91.619564,23.954603],[91.620385,23.954802],[91.620747,23.95489],[91.621175,23.955],[91.621773,23.955144],[91.621978,23.955359],[91.622159,23.955701],[91.622231,23.955982],[91.622255,23.956219],[91.622255,23.956787],[91.622177,23.957024],[91.621386,23.957664],[91.620674,23.958094],[91.619757,23.958458],[91.619449,23.958634],[91.619015,23.958987],[91.61738,23.960327],[91.616777,23.960829],[91.6163,23.961375],[91.61557,23.962384],[91.615395,23.962957],[91.615178,23.963696],[91.615202,23.964043],[91.615292,23.964374],[91.615353,23.964606],[91.615612,23.964837],[91.616143,23.965173],[91.616795,23.965631],[91.617482,23.966034],[91.618279,23.966464],[91.618689,23.966679],[91.619371,23.96707],[91.620282,23.967495],[91.620608,23.967671],[91.620819,23.967886],[91.621253,23.968316],[91.622219,23.96879],[91.622913,23.969138],[91.623981,23.969628],[91.624536,23.969866],[91.624777,23.970158],[91.624952,23.97045],[91.624994,23.970692],[91.624989,23.971084],[91.624856,23.971525],[91.62462,23.971867],[91.624246,23.972269],[91.623963,23.972528],[91.623595,23.972661],[91.623076,23.972793],[91.622557,23.97287],[91.621646,23.972942],[91.620276,23.972959],[91.618719,23.973069],[91.618327,23.973185],[91.618007,23.973311],[91.617832,23.973499],[91.617525,23.974023],[91.617271,23.974827],[91.617163,23.975346],[91.617169,23.976366],[91.61712,23.977259],[91.617066,23.977408],[91.617151,23.977876],[91.617223,23.978174],[91.617283,23.978532],[91.617368,23.978918],[91.617543,23.979503],[91.618116,23.980302],[91.618484,23.980787],[91.618894,23.981112],[91.619534,23.981592],[91.621374,23.982347],[91.621748,23.982557],[91.622135,23.982728],[91.622496,23.982822],[91.62281,23.982854],[91.623293,23.98291],[91.623613,23.982893],[91.623999,23.982921],[91.624608,23.982833],[91.625013,23.982783],[91.625839,23.982415],[91.626061,23.982308],[91.62647,23.982201],[91.626856,23.982191],[91.627195,23.982116],[91.627662,23.982265],[91.627779,23.982522],[91.627908,23.983077],[91.627884,23.983824],[91.627662,23.984999],[91.627066,23.986387],[91.626143,23.98818],[91.625489,23.990198],[91.625185,23.990775],[91.624787,23.991522],[91.623537,23.993006],[91.622708,23.993903],[91.622018,23.994405],[91.620662,23.995376],[91.618933,23.996017],[91.61829,23.996326],[91.617694,23.996775],[91.617168,23.997287],[91.616806,23.997714],[91.616526,23.998248],[91.61635,23.999219],[91.616409,23.999465],[91.616596,23.999871],[91.617718,24.001023],[91.618314,24.001483],[91.618886,24.001728],[91.619658,24.00191],[91.621457,24.002176],[91.622941,24.002326],[91.623688,24.002674],[91.624109,24.003122],[91.624144,24.003485],[91.624016,24.004222],[91.623723,24.005535],[91.622824,24.006357],[91.622239,24.006827],[91.620861,24.007606],[91.618021,24.009036],[91.616689,24.0102],[91.616478,24.010552],[91.61628,24.011054],[91.616712,24.013039],[91.617203,24.014459],[91.618196,24.015889],[91.6194,24.017715],[91.621246,24.019273],[91.62238,24.020682],[91.623747,24.022208],[91.624062,24.022603],[91.624133,24.023628],[91.624133,24.024781],[91.623525,24.026542],[91.623233,24.027097],[91.622987,24.027844],[91.622625,24.02873],[91.62051,24.030597],[91.619692,24.031024],[91.618944,24.031323],[91.618161,24.031547],[91.617518,24.031718],[91.616922,24.031793],[91.615321,24.031868],[91.61323,24.031665],[91.612692,24.031515],[91.612248,24.031302],[91.61164,24.030726],[91.610986,24.03032],[91.610273,24.030096],[91.609876,24.029989],[91.609198,24.030128],[91.608544,24.030768],[91.608263,24.031505],[91.607714,24.032113],[91.607363,24.032732],[91.607048,24.033255],[91.606721,24.033789],[91.606335,24.034717],[91.605225,24.036724],[91.604594,24.037641],[91.604232,24.03825],[91.603869,24.038741],[91.603577,24.039264],[91.603051,24.039701],[91.602537,24.039947],[91.601965,24.039947],[91.601579,24.039915],[91.601264,24.039605],[91.601041,24.0392],[91.600925,24.038783],[91.600854,24.037791],[91.600784,24.037183],[91.600282,24.036468],[91.599908,24.036339],[91.599721,24.036275],[91.599499,24.036222],[91.599172,24.036307],[91.59888,24.036649],[91.597909,24.03808],[91.597167,24.039207],[91.596372,24.040253],[91.594923,24.042899],[91.593474,24.045824],[91.592913,24.047061],[91.592422,24.047936],[91.591978,24.048833],[91.590576,24.049708],[91.589337,24.050711],[91.589127,24.050924],[91.58901,24.051949],[91.588987,24.052354],[91.589033,24.052845],[91.58915,24.053763],[91.589454,24.055001],[91.590436,24.056601],[91.590903,24.056794],[91.591604,24.057028],[91.592142,24.057199],[91.59268,24.057306],[91.594456,24.057071],[91.594923,24.057092],[91.595507,24.057199],[91.596068,24.057306],[91.596606,24.057583],[91.59719,24.058053],[91.598452,24.059034],[91.598522,24.059739],[91.598686,24.060827],[91.598639,24.061318],[91.598546,24.061958],[91.598382,24.062556],[91.598055,24.063132],[91.597634,24.063559],[91.596933,24.063836],[91.595975,24.064049],[91.594409,24.063985],[91.594006,24.063807],[91.593499,24.063679],[91.593077,24.063687],[91.592282,24.063729],[91.591651,24.063879],[91.590693,24.06437],[91.589085,24.065431],[91.588311,24.066154],[91.587814,24.066527],[91.587751,24.06718],[91.58845,24.068388],[91.588724,24.068791],[91.589228,24.069386],[91.589704,24.069933],[91.590816,24.070342],[91.591606,24.070927],[91.592291,24.071361],[91.593568,24.071728],[91.594457,24.071953],[91.594907,24.072014],[91.595373,24.072061],[91.59587,24.072252],[91.596413,24.072346],[91.597203,24.072407],[91.598135,24.072562],[91.598455,24.072668],[91.599092,24.073367],[91.598674,24.073955],[91.596977,24.075195],[91.595206,24.075966],[91.59413,24.076311],[91.593137,24.076512],[91.592774,24.076675],[91.592336,24.076994],[91.59178,24.077672],[91.591743,24.078579],[91.591849,24.079946],[91.592236,24.080978],[91.593813,24.083048],[91.594511,24.083285],[91.595967,24.083501],[91.597617,24.083902],[91.598515,24.084186],[91.599199,24.084774],[91.599366,24.085146],[91.599639,24.086109],[91.599505,24.086748],[91.598957,24.087326],[91.598398,24.087718],[91.596902,24.088066],[91.595426,24.088165],[91.593377,24.088596],[91.592239,24.089439],[91.591252,24.090712],[91.590811,24.091827],[91.590927,24.093079],[91.591348,24.094497],[91.592033,24.095557],[91.596136,24.098929],[91.596859,24.099796],[91.596939,24.100388],[91.594213,24.105344],[91.598677,24.10981],[91.599192,24.112943],[91.591124,24.116703],[91.585802,24.11827],[91.585716,24.121482],[91.589836,24.122892],[91.588978,24.126261],[91.584515,24.127201],[91.579708,24.124772],[91.574723,24.128354],[91.578365,24.134336],[91.581521,24.136773],[91.575452,24.134779],[91.570839,24.131013],[91.569625,24.127025],[91.565984,24.125474],[91.560643,24.134779],[91.553846,24.144084],[91.551175,24.148293],[91.552875,24.154938],[91.550447,24.161583],[91.549718,24.166677],[91.551175,24.170886],[91.544863,24.173544],[91.542678,24.176201],[91.541707,24.178416],[91.537095,24.180631],[91.53653,24.18121],[91.535905,24.182315],[91.535597,24.183395],[91.535142,24.184474],[91.534539,24.185552],[91.533788,24.186629],[91.533185,24.187706],[91.533025,24.188789],[91.533603,24.189878],[91.534464,24.192053],[91.5346,24.193138],[91.534292,24.194219],[91.533394,24.195294],[91.532348,24.196367],[91.531449,24.197442],[91.529197,24.200671],[91.528299,24.201746],[91.527253,24.20282],[91.525751,24.204972],[91.525148,24.20605],[91.524693,24.207129],[91.524385,24.20821],[91.524225,24.209292],[91.524187,24.212543],[91.524323,24.213627],[91.523572,24.214704],[91.522383,24.215369],[91.521196,24.215764],[91.520009,24.216295],[91.518823,24.216689],[91.517632,24.217491],[91.517915,24.218577],[91.519087,24.219401],[91.520262,24.219954],[91.52144,24.220237],[91.5238,24.22053],[91.524978,24.220813],[91.526149,24.221772],[91.525693,24.222851],[91.524487,24.225007],[91.524031,24.226086],[91.523723,24.227167],[91.523859,24.228252],[91.525035,24.228669],[91.527408,24.22788],[91.528596,24.227349],[91.529779,24.227225],[91.530951,24.228049],[91.531677,24.22914],[91.532107,24.230228],[91.531504,24.231305],[91.530606,24.23238],[91.529559,24.233454],[91.528365,24.234526],[91.527173,24.235463],[91.524797,24.236523],[91.523611,24.236918],[91.522423,24.237448],[91.521377,24.238522],[91.521069,24.239602],[91.520748,24.241766],[91.520588,24.242848],[91.520576,24.243932],[91.520415,24.245014],[91.51996,24.246093],[91.519652,24.247174],[91.519048,24.248251],[91.51874,24.249332],[91.518875,24.250417],[91.519454,24.251506],[91.520328,24.252598],[91.52061,24.253685],[91.52045,24.254767],[91.520142,24.255847],[91.519686,24.256926],[91.519083,24.258004],[91.518036,24.259078],[91.516842,24.260149],[91.514463,24.261481],[91.513278,24.26174],[91.512091,24.262135],[91.510908,24.262259],[91.509726,24.262247],[91.508543,24.262371],[91.506179,24.262348],[91.504994,24.262607],[91.503804,24.263273],[91.502757,24.264346],[91.502302,24.265425],[91.501094,24.26758],[91.498705,24.269724],[91.497514,24.270525],[91.495137,24.271585],[91.493955,24.271573],[91.49278,24.27102],[91.491758,24.269926],[91.490011,24.267741],[91.488836,24.267188],[91.487649,24.267583],[91.486458,24.268383],[91.485271,24.268778],[91.484086,24.269037],[91.482899,24.269431],[91.481714,24.269691],[91.480527,24.270085],[91.479339,24.270615],[91.478152,24.271009],[91.475776,24.272069],[91.474589,24.272464],[91.473396,24.2734],[91.472863,24.273881],[91.47262,24.274545],[91.472568,24.275196],[91.473061,24.276647],[91.47314,24.277183],[91.473048,24.277731],[91.472592,24.27881],[91.47184,24.279886],[91.471236,24.280963],[91.47078,24.282042],[91.471654,24.283134],[91.472826,24.283959],[91.475177,24.285066],[91.475607,24.286154],[91.475595,24.287237],[91.475434,24.288319],[91.475125,24.2894],[91.474669,24.290479],[91.473476,24.291415],[91.472292,24.291539],[91.471105,24.291933],[91.469917,24.292463],[91.468733,24.292586],[91.467588,24.291923],[91.464104,24.290624],[91.462845,24.290631],[91.462251,24.290827],[91.461657,24.29116],[91.461171,24.292189],[91.460938,24.293138],[91.46088,24.294321],[91.461591,24.295535],[91.461887,24.296581],[91.46154,24.297775],[91.460048,24.30198],[91.459592,24.303059],[91.458975,24.30522],[91.458371,24.306297],[91.456867,24.308449],[91.456853,24.309532],[91.457727,24.310625],[91.458305,24.311714],[91.458735,24.312802],[91.45887,24.313887],[91.458561,24.314968],[91.457809,24.316043],[91.456616,24.316979],[91.454241,24.317768],[91.453052,24.318298],[91.451857,24.319369],[91.451105,24.320445],[91.449292,24.323677],[91.448956,24.324108],[91.448937,24.324834],[91.449286,24.325397],[91.449759,24.325899],[91.450096,24.326543],[91.450167,24.327157],[91.449913,24.327468],[91.449091,24.328009],[91.447895,24.329081],[91.447587,24.330161],[91.448312,24.331252],[91.448743,24.33234],[91.448877,24.333425],[91.448568,24.334505],[91.447964,24.335583],[91.446916,24.336656],[91.445727,24.337185],[91.444553,24.336496],[91.443372,24.336348],[91.442176,24.33742],[91.441867,24.3385],[91.440967,24.339574],[91.439919,24.340647],[91.436347,24.342642],[91.435742,24.343719],[91.435286,24.344798],[91.435124,24.34588],[91.435111,24.346963],[91.434802,24.348044],[91.433616,24.348303],[91.432432,24.348426],[91.431246,24.348684],[91.430346,24.349759],[91.429889,24.350837],[91.42868,24.352992],[91.427779,24.354066],[91.427175,24.355143],[91.425979,24.356215],[91.424784,24.35715],[91.424179,24.358228],[91.424166,24.359311],[91.424435,24.361481],[91.424421,24.362564],[91.423803,24.364725],[91.423989,24.365799],[91.424196,24.366394],[91.424811,24.366903],[91.427167,24.36774],[91.428383,24.368267],[91.428777,24.368755],[91.429067,24.36952],[91.429244,24.372031],[91.42917,24.373835],[91.428796,24.376085],[91.428466,24.377117],[91.427468,24.379256],[91.426863,24.380333],[91.425358,24.382484],[91.423556,24.384633],[91.422804,24.385708],[91.421432,24.388945],[91.420828,24.390022],[91.420075,24.391098],[91.419028,24.391919],[91.418357,24.3922],[91.417679,24.392362],[91.416511,24.392279],[91.410604,24.39154],[91.409421,24.391528],[91.407059,24.391232],[91.405879,24.390949],[91.404706,24.390124],[91.405029,24.38796],[91.403852,24.387541],[91.402675,24.386987],[91.401501,24.386298],[91.400323,24.385879],[91.399142,24.385731],[91.397966,24.385177],[91.396945,24.384082],[91.396071,24.38299],[91.39505,24.381895],[91.392708,24.379974],[91.391534,24.379285],[91.390353,24.379137],[91.389173,24.378853],[91.387982,24.379518],[91.386794,24.379911],[91.385618,24.379357],[91.384435,24.379345],[91.383254,24.379197],[91.38208,24.378507],[91.380911,24.377411],[91.376179,24.37736],[91.374995,24.377483],[91.373812,24.37747],[91.372631,24.377322],[91.371446,24.377445],[91.370257,24.377974],[91.369065,24.378638],[91.367872,24.379438],[91.36668,24.380102],[91.365491,24.380631],[91.364297,24.381431],[91.363109,24.381824],[91.361918,24.382489],[91.360869,24.383561],[91.359672,24.384632],[91.358487,24.384754],[91.357311,24.3842],[91.356125,24.384458],[91.355224,24.385531],[91.354032,24.386196],[91.352842,24.386724],[91.351656,24.386982],[91.350755,24.388056],[91.349565,24.388585],[91.348385,24.388301],[91.34602,24.388275],[91.342466,24.388643],[91.340103,24.388346],[91.338926,24.387927],[91.337746,24.387643],[91.336571,24.387088],[91.335393,24.386669],[91.333042,24.38556],[91.331869,24.384734],[91.330849,24.383639],[91.330124,24.382548],[91.329624,24.381231],[91.329558,24.380127],[91.329951,24.378725],[91.330573,24.377532],[91.331654,24.376339],[91.333095,24.375056],[91.334372,24.373684],[91.33542,24.371686],[91.335714,24.370582],[91.335973,24.369256],[91.335845,24.368345],[91.33519,24.36751],[91.333848,24.366854],[91.332538,24.367033],[91.331032,24.367838],[91.329362,24.369121],[91.327349,24.370575],[91.321761,24.369622],[91.31812,24.365641],[91.300155,24.369622],[91.293843,24.3694],[91.291658,24.364093],[91.290687,24.360112],[91.275636,24.360776],[91.271266,24.356574],[91.264954,24.353478],[91.2567,24.353478],[91.247232,24.349718],[91.244805,24.348391],[91.229753,24.346621]]}},{"type":"Feature","properties":{"name":"Manu","klass":"feeder"},"geometry":{"type":"LineString","coordinates":[[91.991125,24.391826],[91.990893,24.392432],[91.990367,24.392689],[91.989953,24.392743],[91.988351,24.391915],[91.987618,24.391653],[91.986734,24.391483],[91.986012,24.39195],[91.98436,24.393719],[91.983639,24.395765],[91.983535,24.398001],[91.983946,24.401715],[91.984121,24.405085],[91.98333,24.40833],[91.982597,24.409333],[91.981784,24.410048],[91.980484,24.410716],[91.978326,24.411227],[91.976102,24.410489],[91.972694,24.407905],[91.970665,24.405754],[91.969099,24.404515],[91.968034,24.404792],[91.967539,24.405955],[91.967043,24.40817],[91.967877,24.412333],[91.96854,24.413659],[91.970174,24.415261],[91.972793,24.416912],[91.975125,24.418132],[91.976868,24.419365],[91.976791,24.420308],[91.975272,24.421902],[91.973864,24.4231],[91.970836,24.422688],[91.965395,24.420924],[91.962142,24.420891],[91.959868,24.421193],[91.957165,24.421437],[91.955287,24.421497],[91.953143,24.420697],[91.950878,24.420208],[91.950164,24.420652],[91.949975,24.42237],[91.951135,24.424048],[91.952411,24.425717],[91.952777,24.426984],[91.951842,24.427841],[91.950374,24.429356],[91.949353,24.430307],[91.948276,24.430617],[91.947516,24.430307],[91.947212,24.429393],[91.946426,24.427728],[91.945889,24.426034],[91.944593,24.424643],[91.943912,24.424305],[91.943141,24.424241],[91.941935,24.424921],[91.940706,24.425882],[91.938133,24.427396],[91.936569,24.429317],[91.936792,24.431583],[91.938141,24.434207],[91.939718,24.437776],[91.941325,24.441764],[91.940678,24.44298],[91.939199,24.443773],[91.937022,24.443464],[91.934634,24.442012],[91.932249,24.439061],[91.931388,24.438019],[91.930258,24.437105],[91.929713,24.436859],[91.929082,24.436771],[91.928306,24.437143],[91.927922,24.4375],[91.927613,24.438205],[91.927412,24.439147],[91.927692,24.44022],[91.928144,24.441117],[91.931439,24.445011],[91.933036,24.446564],[91.933433,24.447286],[91.933519,24.447911],[91.93339,24.448449],[91.933025,24.448976],[91.932371,24.44965],[91.931523,24.450197],[91.930128,24.4505],[91.9278,24.450675],[91.926126,24.450822],[91.925214,24.450675],[91.923938,24.450392],[91.922833,24.45006],[91.92161,24.44965],[91.920676,24.449367],[91.919915,24.449337],[91.91911,24.449513],[91.918842,24.449826],[91.918724,24.450324],[91.918595,24.45132]]}},{"type":"Feature","properties":{"name":"Manu","klass":"feeder"},"geometry":{"type":"LineString","coordinates":[[92.027341,24.159646],[92.025051,24.162666],[92.023636,24.16614],[92.021426,24.169205],[92.020025,24.171148],[92.019446,24.172362],[92.019478,24.17293],[92.020025,24.173497],[92.022769,24.174431],[92.02584,24.177833],[92.027765,24.181473],[92.027965,24.184352],[92.027793,24.184802],[92.027407,24.185086],[92.025172,24.18556],[92.018394,24.186283],[92.016581,24.186926],[92.015905,24.187288],[92.015723,24.18766],[92.015762,24.18801],[92.016056,24.189035],[92.016707,24.190463],[92.021077,24.191937],[92.022858,24.193385],[92.023143,24.195352],[92.024596,24.199629],[92.024066,24.204012],[92.025433,24.205774],[92.028171,24.206796],[92.0301,24.207477],[92.031979,24.209906],[92.032793,24.211352],[92.034413,24.212457],[92.037558,24.214761],[92.041183,24.217252],[92.042803,24.218553],[92.043521,24.219424],[92.04397,24.220499],[92.043597,24.221704],[92.042996,24.222761],[92.041727,24.225493],[92.040582,24.228866],[92.040399,24.231948],[92.04026,24.232872],[92.039938,24.233758],[92.039257,24.23434],[92.038436,24.234614],[92.037406,24.234692],[92.036463,24.234561],[92.03132,24.23396],[92.02981,24.233758],[92.028522,24.234032],[92.027321,24.234687],[92.02642,24.235793],[92.026141,24.236869],[92.026205,24.238097],[92.026737,24.239365],[92.027015,24.239897],[92.02749,24.240376],[92.028201,24.240709],[92.02929,24.241066],[92.032442,24.241639],[92.034241,24.24221],[92.036011,24.243003],[92.036698,24.243717],[92.037202,24.244656],[92.037406,24.245605],[92.037084,24.246613],[92.035389,24.248334],[92.033618,24.249239],[92.030693,24.249798],[92.02863,24.250408],[92.02761,24.250877],[92.027149,24.251213],[92.026988,24.251503],[92.027005,24.251829],[92.027417,24.252462],[92.027986,24.252868],[92.029566,24.252747],[92.031972,24.252325],[92.033538,24.252408],[92.034305,24.252712],[92.034842,24.253181],[92.035502,24.254277],[92.035952,24.255375],[92.036301,24.256414],[92.036526,24.257419],[92.036566,24.258224],[92.036494,24.259143],[92.035582,24.260278],[92.034454,24.260959],[92.032047,24.262063],[92.02951,24.262973],[92.028142,24.263457],[92.026843,24.264092],[92.02642,24.264474],[92.026302,24.264943],[92.026176,24.266134],[92.025679,24.267027],[92.025572,24.268054],[92.025808,24.269667],[92.025754,24.271095],[92.025142,24.272487],[92.024424,24.273394],[92.023598,24.274656],[92.022021,24.276122],[92.020336,24.276807],[92.018931,24.277272],[92.017027,24.277668],[92.015591,24.277741],[92.014403,24.277795],[92.013271,24.277712],[92.012124,24.277585],[92.011458,24.277707],[92.010951,24.277923],[92.01056,24.278389],[92.010431,24.278976],[92.010498,24.279746],[92.010702,24.280445],[92.011141,24.281696],[92.012263,24.283643],[92.014091,24.286005]]}},{"type":"Feature","properties":{"name":"Manu","klass":"feeder"},"geometry":{"type":"LineString","coordinates":[[92.014091,24.286005],[92.014554,24.286919],[92.014679,24.288019],[92.014403,24.289745],[92.013964,24.290411],[92.013341,24.290978],[92.012622,24.291252],[92.011936,24.291222],[92.010477,24.290098],[92.00886,24.289925],[92.007513,24.289989],[92.006745,24.290662],[92.006485,24.291808],[92.006475,24.29411],[92.007004,24.296108],[92.007701,24.298348],[92.008878,24.301235],[92.008717,24.302272],[92.008258,24.30336],[92.007891,24.303748],[92.007505,24.304042],[92.007113,24.304093],[92.006732,24.304012],[92.005745,24.303338],[92.004042,24.301691],[92.003245,24.301011],[92.002741,24.300033],[92.002569,24.297393],[92.002473,24.295114],[92.002293,24.294549],[92.001799,24.294151],[92.001319,24.294034],[92.000932,24.294051],[92.000595,24.294128],[92.000316,24.294312],[91.999668,24.295244],[91.998503,24.29706],[91.998031,24.297911],[91.997942,24.298994],[91.998589,24.301245],[91.99916,24.302543],[91.999331,24.303602],[91.998755,24.304472],[91.997908,24.304917],[91.995907,24.305517],[91.994507,24.30608],[91.993531,24.307084],[91.9933,24.308422],[91.993418,24.309772],[91.993529,24.31123],[91.993493,24.311844],[91.9933,24.312402],[91.9922,24.313076],[91.991897,24.313362],[91.991746,24.313634],[91.991878,24.314413],[91.99237,24.315153],[91.994659,24.318567],[91.994941,24.319461],[91.994871,24.320456],[91.992645,24.322364],[91.990886,24.323547],[91.989542,24.323591],[91.986487,24.322257],[91.984824,24.32212],[91.983487,24.322295],[91.981595,24.323137],[91.980703,24.324434],[91.980608,24.326549],[91.979815,24.327854],[91.979084,24.328347],[91.978194,24.328474],[91.976608,24.328819],[91.97531,24.330578],[91.973781,24.33313],[91.972196,24.336403],[91.970998,24.340896],[91.970324,24.344583],[91.969754,24.346424],[91.969331,24.347253],[91.966467,24.350382],[91.961025,24.352865],[91.958172,24.355576],[91.956639,24.358415],[91.956351,24.36057],[91.957738,24.363113],[91.958528,24.363616],[91.959007,24.363725],[91.960444,24.363771],[91.962074,24.363657],[91.963528,24.363672],[91.96467,24.363856],[91.965701,24.36451],[91.965941,24.365359],[91.964254,24.371537],[91.964235,24.372645],[91.964617,24.37372],[91.965335,24.374346],[91.96674,24.374636],[91.9691,24.374799],[91.971671,24.374596],[91.974536,24.375703],[91.975194,24.376441],[91.975183,24.377875],[91.974041,24.378858],[91.970467,24.382655],[91.970174,24.38385],[91.970434,24.384875],[91.971793,24.385484],[91.972982,24.384945],[91.977824,24.380606],[91.979751,24.380331],[91.981777,24.380612],[91.986847,24.381599],[91.989044,24.382272],[91.989427,24.382908],[91.989053,24.38399],[91.989129,24.386001],[91.989401,24.386646],[91.989957,24.388036],[91.991045,24.390236],[91.991125,24.391826]]}},{"type":"Feature","properties":{"name":"Manu River","klass":"feeder"},"geometry":{"type":"LineString","coordinates":[[91.906651,24.485807],[91.905398,24.485703],[91.904519,24.485313],[91.90145,24.483546],[91.90037,24.483122],[91.893435,24.484059],[91.891739,24.484152],[91.889176,24.484366],[91.88687,24.485206],[91.88629,24.486162],[91.88643,24.487839],[91.885936,24.489794],[91.885389,24.490615],[91.883769,24.49285],[91.882407,24.493837],[91.881402,24.494292],[91.880448,24.494378],[91.879563,24.494007],[91.878274,24.492848],[91.877222,24.491764],[91.876374,24.491289],[91.874424,24.490439],[91.871894,24.490293],[91.869053,24.490704],[91.867386,24.490214],[91.866018,24.490151],[91.864564,24.490341],[91.863878,24.490722],[91.863867,24.491835],[91.86472,24.493657],[91.86612,24.495213],[91.868169,24.496014],[91.870251,24.496365],[91.870745,24.496958],[91.870503,24.497549],[91.869231,24.498425],[91.867386,24.499411],[91.864355,24.50049],[91.860902,24.500844],[91.858181,24.500905],[91.855359,24.500651],[91.853133,24.499861],[91.851786,24.498738],[91.851368,24.497439],[91.851797,24.496482],[91.853197,24.495913],[91.85449,24.49533],[91.855156,24.494621],[91.85508,24.494066],[91.85472,24.493545],[91.854168,24.493388],[91.852972,24.493715],[91.850623,24.494282],[91.847999,24.494422],[91.84654,24.493963],[91.846135,24.493313],[91.84639,24.492275],[91.847248,24.490605],[91.849339,24.488432],[91.851574,24.486069],[91.850789,24.484991],[91.84948,24.484893],[91.848638,24.485619],[91.846561,24.488008],[91.843702,24.488814],[91.837471,24.487706],[91.835657,24.487582],[91.833329,24.488195],[91.832014,24.488304],[91.830614,24.488032],[91.829268,24.486482],[91.827838,24.484635],[91.826597,24.484172],[91.825661,24.484172],[91.825404,24.484298],[91.824984,24.484879],[91.824646,24.486981],[91.824423,24.489949],[91.823252,24.492871],[91.822256,24.49501],[91.820929,24.496148],[91.819149,24.495789],[91.817216,24.493997],[91.814728,24.490225],[91.813543,24.48952],[91.812119,24.489917],[91.81009,24.491668],[91.807429,24.492099],[91.802026,24.491943],[91.79729,24.492856],[91.792059,24.493475],[91.78992,24.49312],[91.787014,24.49335],[91.78368,24.494842],[91.780318,24.498152],[91.779441,24.498836],[91.778723,24.498991],[91.778096,24.498827],[91.777253,24.497891],[91.776819,24.496804],[91.776238,24.495715],[91.775061,24.494893],[91.773882,24.494342],[91.77035,24.492281],[91.769174,24.491459],[91.767996,24.490772],[91.766815,24.490491],[91.765632,24.490346],[91.764448,24.490337],[91.762075,24.490859],[91.760886,24.491256],[91.759696,24.491923],[91.758649,24.492998],[91.75775,24.494074],[91.757148,24.495153],[91.754766,24.496488],[91.753581,24.496614],[91.751215,24.496323],[91.750034,24.496042],[91.748854,24.495626],[91.747669,24.495617],[91.746481,24.496013],[91.74529,24.49668],[91.744098,24.497483],[91.742907,24.498151],[91.741721,24.498412],[91.740532,24.498808],[91.739346,24.499069],[91.73816,24.499195],[91.736973,24.499456],[91.735926,24.50053],[91.736211,24.501616],[91.737511,24.504878],[91.737204,24.505959],[91.736453,24.507037],[91.735264,24.507568],[91.732887,24.508361],[91.730513,24.508883],[91.729324,24.509415],[91.728133,24.510082],[91.72694,24.510885],[91.726189,24.511962],[91.726326,24.513047],[91.726907,24.514135],[91.727637,24.515225],[91.728814,24.515912],[91.729996,24.516193],[91.731179,24.516339],[91.73236,24.516619],[91.73354,24.517036],[91.734718,24.517723],[91.735891,24.518816],[91.736473,24.519905],[91.736758,24.520991],[91.736747,24.522074],[91.736133,24.524237],[91.734768,24.527476],[91.734609,24.528558],[91.734598,24.529642],[91.735739,24.533986],[91.735729,24.535069],[91.735422,24.53615],[91.734056,24.53939],[91.733749,24.540471],[91.732839,24.54263],[91.732532,24.543712],[91.732521,24.544795],[91.732362,24.545877],[91.732341,24.548044],[91.731886,24.549124],[91.731271,24.551286],[91.730816,24.552366],[91.730213,24.553445],[91.729758,24.554524],[91.729599,24.555607],[91.73018,24.556695],[91.731354,24.557789],[91.732529,24.558747],[91.733707,24.559434],[91.734585,24.560525],[91.733833,24.561602],[91.732641,24.562405],[91.730263,24.563198],[91.729071,24.563865],[91.728764,24.564946],[91.72905,24.566032],[91.729483,24.567119],[91.72888,24.568198],[91.727691,24.568594],[91.726507,24.568449],[91.725322,24.568439],[91.72414,24.568158],[91.723093,24.569232],[91.723663,24.571404],[91.724245,24.572493],[91.724974,24.573583],[91.727026,24.575767],[91.727903,24.576858],[91.728189,24.577944],[91.727585,24.579023],[91.725199,24.580628],[91.724005,24.581566],[91.722809,24.58264],[91.722205,24.583718],[91.721898,24.584799],[91.721739,24.585881],[91.721876,24.586966],[91.722439,24.588476],[91.723416,24.589695],[91.724178,24.590173],[91.724961,24.59032],[91.726055,24.590251],[91.727954,24.590183],[91.729317,24.590378],[91.729928,24.590827],[91.730454,24.591549],[91.73054,24.592358],[91.730357,24.593139],[91.730068,24.593822],[91.729263,24.594719],[91.72845,24.595344],[91.727772,24.59589]]}},{"type":"Feature","properties":{"name":"Manu","klass":"feeder"},"geometry":{"type":"LineString","coordinates":[[91.987388,23.98427],[91.986788,23.98562],[91.986482,23.986973],[91.986624,23.987651],[91.987061,23.988332],[91.987797,23.988472],[91.988535,23.988477],[91.989273,23.988346],[91.99001,23.988351],[91.990745,23.988627],[91.991482,23.988632],[91.992216,23.989043],[91.992801,23.989724],[91.992943,23.990402],[91.991458,23.991747],[91.991158,23.992423],[91.9913,23.993101],[91.99159,23.99378],[91.991874,23.995137],[91.991721,23.995813],[91.991274,23.996487],[91.989065,23.996067],[91.987591,23.996057],[91.986849,23.996594],[91.986784,23.998604],[91.986922,23.999278],[91.987665,24.001027],[91.988722,24.001878],[91.98896,24.002243],[91.989002,24.002675],[91.988968,24.002827],[91.988852,24.002973],[91.987977,24.003239],[91.987237,24.003505],[91.986495,24.004178],[91.985594,24.006204],[91.985441,24.00688],[91.985436,24.007558],[91.985265,24.008243],[91.984983,24.008909],[91.983793,24.010256],[91.982307,24.011601],[91.980824,24.012675],[91.979345,24.013207],[91.978607,24.013337],[91.977869,24.013332],[91.977131,24.013463],[91.976392,24.013729],[91.975649,24.014401],[91.974907,24.014938],[91.974312,24.015612],[91.974159,24.016288],[91.974449,24.016967],[91.975181,24.01765],[91.975918,24.017654],[91.97666,24.017118],[91.9774,24.016716],[91.978138,24.016721],[91.978874,24.016861],[91.980351,24.0166],[91.981088,24.016605],[91.981823,24.016881],[91.982557,24.017292],[91.982405,24.017969],[91.982399,24.018646],[91.982394,24.019323],[91.982536,24.020002],[91.983269,24.020548],[91.985475,24.021376],[91.98606,24.022057],[91.986349,24.022736],[91.986344,24.023413],[91.985601,24.024086],[91.984867,24.023675],[91.98413,24.02367],[91.983393,24.023529],[91.982655,24.02366],[91.981914,24.024061],[91.981173,24.024598],[91.980577,24.025272],[91.980556,24.027981],[91.980993,24.028661],[91.981728,24.028937],[91.982463,24.029348],[91.982752,24.030028],[91.982894,24.030706],[91.982447,24.03138],[91.981846,24.032731],[91.981693,24.033407],[91.981835,24.034086],[91.983005,24.035448],[91.983442,24.036128],[91.983584,24.036807],[91.983278,24.038159],[91.98283,24.038834],[91.982235,24.039507],[91.979548,24.043553],[91.978953,24.044227],[91.977467,24.045571],[91.976276,24.046918],[91.975976,24.047594],[91.976265,24.048273],[91.976999,24.04882],[91.977734,24.049095],[91.978468,24.049507],[91.979205,24.049647],[91.97994,24.049923],[91.981413,24.050204],[91.982583,24.051566],[91.982277,24.052919],[91.982272,24.053596],[91.982709,24.054276],[91.983293,24.054958],[91.984771,24.054696],[91.985508,24.054701],[91.987724,24.05431],[91.988462,24.054315],[91.9892,24.054184],[91.990673,24.054465],[91.991406,24.055147],[91.9914,24.055824],[91.986962,24.05742],[91.986221,24.057822],[91.986069,24.058498],[91.986063,24.059176],[91.986205,24.059854],[91.986643,24.060534],[91.987375,24.061216],[91.98796,24.061897],[91.988693,24.062444],[91.989425,24.063126],[91.99001,24.063808],[91.9903,24.064487],[91.990289,24.065841],[91.988061,24.067859],[91.987319,24.068396],[91.98658,24.068526],[91.985847,24.06798],[91.98511,24.067839],[91.982159,24.06782],[91.980686,24.067539],[91.979211,24.067529],[91.978471,24.067795],[91.97773,24.068197],[91.976988,24.068733],[91.975502,24.070078],[91.975054,24.070753],[91.974901,24.071429],[91.975338,24.072109],[91.976807,24.072932],[91.97754,24.073614],[91.978473,24.074104],[91.979363,24.074585],[91.980112,24.075075],[91.982285,24.07535],[91.983542,24.076177],[91.984729,24.077083],[91.985345,24.077941],[91.986054,24.079089],[91.988255,24.08073],[91.988989,24.081141],[91.989427,24.081821],[91.989663,24.082348],[91.990006,24.08318],[91.990291,24.084536],[91.99058,24.085215],[91.990723,24.085894],[91.99057,24.08657],[91.990122,24.087244],[91.988931,24.088591],[91.988189,24.089128],[91.987448,24.08953],[91.986708,24.089796],[91.98597,24.089791],[91.985235,24.08938],[91.984502,24.088833],[91.98377,24.088151],[91.983036,24.087604],[91.982304,24.086922],[91.981569,24.08651],[91.980833,24.086235],[91.980096,24.08623],[91.979357,24.08636],[91.978617,24.086626],[91.978021,24.0873],[91.977868,24.087976],[91.978011,24.088654],[91.978005,24.089331],[91.97829,24.090688],[91.97859,24.091939],[91.978775,24.092658],[91.978875,24.093371],[91.978708,24.093807],[91.97826,24.094481],[91.978624,24.095053],[91.978541,24.096541],[91.977246,24.098708],[91.975205,24.101183],[91.974953,24.102045],[91.975185,24.102644],[91.976168,24.10307],[91.977488,24.103192],[91.978377,24.102984],[91.980206,24.102308],[91.980858,24.101814],[91.981599,24.101412],[91.982339,24.101146],[91.983782,24.100532],[91.984417,24.100449],[91.985066,24.09987],[91.986582,24.099742],[91.988209,24.100263],[91.988909,24.100656],[91.989799,24.101399],[91.990365,24.102151],[91.990539,24.10292],[91.99014,24.103772],[91.989834,24.105124],[91.989238,24.105798],[91.988938,24.106473],[91.988785,24.107149],[91.98878,24.107827],[91.988627,24.108503],[91.988622,24.10918],[91.988764,24.109859],[91.988753,24.111213],[91.988895,24.111892],[91.989159,24.113309],[91.989802,24.114767],[91.990534,24.115817],[91.992243,24.117874],[91.992849,24.118555],[91.995176,24.120332],[91.996006,24.120608],[91.99663,24.120719],[91.997483,24.120796],[91.998222,24.120665],[91.999815,24.119854],[92.001089,24.119152],[92.002037,24.119555],[92.002516,24.120255],[92.002544,24.12187],[92.002238,24.123223],[92.002177,24.123781],[92.001632,24.125251],[92.001315,24.126079],[92.000841,24.127227],[92.000578,24.127954],[92.000311,24.129023],[91.999961,24.131336],[91.99936,24.132687],[91.998557,24.134002],[91.99818,24.134644],[91.997923,24.135334],[91.997746,24.136064],[91.997542,24.136737],[91.997699,24.137418],[91.997694,24.138095],[91.998009,24.13963],[91.998916,24.140277],[92.000833,24.139979],[92.002046,24.138729],[92.002875,24.136232],[92.003766,24.135644],[92.004528,24.135875],[92.005375,24.136569],[92.005726,24.137436],[92.006108,24.13815],[92.006398,24.138829],[92.00654,24.139507],[92.00624,24.140183],[92.005255,24.141547],[92.004743,24.142882],[92.004738,24.14356],[92.005022,24.144916],[92.005299,24.145768],[92.00598,24.146099],[92.007083,24.145742],[92.008561,24.145229],[92.009317,24.144881],[92.011582,24.144247],[92.012262,24.14415],[92.013032,24.144029],[92.013739,24.144025],[92.014645,24.144169],[92.01521,24.144711],[92.015621,24.145375],[92.015789,24.146299],[92.015997,24.148119],[92.01624,24.149051],[92.01689,24.149487],[92.017828,24.149898],[92.018725,24.150267],[92.019299,24.150563],[92.020905,24.15162],[92.023544,24.152373],[92.026881,24.153733],[92.027524,24.154157],[92.027814,24.154918],[92.028008,24.156269],[92.028029,24.157718],[92.028158,24.158912]]}},{"type":"Feature","properties":{"name":"Surma branch river","klass":"main"},"geometry":{"type":"LineString","coordinates":[[91.366851,24.826299],[91.365793,24.826442],[91.364259,24.827901],[91.361132,24.829485],[91.359256,24.83049],[91.35841,24.831069],[91.356886,24.832263],[91.3557,24.833268],[91.35489,24.833778],[91.35404,24.833957],[91.353154,24.83398],[91.35197,24.833698],[91.351104,24.833276],[91.350437,24.83276],[91.349239,24.831282],[91.347493,24.828468],[91.34593,24.82595],[91.345148,24.825749],[91.344549,24.826092],[91.343702,24.826683],[91.342061,24.827322],[91.339655,24.82843],[91.336786,24.829891],[91.334701,24.831235],[91.333559,24.832017],[91.332343,24.832654],[91.331807,24.8327],[91.331379,24.832512],[91.330858,24.83198],[91.330736,24.831253],[91.330495,24.830585],[91.329163,24.82804],[91.328031,24.826234],[91.32721,24.823988],[91.326598,24.821292],[91.32609,24.818832],[91.325647,24.815664],[91.32547,24.814411],[91.325131,24.813109],[91.324755,24.812411],[91.324314,24.811908],[91.323903,24.811725],[91.323422,24.811732],[91.323039,24.811956],[91.3228,24.812292],[91.322364,24.813263],[91.321805,24.814288],[91.321155,24.814953],[91.320484,24.815374],[91.319248,24.815572],[91.316398,24.816042],[91.31449,24.816267],[91.313093,24.816445],[91.311261,24.816822],[91.309945,24.817141],[91.308107,24.817402],[91.306504,24.817355],[91.305132,24.817267],[91.304472,24.817084],[91.303832,24.816848],[91.302589,24.815995],[91.302434,24.815893],[91.299399,24.813581],[91.298104,24.812674],[91.296495,24.811419],[91.295684,24.810401],[91.294707,24.809018],[91.293092,24.806658],[91.292975,24.806331],[91.292917,24.805996],[91.292927,24.805226],[91.293267,24.804673],[91.293751,24.804194],[91.295829,24.803017],[91.296751,24.802055],[91.296944,24.801543],[91.297019,24.800963],[91.29701,24.800134],[91.296686,24.799132],[91.29628,24.798536],[91.295773,24.798161],[91.293096,24.796822],[91.291492,24.795554],[91.291027,24.794979],[91.290865,24.794287],[91.290765,24.792587],[91.290467,24.791],[91.290055,24.788759],[91.289613,24.78734],[91.289251,24.786242],[91.288265,24.784676],[91.287259,24.782977],[91.28635,24.781239],[91.285987,24.780324],[91.285905,24.780116],[91.285717,24.777645],[91.285586,24.777041],[91.285208,24.776577],[91.284759,24.776274],[91.283664,24.775832],[91.281997,24.775451],[91.280574,24.775404],[91.27895,24.775619],[91.277031,24.776056],[91.273286,24.77732],[91.27158,24.778198],[91.269404,24.779006],[91.267316,24.779425],[91.265433,24.779416],[91.264186,24.779318],[91.263092,24.778996],[91.26272,24.778832],[91.261214,24.777893],[91.260839,24.777366],[91.260806,24.776956],[91.260869,24.776245],[91.261172,24.775233],[91.261727,24.774414],[91.262269,24.773946],[91.262986,24.773619],[91.265146,24.773091],[91.268405,24.772668],[91.275311,24.772468],[91.276252,24.772377],[91.277569,24.772075],[91.278184,24.771762],[91.27837,24.771285],[91.278324,24.770898],[91.278227,24.770621],[91.277716,24.769897],[91.276487,24.768887],[91.274483,24.767267],[91.273051,24.765943],[91.272464,24.765458],[91.27081,24.764472],[91.269594,24.764037],[91.267693,24.763462],[91.264538,24.762863],[91.26253,24.762589],[91.261694,24.762428],[91.26101,24.762103],[91.260875,24.761503],[91.261025,24.761183],[91.261379,24.760825],[91.262148,24.760211],[91.262794,24.759746],[91.263493,24.758944],[91.264139,24.757882],[91.264261,24.7569],[91.264166,24.755944],[91.263799,24.754898],[91.263329,24.753563],[91.262775,24.752002],[91.262258,24.750153],[91.261761,24.748609],[91.261445,24.748021],[91.260978,24.747504],[91.260679,24.747243],[91.259717,24.746845],[91.258677,24.74689],[91.258179,24.747183],[91.257765,24.747647],[91.257257,24.748412],[91.256449,24.750035],[91.255821,24.751914],[91.255628,24.753866],[91.255447,24.756079],[91.255559,24.757366],[91.256087,24.759049],[91.256581,24.76017],[91.257162,24.761548],[91.257433,24.762613],[91.257407,24.763586],[91.256849,24.764284],[91.256058,24.76468],[91.255158,24.764671],[91.254313,24.764468],[91.25306,24.763944],[91.25217,24.763345],[91.251537,24.762678],[91.250709,24.761615],[91.249155,24.760008],[91.245708,24.756687],[91.243522,24.755416],[91.243145,24.755191],[91.240815,24.753797],[91.237057,24.750973],[91.235816,24.749868],[91.234416,24.748738],[91.23274,24.747792],[91.230084,24.745665],[91.229547,24.744773],[91.229495,24.744195],[91.229667,24.743608],[91.229934,24.743211],[91.231662,24.741629],[91.232544,24.740677],[91.232583,24.740031],[91.232356,24.739612],[91.231872,24.739346],[91.230857,24.73905],[91.229006,24.73894],[91.22733,24.739167],[91.226062,24.739219],[91.225059,24.739122],[91.223446,24.738664],[91.221904,24.7381],[91.22081,24.737278],[91.220199,24.736605],[91.219851,24.735555],[91.219679,24.734164],[91.219289,24.732649],[91.219049,24.731086],[91.219138,24.729477],[91.219259,24.728422],[91.219444,24.727406],[91.219742,24.726827],[91.219974,24.726702],[91.220392,24.726713],[91.222558,24.727372],[91.223474,24.727608],[91.224819,24.727582],[91.226162,24.727298],[91.228536,24.726108],[91.229307,24.724906],[91.229682,24.724166],[91.229643,24.723297],[91.229294,24.721887],[91.22835,24.720618],[91.227975,24.719479],[91.227265,24.715387],[91.227066,24.714042],[91.227256,24.711138],[91.227215,24.707997],[91.226952,24.706213],[91.226412,24.705119],[91.225802,24.704594],[91.225132,24.704328],[91.224069,24.703983],[91.222672,24.703301],[91.221741,24.702538],[91.221237,24.701422],[91.221224,24.701034],[91.22134,24.700223],[91.221741,24.6998],[91.223009,24.69923],[91.223904,24.698722],[91.22481,24.698115],[91.225716,24.697077],[91.226253,24.695761],[91.226285,24.695059],[91.225828,24.694207],[91.225259,24.693667],[91.224379,24.693138],[91.221418,24.69194],[91.214852,24.688998],[91.212566,24.688217],[91.211524,24.688068],[91.210792,24.688384],[91.21028,24.688982],[91.210347,24.689797],[91.210704,24.691712],[91.210346,24.692466],[91.209585,24.692804],[91.208707,24.69287],[91.207939,24.692488],[91.207665,24.691956],[91.207497,24.690811],[91.206787,24.689696],[91.206275,24.689082],[91.205342,24.688417],[91.20194,24.686556],[91.197843,24.684179],[91.196179,24.68285],[91.195283,24.681952],[91.194313,24.68039],[91.193801,24.679825],[91.19288,24.679374],[91.191661,24.679443],[91.190789,24.67991],[91.190233,24.680541],[91.189935,24.681665],[91.190435,24.68495],[91.190581,24.686142],[91.190661,24.688167],[91.190346,24.689354],[91.189656,24.690147],[91.188809,24.690346],[91.187253,24.690145],[91.185351,24.689796],[91.181885,24.688745],[91.178489,24.687549],[91.175073,24.685941],[91.172494,24.684312],[91.171031,24.682667],[91.170614,24.682008],[91.168653,24.678911],[91.167025,24.676102],[91.166038,24.672529],[91.166074,24.671117],[91.166129,24.670535],[91.166605,24.669787],[91.166952,24.669604],[91.167391,24.669637],[91.16852,24.670185],[91.170464,24.672961],[91.176261,24.679991],[91.177176,24.680739],[91.177981,24.680988],[91.178786,24.680889],[91.179517,24.680689],[91.180261,24.677956],[91.180797,24.67705],[91.182132,24.675172],[91.182754,24.673809],[91.182974,24.672064],[91.182791,24.670718],[91.182169,24.669405],[91.181492,24.668042],[91.181218,24.667011],[91.181127,24.665964],[91.181255,24.664834],[91.181511,24.664335],[91.182151,24.664202],[91.183193,24.664419],[91.184327,24.665732],[91.186577,24.667045],[91.18868,24.66741],[91.189942,24.667161],[91.190527,24.666629],[91.191021,24.665715],[91.190966,24.664585],[91.19135,24.662158],[91.191734,24.65895],[91.191661,24.655892],[91.191299,24.654927],[91.190652,24.65454],[91.190251,24.65461],[91.18954,24.654881],[91.188505,24.655974],[91.186824,24.657948],[91.185841,24.658454],[91.184871,24.658442],[91.184069,24.657866],[91.183824,24.657255],[91.183824,24.656749],[91.184173,24.656032],[91.185052,24.655233],[91.186669,24.654222],[91.192294,24.651872],[91.19416,24.650124],[91.195401,24.648196],[91.19628,24.646777],[91.196334,24.645918],[91.196113,24.644995],[91.195349,24.644008],[91.194657,24.643299],[91.194126,24.642698],[91.193745,24.641934],[91.19344,24.640929],[91.193281,24.639942],[91.193178,24.638384]]}},{"type":"Feature","properties":{"name":"Sonai River","klass":"feeder"},"geometry":{"type":"LineString","coordinates":[[92.853274,24.307859],[92.853101,24.308231],[92.8531,24.308979],[92.852922,24.309628],[92.85293,24.310076],[92.85319,24.310573],[92.853611,24.311126],[92.854089,24.312052],[92.855138,24.313436],[92.855461,24.313681],[92.855712,24.313743],[92.856241,24.31361],[92.856549,24.313739],[92.857323,24.31438],[92.857884,24.315241],[92.858155,24.315472],[92.85893,24.315435],[92.860182,24.315142],[92.861651,24.315074],[92.862187,24.31512],[92.863049,24.31548],[92.86369,24.316079],[92.86436,24.316257],[92.864897,24.3165],[92.865737,24.317171],[92.866162,24.317626],[92.866486,24.31832],[92.866624,24.3192],[92.866503,24.320269],[92.866299,24.320998],[92.866046,24.321309],[92.865733,24.321335],[92.865363,24.321225],[92.864963,24.320922],[92.864564,24.320277],[92.864097,24.320034],[92.863502,24.319845],[92.86312,24.319864],[92.862425,24.32],[92.861855,24.32033],[92.86118,24.321215],[92.860309,24.323081],[92.85959,24.323757],[92.858952,24.324113],[92.857136,24.324486],[92.856713,24.324749],[92.856577,24.325049],[92.85683,24.326063],[92.857278,24.326508],[92.857554,24.32758],[92.85799,24.327918],[92.858514,24.328106],[92.859014,24.328187],[92.859679,24.328422],[92.859996,24.328401],[92.860273,24.328305],[92.860556,24.327784],[92.860426,24.327189],[92.860038,24.326798],[92.859932,24.326133],[92.860202,24.325655],[92.86072,24.325457],[92.861597,24.325489],[92.862139,24.32595],[92.862451,24.326428],[92.862727,24.327559],[92.862712,24.328895],[92.862821,24.329838],[92.863041,24.330109],[92.863299,24.330231],[92.86364,24.330212],[92.863894,24.330079],[92.864206,24.3297],[92.864581,24.329158],[92.865251,24.328642],[92.865567,24.32854],[92.865996,24.328555],[92.867054,24.328864],[92.868155,24.329317],[92.868459,24.329484],[92.868522,24.329643],[92.868522,24.330022],[92.868601,24.330356],[92.869416,24.331251],[92.870211,24.331827],[92.871122,24.332836],[92.871489,24.333382],[92.871639,24.334],[92.871897,24.334402],[92.872808,24.33513],[92.87344,24.335494],[92.873603,24.335718],[92.873615,24.336135],[92.87389,24.336514],[92.873923,24.336923],[92.87421,24.337484],[92.874589,24.337939],[92.875092,24.338258],[92.87588,24.338685],[92.876698,24.338856],[92.877068,24.339101],[92.877186,24.339334],[92.877375,24.34054],[92.877337,24.34169],[92.877387,24.342122],[92.877687,24.342605],[92.878469,24.343414],[92.879239,24.343729],[92.879535,24.344122],[92.880247,24.345259],[92.880392,24.345768],[92.880406,24.346872],[92.880482,24.347473],[92.880847,24.348116],[92.8809,24.348438],[92.8808,24.349151],[92.880847,24.349334],[92.881241,24.349612],[92.882212,24.35113],[92.883119,24.351955],[92.883738,24.352384],[92.88582,24.353269],[92.886509,24.353457],[92.886991,24.35351],[92.887485,24.353837],[92.888215,24.354293],[92.888833,24.354985],[92.88908,24.355569],[92.889133,24.356003],[92.88914,24.35621],[92.889156,24.356452],[92.889229,24.356694],[92.889327,24.356908],[92.889372,24.357086],[92.889394,24.357377],[92.889024,24.358],[92.888242,24.358184],[92.888064,24.35823],[92.887627,24.358331],[92.887036,24.358468],[92.88586,24.358619],[92.884867,24.358823],[92.88448,24.358965],[92.883388,24.359365],[92.882328,24.360478],[92.881812,24.361423],[92.881441,24.362201],[92.881341,24.362731],[92.881441,24.363289],[92.881553,24.363975],[92.881633,24.364254],[92.881887,24.364545],[92.882294,24.364676],[92.883157,24.364572],[92.884099,24.364511],[92.884522,24.364614],[92.884852,24.364808],[92.885002,24.365058],[92.884855,24.365525],[92.884366,24.366045],[92.883166,24.367605],[92.882624,24.368607],[92.882577,24.368961],[92.882636,24.369234],[92.882889,24.369486],[92.883219,24.369551],[92.883837,24.369459],[92.885231,24.368972],[92.886921,24.368071],[92.887332,24.367921],[92.887886,24.367985],[92.888686,24.368237],[92.889086,24.368531],[92.889369,24.368929],[92.889516,24.369416],[92.889492,24.369856],[92.890057,24.370553],[92.890731,24.371844],[92.890863,24.37244],[92.890858,24.373137],[92.890816,24.373791],[92.890619,24.374423],[92.890646,24.374841],[92.890946,24.375292],[92.891099,24.375806],[92.891452,24.376482],[92.891493,24.377699],[92.891464,24.378224],[92.891205,24.378599],[92.890652,24.379114],[92.890151,24.37935],[92.889066,24.379566],[92.887943,24.379544],[92.886699,24.379468],[92.88602,24.379221],[92.885278,24.378857],[92.884843,24.378728],[92.884461,24.37868],[92.883895,24.37884],[92.882749,24.37939],[92.882093,24.379794],[92.88182,24.380085],[92.88172,24.380373],[92.881795,24.381063],[92.882053,24.38289],[92.882249,24.383483],[92.882694,24.384125],[92.883218,24.384565],[92.883876,24.384785],[92.884434,24.384732],[92.885982,24.385065],[92.886736,24.385389],[92.887047,24.38577],[92.887105,24.386324],[92.886806,24.386976],[92.885732,24.388651],[92.885474,24.389166],[92.885449,24.389507],[92.885606,24.389873],[92.886211,24.390791],[92.886964,24.39113],[92.88743,24.391188],[92.887888,24.391099],[92.887996,24.390879],[92.887821,24.390159],[92.88738,24.389401],[92.887263,24.388802],[92.887263,24.388332],[92.887521,24.387673],[92.888312,24.386756],[92.889352,24.385664],[92.889802,24.385346],[92.890218,24.385255],[92.890534,24.385414],[92.890709,24.386096],[92.890826,24.386627],[92.891009,24.386816],[92.891533,24.386832],[92.892157,24.387104],[92.892623,24.387264],[92.892781,24.387461],[92.892824,24.387968],[92.892691,24.388661],[92.892166,24.389826],[92.891896,24.391033],[92.891783,24.391973],[92.891821,24.392284],[92.892104,24.392591],[92.8922,24.393118],[92.892349,24.393338]]}},{"type":"Feature","properties":{"name":"River Dhalai","klass":"feeder"},"geometry":{"type":"LineString","coordinates":[[91.883605,23.850682],[91.883586,23.850757],[91.883509,23.850911],[91.883393,23.851159],[91.883272,23.851314],[91.883001,23.851402],[91.882837,23.85138],[91.882672,23.851402],[91.882537,23.851486],[91.882494,23.851641],[91.882397,23.852003],[91.882349,23.8523],[91.882276,23.852675],[91.882237,23.853011],[91.88216,23.853334],[91.881992,23.853445],[91.88169,23.853508],[91.881615,23.853865],[91.881683,23.853997],[91.881841,23.854248],[91.882061,23.854505],[91.882226,23.854662],[91.882342,23.854819],[91.882431,23.854995],[91.88248,23.855252],[91.882521,23.85551],[91.882617,23.855679],[91.882713,23.855936],[91.882816,23.85615],[91.882932,23.856269],[91.88309,23.856332],[91.883234,23.856351],[91.883468,23.856376],[91.883763,23.85647],[91.883879,23.856583],[91.883989,23.856759],[91.884051,23.85689],[91.884099,23.857035],[91.884092,23.857204],[91.884065,23.857361],[91.883921,23.857549],[91.883388,23.857767],[91.883178,23.85782],[91.882907,23.857858],[91.882712,23.858075],[91.882856,23.858234],[91.882976,23.858322],[91.883124,23.858407],[91.883299,23.858492],[91.883504,23.858564],[91.883717,23.858743],[91.883837,23.858909],[91.884108,23.859223],[91.884252,23.859377],[91.884431,23.859502],[91.884633,23.859578],[91.884973,23.859712],[91.885186,23.8598],[91.88524,23.859854],[91.885237,23.859942],[91.885055,23.860095],[91.884695,23.860224],[91.884493,23.86029],[91.88429,23.860356],[91.884112,23.860393],[91.883923,23.860428],[91.883769,23.860503],[91.883697,23.8606],[91.883628,23.860701],[91.883607,23.86082],[91.883645,23.86114],[91.883693,23.861316],[91.883775,23.861517],[91.883848,23.861649],[91.883954,23.861837],[91.884122,23.861975],[91.88418,23.862094],[91.884174,23.862267],[91.884108,23.862467],[91.883981,23.86259],[91.883676,23.862634],[91.883391,23.862606],[91.88323,23.86258],[91.8831,23.862533],[91.88289,23.862449],[91.882756,23.862405],[91.882585,23.862351],[91.882441,23.862295],[91.882286,23.862245],[91.882125,23.862232],[91.881978,23.86227],[91.881882,23.86238],[91.881878,23.862514],[91.881892,23.862646],[91.882036,23.8629],[91.882232,23.86312],[91.882358,23.863305],[91.882444,23.863443],[91.882427,23.863603],[91.882232,23.863823],[91.881857,23.864203],[91.881734,23.864312],[91.881693,23.864454],[91.881758,23.864557],[91.881899,23.864614],[91.88205,23.864614],[91.882187,23.864598],[91.882407,23.86456],[91.882609,23.864532],[91.882763,23.864526],[91.882901,23.864563],[91.882986,23.864636],[91.883065,23.865028],[91.883014,23.865138],[91.882859,23.865338],[91.882437,23.865524],[91.88216,23.865568],[91.881964,23.865574],[91.881741,23.865611],[91.881538,23.865665],[91.881439,23.865731],[91.881384,23.865825],[91.881411,23.865966],[91.881768,23.866302],[91.882249,23.86655],[91.882448,23.866659],[91.882582,23.866732],[91.882715,23.866829],[91.88276,23.86692],[91.882787,23.867058],[91.882677,23.867318],[91.882592,23.867434],[91.882355,23.867547],[91.882053,23.867645],[91.881497,23.867714],[91.881079,23.867918],[91.880358,23.868407],[91.880211,23.868501],[91.880221,23.869163],[91.880269,23.869508],[91.880344,23.869659],[91.880513,23.869966],[91.880856,23.870465],[91.880928,23.870638],[91.880979,23.87077],[91.881007,23.87093],[91.881048,23.871121],[91.880966,23.871548],[91.8809,23.871739],[91.880794,23.871899],[91.880705,23.871987],[91.880591,23.872084],[91.880454,23.872144],[91.880307,23.872194],[91.880029,23.872235],[91.879531,23.872021],[91.879301,23.871984],[91.879144,23.871937],[91.87903,23.87189],[91.878924,23.871858],[91.878818,23.87183],[91.878718,23.871786],[91.878588,23.871705],[91.878437,23.871636],[91.878248,23.871695],[91.878176,23.871887],[91.878131,23.872034],[91.878087,23.8722],[91.878025,23.872342],[91.87797,23.872539],[91.877991,23.872677],[91.87807,23.872909],[91.878127,23.873577],[91.878166,23.874012],[91.878117,23.874305],[91.878049,23.874589],[91.877952,23.874819],[91.87768,23.87536],[91.877574,23.875689],[91.877404,23.876153],[91.877389,23.876282],[91.87737,23.87645],[91.877394,23.876641],[91.877404,23.876827],[91.877385,23.87692],[91.8772,23.877683],[91.876991,23.878136],[91.876865,23.87838],[91.876438,23.87897],[91.876186,23.879201],[91.875861,23.879503],[91.875599,23.879751],[91.875361,23.879951],[91.875182,23.880119],[91.874968,23.880377],[91.874755,23.880634],[91.874405,23.881024],[91.874187,23.881308],[91.874133,23.881508],[91.874163,23.88169],[91.874289,23.881841],[91.874405,23.881894],[91.87492,23.881921],[91.875128,23.881943],[91.875347,23.881983],[91.875521,23.882054],[91.875676,23.882174],[91.875764,23.882285],[91.875871,23.882542],[91.876239,23.883758],[91.876613,23.884294],[91.876744,23.884512],[91.87687,23.884867],[91.876831,23.885222],[91.876725,23.885483],[91.876584,23.885696],[91.876424,23.885896],[91.876273,23.88606],[91.87605,23.886318],[91.875842,23.886597],[91.875347,23.887027],[91.875152,23.887174],[91.874968,23.887298],[91.874667,23.887444],[91.874269,23.887564],[91.873731,23.887688],[91.873561,23.887737],[91.873386,23.887826],[91.873333,23.887892],[91.873328,23.888017],[91.873343,23.888212],[91.873323,23.88846],[91.873401,23.888633],[91.873517,23.888815],[91.873779,23.888984],[91.874784,23.889135],[91.87507,23.889153],[91.875279,23.889201],[91.875458,23.889294],[91.875521,23.889397],[91.875584,23.889596],[91.875376,23.889978],[91.875128,23.890346],[91.874871,23.890692],[91.874648,23.890949],[91.87442,23.891233],[91.874148,23.891424],[91.873847,23.89165],[91.873561,23.891788],[91.873231,23.891868],[91.872721,23.891903],[91.872455,23.891828],[91.872324,23.891766],[91.872154,23.891668],[91.871275,23.891264],[91.87098,23.891175],[91.870698,23.891273],[91.870514,23.891495],[91.870422,23.891743],[91.87029,23.892294],[91.87032,23.892662],[91.870349,23.892906],[91.870475,23.89319],[91.870621,23.893442],[91.870766,23.893673],[91.870892,23.893811],[91.871101,23.89413],[91.87128,23.894605],[91.871237,23.894827],[91.871169,23.894986],[91.871164,23.895177],[91.871246,23.89539],[91.871387,23.895474],[91.871601,23.895519],[91.871887,23.895572],[91.872115,23.895594],[91.872372,23.895639],[91.872561,23.895674],[91.873212,23.895989],[91.873275,23.896202],[91.873245,23.896606],[91.873163,23.896859],[91.873061,23.897125],[91.872954,23.897262],[91.87276,23.897511],[91.87261,23.897763],[91.872527,23.897981],[91.872503,23.898167],[91.872469,23.898345],[91.872411,23.898571],[91.872348,23.89881],[91.872217,23.899001],[91.871999,23.899072],[91.871819,23.899086],[91.871606,23.899117],[91.87147,23.899108],[91.871397,23.899041],[91.871077,23.898779],[91.871023,23.898611],[91.87096,23.898469],[91.870882,23.898309],[91.870528,23.898172],[91.870344,23.898247],[91.870242,23.898376],[91.870145,23.898691],[91.870087,23.899072],[91.870082,23.899352],[91.870126,23.899578],[91.870164,23.899777],[91.870145,23.90023],[91.870058,23.900625],[91.869616,23.901246],[91.869388,23.901401],[91.869087,23.90157],[91.86901,23.901982],[91.86899,23.902315],[91.868961,23.902537],[91.869014,23.902767],[91.869116,23.903184],[91.86931,23.903721],[91.869199,23.903983],[91.869034,23.904294],[91.868815,23.904493],[91.868452,23.904702],[91.868219,23.904826],[91.867991,23.904848],[91.867505,23.904808],[91.867428,23.904764],[91.867015,23.904577],[91.866816,23.904529],[91.866593,23.904467],[91.866326,23.904444],[91.866069,23.90448],[91.865948,23.904555],[91.865826,23.904657],[91.865817,23.904843],[91.865836,23.905176],[91.865943,23.905345],[91.866035,23.905544],[91.866181,23.905908],[91.866045,23.906139],[91.865972,23.906259],[91.865497,23.906454],[91.865244,23.906507],[91.865055,23.906574],[91.86488,23.906631],[91.864725,23.906738],[91.864594,23.906889],[91.864599,23.907079],[91.864677,23.907314],[91.864793,23.907501],[91.865016,23.907705],[91.865234,23.908162],[91.865249,23.908423],[91.865196,23.908605],[91.865108,23.908858],[91.86474,23.90947],[91.864618,23.909701],[91.864531,23.909887],[91.864497,23.910047],[91.864482,23.910238],[91.864453,23.910442],[91.864269,23.910907],[91.864099,23.911036],[91.863968,23.911054],[91.863415,23.911085],[91.863235,23.9112],[91.863182,23.911333],[91.863182,23.911493],[91.863235,23.911693],[91.863483,23.912145],[91.863619,23.912269],[91.863672,23.912416],[91.863716,23.912549],[91.863687,23.912695],[91.863546,23.912761],[91.863444,23.912735],[91.86324,23.912699],[91.863138,23.912646],[91.862726,23.912482],[91.862503,23.912438],[91.862289,23.912411],[91.861882,23.912486],[91.861634,23.912615],[91.861493,23.912793],[91.861396,23.913032],[91.861348,23.913205],[91.861236,23.913396],[91.8608,23.914279],[91.860654,23.914438],[91.860513,23.914527],[91.860242,23.91462],[91.859946,23.914709],[91.859829,23.914731],[91.859567,23.914696],[91.859451,23.914642],[91.859208,23.914549],[91.858626,23.914137],[91.858102,23.913955],[91.857782,23.913919],[91.857578,23.913981],[91.857335,23.914097],[91.857209,23.914225],[91.857185,23.914447],[91.857136,23.914762],[91.856918,23.91529],[91.856544,23.915383],[91.85635,23.915401],[91.855797,23.915334],[91.855481,23.915308],[91.855181,23.91525],[91.854831,23.915183],[91.854414,23.915188],[91.85407,23.915179],[91.853492,23.915388],[91.853162,23.915574],[91.85292,23.915778],[91.852687,23.915973],[91.852226,23.916288],[91.852051,23.916408],[91.851954,23.916536],[91.851949,23.916794],[91.852192,23.917073],[91.852429,23.917166],[91.852609,23.917268],[91.852784,23.917392],[91.853118,23.917889],[91.85325,23.918115],[91.853318,23.918262],[91.853376,23.918417],[91.853463,23.918603],[91.853463,23.918701],[91.853414,23.918976],[91.85324,23.91977],[91.853196,23.920049],[91.853138,23.920298],[91.853094,23.920528],[91.852987,23.920923],[91.852968,23.921256],[91.852934,23.921433],[91.85291,23.921619],[91.852891,23.921823],[91.852842,23.922032],[91.852764,23.92224],[91.852522,23.922369],[91.852056,23.922586],[91.85191,23.922781],[91.851664,23.923189],[91.851537,23.923452],[91.851145,23.924102],[91.85096,23.924509],[91.850915,23.924701],[91.850929,23.925146],[91.850912,23.925378],[91.851015,23.925833],[91.851084,23.926027],[91.851125,23.926203],[91.851104,23.926331],[91.850892,23.926648],[91.850874,23.92689],[91.85083,23.927254],[91.850782,23.927363],[91.850706,23.927737],[91.850699,23.927972],[91.85071,23.928154],[91.850703,23.928342],[91.850782,23.928884],[91.850881,23.929411],[91.851022,23.929737],[91.850998,23.929957],[91.850943,23.930067],[91.850778,23.930224],[91.850583,23.93028],[91.850353,23.930267],[91.850246,23.930208],[91.85012,23.930079],[91.849797,23.929822],[91.849677,23.929706],[91.849351,23.929505],[91.849104,23.929276],[91.848428,23.92879],[91.848092,23.928759],[91.847893,23.928715],[91.847666,23.928746],[91.847169,23.928862],[91.846661,23.929151],[91.846544,23.929377],[91.846514,23.929515],[91.846534,23.929624],[91.84663,23.929894],[91.846905,23.93017],[91.847056,23.930302],[91.847169,23.930387],[91.847399,23.930546],[91.848027,23.930926],[91.848095,23.931086],[91.848126,23.931202],[91.848143,23.931506],[91.848006,23.931726],[91.847876,23.931901],[91.84769,23.931992],[91.847519,23.932052],[91.847196,23.932127],[91.846812,23.932227],[91.846579,23.932215],[91.846424,23.932149],[91.845896,23.931914],[91.845711,23.931804],[91.845378,23.931766],[91.844781,23.931384],[91.84452,23.931243],[91.844054,23.931039],[91.84347,23.93075],[91.84288,23.930681],[91.842485,23.930681],[91.841981,23.930804],[91.841645,23.930892],[91.841429,23.931001],[91.841268,23.931105],[91.841144,23.931211],[91.840996,23.931309],[91.840856,23.931497],[91.840478,23.932052],[91.840255,23.932591],[91.839991,23.933178],[91.839826,23.933833],[91.839686,23.934263],[91.83947,23.934965],[91.839089,23.93569],[91.838183,23.937458],[91.837888,23.938126],[91.837655,23.939001],[91.837569,23.939707],[91.837528,23.940328],[91.837311,23.941231],[91.837109,23.942162],[91.836841,23.942745],[91.836481,23.943366],[91.835647,23.944319],[91.835346,23.944881],[91.835277,23.945433],[91.835191,23.946276],[91.835016,23.947217],[91.83503,23.947944],[91.835236,23.948628],[91.835785,23.94949],[91.836557,23.950434],[91.837219,23.951209],[91.837881,23.952109],[91.838485,23.952729],[91.83914,23.95314],[91.840146,23.953526],[91.841315,23.953893],[91.842475,23.954234],[91.843511,23.954614],[91.84415,23.955003],[91.844352,23.955376],[91.84439,23.955561],[91.844407,23.955771],[91.844352,23.956235],[91.844242,23.956737],[91.844146,23.956959],[91.843806,23.95769],[91.843154,23.958458],[91.842564,23.958913],[91.84196,23.959326],[91.841394,23.95959],[91.84102,23.959966],[91.840619,23.960574],[91.840592,23.960869],[91.840684,23.961527],[91.840941,23.961963],[91.841477,23.962553],[91.842022,23.963186],[91.842523,23.963804],[91.842609,23.964117],[91.842623,23.964462],[91.842448,23.964647],[91.84228,23.96481],[91.841967,23.965004],[91.841394,23.965434],[91.841127,23.965632],[91.840897,23.96576],[91.840581,23.965933],[91.840293,23.96608],[91.839651,23.966466],[91.839085,23.966701],[91.838512,23.966914],[91.837799,23.967221],[91.837133,23.967594],[91.836498,23.968002],[91.836056,23.96845],[91.835925,23.968729],[91.835781,23.969115],[91.835647,23.969626],[91.835695,23.969908],[91.835812,23.970356],[91.835973,23.970494],[91.836505,23.970961],[91.837116,23.971272],[91.837878,23.971504],[91.838639,23.971629],[91.839799,23.97172],[91.840574,23.971917],[91.840746,23.972062],[91.841079,23.972545],[91.841102,23.972749],[91.841072,23.972949],[91.841031,23.973357],[91.840763,23.973714],[91.840399,23.974012],[91.839953,23.974281],[91.839627,23.97447],[91.839034,23.974654],[91.838457,23.97477],[91.837617,23.974999],[91.836958,23.975018],[91.836649,23.975031],[91.835637,23.975021],[91.835184,23.975153],[91.834924,23.975347],[91.834745,23.97552],[91.834618,23.975698],[91.834275,23.9763],[91.83409,23.976676],[91.834062,23.976915],[91.834155,23.977692],[91.834303,23.978285],[91.834395,23.978849],[91.834855,23.979492],[91.835363,23.979736],[91.835997,23.980072],[91.836426,23.980373],[91.836725,23.980567],[91.837895,23.981031],[91.838526,23.981257],[91.839391,23.981617],[91.840087,23.982034],[91.840365,23.982404],[91.840423,23.982783],[91.840441,23.983185],[91.840434,23.983517],[91.840355,23.983877],[91.840276,23.984147],[91.840194,23.984366],[91.839817,23.985177],[91.839364,23.986004],[91.839048,23.986687],[91.838705,23.987747],[91.838774,23.988418],[91.838829,23.988694],[91.83889,23.988969],[91.83959,23.990913],[91.839803,23.991628],[91.840565,23.993038],[91.840771,23.99349],[91.840798,23.993803],[91.840764,23.994073],[91.840592,23.994524],[91.839878,23.995195],[91.839467,23.995258],[91.839041,23.99532],[91.838616,23.995383],[91.837285,23.99559],[91.836386,23.996022],[91.835809,23.996505],[91.83559,23.996724],[91.835494,23.99685],[91.835404,23.997483],[91.835075,23.998505],[91.834835,23.999238],[91.83421,24.00021],[91.83349,24.001006],[91.832872,24.001689],[91.832207,24.002216],[91.831322,24.003081],[91.830923,24.004021],[91.83102,24.004473],[91.831191,24.004868],[91.831486,24.005225],[91.831939,24.005783],[91.832344,24.006115],[91.833613,24.006892],[91.834457,24.00713],[91.836413,24.007695],[91.838204,24.008434],[91.839062,24.009362],[91.83968,24.010321],[91.840208,24.010967],[91.841038,24.012277],[91.842177,24.013662],[91.843913,24.014828],[91.844051,24.015311],[91.844346,24.016176],[91.844243,24.016614],[91.84414,24.017191],[91.843872,24.017918],[91.843536,24.018733],[91.843385,24.019115],[91.842548,24.020256],[91.842369,24.021165],[91.84226,24.021553],[91.842266,24.022425],[91.8425,24.022976],[91.842726,24.023572],[91.8432,24.024518],[91.843776,24.025113],[91.844799,24.026217],[91.844902,24.026618],[91.844847,24.026956],[91.844751,24.027169],[91.844641,24.027589],[91.844826,24.028498],[91.84508,24.029319],[91.845197,24.029889],[91.845403,24.030341],[91.845595,24.030967],[91.845567,24.031306],[91.845464,24.031494],[91.845197,24.031675],[91.844757,24.03192],[91.843968,24.032334],[91.842802,24.032747],[91.841999,24.032992],[91.84158,24.033217],[91.841354,24.033474],[91.841141,24.033856],[91.84099,24.034295],[91.840832,24.03506],[91.840764,24.035586],[91.840688,24.036088],[91.840647,24.03642],[91.840565,24.037366],[91.840585,24.03793],[91.840565,24.038494],[91.840585,24.039177],[91.840311,24.039823],[91.840112,24.040437],[91.839872,24.040951],[91.839604,24.041483],[91.839213,24.042386],[91.838369,24.043263],[91.83795,24.043702],[91.837593,24.043934],[91.835816,24.04451],[91.835048,24.044742],[91.834553,24.044842],[91.834162,24.044955],[91.833826,24.045156],[91.833661,24.045394],[91.833524,24.045663],[91.833524,24.04592],[91.833675,24.046208],[91.833806,24.046397],[91.83397,24.046534],[91.834581,24.04713],[91.83502,24.048019],[91.835041,24.048176],[91.835068,24.048859],[91.835103,24.049317],[91.834588,24.050138],[91.834396,24.050564],[91.834272,24.050908],[91.834183,24.051291],[91.834018,24.051804],[91.833943,24.052042],[91.833902,24.052437],[91.833613,24.052707],[91.833401,24.052882],[91.833243,24.053133],[91.833051,24.053546],[91.832941,24.053979],[91.8329,24.054994],[91.833092,24.055715],[91.833215,24.056103],[91.833353,24.056335],[91.833744,24.056661],[91.834046,24.056999],[91.834773,24.057594],[91.835336,24.057952],[91.835871,24.058208],[91.836647,24.058566],[91.837882,24.059061],[91.838842,24.059274],[91.839268,24.059455],[91.839583,24.059687],[91.839707,24.060013],[91.840517,24.061141],[91.840654,24.061586],[91.840736,24.062056],[91.840867,24.062663],[91.84088,24.063215],[91.840894,24.063572],[91.840771,24.063904],[91.840613,24.064537],[91.840331,24.065182],[91.840139,24.065652],[91.839858,24.066116],[91.839693,24.066423],[91.839192,24.067275],[91.838595,24.068265],[91.838328,24.06866],[91.838115,24.068973],[91.83793,24.069386],[91.837827,24.069769],[91.837689,24.070339],[91.837758,24.071034],[91.838033,24.071473],[91.83819,24.071755],[91.838533,24.0723],[91.838849,24.072688],[91.839206,24.073039],[91.84088,24.074486],[91.841573,24.074881],[91.841759,24.075395],[91.841697,24.076128],[91.841642,24.076667],[91.841608,24.077143],[91.841066,24.078189],[91.840428,24.078953],[91.839734,24.079511],[91.839316,24.079736],[91.838341,24.080031],[91.837847,24.080181],[91.837408,24.080451],[91.833533,24.081909],[91.830667,24.082349],[91.829073,24.082788],[91.827961,24.083529],[91.827309,24.084224],[91.827099,24.08502],[91.827059,24.085651],[91.827089,24.086374],[91.827129,24.087033],[91.827039,24.08782],[91.827209,24.090134],[91.827089,24.091314],[91.827079,24.092458],[91.826898,24.093382],[91.826788,24.093995],[91.826538,24.094535],[91.826367,24.095047],[91.825596,24.096264],[91.824483,24.098359],[91.824323,24.099704],[91.824343,24.100435],[91.824614,24.101186],[91.824864,24.101652],[91.825255,24.102228],[91.826087,24.103582],[91.826888,24.104671],[91.828311,24.106647],[91.828903,24.107461],[91.829434,24.108074],[91.830957,24.109784],[91.831478,24.110287],[91.831819,24.110891],[91.83217,24.111458],[91.832701,24.112858],[91.832831,24.113635],[91.832801,24.114138],[91.832721,24.114559],[91.8324,24.114962],[91.831418,24.115584],[91.830747,24.115501],[91.830035,24.115236],[91.828863,24.11498],[91.8276,24.114523],[91.826418,24.114157],[91.825636,24.1138],[91.825155,24.113672],[91.824513,24.113599],[91.824153,24.113672],[91.823942,24.1138],[91.823461,24.114321],[91.823311,24.114678],[91.82315,24.115181],[91.82272,24.116169],[91.822389,24.117495],[91.822208,24.118593],[91.822188,24.119169],[91.822198,24.12012],[91.822228,24.120843],[91.822419,24.121428],[91.82287,24.122279],[91.823291,24.122956],[91.824173,24.124282],[91.824724,24.125809],[91.824834,24.126505],[91.824594,24.127108],[91.824433,24.127593],[91.823862,24.128873],[91.823561,24.129331],[91.822298,24.131097]]}},{"type":"Feature","properties":{"name":"Gowain","klass":"feeder"},"geometry":{"type":"LineString","coordinates":[[91.800821,24.949296],[91.797959,24.947597],[91.797311,24.947221],[91.796229,24.946582],[91.795675,24.946307],[91.794666,24.945966],[91.793901,24.945813],[91.793475,24.94584],[91.792885,24.945888],[91.791995,24.946063],[91.791576,24.946229],[91.791237,24.946443],[91.791083,24.94654],[91.790661,24.946874],[91.790289,24.947163],[91.789784,24.94797],[91.788948,24.949099],[91.788518,24.949371],[91.788,24.949607],[91.787295,24.949848],[91.786544,24.949964],[91.785651,24.950064],[91.78284,24.950035],[91.7825,24.950039],[91.781523,24.950052],[91.780247,24.950062],[91.778744,24.950217],[91.776974,24.950723],[91.775644,24.951141],[91.771642,24.95225],[91.770101,24.952667],[91.76889,24.952994],[91.765081,24.954103],[91.763574,24.95439],[91.76183,24.954604],[91.760666,24.954667],[91.759558,24.954602],[91.758757,24.954458],[91.757963,24.95422],[91.75778,24.954093],[91.757566,24.953909],[91.757415,24.953772],[91.757235,24.953576],[91.75718,24.953369],[91.757115,24.953004],[91.757094,24.952698],[91.757187,24.952302],[91.757614,24.951715],[91.758301,24.950986],[91.758547,24.950752],[91.758907,24.950475],[91.759636,24.949838],[91.75991,24.949546],[91.760234,24.949058],[91.760361,24.948729],[91.76043,24.948291],[91.760382,24.947975],[91.760213,24.947594],[91.760055,24.947318],[91.759749,24.947012],[91.759427,24.946837],[91.75899,24.94665],[91.758569,24.946599],[91.758027,24.946555],[91.75778,24.946584],[91.757437,24.946647],[91.756989,24.946781],[91.753306,24.947775],[91.752462,24.948134],[91.74972,24.949296],[91.744399,24.95272],[91.741215,24.955246],[91.739713,24.956423],[91.738511,24.957279],[91.737256,24.957931],[91.736752,24.958203],[91.736266,24.958401],[91.735926,24.958446],[91.735368,24.958476],[91.734646,24.958371],[91.733426,24.957999],[91.732412,24.957493],[91.730489,24.956285],[91.728641,24.955222],[91.727404,24.954811],[91.7262,24.954906],[91.725296,24.955488],[91.725119,24.956285],[91.725036,24.957785],[91.724668,24.959247],[91.72366,24.960852],[91.722844,24.962564],[91.722955,24.963679],[91.723713,24.965258],[91.723459,24.966695],[91.722761,24.968387],[91.721675,24.969956],[91.720967,24.971453],[91.720927,24.972472],[91.721142,24.973072],[91.721216,24.973279],[91.722032,24.974115],[91.722769,24.974391],[91.723663,24.974884],[91.724513,24.975509],[91.724995,24.976274],[91.725202,24.976902],[91.725349,24.977342],[91.725181,24.97839],[91.724486,24.979331],[91.723705,24.980063],[91.722581,24.980629],[91.721871,24.980846],[91.720991,24.980894],[91.719851,24.980576],[91.717233,24.979584],[91.716394,24.979445],[91.715546,24.979518],[91.714004,24.979681],[91.713218,24.979644],[91.712456,24.979484],[91.71108,24.979039],[91.710413,24.978847],[91.709837,24.978776],[91.709672,24.978745],[91.708951,24.978898],[91.708133,24.979503],[91.707253,24.980418],[91.705641,24.982161],[91.701872,24.983666]]}},{"type":"Feature","properties":{"name":"Jadukata River","klass":"feeder"},"geometry":{"type":"LineString","coordinates":[[91.253921,25.111704],[91.253206,25.112159],[91.252613,25.112443],[91.252467,25.112545],[91.252169,25.113047],[91.251873,25.11322],[91.251554,25.113315],[91.250732,25.113445],[91.250285,25.113419],[91.249839,25.113349],[91.249589,25.113324],[91.24933,25.113215],[91.249123,25.112946],[91.249088,25.112874],[91.249059,25.112753],[91.248937,25.112627],[91.248651,25.112406],[91.248463,25.112267],[91.248228,25.112226],[91.247517,25.111127],[91.24582,25.109462],[91.245521,25.10917],[91.244405,25.108771],[91.243278,25.108286],[91.242591,25.108505],[91.241741,25.108329],[91.240543,25.107606],[91.239237,25.106552],[91.237818,25.1054],[91.236048,25.104293],[91.234674,25.104108],[91.23335,25.104271],[91.232403,25.10454]]}},{"type":"Feature","properties":{"name":"Gowain","klass":"feeder"},"geometry":{"type":"LineString","coordinates":[[91.850703,24.99075],[91.850617,24.990626]]}},{"type":"Feature","properties":{"name":"Gowain","klass":"feeder"},"geometry":{"type":"LineString","coordinates":[[91.850617,24.990626],[91.850041,24.989809],[91.849222,24.988379],[91.847932,24.987141],[91.846855,24.985841],[91.846301,24.984583],[91.845762,24.983737],[91.845027,24.983024],[91.844115,24.982708],[91.843176,24.982625],[91.839287,24.983403],[91.833397,24.984553],[91.830401,24.985088],[91.828881,24.985056],[91.82756,24.984842],[91.826195,24.984357],[91.825283,24.983819],[91.824326,24.983061],[91.823918,24.982419],[91.82356,24.981673],[91.823391,24.980435],[91.823599,24.979083],[91.824211,24.978238],[91.825138,24.97758],[91.826208,24.977359],[91.827701,24.977527],[91.829448,24.977678],[91.831445,24.977134],[91.833072,24.976168],[91.833544,24.975573],[91.83378,24.974832],[91.833468,24.972751],[91.833436,24.971114],[91.833691,24.969865],[91.83357,24.968997],[91.833142,24.968298],[91.83221,24.967419],[91.83119,24.966407],[91.829844,24.965556],[91.827426,24.963844],[91.826485,24.963144],[91.826246,24.962974],[91.826013,24.962836],[91.825487,24.962578],[91.822833,24.961444],[91.821072,24.960791],[91.818265,24.959044],[91.816039,24.957627],[91.814996,24.957134],[91.813947,24.956676],[91.813633,24.956541],[91.812597,24.956292],[91.811693,24.956122],[91.809829,24.955913],[91.80835,24.955739],[91.80812,24.955713],[91.807592,24.955621],[91.807055,24.955514],[91.806296,24.955217],[91.804858,24.954604],[91.803786,24.953632],[91.803335,24.952824],[91.803077,24.951822],[91.802688,24.95094],[91.800821,24.949296]]}},{"type":"Feature","properties":{"name":"Slope rive of Surma","klass":"main"},"geometry":{"type":"LineString","coordinates":[[91.244991,24.743453],[91.24453,24.742659],[91.244377,24.742425],[91.244299,24.742315],[91.244291,24.742223],[91.244337,24.742145],[91.244355,24.742008],[91.244329,24.74186],[91.244267,24.741777],[91.244173,24.741674],[91.244101,24.741565],[91.24402,24.741404],[91.243969,24.741265],[91.243991,24.741107],[91.24406,24.740983],[91.244301,24.740807],[91.244475,24.740469],[91.244776,24.739945]]}},{"type":"Feature","properties":{"name":"Kalni river is Surma branch","klass":"main"},"geometry":{"type":"LineString","coordinates":[[91.259887,24.742057],[91.259404,24.741677],[91.2586,24.741472],[91.257956,24.741404],[91.25742,24.740975],[91.25698,24.740634],[91.255928,24.739913],[91.254619,24.739553],[91.253428,24.739426],[91.252645,24.73945],[91.252248,24.739309],[91.251272,24.73928],[91.250666,24.739099],[91.250379,24.739039],[91.250194,24.738934],[91.250159,24.7388],[91.250156,24.738637],[91.250188,24.738257],[91.250264,24.737945],[91.250398,24.737774],[91.250575,24.737643],[91.250961,24.737538],[91.251433,24.737628],[91.251618,24.73767],[91.251964,24.737657],[91.252208,24.737523],[91.252307,24.737326],[91.252516,24.736634],[91.252758,24.736235],[91.252844,24.735942],[91.252726,24.735738],[91.252323,24.735285],[91.252085,24.735002],[91.25191,24.73471],[91.251847,24.734515],[91.251719,24.73437],[91.251398,24.734196],[91.251224,24.733906],[91.251033,24.733452],[91.250841,24.733165],[91.250628,24.732956],[91.250317,24.732778],[91.250022,24.732673],[91.249663,24.732539],[91.249453,24.732142],[91.249338,24.731952],[91.24918,24.731869],[91.248778,24.731869],[91.248429,24.731811],[91.248257,24.731584],[91.248236,24.731177],[91.248225,24.728254],[91.248523,24.72831],[91.248702,24.728449]]}},{"type":"Feature","properties":{"name":"Surma river","klass":"main"},"geometry":{"type":"LineString","coordinates":[[91.193178,24.638384],[91.193168,24.636947],[91.193221,24.635495],[91.193408,24.634275],[91.193906,24.632914],[91.194499,24.631574],[91.195292,24.630288],[91.195835,24.629316],[91.196183,24.628632],[91.196377,24.62806],[91.196397,24.627558],[91.196351,24.627087],[91.19613,24.626572],[91.195757,24.626099],[91.195381,24.625835],[91.19492,24.625726],[91.194423,24.62576],[91.193701,24.62596],[91.192256,24.626838],[91.187081,24.629776],[91.183133,24.631336],[91.181717,24.631831],[91.180475,24.63216],[91.179495,24.632302],[91.178779,24.632316],[91.178238,24.632272],[91.177682,24.632142],[91.177442,24.631874],[91.177313,24.631584],[91.177317,24.631279],[91.177453,24.630961],[91.177833,24.630473],[91.179163,24.629368],[91.179585,24.628965],[91.179978,24.628461],[91.180228,24.628054],[91.180467,24.627545],[91.180604,24.627079],[91.180632,24.626361],[91.180523,24.625578],[91.180301,24.624823],[91.179967,24.624284],[91.179275,24.623262],[91.178452,24.622385],[91.177483,24.621589],[91.176172,24.62063],[91.174578,24.619433],[91.173102,24.618248],[91.171929,24.617142],[91.170832,24.616058],[91.169889,24.61491],[91.169169,24.613901],[91.168561,24.612779],[91.168152,24.611561],[91.168068,24.610856],[91.168109,24.610201],[91.168368,24.609328],[91.168795,24.6085],[91.169181,24.607692],[91.16928,24.606752],[91.168936,24.606378],[91.167891,24.60654],[91.167057,24.606794],[91.165265,24.606762],[91.164578,24.606801],[91.163806,24.60686],[91.162926,24.607055],[91.162111,24.607192],[91.161059,24.607523],[91.160373,24.607875],[91.15945,24.608362],[91.158953,24.608179],[91.158095,24.608159],[91.156336,24.607847],[91.155198,24.607164],[91.153997,24.606091],[91.15346,24.605916],[91.152988,24.60613],[91.152173,24.607028],[91.151014,24.608432],[91.149169,24.609115],[91.147431,24.609095],[91.145671,24.608627],[91.144491,24.607574],[91.144362,24.606598],[91.144899,24.605252],[91.145328,24.604043],[91.145049,24.603301],[91.144019,24.602872],[91.142796,24.602872],[91.141272,24.603633],[91.139985,24.603516],[91.138434,24.603028],[91.13646,24.602072],[91.13498,24.60174],[91.134229,24.601936],[91.133005,24.603223],[91.131997,24.603379],[91.129851,24.603262],[91.124916,24.600941],[91.123435,24.600511],[91.12299,24.600942]]}},{"type":"Feature","properties":{"name":"Kalni river","klass":"main"},"geometry":{"type":"LineString","coordinates":[[91.323166,24.694975],[91.322565,24.695189],[91.322329,24.695901],[91.321771,24.697958],[91.321846,24.698971],[91.323295,24.702744],[91.323552,24.704089],[91.323252,24.707948],[91.322812,24.708504],[91.322222,24.708465],[91.320806,24.707968],[91.318445,24.706915],[91.31749,24.706389],[91.317179,24.705794],[91.317201,24.705122],[91.317673,24.700794],[91.317415,24.698767],[91.316171,24.696116],[91.315699,24.695121],[91.315302,24.693903],[91.314755,24.693386],[91.31381,24.693308],[91.312394,24.693971],[91.31175,24.695024],[91.310849,24.696154],[91.310517,24.698484],[91.310484,24.70019],[91.311225,24.706136],[91.311429,24.707227],[91.311707,24.708007],[91.3116,24.708329],[91.31057,24.708514],[91.308918,24.708387],[91.306976,24.707715],[91.306,24.707013],[91.30526,24.706915],[91.304852,24.707052],[91.304648,24.707227],[91.304605,24.707646],[91.305249,24.708601],[91.305571,24.709284],[91.306161,24.710102],[91.307277,24.711155],[91.308521,24.712081],[91.308875,24.712656],[91.308886,24.713124],[91.308521,24.713767],[91.308532,24.714196],[91.309208,24.714907],[91.310248,24.715599],[91.310742,24.715911],[91.310871,24.716282],[91.31042,24.717051],[91.308446,24.718007],[91.307813,24.718143],[91.307523,24.718045],[91.307083,24.717519],[91.306558,24.71749],[91.305603,24.717841]]}},{"type":"Feature","properties":{"name":"Gowain","klass":"feeder"},"geometry":{"type":"LineString","coordinates":[[91.981224,25.089627],[91.981147,25.088462]]}},{"type":"Feature","properties":{"name":"Gowain","klass":"feeder"},"geometry":{"type":"LineString","coordinates":[[91.981147,25.088462],[91.981648,25.087523],[91.982471,25.086739],[91.983161,25.086172],[91.983799,25.08549],[91.984188,25.084815],[91.984287,25.083111],[91.983791,25.081647],[91.98374,25.079555],[91.983856,25.077789],[91.983418,25.076125],[91.982818,25.074949],[91.982388,25.073812],[91.982292,25.072762],[91.982399,25.070819],[91.982904,25.068924],[91.983,25.068292],[91.982914,25.067796],[91.982689,25.067145],[91.982131,25.066656],[91.980717,25.065981],[91.97986,25.065486],[91.979249,25.064755],[91.978965,25.064166],[91.979032,25.063162],[91.979382,25.062057],[91.979809,25.060886],[91.980103,25.059837],[91.980033,25.059119],[91.979853,25.058167],[91.979595,25.057184],[91.979082,25.056526],[91.978343,25.05594],[91.976995,25.055065],[91.975286,25.054462],[91.973609,25.054154],[91.972647,25.053879],[91.972185,25.053646],[91.971724,25.053247],[91.971488,25.052907],[91.97107,25.051857],[91.970791,25.051323],[91.969997,25.050798],[91.969532,25.050655],[91.968462,25.050808],[91.967451,25.051297],[91.966252,25.052071],[91.964554,25.053143],[91.962044,25.053474],[91.960502,25.053451],[91.959404,25.053279],[91.95857,25.052732],[91.958203,25.051627],[91.958334,25.049719],[91.958017,25.049122],[91.957602,25.048342],[91.956915,25.047797],[91.955352,25.046881],[91.95444,25.045654],[91.950982,25.041144],[91.948418,25.039147],[91.946973,25.037622],[91.945736,25.03589],[91.944366,25.033856],[91.942657,25.032079],[91.939915,25.029491]]}},{"type":"Feature","properties":{"name":"Sonai River","klass":"feeder"},"geometry":{"type":"LineString","coordinates":[[92.892349,24.393338],[92.892645,24.393421],[92.893431,24.393281],[92.894247,24.392962],[92.895986,24.392477],[92.898959,24.391204],[92.899454,24.391117],[92.900361,24.391227],[92.902535,24.391656],[92.903499,24.392003],[92.90363,24.392278],[92.903683,24.392718],[92.903559,24.393125],[92.903065,24.393629],[92.902282,24.394545],[92.902164,24.394824],[92.902253,24.395478],[92.902976,24.396652],[92.903383,24.397863],[92.903636,24.399101],[92.904318,24.400607],[92.904601,24.400934],[92.905189,24.40118],[92.905672,24.401813],[92.90606,24.402129],[92.906554,24.402928],[92.90659,24.403603],[92.90656,24.404214],[92.90606,24.405773],[92.906025,24.406245],[92.906166,24.40684],[92.906466,24.407729],[92.907261,24.408984],[92.907367,24.409412],[92.907337,24.409723],[92.906867,24.410704],[92.906755,24.411433],[92.906684,24.411802],[92.906719,24.412065],[92.907308,24.412462],[92.907602,24.412831],[92.908597,24.413169],[92.910886,24.414509],[92.911192,24.414787],[92.911298,24.41505],[92.911322,24.415264],[92.91098,24.415591],[92.910674,24.416218],[92.910374,24.41751],[92.910333,24.417842],[92.910539,24.418244],[92.912705,24.420446],[92.915194,24.422466],[92.915476,24.4229],[92.915641,24.423383],[92.915641,24.423972],[92.915594,24.424283],[92.915383,24.424468],[92.914959,24.424819],[92.914547,24.425408],[92.914441,24.425708],[92.914958,24.426753],[92.915141,24.426938],[92.915657,24.427018],[92.915924,24.427166],[92.916448,24.427204],[92.917672,24.427785],[92.918261,24.428268],[92.919155,24.42943],[92.919726,24.430282],[92.919873,24.430861],[92.91978,24.431343]]}},{"type":"Feature","properties":{"name":"Sonai River","klass":"feeder"},"geometry":{"type":"LineString","coordinates":[[92.91978,24.431343],[92.919649,24.431658],[92.919485,24.431873],[92.919204,24.43189],[92.918742,24.431797],[92.918115,24.431915],[92.917597,24.432039],[92.917205,24.432271],[92.917232,24.432611],[92.917541,24.433233],[92.917911,24.433497],[92.918573,24.434428],[92.919295,24.435077],[92.920928,24.436362],[92.921746,24.436928],[92.921819,24.437067],[92.921543,24.438108],[92.921242,24.439001],[92.920663,24.440259],[92.920556,24.440566],[92.920963,24.441006],[92.92217,24.441563],[92.922455,24.441616],[92.922787,24.441045],[92.923313,24.439111],[92.923704,24.437724],[92.923935,24.436943],[92.924284,24.436391],[92.924681,24.436142],[92.925169,24.436093],[92.925555,24.436161],[92.925931,24.436327],[92.926118,24.43663],[92.926344,24.437241],[92.927057,24.43834],[92.928162,24.440947],[92.928919,24.442676],[92.93026,24.446261],[92.930914,24.447755],[92.931027,24.448336],[92.930582,24.4488],[92.928876,24.449352],[92.928398,24.449738],[92.928194,24.450309],[92.928479,24.451037],[92.929782,24.453263],[92.931483,24.455124],[92.933226,24.456819],[92.933564,24.457312],[92.933629,24.457863],[92.934776,24.459372],[92.935753,24.460471],[92.93667,24.462317],[92.936896,24.463074],[92.936633,24.464446],[92.936193,24.466218],[92.936096,24.466667],[92.936193,24.467024],[92.938499,24.469719],[92.940565,24.471955],[92.940801,24.472609],[92.941144,24.474069],[92.941262,24.474958],[92.941021,24.47674],[92.94101,24.477311],[92.941343,24.477946],[92.941831,24.4782],[92.942668,24.478942],[92.943263,24.479948],[92.943746,24.480963],[92.944186,24.482457],[92.944669,24.483707],[92.945221,24.484429],[92.946117,24.48502],[92.946707,24.485557],[92.947753,24.487588],[92.948397,24.488911],[92.948917,24.490302],[92.949035,24.490913],[92.948746,24.492133],[92.948665,24.492645],[92.948719,24.493265],[92.949202,24.493998],[92.950779,24.494432],[92.951208,24.494842],[92.952838,24.497171],[92.953986,24.498845],[92.954421,24.499519],[92.955049,24.500505],[92.955408,24.501476],[92.955478,24.502072]]}},{"type":"Feature","properties":{"name":"Manu","klass":"feeder"},"geometry":{"type":"LineString","coordinates":[[91.918595,24.45132],[91.918595,24.453166],[91.918863,24.455539],[91.918241,24.458195],[91.917704,24.460735],[91.917801,24.461985],[91.917897,24.462698],[91.917973,24.463469],[91.91867,24.464455],[91.919367,24.465471],[91.919807,24.466184],[91.919979,24.46678],[91.919957,24.467209],[91.919678,24.467776],[91.918852,24.468049],[91.917383,24.467649],[91.915752,24.466994],[91.914689,24.46678],[91.913681,24.466819],[91.912651,24.467131],[91.911997,24.467639],[91.9116,24.468742],[91.911524,24.470246],[91.91175,24.471281],[91.912801,24.472219],[91.914099,24.473371],[91.914893,24.474103],[91.916009,24.474972],[91.916277,24.475832],[91.916138,24.476398],[91.91587,24.476799],[91.915151,24.477033],[91.914647,24.476925],[91.914099,24.476457],[91.913509,24.475754],[91.912898,24.47506],[91.912297,24.474787],[91.911385,24.47468],[91.91072,24.474719],[91.910151,24.474963],[91.909368,24.475754],[91.90807,24.477697],[91.906793,24.479474],[91.9063,24.480802],[91.906278,24.481446],[91.906557,24.482276],[91.9069,24.482882],[91.907383,24.483507],[91.907748,24.484092],[91.90792,24.484639],[91.907823,24.48545],[91.907533,24.485674],[91.906651,24.485807]]}},{"type":"Feature","properties":{"name":"Barak River","klass":"main"},"geometry":{"type":"LineString","coordinates":[[93.295603,24.705272],[93.295468,24.704943],[93.29533,24.704766],[93.295256,24.704554],[93.29511,24.704234],[93.294757,24.703947]]}}]}