{"type":"FeatureCollection","features":[{"id":"19","type":"Feature","properties":{"shapeName":"Habiganj","district":"Habiganj"},"geometry":{"type":"Polygon","coordinates":[[[91.30314268900008,23.997076917000072],[91.30394804000008,23.99814043500004],[91.30513910300004,23.995396111000048],[91.31488150800004,23.990572517000032],[91.32346181600008,23.99463531400005],[91.32682407000004,23.991704222000067],[91.32998836200005,23.992617100000075],[91.33371835000008,23.99079352900003],[91.33735016600008,23.984568764000073],[91.34116401400007,23.982126040000026],[91.34746470700009,23.98434332000005],[91.35273158600006,23.981841091000035],[91.36158089700007,23.986398733000044],[91.36270120600005,23.98329947600007],[91.37356452800003,23.975365561000046],[91.37946250900006,23.975454907000028],[91.37959500800008,23.979156904000035],[91.37768213800007,23.980264317000035],[91.38008455500005,23.98260425600006],[91.37732440800005,23.982718397000042],[91.37794535500007,23.985550586000045],[91.37613839700003,23.98680915400007],[91.37651206100008,23.988443456000027],[91.37845606700006,23.988701983000055],[91.37671261900005,23.990721809000036],[91.37895390600005,23.991244891000065],[91.37822132200006,23.99312534200004],[91.37657612100008,23.992793559000063],[91.37417878400004,23.995103106000045],[91.37616474200007,23.995291003000034],[91.37648974700005,23.996770726000022],[91.37495110900005,23.996061586000053],[91.37537731700007,23.99787045900007],[91.37369339500003,23.997767331000034],[91.37516822100008,23.99941157300003],[91.37391139000005,24.000928437000027],[91.37490112100005,24.00231824800005],[91.37324987500006,24.00280370100006],[91.39080838200005,24.02591135700004],[91.39638258300005,24.042470039000023],[91.39653445100004,24.049753640000063],[91.37707510800004,24.079991738000047],[91.37453406600008,24.107898085000045],[91.38714692900004,24.107360738000068],[91.38892537200007,24.10869731300005],[91.39412280400006,24.108418335000067],[91.40146684800004,24.111602008000034],[91.40131512600004,24.109761606000063],[91.40373768300003,24.109208057000046],[91.41249944800006,24.110084708000045],[91.42557672400005,24.107030535000035],[91.42805109300008,24.10858722000006],[91.42856946200004,24.10191098000007],[91.42995921500005,24.102184967000028],[91.43075187100004,24.100121081000054],[91.43724149700006,24.102871234000077],[91.44049935900006,24.10263255800004],[91.44303703800006,24.097349398000063],[91.44953622200006,24.101595622000048],[91.45199535500007,24.098406114000056],[91.45418997200005,24.098780841000064],[91.45475876900008,24.09668696400007],[91.45834174500004,24.09766410800006],[91.46247497900004,24.09623117700005],[91.46540453200004,24.098771432000035],[91.47123276500008,24.098924286000056],[91.47310811900007,24.101907536000056],[91.47346037400007,24.099956320000047],[91.47575663400005,24.10065800700005],[91.47745120200005,24.09848798400003],[91.48280332200005,24.097968586000036],[91.48728511200005,24.09539194000007],[91.49168602800006,24.097221038000043],[91.49493502100006,24.095649881000043],[91.49239700200008,24.091022830000043],[91.49757474200004,24.087434733000066],[91.50856600500003,24.086578684000074],[91.54416056900004,24.076076689000047],[91.54521117600007,24.074345314000027],[91.55725920400005,24.076983321000057],[91.57284470100007,24.07489719000006],[91.57238510500008,24.077480411000067],[91.57440202300006,24.080146822000074],[91.58227123600005,24.07355014500007],[91.58597893100006,24.072751996000022],[91.58733466000007,24.07501142800004],[91.59236102700004,24.07571507600005],[91.59183610100007,24.07843622000007],[91.59384019500004,24.082793262000052],[91.59843216700006,24.08460709700006],[91.59838188100008,24.08677737100004],[91.59296490900005,24.08933302300005],[91.59109113800008,24.093138488000022],[91.59529449700005,24.09342937100007],[91.59445536500004,24.09665278400007],[91.59727288600004,24.09599185600007],[91.59917431000008,24.09724460800004],[91.60028193300008,24.095447618000037],[91.60253344000006,24.09674483400005],[91.60267173900007,24.095526498000027],[91.60446505200008,24.095918005000044],[91.60350872300006,24.09421734700004],[91.61120045400008,24.091816055000038],[91.61566649000008,24.095577880000064],[91.61693823800005,24.09439506700005],[91.61972469400007,24.09683033500005],[91.62140485200007,24.095354271000076],[91.62259005200008,24.097356881000053],[91.62483160200009,24.096726715000045],[91.62571012800004,24.099431432000074],[91.62690252800007,24.098983920000023],[91.62917429100008,24.10160664800003],[91.63183813100005,24.10000208300005],[91.63416429700004,24.10232155800003],[91.63517857100004,24.101192465000054],[91.63786816300006,24.103065955000034],[91.63672020500007,24.106697525000072],[91.63946514300005,24.108640137000066],[91.64110855100006,24.11322455900006],[91.63844422500006,24.129735125000025],[91.63435922400004,24.13817814400005],[91.64652755200007,24.156755962000034],[91.64416099500005,24.17072814000005],[91.64518713100006,24.17399663200007],[91.64133952800006,24.176584650000052],[91.64118793800009,24.18796027700006],[91.63752636200007,24.19120463300004],[91.63656763700004,24.19721458400005],[91.62939096900004,24.199182093000047],[91.63141927700008,24.202642455000046],[91.62921346100006,24.210143764000065],[91.62547510500008,24.211482854000053],[91.62389281700007,24.217480772000044],[91.62179659600008,24.219790446000047],[91.61984682400004,24.22915692600003],[91.61537588900006,24.232627260000072],[91.61820632400008,24.23954044900006],[91.61570491800006,24.247521610000035],[91.61289093300007,24.250264892000075],[91.61440581500005,24.253683482000042],[91.61822433200007,24.254876015000036],[91.61880171100006,24.25798679500008],[91.61837811800007,24.261042762000045],[91.61607288200008,24.263386770000068],[91.61677311500006,24.277469523000036],[91.61397025700006,24.285913245000074],[91.62529665000005,24.297183913000026],[91.62585794200004,24.301076430000023],[91.63151941400008,24.31119428900007],[91.63118650100006,24.334934279000038],[91.62950474800004,24.34458855400004],[91.62308468600008,24.351469618000067],[91.62046274100004,24.36049954500004],[91.62406592400004,24.361889345000066],[91.62479085800004,24.36394990200006],[91.61898412100004,24.365139596000063],[91.61856594100004,24.361519267000062],[91.60321373300008,24.362649136000073],[91.60296819300004,24.411610556000028],[91.60163876800004,24.415464436000036],[91.60373701900005,24.417144282000038],[91.61987488700004,24.415923294000038],[91.62069445800006,24.417359800000042],[91.61803822700006,24.42196334600004],[91.61883967100005,24.427145025000073],[91.61605995400004,24.428656706000027],[91.61993190000004,24.433321337000052],[91.61787011700005,24.439512216000026],[91.61338064900008,24.440631298000028],[91.61038259000009,24.437843799000063],[91.60740921100006,24.44175585000005],[91.61100198000008,24.451896086000033],[91.61096659800006,24.458808515000044],[91.61392026800007,24.46353721400004],[91.60964886800008,24.479932836000046],[91.61244166900008,24.489707873000043],[91.61236070400008,24.49201518800004],[91.61016147200007,24.49225028400008],[91.61296072900006,24.492787002000057],[91.61234520300007,24.493749566000076],[91.61585469300007,24.498415800000032],[91.61344131800007,24.501836668000067],[91.62290449500006,24.513638182000022],[91.61996357600003,24.515753311000026],[91.62068689100005,24.51751586300003],[91.62854267900008,24.516844365000054],[91.63098169600005,24.519290364000028],[91.63543473000004,24.51977940200004],[91.63198762500008,24.526248993000024],[91.63347000900006,24.528494790000025],[91.63491335900005,24.527246650000052],[91.63822481700004,24.52825473300004],[91.63997778900006,24.53564759900007],[91.63533282900005,24.538196339000024],[91.63525598100006,24.544023323000033],[91.63798910100007,24.545262265000076],[91.64553786500005,24.54141203100005],[91.64823753400003,24.542260071000044],[91.64769031700007,24.544291428000065],[91.65193083400004,24.54426364400007],[91.65446264800005,24.546276485000078],[91.65213828000003,24.548231412000064],[91.65264805000004,24.550550286000032],[91.64930465300006,24.54965351100003],[91.64720091900006,24.551553472000023],[91.64584892800008,24.556265706000033],[91.64117346500007,24.556470757000056],[91.64389010500008,24.566213049000055],[91.63482002100005,24.56478636500003],[91.63111718100004,24.573847872000044],[91.63152491100004,24.577503129000036],[91.62932348600003,24.576486903000045],[91.62419762400003,24.578100950000078],[91.62692076700006,24.582671971000025],[91.62982130200004,24.583767570000077],[91.62972290600004,24.587417585000026],[91.62583763300006,24.589883386000054],[91.62243667000007,24.590144679000048],[91.60983157300006,24.583011397000064],[91.60831341100004,24.585910795000075],[91.61184448600005,24.59393620700007],[91.61814458900005,24.597470170000065],[91.62120601000004,24.601880755000025],[91.62774492800008,24.597535950000065],[91.62802792700006,24.59579532300006],[91.62967029500004,24.595842447000052],[91.62947177500007,24.589853124000058],[91.63158091000008,24.58849225800003],[91.63559866100007,24.589680025000064],[91.63120487800006,24.594002481000075],[91.63307278700006,24.595260994000057],[91.63799486500005,24.59274196900003],[91.64412463200006,24.596276670000066],[91.65414379500004,24.59656982200005],[91.66139477200005,24.59241781000003],[91.66448906100004,24.60042464600008],[91.66376387400004,24.60299468200003],[91.66760173700004,24.607132687000046],[91.66392933000003,24.613541137000027],[91.66413633600007,24.61602919300003],[91.66246335300008,24.616627248000043],[91.66092173000004,24.62590590700006],[91.65423745400005,24.628791033000027],[91.65089563800007,24.62624993600008],[91.64277959500004,24.626409357000057],[91.63611488900005,24.628226906000066],[91.63470791100008,24.630645668000057],[91.63157470800007,24.63054764700007],[91.63283078100005,24.633613534000062],[91.63515646200005,24.633802137000032],[91.63841020000007,24.637691585000027],[91.64146083900005,24.63802511800003],[91.64559169900008,24.642249615000026],[91.64630929900005,24.645416066000053],[91.63966233700006,24.648238109000033],[91.64174100400004,24.652321423000046],[91.64030529400009,24.657086999000057],[91.64811948000005,24.662894679000033],[91.65738800700007,24.679346399000053],[91.65234344500004,24.678648071000055],[91.64913400700004,24.675005690000035],[91.63692386500009,24.67483229900006],[91.63193537200004,24.67211069500007],[91.63051537100006,24.669626170000072],[91.63199088400006,24.657771213000046],[91.62713690500004,24.656218358000046],[91.61406378200007,24.675269369000034],[91.61261364000006,24.674931119000064],[91.61208312700006,24.669791290000035],[91.60024913600006,24.670412199000054],[91.59239280000008,24.666995168000028],[91.58986764500008,24.663637063000067],[91.59230910600007,24.660401857000068],[91.59097091100006,24.65889121300006],[91.58378544800007,24.661092972000063],[91.58405621300005,24.671873362000042],[91.58289184500006,24.67430210400005],[91.57987566300005,24.67495237600008],[91.56836295100004,24.66443479800006],[91.56978277900004,24.661331930000074],[91.57469739400005,24.660566049000067],[91.57685949400008,24.658069897000075],[91.57866715500006,24.649788510000064],[91.57641289300005,24.645325720000073],[91.57318179600009,24.653360709000026],[91.56535937500007,24.658560925000074],[91.55999469800008,24.664649476000022],[91.55874976600006,24.663660139000058],[91.55938884300008,24.659132045000035],[91.55793879800007,24.658229478000067],[91.55501444600009,24.660391274000062],[91.55232569900005,24.666230062000068],[91.55004367400005,24.66676943300007],[91.54793041200008,24.664421571000048],[91.54482335400007,24.65478078900003],[91.53707978900007,24.648225812000078],[91.53569918100004,24.649897397000075],[91.53583610300007,24.657655119000026],[91.53043443800004,24.661488504000033],[91.52777891000005,24.661329301000023],[91.52664111600006,24.65658628700004],[91.52254802600004,24.66420637500005],[91.51873122000006,24.66255029100006],[91.51330774600007,24.663051419000055],[91.49583405700008,24.669013807000056],[91.49432268100009,24.66858753100007],[91.49364137600008,24.664533266000035],[91.48422410000006,24.671004878000076],[91.48284218400005,24.67076682800007],[91.48261324500004,24.664043178000043],[91.47608933200007,24.668613761000074],[91.46741660700008,24.661178192000023],[91.46518341300003,24.657466233000036],[91.46322134100006,24.65851191200005],[91.46415136900004,24.66168805700005],[91.46270289000006,24.66468081900007],[91.45522907700007,24.666921655000067],[91.44768456200006,24.665147989000047],[91.44587486700004,24.662880909000023],[91.44727208700004,24.65701621900007],[91.44457177500004,24.65209618700004],[91.44180216200004,24.651176924000026],[91.44241466900007,24.657726611000044],[91.43804798500008,24.66176411400005],[91.43820354100006,24.66919124800006],[91.43542450600006,24.669205417000057],[91.43069160300007,24.673353451000025],[91.42848669700004,24.66944989700005],[91.42545293700005,24.669876028000033],[91.42879665900006,24.68223415400007],[91.41599764000006,24.679796606000025],[91.41443765900004,24.677461882000046],[91.41543305600004,24.672570794000023],[91.41378724000003,24.671213773000034],[91.40900683000007,24.673955212000067],[91.40029419500007,24.670658997000032],[91.39789571900008,24.672074185000042],[91.39860161700005,24.677053753000052],[91.39498792300003,24.674013847000026],[91.39058303300004,24.673907401000065],[91.39095129900005,24.678375439000035],[91.38608400400005,24.68316223000005],[91.39178351100009,24.686072970000055],[91.39190741700008,24.687663323000038],[91.38576505900005,24.690236081000023],[91.38005663400008,24.69532618200003],[91.37162993800007,24.690632290000053],[91.35235727600008,24.68978678600007],[91.34880153100005,24.68810648300007],[91.34864262800005,24.686313218000066],[91.35755649000004,24.682365264000055],[91.35981003600006,24.67931421800006],[91.35060446600005,24.667451854000035],[91.34850269200007,24.665952580000067],[91.34556421300005,24.666763970000034],[91.34406675700006,24.673239987000045],[91.34262664100004,24.673490468000068],[91.33845606800008,24.66536123700007],[91.33103875800003,24.661115895000023],[91.31284479400006,24.64652543400007],[91.31043324700005,24.647928639000042],[91.30779097200008,24.654396845000065],[91.30508490600005,24.654400055000053],[91.30381154900005,24.647625024000035],[91.30722439500005,24.642033998000045],[91.30814601300006,24.63684837200003],[91.29961554100004,24.61497528500007],[91.29664192900003,24.60205965700004],[91.29368228800007,24.597163703000035],[91.29029923900003,24.59537768000007],[91.28376243000008,24.59555829800007],[91.27356206300004,24.598233780000044],[91.27201665000007,24.60021260600007],[91.27391411800005,24.60520435500007],[91.27267171400007,24.605655652000053],[91.26459222100004,24.592872656000054],[91.26641994500005,24.586557029000062],[91.26512199800004,24.579745047000074],[91.23396119200004,24.56896290700007],[91.22625961900007,24.554472282000063],[91.22138901200003,24.538980742000035],[91.21085638900007,24.52085531700004],[91.19097831500005,24.500764408000066],[91.18285840800007,24.494944876000034],[91.17906708600003,24.494422538000038],[91.17380323500004,24.501242082000033],[91.16878199000007,24.50047111400005],[91.15467523700005,24.487686842000073],[91.15004878700006,24.480409063000025],[91.15388960600006,24.476339152000037],[91.16024763300004,24.48278061600007],[91.16753248400005,24.485525084000074],[91.19302887900005,24.481311229000028],[91.19525533600006,24.47812336100003],[91.18785321300004,24.477417536000075],[91.18410014100004,24.471437184000024],[91.18744726700004,24.47036789400005],[91.19072252400008,24.465728656000067],[91.19904332900006,24.46662348900003],[91.19975809000005,24.474113126000077],[91.20268036100003,24.476300104000074],[91.20491086500004,24.48076144600003],[91.20799051900008,24.480416269000045],[91.21422849700008,24.475847645000044],[91.21899305700003,24.474570414000027],[91.21995947200008,24.475537902000042],[91.21504074000006,24.481313568000076],[91.21528647500008,24.483525744000076],[91.22094079100003,24.485014189000026],[91.22622880600005,24.482549506000055],[91.23245892500006,24.473054683000043],[91.23704548800004,24.46072398700005],[91.23786122300004,24.441535544000033],[91.24212198200007,24.42725170400007],[91.23930806500005,24.426069776000077],[91.22618621500004,24.434588009000038],[91.21710544600006,24.432475965000037],[91.21990988100004,24.418639532000043],[91.21525572800005,24.409277892000034],[91.21601896100003,24.40768747100003],[91.21384614500005,24.402642163000053],[91.21595426800008,24.401511670000048],[91.22099290800008,24.402170991000048],[91.21748384500006,24.407153055000038],[91.21954256500004,24.409537476000025],[91.22765936700006,24.405830885000057],[91.23125743500003,24.407975761000046],[91.23751785600007,24.406785183000068],[91.24314337500005,24.39892717200007],[91.24241948300005,24.396686781000028],[91.24373707700005,24.395233911000048],[91.24184876300006,24.393595133000076],[91.24539787400005,24.391828189000023],[91.24724712000005,24.388481291000062],[91.25441071700004,24.382572654000057],[91.25579305800005,24.379343533000053],[91.25152726900006,24.376051657000062],[91.24256666400004,24.379533846000072],[91.23794942500007,24.372009710000043],[91.23064331000006,24.366017054000054],[91.22031817300007,24.366759757000068],[91.21458045800006,24.36410795200004],[91.21274130900008,24.36159185500003],[91.21257556000006,24.35874628600004],[91.22160823100006,24.35063374500004],[91.23456958100007,24.33255627500006],[91.23735859800007,24.321119477000025],[91.23496387800003,24.31603613200008],[91.22830032400003,24.315074245000062],[91.19776997800005,24.32171696900008],[91.18699819100004,24.322161116000075],[91.17656410500007,24.321032235000075],[91.16999609400006,24.31490146300007],[91.15961686500003,24.292899729000055],[91.15857079100005,24.28267413100008],[91.18509479300008,24.29278384400004],[91.19593065100008,24.293197318000068],[91.19645660100008,24.290312382000025],[91.19306787700003,24.279831787000035],[91.17355789400006,24.26519860600007],[91.17782908600003,24.258814122000047],[91.17744552400006,24.256873780000035],[91.18651247100007,24.248107816000072],[91.19088528800006,24.24595762900003],[91.19488236800004,24.239842943000042],[91.20299360000007,24.23959898800007],[91.20359343600006,24.23720899800003],[91.20542443300008,24.23672885900004],[91.21008109900004,24.239546182000026],[91.21480900400007,24.23655490300007],[91.22008614000003,24.23812636400004],[91.22104361300006,24.23680471800003],[91.21892488100008,24.235116024000035],[91.22046309600006,24.234344553000028],[91.22523102500008,24.237444416000073],[91.22716259400005,24.23455934800006],[91.23426887200009,24.233998990000032],[91.23533814100006,24.23611591100007],[91.23920420800005,24.234332531000064],[91.23891454300008,24.231432656000038],[91.24075316200003,24.233857655000065],[91.24219228900006,24.23265894800005],[91.24630221000007,24.233120909000036],[91.24904713900008,24.229691030000026],[91.25758606000005,24.22864936700006],[91.26022859500006,24.226237781000066],[91.26568851200005,24.225186138000026],[91.26695400900007,24.223267892000024],[91.26722972500005,24.227371144000074],[91.27025853500004,24.224026587000026],[91.27215281500008,24.227980287000037],[91.27319322000005,24.224972300000047],[91.27996268100009,24.224908765000066],[91.28188354200006,24.226937466000038],[91.28599167100003,24.22336904200006],[91.28608454300007,24.230531195000026],[91.28468269500007,24.23153583100003],[91.28173613100006,24.230532880000055],[91.28082050800003,24.231662637000056],[91.28417825200006,24.24088503400003],[91.28370854900004,24.24486752200005],[91.28753449100003,24.24819456000006],[91.28742514700008,24.250968990000047],[91.29167304400005,24.255635065000035],[91.29296236400006,24.259493125000063],[91.29685934600008,24.260045799000068],[91.30172955800003,24.266389881000066],[91.30705578800007,24.267971368000076],[91.31131039500008,24.267166579000047],[91.31607577500006,24.264731769000036],[91.32098649800008,24.264404727000056],[91.32063971100007,24.26152759000007],[91.32516396200003,24.260396678000063],[91.32416971200007,24.255581386000074],[91.32603486200009,24.254797549000045],[91.32570867600003,24.249817842000027],[91.32885864400004,24.249469213000054],[91.32836204000006,24.24231296800008],[91.32495919200005,24.240396571000076],[91.32336041800005,24.234064318000037],[91.32401530800007,24.22954225500007],[91.32179215000008,24.229358390000073],[91.32083817900008,24.231507460000046],[91.32070387000005,24.229645523000045],[91.31988575300005,24.23112346000005],[91.31446020600004,24.230760650000036],[91.31464778900005,24.22727099900004],[91.30869560800005,24.227874838000048],[91.30613866500005,24.220367031000023],[91.30296892200005,24.22016165100007],[91.29853479400003,24.223023270000056],[91.29813495800005,24.21369303700004],[91.29209448200004,24.213849950000053],[91.28971437000007,24.21870656300007],[91.28380205900004,24.217554326000027],[91.28473249300004,24.210242987000072],[91.28107617900008,24.20898466600005],[91.28153319500007,24.20687104600006],[91.27937029200007,24.206515584000044],[91.27941894200006,24.204731630000026],[91.27721721000006,24.20306928100007],[91.27807110000003,24.199590409000052],[91.28536076500006,24.19538968300003],[91.29114662900008,24.196246651000024],[91.29388727600008,24.199782584000047],[91.29691083900008,24.198240869000074],[91.29746792600008,24.203368316000024],[91.30521751500004,24.198393447000058],[91.30473575900004,24.20275086600003],[91.31266229200008,24.203490445000057],[91.31477924200004,24.19288388500007],[91.31316460300008,24.183320905000073],[91.31168465400003,24.183476443000075],[91.30920677100005,24.190445633000024],[91.30524816800005,24.19070591600007],[91.30130866300004,24.189515397000037],[91.29799041900009,24.185868807000077],[91.28429480700004,24.185905797000032],[91.28406149300008,24.18066830600003],[91.27721483900007,24.18151825800004],[91.27538159200003,24.168724746000066],[91.27718966200007,24.165078161000054],[91.27527616100008,24.15656074800006],[91.27146300900006,24.15600896500007],[91.26697999800007,24.158137431000057],[91.26833596800003,24.148500004000027],[91.26171365500005,24.14635309600004],[91.26323508100006,24.140252111000052],[91.27171388100004,24.14102043500003],[91.27160070000008,24.123667167000065],[91.28616508800008,24.121441055000048],[91.29247376000006,24.11749783500005],[91.29023801900007,24.115003383000044],[91.28349231800007,24.11705091300007],[91.28417297800007,24.11143430100003],[91.27083773200007,24.11254370300003],[91.26914647400008,24.09698874700007],[91.26747273100005,24.094227369000066],[91.27503445600007,24.09396242100007],[91.27940698600008,24.08886754100007],[91.28202372600003,24.093635864000078],[91.29313705700008,24.09353717700003],[91.29236999400007,24.086144689000037],[91.28914892600005,24.08625259200005],[91.28830114200008,24.077581768000073],[91.28342987800005,24.071844172000056],[91.28415606100003,24.06840582600006],[91.28703552400003,24.066388090000032],[91.28409763500008,24.06377184300004],[91.28406735600004,24.06079138000007],[91.28537925500007,24.05932867000007],[91.28587824400006,24.060734971000045],[91.29459026600006,24.060636115000023],[91.29597888000006,24.05825604900008],[91.30078593100006,24.05853924200005],[91.30160840300005,24.05647268100006],[91.30406762400008,24.05628975600007],[91.30358120600005,24.043729331000065],[91.30621912100008,24.044102507000048],[91.30760251100008,24.041244325000036],[91.31164606900006,24.039634443000068],[91.31244786500008,24.028664270000036],[91.31038773900008,24.026578309000058],[91.30607408100008,24.027509758000065],[91.30403193300003,24.026036517000023],[91.30460173100005,24.023737854000046],[91.30685886600008,24.02435471900003],[91.30840000400008,24.022591857000066],[91.30752286600006,24.016247902000032],[91.30408942900004,24.011024638000038],[91.30120265000005,24.012963136000053],[91.30174594600004,24.009557305000044],[91.29726095100006,24.008243535000076],[91.29804824100006,24.006917809000072],[91.29525128000006,24.00537067600004],[91.29560465600008,24.00139187800005],[91.29428647400005,24.00129915900004],[91.29651757600004,23.998196851000046],[91.29987410000007,23.998949596000045],[91.30314268900008,23.997076917000072]]]}},{"id":"27","type":"Feature","properties":{"shapeName":"Kishoreganj","district":"Kishoreganj"},"geometry":{"type":"Polygon","coordinates":[[[91.17355789400006,24.26519860600007],[91.19306787700003,24.279831787000035],[91.19645660100008,24.290312382000025],[91.19593065100008,24.293197318000068],[91.18509479300008,24.29278384400004],[91.15857079100005,24.28267413100008],[91.15961686500003,24.292899729000055],[91.16999609400006,24.31490146300007],[91.17656410500007,24.321032235000075],[91.18699819100004,24.322161116000075],[91.19776997800005,24.32171696900008],[91.22830032400003,24.315074245000062],[91.23496387800003,24.31603613200008],[91.23735859800007,24.321119477000025],[91.23456958100007,24.33255627500006],[91.22160823100006,24.35063374500004],[91.21257556000006,24.35874628600004],[91.21274130900008,24.36159185500003],[91.21458045800006,24.36410795200004],[91.22031817300007,24.366759757000068],[91.23064331000006,24.366017054000054],[91.23794942500007,24.372009710000043],[91.24256666400004,24.379533846000072],[91.25152726900006,24.376051657000062],[91.25579305800005,24.379343533000053],[91.25441071700004,24.382572654000057],[91.24724712000005,24.388481291000062],[91.24539787400005,24.391828189000023],[91.24184876300006,24.393595133000076],[91.24373707700005,24.395233911000048],[91.24241948300005,24.396686781000028],[91.24314337500005,24.39892717200007],[91.23751785600007,24.406785183000068],[91.23125743500003,24.407975761000046],[91.22765936700006,24.405830885000057],[91.21954256500004,24.409537476000025],[91.21748384500006,24.407153055000038],[91.22099290800008,24.402170991000048],[91.21595426800008,24.401511670000048],[91.21384614500005,24.402642163000053],[91.21601896100003,24.40768747100003],[91.21525572800005,24.409277892000034],[91.21990988100004,24.418639532000043],[91.21710544600006,24.432475965000037],[91.22618621500004,24.434588009000038],[91.23930806500005,24.426069776000077],[91.24212198200007,24.42725170400007],[91.23786122300004,24.441535544000033],[91.23704548800004,24.46072398700005],[91.23245892500006,24.473054683000043],[91.22622880600005,24.482549506000055],[91.22094079100003,24.485014189000026],[91.21528647500008,24.483525744000076],[91.21504074000006,24.481313568000076],[91.21995947200008,24.475537902000042],[91.21899305700003,24.474570414000027],[91.21422849700008,24.475847645000044],[91.20799051900008,24.480416269000045],[91.20491086500004,24.48076144600003],[91.20268036100003,24.476300104000074],[91.19975809000005,24.474113126000077],[91.19904332900006,24.46662348900003],[91.19072252400008,24.465728656000067],[91.18744726700004,24.47036789400005],[91.18410014100004,24.471437184000024],[91.18785321300004,24.477417536000075],[91.19525533600006,24.47812336100003],[91.19302887900005,24.481311229000028],[91.16753248400005,24.485525084000074],[91.16024763300004,24.48278061600007],[91.15388960600006,24.476339152000037],[91.15004878700006,24.480409063000025],[91.15467523700005,24.487686842000073],[91.16878199000007,24.50047111400005],[91.17380323500004,24.501242082000033],[91.17906708600003,24.494422538000038],[91.18285840800007,24.494944876000034],[91.19097831500005,24.500764408000066],[91.21085638900007,24.52085531700004],[91.22138901200003,24.538980742000035],[91.22625961900007,24.554472282000063],[91.23396119200004,24.56896290700007],[91.22526175300004,24.575476476000063],[91.22081096500006,24.574167095000064],[91.21273758200005,24.577864202000058],[91.20604983800007,24.577036876000022],[91.20487161700004,24.583550984000055],[91.20706454800006,24.585929287000056],[91.20299638700004,24.58773687000007],[91.19882104800007,24.586144706000027],[91.19672121700006,24.588805612000044],[91.19754648100007,24.591142430000048],[91.20430858000003,24.59418307800007],[91.19982473000005,24.601886210000032],[91.20002492000003,24.60941196500005],[91.17885034600005,24.616564333000042],[91.17733564800005,24.619635232000064],[91.18049593400008,24.624021798000058],[91.17825978900004,24.630293420000044],[91.19371311000003,24.625854489000062],[91.19494870300008,24.626451966000047],[91.19521432600004,24.631139414000074],[91.19205428600009,24.638435599000047],[91.18505102000006,24.635651488000065],[91.17485064600004,24.643079986000032],[91.16832857500003,24.634726931000046],[91.16380668200009,24.632179308000048],[91.15889007900006,24.633946035000065],[91.15433789100007,24.638964702000067],[91.14955077100007,24.638730467000073],[91.14722056200009,24.63645567100008],[91.14507507200005,24.638585144000047],[91.14223116500006,24.635491845000047],[91.13815939200003,24.634594279000055],[91.13624838800007,24.637948865000055],[91.12991454700006,24.642112789000066],[91.12858413000004,24.640431268000043],[91.12972132700008,24.637726009000062],[91.12711452200006,24.635827165000023],[91.12980795900006,24.632940345000065],[91.12731898800007,24.629160588000047],[91.12960641300003,24.625425696000036],[91.13465243900004,24.62218359600007],[91.13465824800005,24.62063821600003],[91.13304882100005,24.620381690000045],[91.13078889800005,24.616651615000023],[91.12885690700006,24.610029286000042],[91.12308883900005,24.61064080400007],[91.11771155100007,24.605978205000042],[91.10465897400007,24.60799808200005],[91.10393776200004,24.60608213000006],[91.10577598100008,24.60128075600005],[91.10459238100003,24.599710794000032],[91.09996212600004,24.605028138000023],[91.09923977600005,24.599438425000073],[91.09689020500008,24.599994577000075],[91.09726837000005,24.602726949000044],[91.09310328200007,24.601591185000075],[91.09184294700003,24.605245859000036],[91.08394139900008,24.60858728200003],[91.08327653900005,24.611386469000024],[91.07849825100004,24.613780597000073],[91.07318540600005,24.61895755300003],[91.06321139900007,24.617233541000076],[91.05826678000005,24.613070297000036],[91.05522529000007,24.612670604000073],[91.05315045800006,24.614387978000025],[91.04564365000004,24.610233183000048],[91.03823025900004,24.61097931200004],[91.03652080500007,24.612559046000058],[91.03609803500007,24.619319147000056],[91.04133471700004,24.624359339000023],[91.02997153900003,24.62995756600003],[91.02688504800005,24.628323805000036],[91.02150388200005,24.618903639000052],[91.02263775600005,24.611804592000055],[91.02100162700003,24.605331100000058],[91.01834639500004,24.603117376000057],[91.01023701800005,24.60572884800007],[91.00427291800008,24.60203399200003],[90.99604588500006,24.603071317000058],[90.99284326800006,24.601447187000076],[90.98447892700005,24.605222238000067],[90.97688398500009,24.59954282500007],[90.96629166200006,24.605138041000032],[90.96498257200005,24.609847536000075],[90.96286154300003,24.611496825000074],[90.95907146800005,24.60705134500006],[90.95575571500007,24.606822399000066],[90.95354927100004,24.602425967000045],[90.95001764900007,24.60187935700003],[90.94481822400007,24.605061024000065],[90.93868860400005,24.601849403000074],[90.93219311000007,24.606955517000074],[90.93311522300007,24.612166810000076],[90.93018962700006,24.61269855300003],[90.92747296100003,24.61586257600004],[90.92375987500003,24.613344926000025],[90.91632423200008,24.61372792000003],[90.91585439700003,24.60117955000004],[90.90914011400008,24.597493878000023],[90.90724957700007,24.594627246000073],[90.90402422300008,24.59979596200003],[90.89905616100003,24.597671278000064],[90.89084037000003,24.600315383000066],[90.88476653200007,24.600338788000045],[90.88171735500003,24.59882198400004],[90.88000487800008,24.592465748000052],[90.87636029400005,24.59450034400004],[90.86308725500004,24.594382289000066],[90.86323701700007,24.59911648600007],[90.85693897500005,24.599483229000043],[90.85487178100004,24.597069599000065],[90.85048235100004,24.596670005000078],[90.84816138600007,24.593123754000032],[90.85075021800003,24.59118215700005],[90.84560691200005,24.588153567000063],[90.84369955900007,24.58410877500006],[90.84178809500008,24.584785509000028],[90.83976122600006,24.579915553000035],[90.83473069300004,24.58243213000003],[90.82761901600009,24.583239581000043],[90.82351124300004,24.588069440000027],[90.81996583300008,24.588018232000024],[90.82199161200003,24.58061865600007],[90.81945163000006,24.57767764600004],[90.81969790100004,24.574546476000023],[90.81320677400004,24.57113234600007],[90.80994419700005,24.565653373000032],[90.81517103900006,24.56058979100004],[90.80919341800006,24.550896066000064],[90.81117620400005,24.54792546300007],[90.80975751000005,24.541772173000027],[90.80647149700008,24.540105478000044],[90.80743056100005,24.54495231800007],[90.80427041700005,24.546486437000056],[90.80170111300004,24.537880468000026],[90.80520080100007,24.53117878100005],[90.79921096500004,24.527490364000073],[90.79759360300005,24.51924895700006],[90.79409502700008,24.52015754400003],[90.79239116900004,24.518415582000046],[90.79448557800004,24.515059648000033],[90.79415949200006,24.508035670000027],[90.79043978500005,24.507473811000068],[90.78860976900006,24.509204390000036],[90.77940280500007,24.510458441000026],[90.77733747400003,24.508667367000044],[90.77119060800004,24.508861457000023],[90.76688650800008,24.510901300000057],[90.75856621400004,24.511009384000033],[90.75751977900006,24.51273452500004],[90.75525856100006,24.505167519000054],[90.75413836800004,24.505076597000027],[90.75499649300008,24.50394622500005],[90.75326389600008,24.503155614000036],[90.74527448300006,24.509289669000054],[90.74283807200004,24.509668574000045],[90.74210045800004,24.498462148000044],[90.73799722500007,24.490339430000063],[90.73558838600007,24.489779954000028],[90.73608921500005,24.486066218000076],[90.73142105400007,24.482716267000058],[90.72957669600004,24.476693401000034],[90.72272208300006,24.474417712000047],[90.72188922600003,24.471020271000043],[90.71702286500005,24.479004555000074],[90.71563605500006,24.491376701000036],[90.71394413500008,24.494113295000034],[90.71012405100004,24.494550696000033],[90.70876985300004,24.500341052000067],[90.70464427500008,24.500236745000052],[90.70571531300004,24.508882609000068],[90.70507823200006,24.51532829100006],[90.70327104300009,24.517736227000057],[90.69754165400008,24.51398434400005],[90.69741574700004,24.511515993000046],[90.68797796200005,24.50912141200007],[90.68637349900007,24.503351486000042],[90.68216300900008,24.502276084000073],[90.68381647300004,24.50049338100007],[90.68190708200007,24.50046081100004],[90.68321507400003,24.499132935000034],[90.68108988600005,24.498429060000035],[90.68272421900008,24.497336225000026],[90.68118487400005,24.49545054400005],[90.68317152900005,24.493813669000076],[90.68163218400008,24.49237843000003],[90.68539116000005,24.488509546000046],[90.68261646600007,24.48205791500004],[90.67921923200004,24.482401742000036],[90.67805981900005,24.481276899000022],[90.68125995800006,24.474801686000035],[90.68014406600008,24.467877386000055],[90.67823000200008,24.466995831000077],[90.67164799000005,24.467947554000034],[90.66323614500004,24.467030196000053],[90.66210982300004,24.469820195000068],[90.65862082300004,24.470849216000033],[90.65841908700008,24.473444931000074],[90.65586749400006,24.474847428000032],[90.65130023300009,24.47396178400004],[90.64825655800007,24.477807014000064],[90.64111252800006,24.475238705000038],[90.63683748200003,24.475538451000034],[90.63796296300006,24.48102537400007],[90.63187856500008,24.478705594000076],[90.62275942200006,24.488562321000074],[90.61670979000007,24.491369388000066],[90.61594930000007,24.495182063000073],[90.60429657300006,24.499096290000068],[90.59637186200007,24.49639860800005],[90.59417286000007,24.498256465000054],[90.58823601700004,24.49690636400004],[90.58683114900003,24.494055632000027],[90.58317552800008,24.493213497000056],[90.58243149000003,24.486756608000064],[90.57377328500007,24.482129497000074],[90.57652885100003,24.47638852600005],[90.57730515600008,24.471747325000024],[90.57550541000006,24.46779048800005],[90.57914456700007,24.46223914600006],[90.57888857000006,24.45858067200004],[90.58437370800004,24.455733835000046],[90.58743876300008,24.448073962000024],[90.59414442900004,24.445946810000066],[90.59712393100006,24.44294338800006],[90.59888554900004,24.446205830000054],[90.60542360400007,24.442226822000066],[90.61473103600008,24.440438865000033],[90.61853140700003,24.43748080000006],[90.63359705400006,24.435095103000037],[90.63644031000007,24.43073507500003],[90.63999627700008,24.42886128500004],[90.63991251300007,24.42594503500004],[90.63753511900006,24.42481597400007],[90.64601142600009,24.41645469300005],[90.64501734200007,24.40922978800006],[90.64630827200006,24.405379123000046],[90.64321757200008,24.402090704000045],[90.64287098400007,24.39706331600007],[90.64015772200008,24.39168186300003],[90.64209742900005,24.385718491000034],[90.63913995200005,24.377305137000064],[90.63530211000005,24.374779457000045],[90.63193080700006,24.358460535000063],[90.62684302400004,24.354468243000042],[90.62402908500007,24.347196435000058],[90.61862652100007,24.342309322000062],[90.61791578700007,24.33918728200007],[90.61925622400008,24.33788296000006],[90.62278405700005,24.338286797000023],[90.62543674400007,24.334860811000055],[90.64084763100004,24.306532100000027],[90.64353847600006,24.294898149000062],[90.64310480500006,24.27959586700007],[90.65100118100008,24.269192229000055],[90.64929343300008,24.257987849000074],[90.65741863400007,24.25065141300007],[90.67154117200005,24.245703608000042],[90.68155082200008,24.243510701000048],[90.68295030000007,24.24434832000003],[90.69422984100004,24.24219008800003],[90.70793311500006,24.236781370000074],[90.71252355600006,24.236446100000023],[90.71853815800006,24.238144557000055],[90.72223527500006,24.235280975000023],[90.73307785300005,24.238455676000058],[90.75178655100007,24.251571933000037],[90.77020765200007,24.250757832000033],[90.77947578800007,24.24431011000007],[90.78154532000008,24.242667615000073],[90.78307064700005,24.237913712000022],[90.78135026900009,24.23209722200005],[90.78330509700004,24.22663269700007],[90.79348994800006,24.218819626000027],[90.79109513100008,24.21454718700005],[90.79232046400006,24.21124995300005],[90.79041133200008,24.203071650000027],[90.78613852900008,24.19856668700004],[90.78614903100004,24.193052864000038],[90.79114788100009,24.190387526000052],[90.79291368000008,24.18725568700006],[90.80101223500003,24.184595891000072],[90.80521125300004,24.18498752800008],[90.80721472200008,24.18801040200003],[90.81196913800005,24.17657605900007],[90.82034560600005,24.172323094000035],[90.82102877000005,24.165141035000033],[90.82515146300005,24.157097084000043],[90.83758042900007,24.14966584000007],[90.84503583200006,24.142598209000028],[90.85321931500005,24.140908386000035],[90.86486292800004,24.143754960000024],[90.87099362500004,24.139990092000062],[90.87054887300008,24.13153688600005],[90.86866608000008,24.128977577000057],[90.86396884000004,24.12512518500006],[90.84869719800008,24.120622782000055],[90.84577781000007,24.116335435000053],[90.84603336100008,24.111613333000037],[90.85212251800004,24.109424340000032],[90.85716143500008,24.105435254000042],[90.87119291800008,24.10411068700006],[90.89112317000007,24.096396325000057],[90.89416363300006,24.094239231000074],[90.89642616300006,24.087749822000035],[90.90649644600006,24.07806682100005],[90.91255446200006,24.07489404300003],[90.92341066900008,24.075347640000075],[90.93720299100005,24.083638175000033],[90.94436662000004,24.084253965000073],[90.94942107800006,24.077895584000032],[90.95358240800005,24.06704890700007],[90.96619738200008,24.062817006000046],[90.96793792500006,24.060062711000057],[90.96686699400004,24.05406075700006],[90.95962447000005,24.039636250000058],[90.96175647800004,24.033677350000062],[90.96674097900006,24.03205587000008],[90.98164904600009,24.033123285000045],[90.98599152400004,24.030601024000077],[91.00341898300007,24.046660807000023],[91.00851389700006,24.049898377000034],[91.02163839800005,24.05419719300005],[91.02991094200007,24.060301109000022],[91.04156695600005,24.065921526000068],[91.05134438200008,24.079125521000037],[91.05389279100007,24.088683914000057],[91.05365295800004,24.092889041000035],[91.04978487600005,24.10209645900005],[91.04323025900004,24.110861560000046],[91.03320823100006,24.11850066200003],[91.00946859500004,24.128793607000034],[90.99399561000007,24.14171220000003],[90.98514078700003,24.15257441800003],[90.98587591600005,24.15674494500007],[90.98938919300008,24.16209581000004],[90.99236728300008,24.16502799500006],[91.00873811100007,24.17379153400003],[91.01652831300004,24.180839457000047],[91.02724024600008,24.19271985000006],[91.03992979600008,24.21182606700006],[91.04715869900008,24.21431258800004],[91.06536505300005,24.215973908000024],[91.07360068500003,24.215567815000043],[91.08703848200008,24.211448044000065],[91.09052430200006,24.211670350000077],[91.09163737200004,24.214531418000036],[91.09026573000006,24.219324293000057],[91.07878026500003,24.228496386000074],[91.08097080600004,24.236871223000037],[91.08510332200007,24.241120816000034],[91.13384535700004,24.243097116000058],[91.14790051500006,24.248702062000064],[91.15424420500005,24.257018883000057],[91.16201626400004,24.25901308500005],[91.17355789400006,24.26519860600007]]]}},{"id":"35","type":"Feature","properties":{"shapeName":"Maulvibazar","district":"Maulvibazar"},"geometry":{"type":"Polygon","coordinates":[[[91.64518713100006,24.17399663200007],[91.64668278200008,24.17875626400007],[91.65503160000009,24.17580766900005],[91.65747632900008,24.17968789200006],[91.65889423100003,24.183206576000032],[91.65743838500003,24.18493054000004],[91.66006899200005,24.189667689000032],[91.65750095600004,24.193381561000024],[91.65905349500008,24.195540896000068],[91.65253382900005,24.196025633000033],[91.65265234000003,24.19832705300007],[91.65403366300006,24.198618974000055],[91.65299729400004,24.201831326000047],[91.65443661500007,24.202659159000063],[91.65255061200008,24.203715541000065],[91.65101933100004,24.20902629400007],[91.65232080600003,24.209594112000048],[91.64715433400005,24.21532329000007],[91.64871732500006,24.216590987000075],[91.64819841400003,24.219493915000044],[91.64968073500006,24.220590694000066],[91.65084894800003,24.218502914000055],[91.65230119500006,24.21973944800004],[91.65423424900007,24.223350848000052],[91.65691027200006,24.22468636900004],[91.65616562500009,24.22615219100004],[91.65786408300005,24.227948619000074],[91.66270846700007,24.23022787600007],[91.66414502900005,24.229232136000064],[91.66534360000009,24.23365543700004],[91.66798819900004,24.23119662700003],[91.66790786300004,24.22322508700006],[91.66589946100004,24.21722355000003],[91.66782383900005,24.216677445000073],[91.66690870300005,24.21066013500007],[91.66959786900009,24.20915126400007],[91.67154234800006,24.204571331000068],[91.67332047700006,24.203828687000055],[91.67268019400007,24.202545061000023],[91.67470282300008,24.202198863000035],[91.67385773500007,24.201247171000034],[91.67661731400005,24.200757226000064],[91.67559683500008,24.197907221000037],[91.67788843400007,24.19686775400004],[91.67722330800007,24.194436240000073],[91.67953407100003,24.193621998000026],[91.68052719400004,24.18919431300003],[91.67882036100008,24.18765601700005],[91.68075363400004,24.184129335000023],[91.67986909600006,24.179180080000037],[91.68110393700005,24.177811414000075],[91.67994838100003,24.176761029000033],[91.68134417800007,24.176736710000057],[91.68011327400006,24.175737024000057],[91.68250450500005,24.174261796000053],[91.68189161700008,24.17232986700003],[91.68437712500008,24.166292433000024],[91.68874698700006,24.164299925000023],[91.68819973600006,24.162219220000054],[91.69490061100004,24.159670064000068],[91.69736724100005,24.163799642000072],[91.70328247100008,24.163678677000064],[91.70633435600007,24.15788352800007],[91.70600578400007,24.154413886000043],[91.71331297600005,24.153016571000023],[91.71434622500004,24.153906651000057],[91.71671950800004,24.15212753000003],[91.72169264900003,24.152617982000038],[91.72326333900008,24.148463468000045],[91.72661205700007,24.146749525000075],[91.72832924300008,24.143407074000038],[91.73098466200008,24.143760495000038],[91.73236767100008,24.145898826000064],[91.73418299900004,24.143831483000042],[91.73663473900007,24.146038833000034],[91.73942848800004,24.141657403000067],[91.74121514100005,24.142933629000026],[91.74351457500006,24.141175754000074],[91.74472980600007,24.143173842000067],[91.74621404500004,24.141269261000048],[91.75165607400004,24.142723941000042],[91.75918134900007,24.14156633600004],[91.75975189100006,24.14552119800004],[91.74497450800004,24.24708623300006],[91.79138274900004,24.21988086600004],[91.79369799200003,24.221039141000063],[91.79424088900004,24.219648644000074],[91.79568703600006,24.220618642000034],[91.79782343900007,24.219678870000052],[91.79871865300004,24.220902378000062],[91.80226784400008,24.219474023000032],[91.80601273900004,24.220844643000078],[91.80704877100004,24.219358469000042],[91.80584546200004,24.21883749600005],[91.81038062200008,24.21724813000003],[91.81291910200008,24.213695520000044],[91.81246990700004,24.212109398000052],[91.81519866700006,24.212187199000027],[91.81619179900008,24.210114263000037],[91.81896520700008,24.21080048700003],[91.82069204000004,24.209373154000048],[91.82151949100006,24.211012367000023],[91.82378601600004,24.21023765800004],[91.82640511300008,24.213767790000077],[91.82915645500003,24.213280518000033],[91.83121725300003,24.21834283800007],[91.83576297400003,24.217812019000064],[91.83780539100007,24.218885784000065],[91.83694908800004,24.225706634000062],[91.84320657100005,24.226503266000066],[91.84572755800008,24.225054673000045],[91.84266257100006,24.222750372000064],[91.84298038100007,24.220375070000046],[91.84924734800006,24.221336741000073],[91.84965058900008,24.22030733500003],[91.84568118700008,24.21751544700004],[91.84755803800005,24.217991374000064],[91.84854843700003,24.21615070200005],[91.85093597900004,24.216830512000058],[91.85170268200005,24.214867914000024],[91.85508503000005,24.21320568400006],[91.85440739500007,24.21178110900007],[91.84976425000008,24.21288995200007],[91.85206225600007,24.208743921000064],[91.85155837900004,24.20780262200003],[91.84917330500008,24.208528588000036],[91.84910956400006,24.203800865000062],[91.84599842400007,24.20072649800005],[91.84392549700004,24.202124706000063],[91.84190256600004,24.20148148900006],[91.84413417000007,24.19987460300007],[91.84391802500005,24.196875774000034],[91.84519444000006,24.19748551600003],[91.84475503800007,24.195703339000033],[91.84711226000007,24.19324653600006],[91.84480558700005,24.18992957000006],[91.84676074600009,24.189152381000042],[91.84797547500006,24.184956267000075],[91.84925197000007,24.18541341100007],[91.85104973700004,24.181989747000046],[91.85415627900005,24.183591043000035],[91.85815879000006,24.18072697300005],[91.86113015000006,24.182894668000074],[91.86106045000008,24.181439795000074],[91.86505710900008,24.180164750000074],[91.86603285400008,24.176665711000055],[91.86927502900005,24.177335086000028],[91.87139206000006,24.174712414000055],[91.87391433800008,24.174618259000056],[91.87344067100008,24.171119780000026],[91.87541610800008,24.171413820000055],[91.87627875300007,24.169874348000064],[91.87405577800007,24.169685455000035],[91.87329525300004,24.16802114400008],[91.87475065500007,24.167639118000068],[91.87355955800007,24.16699155200007],[91.87490342100006,24.165263594000066],[91.87369186600006,24.163297417000024],[91.87511167200006,24.162824544000046],[91.87452696800005,24.161550876000035],[91.87658169900004,24.161576163000063],[91.87723667600005,24.15769355300006],[91.87511704600007,24.15525987600006],[91.87901202900008,24.151637780000044],[91.87777613800006,24.150354523000033],[91.87862510700006,24.146348550000027],[91.88118668900006,24.145950991000063],[91.88196862600006,24.143670386000053],[91.88437824500005,24.142713248000064],[91.88456388400004,24.138759407000066],[91.88901488700003,24.138967944000058],[91.89034889000004,24.13660959300006],[91.89576553900008,24.139403154000036],[91.89804544900005,24.139553626000065],[91.90208689400004,24.137048024000023],[91.90570151800006,24.138815699000077],[91.90600577700008,24.14496027200005],[91.91012756000003,24.146468429000038],[91.91121826400007,24.149175282000044],[91.90961982100004,24.15075993100004],[91.91298415800009,24.151628238000058],[91.91093505500004,24.152266376000057],[91.91132993100007,24.153719607000028],[91.91447122800008,24.15376862200003],[91.91274258400006,24.15467395400003],[91.91416142200006,24.155290467000043],[91.91299918000004,24.155752952000057],[91.91414868100009,24.15954593300006],[91.91243151600008,24.16091804200005],[91.91385576200008,24.162426340000025],[91.91133061600004,24.164199366000048],[91.91519506800006,24.166707986000063],[91.91132183500008,24.16831497800007],[91.94074254600008,24.268238576000044],[91.91989658800009,24.33760118300006],[91.92187404600008,24.335735154000076],[91.92595301700004,24.336529065000036],[91.92712102600007,24.339177660000075],[91.93154510200009,24.339891673000068],[91.93221827100007,24.34141577300005],[91.93481591800008,24.33984044400006],[91.93833872600004,24.343378071000075],[91.94127488900006,24.342721768000047],[91.94328413900007,24.349064723000026],[91.94596860600006,24.348489966000045],[91.94618569100004,24.35081296900006],[91.95007722100007,24.350946882000073],[91.95666692700007,24.35681706200006],[91.96429562700007,24.350431461000028],[91.96891876200004,24.350276286000053],[91.96584488900004,24.346850261000043],[91.97088697800007,24.343204370000024],[91.97317072400006,24.333399086000043],[91.97704300400005,24.327567870000053],[91.98051550700006,24.328501888000062],[91.98219300300008,24.324037848000046],[91.98545564800008,24.322354568000037],[91.99029562100009,24.324060376000034],[91.99585731400003,24.322179034000044],[91.99640025800005,24.326730476000023],[91.99491547900004,24.331568816000072],[91.99678056200008,24.336944845000062],[91.99561293800008,24.33920781200004],[91.99302403200005,24.339970521000055],[91.99204059200008,24.34350481200005],[91.98920778900003,24.34374982500003],[91.98592233100004,24.350033628000062],[91.98077916200003,24.354560862000028],[91.98137576800008,24.35545995700005],[91.97807448900005,24.357511827000053],[91.97951731000006,24.360557800000038],[91.98179752100003,24.359152350000045],[91.98425984700003,24.35962302100006],[91.98457491300007,24.361012449000043],[91.97827711100007,24.366776302000062],[91.97889721600006,24.36970410400005],[91.97735999000008,24.372998471000074],[91.97400752500005,24.370698624000056],[91.97004503000005,24.37455731600005],[91.97265388200003,24.37716223800004],[91.97215563400005,24.379657604000045],[91.96711720400003,24.379040905000068],[91.96721577200003,24.381287562000068],[91.97035001400008,24.384657253000057],[91.98163177300006,24.381155596000042],[91.98350812500007,24.377370855000038],[91.98568735000003,24.37700420500005],[91.98821532000005,24.37910576300004],[91.98821485300004,24.384136630000057],[91.99200609700006,24.387712969000063],[91.99190089700005,24.389278525000066],[91.98952906700003,24.390291817000048],[91.99492709700007,24.388217999000062],[91.99617237700005,24.39073346500004],[91.99470680900004,24.392271739000023],[91.99650148300003,24.393875491000074],[92.00182811400003,24.388479602000075],[92.00447942500006,24.387624120000055],[92.00546293300005,24.385771568000052],[92.00434444500007,24.383744728000067],[92.00731085500007,24.381536118000042],[92.01763451200009,24.384739040000056],[92.01999061700008,24.386691159000065],[92.02362928400004,24.38569354200007],[92.02145948900005,24.383441782000034],[92.02469970800007,24.383633806000034],[92.02675524800009,24.379792198000075],[92.03348500800007,24.378793768000037],[92.03578955300009,24.380257098000072],[92.03838823800004,24.377176190000057],[92.04299263800004,24.37764898100005],[92.04395738600005,24.374993422000045],[92.04825325300004,24.377707332000057],[92.04936085200006,24.37555841300008],[92.08012628600005,24.37477338900004],[92.08514352400005,24.375745949000077],[92.08612346600006,24.373427927000023],[92.09032586200004,24.371765476000064],[92.09611051300004,24.372882512000047],[92.09740997200004,24.376408738000066],[92.10008447700005,24.375925704000053],[92.10155028900004,24.37901044700004],[92.09997516700008,24.380647888000055],[92.10196588200006,24.38293496800003],[92.10407828300004,24.381175454000072],[92.10737670900005,24.38211939100006],[92.11029371200004,24.379921514000046],[92.11350687700008,24.38085630000006],[92.11323658300006,24.38239300300006],[92.11527728400006,24.382652997000037],[92.11606692500004,24.380943354000067],[92.11802583600007,24.380696655000065],[92.11783709700006,24.38244579800005],[92.12039225100006,24.381517529000064],[92.12053693400009,24.38353339100007],[92.12181882100003,24.38238634700008],[92.12125692300003,24.383708987000034],[92.12359982600003,24.384742325000047],[92.12169633300005,24.384932750000075],[92.12279919000008,24.385253327000044],[92.12189874000006,24.387148342000046],[92.11907639700007,24.388743388000023],[92.12067958400007,24.38966656200006],[92.11883578700008,24.390158392000046],[92.12248836700007,24.396067189000064],[92.12635839400008,24.396930333000057],[92.12689086800003,24.399897543000066],[92.12829694500005,24.399863667000034],[92.12728344500005,24.401773338000055],[92.13144552100005,24.406758853000042],[92.13489873900005,24.406971944000077],[92.13443211100008,24.410205172000076],[92.13254288000007,24.411107667000067],[92.13274869100007,24.414458351000064],[92.13324332400003,24.41706414400005],[92.13660076500008,24.420168645000047],[92.13669930100008,24.42509768000008],[92.14410880100007,24.422184912000034],[92.14535205200008,24.42351861700007],[92.14763243800007,24.42116627100006],[92.15363226900007,24.425708021000048],[92.15633827500005,24.42275395200005],[92.16032911400004,24.42264262200007],[92.15983157900007,24.421342761000062],[92.16446417800006,24.419029430000023],[92.16745030300007,24.427235300000063],[92.16904408100004,24.427910964000034],[92.16591827400003,24.428259498000045],[92.16697791400009,24.431543803000068],[92.16590719200008,24.433435624000026],[92.16734112000006,24.434690842000066],[92.16622326400005,24.436962299000072],[92.16379679900007,24.436757901000078],[92.16434320900004,24.438954885000044],[92.16251946100004,24.44003566500004],[92.16439135600007,24.440896328000065],[92.16435868500008,24.44477027100004],[92.16090985000005,24.448860378000063],[92.16230148800008,24.451078257000063],[92.16157948600005,24.452778972000033],[92.15949302900003,24.453393237000057],[92.16110904000004,24.458843683000055],[92.15799509900006,24.459791379000023],[92.16032299200003,24.463290510000036],[92.15835146600006,24.463924617000032],[92.15790813300003,24.466425951000076],[92.15545894400003,24.465939940000055],[92.15641682700004,24.46873404200005],[92.15811005000006,24.467631680000068],[92.15809876500003,24.469718472000068],[92.15533471200007,24.469808515000068],[92.15419268300008,24.472210664000045],[92.15717554100007,24.474100041000042],[92.15257686500007,24.48163459600005],[92.15348877300005,24.487381846000062],[92.15192677400006,24.487283535000074],[92.15119510400007,24.49114544200006],[92.15356555200003,24.49177326000006],[92.15040030800009,24.495367006000038],[92.15174508300004,24.499604591000036],[92.15379580900009,24.499962117000052],[92.15221687800005,24.502415539000026],[92.15903502700007,24.507333946000074],[92.15339978700007,24.51218348200007],[92.15602987600005,24.51377174600003],[92.15697140300006,24.51268107100003],[92.15813197900007,24.51533508800003],[92.15534454800007,24.518209333000073],[92.15764407200004,24.52202814800006],[92.15485826600008,24.52311891100004],[92.15848742300005,24.523342163000052],[92.16008025900004,24.525487181000074],[92.15872702500008,24.52760080300004],[92.15968027600007,24.52943956400003],[92.16177438500006,24.527622992000033],[92.16559805200006,24.52921887900004],[92.16560903400006,24.531538098000055],[92.16939743200004,24.531877145000067],[92.17352853200003,24.527319345000024],[92.17617964200008,24.526489922000053],[92.17585997000003,24.523602605000065],[92.17969816600004,24.524208311000052],[92.18031300100006,24.522418663000053],[92.18207009300005,24.523956654000074],[92.18282247700006,24.522588178000035],[92.18529084900007,24.52314999200007],[92.18601419100008,24.52095881500003],[92.18790045800006,24.52122527000006],[92.18847050400007,24.518772746000025],[92.19254717400008,24.51830629600005],[92.19608610800003,24.511603747000038],[92.19970831900008,24.511364713000034],[92.20148085400007,24.507597459000067],[92.21253438000008,24.503768367000077],[92.21994700100004,24.516366017000053],[92.22359963800005,24.517430009000066],[92.23102881000005,24.531019206000053],[92.23227855700009,24.571083953000027],[92.23459027000007,24.575404603000038],[92.23310006100007,24.579307980000067],[92.23613994900006,24.59585371600008],[92.23529115400004,24.597638484000072],[92.23906820500008,24.607584950000046],[92.24221236800008,24.611479160000044],[92.24208031800003,24.61511708300003],[92.24363386300007,24.616149766000035],[92.24337003500005,24.625590437000028],[92.24893979200004,24.641047452000066],[92.24981235900003,24.649174965000043],[92.24700588900004,24.654918544000054],[92.24855926700008,24.658608161000075],[92.25153131900004,24.660117858000035],[92.25701609900005,24.673585982000077],[92.25437808300006,24.675272197000027],[92.25433826300008,24.678179860000057],[92.25595354600006,24.679809799000054],[92.25830061000005,24.67964778700008],[92.25963645600007,24.68740209200007],[92.26773575100003,24.694465256000058],[92.27606202700008,24.707586072000026],[92.27490820400004,24.708156631000065],[92.27702536600003,24.71168324300004],[92.28712851700004,24.722695250000072],[92.29588223900004,24.73663313800006],[92.28117608600007,24.74241664400006],[92.28179114400007,24.743552372000067],[92.27895819500009,24.745724266000025],[92.28004564000008,24.745564239000032],[92.27972563600008,24.748305326000036],[92.28886171400006,24.761162281000054],[92.28015385100008,24.766331064000042],[92.28298273900003,24.77094587700003],[92.28172188900004,24.775457603000064],[92.28462839800005,24.774740201000043],[92.28783354100005,24.779326966000042],[92.28883247100003,24.784631638000064],[92.28734323200007,24.787545694000073],[92.28844513500007,24.78832267300004],[92.28099645600008,24.79074315200006],[92.27881311500005,24.797534144000053],[92.27304297600006,24.800323346000027],[92.27523001800006,24.803846217000057],[92.27416510900008,24.806668497000032],[92.27607866500006,24.81004107600006],[92.27616958500005,24.81214215700004],[92.27377657600005,24.814247757000032],[92.27619509400006,24.81557086600003],[92.27266631600008,24.82153590000007],[92.27298796600007,24.827570132000062],[92.26922138900005,24.829952350000042],[92.25289866100007,24.832278228000064],[92.25216099400006,24.83063411300003],[92.24900527400007,24.82987483000005],[92.24829592000003,24.83241851400004],[92.25161723400004,24.834334375000026],[92.25077784900003,24.83622626300007],[92.24857437900005,24.83598525900004],[92.24481062700005,24.831467498000052],[92.23734479800004,24.831284965000066],[92.24396769600008,24.82407869900004],[92.24354921600008,24.81951795200007],[92.22902122900007,24.819107922000057],[92.21314268600008,24.813209441000026],[92.21138448000005,24.805257840000024],[92.20335407300007,24.80249335800005],[92.20087123100006,24.806973482000046],[92.19580318300007,24.802755613000045],[92.19343389800008,24.798428039000044],[92.19433954700008,24.793171710000024],[92.19319623500007,24.789170289000026],[92.19683683600005,24.784494444000075],[92.19827542100006,24.778105836000066],[92.19408133200005,24.768444613000042],[92.18030026200006,24.769355141000062],[92.17735064300007,24.773166355000058],[92.17446042500006,24.773481438000033],[92.16316054300006,24.768989361000024],[92.16162113100006,24.77094342500004],[92.15684275100006,24.770166604000053],[92.15083757600007,24.765251884000065],[92.14250096100005,24.76678305300004],[92.13789181300007,24.763173117000065],[92.13357644700005,24.76310772100004],[92.12710475500006,24.760296925000034],[92.12006302400005,24.765527735000035],[92.11652448400008,24.76547398200006],[92.10675390900008,24.757606672000065],[92.09936346400008,24.75662320200007],[92.09472928900004,24.759053297000037],[92.09292599100007,24.76486176000003],[92.07826755100007,24.76642853100003],[92.07731624600007,24.764665558000047],[92.07890967900005,24.754631868000047],[92.07725632300009,24.749213431000044],[92.08401544800006,24.748237674000052],[92.08423022800008,24.746964621000075],[92.08282969900006,24.745118777000073],[92.08286645900006,24.732755],[92.08176944100006,24.73061208400003],[92.08037586800003,24.731991777000076],[92.07975234000008,24.729342932000066],[92.07776577000004,24.728310303000058],[92.08047012700007,24.723547410000037],[92.07739315200007,24.721720797000046],[92.07568096200004,24.717931469000064],[92.06330428000007,24.718357884000056],[92.06206852200006,24.720248126000058],[92.06287214300005,24.726576187000035],[92.05769518400007,24.728627221000067],[92.05965299700006,24.71021376400006],[92.05226621500003,24.701129313000024],[92.04910870500004,24.69968233000003],[92.04880442300004,24.697278899000025],[92.04677909600008,24.69719143900005],[92.04288032700003,24.70087486400007],[92.03926657300008,24.70011491400004],[92.04139475800008,24.703174596000053],[92.03972991200004,24.706794246000072],[92.02992805900004,24.698283652000043],[92.02571998900004,24.69716126700007],[92.03173238200009,24.695635522000032],[92.03146343300006,24.691885849000073],[92.03510308400007,24.687376233000066],[92.03306937700006,24.68105329100007],[92.03185972600005,24.681135122000057],[92.03291033300007,24.663057898000034],[92.02897664400007,24.652332388000048],[92.02091818600007,24.653043610000054],[92.02181913500004,24.65182795800007],[92.02054555800004,24.651066999000022],[92.01605874800003,24.654662828000028],[92.01636704600008,24.650718570000038],[92.01045929000009,24.652221893000046],[92.01008227300008,24.653699620000054],[92.00100478700006,24.653207460000033],[91.99508198400008,24.655105930000047],[91.99286276200007,24.65384663900005],[91.99195527200004,24.65066332500004],[91.98866698600006,24.65003599000005],[91.98430224400005,24.646338598000057],[91.98382980900004,24.643907266000042],[91.97726039000008,24.64319598700007],[91.97359135200008,24.639263396000047],[91.96789939600006,24.640321525000047],[91.96666440800004,24.638923098000078],[91.96334305700003,24.641050888000052],[91.96380949700006,24.645729819000053],[91.94723984700005,24.64955557500008],[91.94217467400006,24.654738416000043],[91.94017305500006,24.65314541200007],[91.93344327100004,24.655112290000034],[91.93091189200004,24.657604469000034],[91.93107667900006,24.66177169100007],[91.92618951500003,24.654132799000024],[91.92280430900007,24.65244894600005],[91.90999511000007,24.655677431000072],[91.91123582600005,24.661735427000053],[91.90322848500006,24.663645015000043],[91.90235453900004,24.65194354700003],[91.89646720200005,24.647841237000023],[91.89017719300006,24.64608265000004],[91.88841169100004,24.647165681000047],[91.88719109900006,24.654762023000046],[91.88459504800005,24.656999790000043],[91.87568780000004,24.65576490500007],[91.87124351400007,24.657674537000048],[91.86612840600009,24.657417654000028],[91.86176249000005,24.649891875000037],[91.84652327900005,24.64443145300004],[91.84413072500007,24.649380244000042],[91.83974659000006,24.652508199000067],[91.82819651600005,24.65358984200003],[91.80007524100006,24.637552516000028],[91.79743809300004,24.63800221100007],[91.79482476800007,24.646252928000024],[91.78363535700004,24.643299452000065],[91.77900535200007,24.63832475600003],[91.78121127200006,24.626527976000034],[91.77120888600007,24.625614022000036],[91.77004318100006,24.619594824000046],[91.75392740000007,24.608388649000062],[91.75015140700003,24.59891506100007],[91.73666772800004,24.597852354000054],[91.72711480900006,24.593442726000035],[91.71362873200007,24.59641447100006],[91.69903668800004,24.602321802000063],[91.68424024800004,24.60611669000008],[91.68419658500005,24.61640580200003],[91.67504173200007,24.631196647000024],[91.67229240300009,24.627564265000046],[91.66997148100006,24.630328129000077],[91.66753324900009,24.62728473100003],[91.66564333700006,24.62964421600003],[91.66494733600007,24.626784617000055],[91.66159106800006,24.62787701800005],[91.66092173000004,24.62590590700006],[91.66246335300008,24.616627248000043],[91.66413633600007,24.61602919300003],[91.66392933000003,24.613541137000027],[91.66760173700004,24.607132687000046],[91.66376387400004,24.60299468200003],[91.66448906100004,24.60042464600008],[91.66139477200005,24.59241781000003],[91.65414379500004,24.59656982200005],[91.64412463200006,24.596276670000066],[91.63799486500005,24.59274196900003],[91.63307278700006,24.595260994000057],[91.63120487800006,24.594002481000075],[91.63559866100007,24.589680025000064],[91.63158091000008,24.58849225800003],[91.62947177500007,24.589853124000058],[91.62967029500004,24.595842447000052],[91.62802792700006,24.59579532300006],[91.62774492800008,24.597535950000065],[91.62120601000004,24.601880755000025],[91.61814458900005,24.597470170000065],[91.61184448600005,24.59393620700007],[91.60831341100004,24.585910795000075],[91.60983157300006,24.583011397000064],[91.62243667000007,24.590144679000048],[91.62583763300006,24.589883386000054],[91.62972290600004,24.587417585000026],[91.62982130200004,24.583767570000077],[91.62692076700006,24.582671971000025],[91.62419762400003,24.578100950000078],[91.62932348600003,24.576486903000045],[91.63152491100004,24.577503129000036],[91.63111718100004,24.573847872000044],[91.63482002100005,24.56478636500003],[91.64389010500008,24.566213049000055],[91.64117346500007,24.556470757000056],[91.64584892800008,24.556265706000033],[91.64720091900006,24.551553472000023],[91.64930465300006,24.54965351100003],[91.65264805000004,24.550550286000032],[91.65213828000003,24.548231412000064],[91.65446264800005,24.546276485000078],[91.65193083400004,24.54426364400007],[91.64769031700007,24.544291428000065],[91.64823753400003,24.542260071000044],[91.64553786500005,24.54141203100005],[91.63798910100007,24.545262265000076],[91.63525598100006,24.544023323000033],[91.63533282900005,24.538196339000024],[91.63997778900006,24.53564759900007],[91.63822481700004,24.52825473300004],[91.63491335900005,24.527246650000052],[91.63347000900006,24.528494790000025],[91.63198762500008,24.526248993000024],[91.63543473000004,24.51977940200004],[91.63098169600005,24.519290364000028],[91.62854267900008,24.516844365000054],[91.62068689100005,24.51751586300003],[91.61996357600003,24.515753311000026],[91.62290449500006,24.513638182000022],[91.61344131800007,24.501836668000067],[91.61585469300007,24.498415800000032],[91.61234520300007,24.493749566000076],[91.61296072900006,24.492787002000057],[91.61016147200007,24.49225028400008],[91.61236070400008,24.49201518800004],[91.61244166900008,24.489707873000043],[91.60964886800008,24.479932836000046],[91.61392026800007,24.46353721400004],[91.61096659800006,24.458808515000044],[91.61100198000008,24.451896086000033],[91.60740921100006,24.44175585000005],[91.61038259000009,24.437843799000063],[91.61338064900008,24.440631298000028],[91.61787011700005,24.439512216000026],[91.61993190000004,24.433321337000052],[91.61605995400004,24.428656706000027],[91.61883967100005,24.427145025000073],[91.61803822700006,24.42196334600004],[91.62069445800006,24.417359800000042],[91.61987488700004,24.415923294000038],[91.60373701900005,24.417144282000038],[91.60163876800004,24.415464436000036],[91.60296819300004,24.411610556000028],[91.60321373300008,24.362649136000073],[91.61856594100004,24.361519267000062],[91.61898412100004,24.365139596000063],[91.62479085800004,24.36394990200006],[91.62406592400004,24.361889345000066],[91.62046274100004,24.36049954500004],[91.62308468600008,24.351469618000067],[91.62950474800004,24.34458855400004],[91.63118650100006,24.334934279000038],[91.63151941400008,24.31119428900007],[91.62585794200004,24.301076430000023],[91.62529665000005,24.297183913000026],[91.61397025700006,24.285913245000074],[91.61677311500006,24.277469523000036],[91.61607288200008,24.263386770000068],[91.61837811800007,24.261042762000045],[91.61880171100006,24.25798679500008],[91.61822433200007,24.254876015000036],[91.61440581500005,24.253683482000042],[91.61289093300007,24.250264892000075],[91.61570491800006,24.247521610000035],[91.61820632400008,24.23954044900006],[91.61537588900006,24.232627260000072],[91.61984682400004,24.22915692600003],[91.62179659600008,24.219790446000047],[91.62389281700007,24.217480772000044],[91.62547510500008,24.211482854000053],[91.62921346100006,24.210143764000065],[91.63141927700008,24.202642455000046],[91.62939096900004,24.199182093000047],[91.63656763700004,24.19721458400005],[91.63752636200007,24.19120463300004],[91.64118793800009,24.18796027700006],[91.64133952800006,24.176584650000052],[91.64518713100006,24.17399663200007]]]}},{"id":"45","type":"Feature","properties":{"shapeName":"Netrakona","district":"Netrakona"},"geometry":{"type":"Polygon","coordinates":[[[91.19521432600004,24.631139414000074],[91.19902599400007,24.634324426000035],[91.20473913300003,24.63178470500003],[91.20779165500005,24.64968193900006],[91.20987672600006,24.65246342100005],[91.21993298300004,24.653291359000036],[91.22141495800008,24.650609192000047],[91.22406810600006,24.65195794400006],[91.22605044900007,24.650568061000058],[91.22754913800009,24.653906040000038],[91.22999394200008,24.65471400800004],[91.23274113600007,24.666434710000033],[91.22252540000005,24.669382469000027],[91.22381697100008,24.675215061000074],[91.23344949400007,24.672270302000072],[91.23858908200003,24.675035825000066],[91.24195282500006,24.679958268000064],[91.24027189300006,24.68293349000004],[91.24094350000007,24.691559074000054],[91.23951070800007,24.692845292000072],[91.23460266900008,24.691839937000054],[91.23091976400008,24.692855036000026],[91.21972071600004,24.70238752100005],[91.22191746400006,24.704208983000058],[91.22548430100005,24.704296159000023],[91.22658525200006,24.706631618000074],[91.22662515800005,24.715685720000067],[91.22930117200008,24.723741274000076],[91.22527540400006,24.727513266000074],[91.22193858900005,24.728142129000048],[91.21936132200005,24.72377840400003],[91.22058922200006,24.72062422600004],[91.21235386000006,24.713148],[91.20658711100003,24.71388361100003],[91.20684386900007,24.708984920000034],[91.20006153600008,24.71403754800008],[91.19766137800008,24.711025963000054],[91.18026794000008,24.72408045800006],[91.17208639400008,24.725622203000057],[91.16892506800008,24.724956064000025],[91.16562715000003,24.722426167000037],[91.16305368900004,24.71672151000007],[91.15909949000007,24.717746016000035],[91.15995398400008,24.722074513000052],[91.15874805700008,24.724900723000076],[91.14132690600007,24.72420917900007],[91.14179280400003,24.725968238000064],[91.15177275500008,24.730043598000066],[91.15141515200008,24.735500642000034],[91.14605781800003,24.742160902000023],[91.14726217900005,24.746724966000045],[91.15084203900005,24.746885460000044],[91.15553930000004,24.740962141000068],[91.15857784800005,24.74234627800007],[91.15933704100007,24.74810679600006],[91.15680762300008,24.750464616000045],[91.15195610400008,24.747194654000054],[91.14970272000005,24.748869015000025],[91.14885830900005,24.75490037900005],[91.13898444100005,24.754131434000044],[91.13522539800005,24.757196401000044],[91.15137859300006,24.766277224000078],[91.15831701800005,24.76467616800005],[91.15906107100005,24.770651816000054],[91.16550718800005,24.77423814200006],[91.16643418100006,24.779833606000068],[91.17120756600008,24.77993630900005],[91.17059064800009,24.788308174000065],[91.16882858500009,24.791397853000035],[91.16049895500004,24.79193111400008],[91.16404663600008,24.801816459000065],[91.17000405600004,24.805715048000025],[91.17214863800007,24.80962130200004],[91.17068783700006,24.82696161000007],[91.16443542900004,24.829194044000076],[91.16574301500003,24.83166093500006],[91.16412427300008,24.833418063000067],[91.15875395000006,24.83299078600004],[91.15722432900003,24.83609772500006],[91.15295528000007,24.837460409000073],[91.15120628000005,24.83305305500005],[91.14429494200004,24.828804363000074],[91.14272935900004,24.825400100000024],[91.14992838900008,24.81970893400006],[91.15279936700006,24.809328066000035],[91.14916561500007,24.808949666000046],[91.14261631100004,24.800598901000058],[91.14455762600005,24.794589682000037],[91.13041131000006,24.792843744000038],[91.12882100800005,24.794945692000056],[91.12998704600005,24.799173778000068],[91.11622044800004,24.806525041000043],[91.11561119300006,24.81299526500004],[91.11303877800003,24.81451458500004],[91.11248704800005,24.817060713000046],[91.11578936200004,24.822601014000043],[91.11483613700005,24.826302629000054],[91.11810765900003,24.830232885000044],[91.12031958900008,24.837214196000048],[91.13040431300004,24.84059514300003],[91.12452540700008,24.844280368000057],[91.12349976800004,24.848716841000055],[91.12090939800004,24.846252986000025],[91.11381036500006,24.847542650000037],[91.11225849700008,24.85231935400003],[91.11036105000005,24.853113454000038],[91.10905732600008,24.860280165000063],[91.10345686900007,24.863662272000056],[91.10391496800008,24.869340597000075],[91.10666999200004,24.867557617000045],[91.10888759600005,24.871556793000025],[91.10374179200005,24.879931511000052],[91.10109526900004,24.881426369000053],[91.10118922600003,24.88462688800007],[91.09795780400003,24.884853875000033],[91.09844576500006,24.889586636000047],[91.09564461100007,24.887542129000053],[91.08880545600005,24.887581457000067],[91.08764781600007,24.89266884500006],[91.08409907700008,24.89180236800007],[91.07842042100003,24.90002830900005],[91.07476177600006,24.901279439000064],[91.07081471300006,24.899091458000044],[91.06725104900005,24.899089339000056],[91.06678542000003,24.902006623000034],[91.06083414200003,24.903289596000036],[91.05384077300005,24.900581541000065],[91.05404606800005,24.902822423000032],[91.04885793100004,24.902678950000052],[91.04739984400004,24.906765810000024],[91.04447440000007,24.908138613000062],[91.03875152800003,24.905206476000046],[91.03954965000008,24.900163129000077],[91.03117225100004,24.891745164000042],[91.02940256300008,24.883084293000024],[91.02771072800005,24.883577382000055],[91.02534565500008,24.888485848000073],[91.02014663600005,24.88506115000007],[91.01762001500003,24.885246590000065],[91.01550167200008,24.88897871200004],[91.02048947600008,24.89056507500004],[91.01624199800005,24.89332405500005],[91.01560041000005,24.898552491000032],[91.00535987400008,24.892822083000055],[90.99805530300006,24.89213513900006],[90.99649216100005,24.908457870000063],[90.99286753400008,24.914100639000026],[90.98954324900006,24.913600665000047],[90.97981719200004,24.917156831000057],[90.97277536700005,24.91597253900005],[90.97208206100004,24.91334807900006],[90.97064717800004,24.917023778000043],[90.96838575400005,24.915838563000023],[90.96723006100007,24.911842196000066],[90.96464830800005,24.911388206000026],[90.95727768000006,24.91485202900003],[90.95329294400005,24.919156861000033],[90.95675179700004,24.925141643000075],[90.95493733100005,24.929675270000075],[90.95525789700008,24.939544039000054],[90.95392547900008,24.940308307000066],[90.95007615200007,24.93655817800004],[90.94913873600007,24.93967626500006],[90.95234678700007,24.941892523000035],[90.96338692700004,24.94187404200005],[90.96522434700006,24.945786989000055],[90.97065727100005,24.948104674000035],[90.97317249500009,24.95842353000006],[90.97166372400005,24.960866503000034],[90.96740945800008,24.962014530000033],[90.96420364400007,24.969325093000066],[90.96003565500007,24.972781312000052],[90.95664897300009,24.972890031000077],[90.95440306200004,24.97102499700003],[90.94829805300003,24.971268321000025],[90.94781719600007,24.975258867000036],[90.94365821000008,24.97592475400006],[90.94512687400004,24.98280224100006],[90.94031379100005,24.986084235000078],[90.94276442800003,24.993184110000072],[90.94696993800005,24.994068906000052],[90.94610537900007,25.000615217000075],[90.94742654700008,25.00475456600003],[90.94135338300003,25.004440378000027],[90.93629244700008,25.009055239000077],[90.93404784100005,25.019939097000076],[90.93512501300006,25.024354379000044],[90.93807834900008,25.02514963300007],[90.93804098800007,25.028302024000027],[90.94506584100003,25.029540395000026],[90.94510244600008,25.03140774800005],[90.95215932300005,25.034195967000073],[90.95757371600007,25.03197189100007],[90.96502914700005,25.035700588000054],[90.95885949500007,25.03735864300006],[90.95263222000005,25.041283424000028],[90.95069154700008,25.044936763000067],[90.94560382400005,25.043233719000057],[90.93886842000006,25.045777273000056],[90.93583235400007,25.04312740200004],[90.93286427100008,25.04486070300004],[90.93226785500008,25.052833715000077],[90.93008089200003,25.053676524000025],[90.92953604100006,25.05725989700005],[90.93146847800006,25.06101512600003],[90.92878712500004,25.06312018400007],[90.93573783700003,25.065766446000055],[90.93248511000007,25.07122372200007],[90.93266204400004,25.073803019000025],[90.92777883200006,25.077988128000072],[90.93199339000006,25.078795332000027],[90.93449139500007,25.08099148100007],[90.93952628500006,25.07883249500003],[90.94417586900005,25.081563996000057],[90.95106288600005,25.07378390100007],[90.95656635600005,25.070438945000035],[90.96268568300007,25.072988812000062],[90.96631336100006,25.070075562000056],[90.96976308700005,25.070396780000067],[90.97466440600004,25.074280415000032],[90.97418225800004,25.076625797000077],[90.97012212000004,25.079943911000043],[90.97009620300008,25.084754369000052],[90.96811071000008,25.08886988200004],[90.97214285200005,25.09271127200003],[90.97108766900004,25.095418781000035],[90.96534588600008,25.097153374000072],[90.95974597200006,25.10096604000006],[90.95753021400003,25.104640990000064],[90.95270775600005,25.106548643000053],[90.94742263700005,25.113832652000042],[90.95589987900007,25.119526534000045],[90.95453424300007,25.125036988000033],[90.95564105400007,25.130163525000057],[90.95224354000004,25.132232430000045],[90.95333296800004,25.135442432000048],[90.94923017200006,25.137251109000033],[90.95222649100003,25.14921719700004],[90.95801965200008,25.14856691800003],[90.96305729200003,25.15452406600008],[90.96692734800007,25.15390285700005],[90.96609612100008,25.157721826000056],[90.97026229400007,25.160580280000033],[90.96692592600004,25.16473452300005],[90.96229103800005,25.167350166000062],[90.96484836000008,25.17187864600004],[90.96065547600006,25.170283794000056],[90.94876444700003,25.170892346000073],[90.94643796400004,25.16768511600003],[90.92789535100007,25.162337346000072],[90.91870778400005,25.163473159000034],[90.90448839200008,25.161999988000048],[90.89720147800006,25.16637624400005],[90.89414045100006,25.16473187300005],[90.88390912200003,25.166799925000078],[90.87506543400008,25.163593779000053],[90.87446396300004,25.161340101000064],[90.87186929600006,25.159810071000038],[90.86665579700008,25.161255880000056],[90.86305937000003,25.157861578000052],[90.86120979500004,25.157887892000076],[90.85938764900004,25.160224060000075],[90.85807286700003,25.159593466000047],[90.85982329700005,25.158408834000056],[90.85861640100006,25.157819750000044],[90.85413821500003,25.159201584000073],[90.84977294800007,25.157735573000025],[90.84439396300007,25.158576270000026],[90.84194999100004,25.16440943300006],[90.84054507400003,25.164186785000027],[90.84075749000004,25.161185877000037],[90.83658212200004,25.16096045000006],[90.81948722800007,25.162741679000078],[90.81789371600007,25.167670067000074],[90.81574352600006,25.168030602000044],[90.81363721900004,25.167105282000023],[90.81463871600005,25.16390701800003],[90.80583505100003,25.166053814000065],[90.80394686300008,25.168110566000053],[90.80539919200004,25.17372363100003],[90.80263716700006,25.172850365000045],[90.79867924300004,25.174476438000056],[90.79464751500007,25.181379831000072],[90.78723680900004,25.17883021600005],[90.78392546800006,25.179452225000034],[90.78409439300003,25.181424074000063],[90.78149859400008,25.180815230000064],[90.78167245700007,25.185604364000028],[90.78028162200008,25.186223735000056],[90.77490633400004,25.181791901000054],[90.76910753400006,25.182697853000036],[90.76337717100006,25.17807556200006],[90.76318393600008,25.17604563900005],[90.75885607500004,25.172553855000046],[90.76168439900005,25.170044630000064],[90.76034365300006,25.16827640100007],[90.75897003100005,25.167930140000067],[90.75839472200005,25.169532850000053],[90.75750407300006,25.168270472000074],[90.75658945400005,25.169848341000034],[90.74937589600006,25.167000477000045],[90.74756818800006,25.164123344000075],[90.74200669200007,25.166003012000033],[90.74180574200005,25.170349015000056],[90.73985623600004,25.16938607800006],[90.73962364800008,25.166775054000027],[90.73416640200008,25.16694541000004],[90.73313954600007,25.162120112000025],[90.73783713600005,25.164418957000066],[90.74188380600003,25.16136516000006],[90.73920709400005,25.15782286800004],[90.73436043800007,25.158168380000063],[90.73319387900005,25.15501402900003],[90.73186719600005,25.15510328000005],[90.73139481100009,25.157479344000024],[90.72657276200005,25.158189580000055],[90.72534717100007,25.163365227000043],[90.72200821900003,25.164821265000057],[90.71767767300008,25.163827068000046],[90.71470595300008,25.167661356000053],[90.70992375300006,25.168211197000062],[90.70800346500005,25.166659414000037],[90.70650169600003,25.161213521000036],[90.70231502600006,25.162183596000034],[90.70058952800008,25.164933549000068],[90.69924072400005,25.16131245300005],[90.70052271200007,25.159460220000028],[90.69850520200004,25.156855160000077],[90.69498274300008,25.160139537000077],[90.69169905800004,25.16101367600004],[90.68985111700005,25.16427034000003],[90.68680912100007,25.164933417000043],[90.68365396600007,25.163342917000023],[90.68208042200007,25.164376336000032],[90.68043037500007,25.16942866200003],[90.68543151800009,25.17234805700008],[90.68563446300004,25.174586927000064],[90.68149536700008,25.172277458000053],[90.67507898500008,25.172600373000023],[90.67630687900004,25.176307171000076],[90.67455125600009,25.176667004000024],[90.66987530100005,25.166424763000066],[90.66594035200006,25.16595707700003],[90.66648216300007,25.169666557000028],[90.66375882000006,25.17304190400006],[90.66509767200006,25.17640726700006],[90.66336162700009,25.178973394000025],[90.66546990700004,25.181095769000024],[90.66495334000007,25.184296131000053],[90.66270795700007,25.185666062000053],[90.66367358800005,25.188416231000076],[90.66248572800004,25.191691767000066],[90.66506680400005,25.196452261000047],[90.66340097100004,25.19799771600003],[90.66117131300007,25.18931062000007],[90.65797559300006,25.185347942000078],[90.65064097400005,25.194989193000026],[90.64736234600008,25.19437699100007],[90.65251548700007,25.188784087000045],[90.65133726900007,25.188227786000027],[90.65231766200009,25.186986455000067],[90.65109020200003,25.18208997000005],[90.64595188400006,25.180934704000038],[90.64028331600008,25.183705950000046],[90.63874063400004,25.180195265000066],[90.64185725500005,25.17682362200003],[90.64183780700006,25.174925932000065],[90.63448737800007,25.17612590600004],[90.63199219500007,25.17364749400008],[90.62701687400005,25.17328864700005],[90.62694402600005,25.17231533300003],[90.62515125600004,25.174210938000044],[90.62027231800005,25.174460141000054],[90.61821585800004,25.172674864000044],[90.61561426700007,25.177551066000035],[90.61403511100008,25.174205678000078],[90.61418642800004,25.160445710000033],[90.61629927900003,25.15871433800004],[90.61162530300004,25.151638452000043],[90.61289896300008,25.149021636000043],[90.61190119700007,25.144787563000023],[90.60625304000007,25.142175525000027],[90.60552476600003,25.14047678700007],[90.60896795300005,25.13573060500005],[90.61086498900005,25.129571214000066],[90.60417487400008,25.124338828000077],[90.60445913700005,25.12226061000007],[90.60715671000008,25.12127991600005],[90.60308019200005,25.11882045300007],[90.60085185800006,25.114078222000046],[90.60290278200006,25.111469055000043],[90.59922789400008,25.10840334900007],[90.60385089900007,25.105341246000023],[90.60384218700005,25.10369374100003],[90.60171972800003,25.09950759700007],[90.59817832300007,25.09819045300003],[90.59973167500004,25.093619148000073],[90.59454205100008,25.088129026000047],[90.58689028900005,25.08323039000004],[90.58746633600003,25.081082176000052],[90.59038227100007,25.081724206000047],[90.59201508900009,25.07741962600005],[90.59543146400006,25.076472971000044],[90.59379986700009,25.07419303200004],[90.59038714900004,25.07330695400003],[90.58889316400007,25.067377978000025],[90.59032015200006,25.061656395000057],[90.58802504000005,25.060120107000046],[90.58844967600004,25.058729379000056],[90.59698373400005,25.064550644000064],[90.59521786700003,25.067541839000057],[90.59746543200004,25.068043614000032],[90.59744129400008,25.07034937800006],[90.59981638700003,25.07043067400008],[90.60224432500007,25.072699981000028],[90.60740834500007,25.07017685900007],[90.60817657800004,25.065368224000053],[90.60610124100003,25.06284076000003],[90.60466904100008,25.065081148000047],[90.60414110800008,25.06180230800004],[90.60969575200005,25.059428221000076],[90.61275007200004,25.053588551000075],[90.60483190700006,25.05142539800005],[90.60762499900005,25.048138648000077],[90.60331807700004,25.04304252000003],[90.60350458700003,25.03734954300006],[90.60752406700004,25.03406570900006],[90.60310519100005,25.033590401000026],[90.60243947800006,25.032122772000037],[90.60660254600003,25.03047803800007],[90.60693347400007,25.028485961000058],[90.60509196900006,25.026766890000033],[90.59726676800005,25.027812248000032],[90.59347884300007,25.030052952000062],[90.59099850500007,25.033961890000057],[90.58547546200003,25.026776589000065],[90.57848444100006,25.030842435000068],[90.57772994000004,25.033499869000025],[90.57448608400006,25.03521701300008],[90.56935567600004,25.03667096500004],[90.56351243400007,25.03454728500003],[90.54992495500005,25.041759649000028],[90.54785366300007,25.040064421000068],[90.54514103900004,25.032445018000033],[90.53541489500003,25.03564287100005],[90.53321193000005,25.032940402000065],[90.53485457000005,25.027721428000063],[90.54395837300007,25.025837628000033],[90.54685910200004,25.023252623000076],[90.54510803700003,25.01543662200004],[90.54240559300007,25.012928017000036],[90.53815420400008,25.012142534000077],[90.53167872000006,25.016427281000063],[90.52401288300007,25.02992124800005],[90.51766734400007,25.023729100000025],[90.51532267600004,25.024924810000073],[90.51349993200006,25.030376182000055],[90.51114289200007,25.030270856000072],[90.50977303300004,25.027990179000028],[90.50962021900006,25.019187828000042],[90.50681206600007,25.017634514000065],[90.50561955800003,25.019278815000064],[90.50606908100008,25.02980506600005],[90.50382460600008,25.031926485000042],[90.50066421900004,25.031867740000052],[90.49426764600008,25.02736297000007],[90.49475399000005,25.019647255000052],[90.49776718500004,25.02091845900003],[90.50411216700007,25.016786886000034],[90.50206671000007,25.013570895000043],[90.49917594700008,25.013438955000026],[90.49536264500006,25.01000809900006],[90.49272160500004,25.002737370000034],[90.50300435000008,25.002123846000075],[90.50239656900004,24.997052204000056],[90.50586957400003,24.995174417000044],[90.50349208500006,24.98486575000004],[90.50595113300005,24.98423371100006],[90.51099357800007,24.98685408500006],[90.51316590100004,24.978315184000053],[90.51509414700007,24.979037773000073],[90.51645358500008,24.977006178000067],[90.52306199700007,24.979324378000058],[90.52303014300008,24.977210119000063],[90.51737000600008,24.97314452100005],[90.51492316000008,24.96250605700004],[90.51277965800006,24.960426733000077],[90.51269927400006,24.95163196200008],[90.51608887500004,24.95013748200006],[90.51637928200006,24.946139698000025],[90.52537281500008,24.94805951400008],[90.52881680800004,24.952693203000024],[90.53051034700007,24.951163206000047],[90.53105409300008,24.945860650000043],[90.52622836300009,24.944553038000038],[90.52558296200004,24.94228853900006],[90.53473490900006,24.941788625000072],[90.53818821600004,24.93726973400004],[90.54413450300007,24.937083892000032],[90.54412538600008,24.932751879000023],[90.53945193100003,24.932636222000042],[90.53370932000007,24.92702945600007],[90.53542231500006,24.922215434000066],[90.53351158800007,24.916896247000068],[90.53818672700004,24.915112193000027],[90.53833033300003,24.911693437000054],[90.54113409500007,24.90703232000004],[90.53792013200007,24.90473030900006],[90.53941707600006,24.89914994000003],[90.53320359600008,24.89592505300004],[90.53458838500006,24.891576735000058],[90.54130118500007,24.88531660500007],[90.54878967200005,24.886581828000033],[90.55477039600004,24.883710429000075],[90.56029635300007,24.886665511000047],[90.56836440000006,24.885251004000054],[90.56687311900004,24.883347179000054],[90.56799726200006,24.881147240000075],[90.56678812800004,24.87719624700003],[90.57204995700005,24.87251165400005],[90.56804507600003,24.870628169000042],[90.56793019500003,24.861869065000064],[90.57230955300008,24.856461945000035],[90.56731058900004,24.855559845000073],[90.56924167900007,24.84968795900005],[90.56670810900005,24.84742684300005],[90.56025020500005,24.847464177000063],[90.55927283000005,24.843472718000044],[90.56388760500005,24.84338990200007],[90.56669151400007,24.840795282000045],[90.57054282800004,24.842589099000065],[90.57340391000008,24.838475225000025],[90.57578931700004,24.83934263200007],[90.57885999600006,24.84430744900004],[90.58820596100009,24.841942076000066],[90.58795540900007,24.834601946000078],[90.58459578500003,24.836224909000066],[90.57721083200005,24.824153100000046],[90.57460460100003,24.824155800000028],[90.56439617100006,24.817214205000028],[90.56339681400004,24.811615302000064],[90.56635712500008,24.81079358100004],[90.56997065100006,24.81258946400004],[90.57870195700008,24.822153726000067],[90.58143815900007,24.819795597000052],[90.58204818300004,24.811637026000028],[90.59518783000004,24.81221693300006],[90.60078183400003,24.809620152000036],[90.60533184000008,24.81365901600003],[90.60812169200005,24.814326722000033],[90.60865537000006,24.810144299000058],[90.61136277400004,24.808640876000027],[90.61170453000005,24.805320565000045],[90.61827639200004,24.804398911000078],[90.62169482300004,24.802429523000058],[90.62463853700007,24.79545657500006],[90.64041186900005,24.798795179000024],[90.64874125000006,24.791486495000072],[90.65605218900004,24.792093575000024],[90.66904008200004,24.798268045000043],[90.67104858500005,24.803235134000033],[90.67446008900004,24.802892985000028],[90.67754961900005,24.800655145000064],[90.68287437800007,24.802604211000073],[90.68892821700007,24.800835738000046],[90.69451132300009,24.802619509000067],[90.69593330900005,24.800583192000033],[90.70057003900007,24.799438894000048],[90.70275233400008,24.801553759000058],[90.70826222600004,24.801404735000062],[90.71138228000007,24.797153852000065],[90.71020506800005,24.792825712000024],[90.70754034100008,24.792420650000054],[90.70566557800004,24.790223686000047],[90.70555743800008,24.786627047000025],[90.71864139500008,24.782441609000045],[90.72285011500009,24.778217435000045],[90.72271366500007,24.774297526000055],[90.71913487300009,24.770013187000075],[90.70976313100005,24.767197891000023],[90.70665799100004,24.77309175000005],[90.69839977500004,24.774497558000064],[90.69550467800008,24.771503706000033],[90.69750761800003,24.76175839900003],[90.69532269100006,24.75836047400003],[90.69869120800007,24.756201065000027],[90.70439072500005,24.75605189600003],[90.71533728400004,24.752522535000026],[90.71479840900008,24.743031820000056],[90.72169282500005,24.742597470000078],[90.72433725700006,24.731567445000053],[90.71790011800005,24.727256173000058],[90.70859665200004,24.729918860000055],[90.70210005600006,24.716002082000045],[90.69552228200007,24.71412321500003],[90.69581967900007,24.707039778000023],[90.69718578900006,24.70548065400004],[90.69585031900004,24.700099245000047],[90.70474735300007,24.700210695000067],[90.70898488200004,24.692843954000068],[90.70516697600004,24.69122844000003],[90.70697813900006,24.687462423000056],[90.70350663700003,24.684902045000058],[90.70062631000008,24.675679510000066],[90.70417124800008,24.66706135900006],[90.70784220300004,24.665865547000067],[90.71077450800004,24.660554955000066],[90.72202203300003,24.649185911000075],[90.72420074000007,24.649048996000033],[90.72715484600008,24.65344643000003],[90.72957433300007,24.653282304000072],[90.73083538000003,24.649123563000046],[90.73539660100005,24.650437355000065],[90.74066068100007,24.649121754000078],[90.74387803400003,24.637600252000027],[90.75825123300007,24.637401457000067],[90.76113064500004,24.627997967000056],[90.76011984300004,24.624224695000066],[90.75847046000007,24.623692848000076],[90.75695954500009,24.610467062000055],[90.77300636500007,24.60874747400004],[90.77660148900009,24.611954757000035],[90.77609374300005,24.616718452000043],[90.77963010900004,24.614781065000045],[90.78122351700006,24.608891308000068],[90.78307454200007,24.607516301000032],[90.79404060400003,24.605863731000056],[90.79602445500007,24.59545679200005],[90.79419353100008,24.590770297000063],[90.79194234300007,24.589709148000054],[90.79263025200004,24.58729591900004],[90.78877295200004,24.584851247000074],[90.790302,24.581713388000026],[90.79567147100005,24.58395136000007],[90.79570609800004,24.581323128000065],[90.79251566700003,24.577817819000074],[90.79677388900006,24.575458558000037],[90.79905631400004,24.580116110000063],[90.80256508000008,24.57919773100008],[90.80717583500007,24.580343748000075],[90.80919990600006,24.582281908000027],[90.80486172800005,24.58574655900003],[90.80556222700005,24.58659794400006],[90.80908223600005,24.58567991700005],[90.81265545000008,24.581249564000075],[90.81582177700005,24.581411374000027],[90.81709151000007,24.582178906000024],[90.81545626200005,24.58711534300005],[90.81996583300008,24.588018232000024],[90.82351124300004,24.588069440000027],[90.82761901600009,24.583239581000043],[90.83473069300004,24.58243213000003],[90.83976122600006,24.579915553000035],[90.84178809500008,24.584785509000028],[90.84369955900007,24.58410877500006],[90.84560691200005,24.588153567000063],[90.85075021800003,24.59118215700005],[90.84816138600007,24.593123754000032],[90.85048235100004,24.596670005000078],[90.85487178100004,24.597069599000065],[90.85693897500005,24.599483229000043],[90.86323701700007,24.59911648600007],[90.86308725500004,24.594382289000066],[90.87636029400005,24.59450034400004],[90.88000487800008,24.592465748000052],[90.88171735500003,24.59882198400004],[90.88476653200007,24.600338788000045],[90.89084037000003,24.600315383000066],[90.89905616100003,24.597671278000064],[90.90402422300008,24.59979596200003],[90.90724957700007,24.594627246000073],[90.90914011400008,24.597493878000023],[90.91585439700003,24.60117955000004],[90.91632423200008,24.61372792000003],[90.92375987500003,24.613344926000025],[90.92747296100003,24.61586257600004],[90.93018962700006,24.61269855300003],[90.93311522300007,24.612166810000076],[90.93219311000007,24.606955517000074],[90.93868860400005,24.601849403000074],[90.94481822400007,24.605061024000065],[90.95001764900007,24.60187935700003],[90.95354927100004,24.602425967000045],[90.95575571500007,24.606822399000066],[90.95907146800005,24.60705134500006],[90.96286154300003,24.611496825000074],[90.96498257200005,24.609847536000075],[90.96629166200006,24.605138041000032],[90.97688398500009,24.59954282500007],[90.98447892700005,24.605222238000067],[90.99284326800006,24.601447187000076],[90.99604588500006,24.603071317000058],[91.00427291800008,24.60203399200003],[91.01023701800005,24.60572884800007],[91.01834639500004,24.603117376000057],[91.02100162700003,24.605331100000058],[91.02263775600005,24.611804592000055],[91.02150388200005,24.618903639000052],[91.02688504800005,24.628323805000036],[91.02997153900003,24.62995756600003],[91.04133471700004,24.624359339000023],[91.03609803500007,24.619319147000056],[91.03652080500007,24.612559046000058],[91.03823025900004,24.61097931200004],[91.04564365000004,24.610233183000048],[91.05315045800006,24.614387978000025],[91.05522529000007,24.612670604000073],[91.05826678000005,24.613070297000036],[91.06321139900007,24.617233541000076],[91.07318540600005,24.61895755300003],[91.07849825100004,24.613780597000073],[91.08327653900005,24.611386469000024],[91.08394139900008,24.60858728200003],[91.09184294700003,24.605245859000036],[91.09310328200007,24.601591185000075],[91.09726837000005,24.602726949000044],[91.09689020500008,24.599994577000075],[91.09923977600005,24.599438425000073],[91.09996212600004,24.605028138000023],[91.10459238100003,24.599710794000032],[91.10577598100008,24.60128075600005],[91.10393776200004,24.60608213000006],[91.10465897400007,24.60799808200005],[91.11771155100007,24.605978205000042],[91.12308883900005,24.61064080400007],[91.12885690700006,24.610029286000042],[91.13078889800005,24.616651615000023],[91.13304882100005,24.620381690000045],[91.13465824800005,24.62063821600003],[91.13465243900004,24.62218359600007],[91.12960641300003,24.625425696000036],[91.12731898800007,24.629160588000047],[91.12980795900006,24.632940345000065],[91.12711452200006,24.635827165000023],[91.12972132700008,24.637726009000062],[91.12858413000004,24.640431268000043],[91.12991454700006,24.642112789000066],[91.13624838800007,24.637948865000055],[91.13815939200003,24.634594279000055],[91.14223116500006,24.635491845000047],[91.14507507200005,24.638585144000047],[91.14722056200009,24.63645567100008],[91.14955077100007,24.638730467000073],[91.15433789100007,24.638964702000067],[91.15889007900006,24.633946035000065],[91.16380668200009,24.632179308000048],[91.16832857500003,24.634726931000046],[91.17485064600004,24.643079986000032],[91.18505102000006,24.635651488000065],[91.19205428600009,24.638435599000047],[91.19521432600004,24.631139414000074]]]}},{"id":"60","type":"Feature","properties":{"shapeName":"Sunamganj","district":"Sunamganj"},"geometry":{"type":"Polygon","coordinates":[[[91.64913400700004,24.675005690000035],[91.65139724100004,24.685864258000038],[91.65490416900008,24.68988364100005],[91.65446856300008,24.694969551000042],[91.65140620400007,24.69699362800003],[91.64720274100006,24.696849651000036],[91.64560014400007,24.691231952000066],[91.64323888300004,24.691238635000047],[91.64386581800005,24.69782809000003],[91.66132584200005,24.700631754000028],[91.66282527700008,24.703813679000064],[91.65870232100008,24.705100810000033],[91.65717750400006,24.707555503000037],[91.65859758900007,24.71318803500003],[91.65274869400008,24.71661761200005],[91.65547192500009,24.716384423000022],[91.65655377900003,24.720172009000066],[91.65881794000006,24.720257021000066],[91.65961679800006,24.723798844000044],[91.66584220400006,24.723813329000052],[91.66557283200007,24.720657863000042],[91.67207098500006,24.71913526700007],[91.67248690100007,24.723166019000075],[91.67420686200006,24.72413154800006],[91.67021283200006,24.726044526000067],[91.67217585300006,24.72929113600003],[91.66741915600005,24.734213561000047],[91.66550011700008,24.734127113000056],[91.66356967200005,24.740055767000058],[91.65956656200007,24.74254531400004],[91.66282537600006,24.74328173400005],[91.66407857600007,24.74769427900003],[91.66614594300006,24.748971478000044],[91.67304597400005,24.749387796000065],[91.67369173500003,24.754923227000063],[91.67673012400007,24.755690566000055],[91.67746783000007,24.758117296000023],[91.67615366900009,24.761547765000046],[91.67268212100004,24.76222593800003],[91.67123639800008,24.761011318000044],[91.67067665500008,24.767998627000054],[91.66622798500003,24.768137919000026],[91.66604855000008,24.770530895000036],[91.66330520400004,24.772587265000027],[91.65927623800007,24.77204565100004],[91.65797075700004,24.77003536500007],[91.65777683300007,24.773396854000055],[91.65332864800007,24.769996968000044],[91.64974765700003,24.770420197000078],[91.65104270600006,24.77721095800007],[91.64860019500009,24.781108492000044],[91.64240616900008,24.779565468000044],[91.63651541300004,24.779408773000057],[91.63616371300003,24.780445876000044],[91.63752584500008,24.782456868000054],[91.63912391700006,24.782380122000063],[91.63952066400003,24.784678176000057],[91.64453733100004,24.786453203000065],[91.64566683000004,24.78323211000003],[91.64729215700004,24.783440521000045],[91.64706387600006,24.785673193000036],[91.65084366400004,24.78673929200005],[91.65369772500009,24.789591409000025],[91.65353068100006,24.791865168000072],[91.65142267900006,24.79251426700006],[91.65239717500003,24.79351362400007],[91.66408884400005,24.786300295000046],[91.66749616000004,24.786959291000073],[91.67102920100007,24.78505033500005],[91.67450305700004,24.785417246000065],[91.67513912200008,24.786706905000074],[91.67441505300008,24.78963642100007],[91.67036533400005,24.790819886000065],[91.67691128000007,24.793554096000037],[91.67236406800004,24.796230141000024],[91.67472550100007,24.80106014200004],[91.67408109800004,24.806565946000035],[91.67002404200008,24.805535732000067],[91.66727239700003,24.809978740000076],[91.66656238700006,24.807694440000034],[91.65824930000008,24.80860790500003],[91.65808662100005,24.816081144000066],[91.66254675700009,24.81546675100003],[91.66081173800006,24.82167083400003],[91.65853284200006,24.822799917000054],[91.65710906100009,24.833917880000058],[91.65802283900007,24.834740096000075],[91.65818995800004,24.829599667000025],[91.66005688300004,24.832112679000033],[91.66143579700008,24.823769893000076],[91.66452359300007,24.82565869900003],[91.66487605700007,24.835137925000026],[91.66429255000008,24.83709804800003],[91.66109259900009,24.836557495000022],[91.66067315100008,24.84367917700007],[91.65741016900006,24.84436097400004],[91.65729624000005,24.84681076100003],[91.66448705400006,24.85436190100006],[91.66721848500003,24.853781241000036],[91.67060443800005,24.856990969000037],[91.67518528300008,24.85720036600003],[91.67405835700004,24.859309947000042],[91.67559384500004,24.867367312000056],[91.67247181500005,24.869920227000023],[91.67376050300004,24.871867295000072],[91.67745057300004,24.87184901200004],[91.67831194900003,24.86940155600007],[91.67960348700007,24.871050023000066],[91.67977087500003,24.868973210000036],[91.68244270900004,24.87004971500005],[91.68141451800005,24.869032017000052],[91.68342533600008,24.867885838000063],[91.68265986500006,24.862195605000068],[91.68498561300004,24.86061022100006],[91.69316505900008,24.861366975000067],[91.69449061100005,24.866682291000075],[91.69779041200007,24.866769515000044],[91.69946971900004,24.87007129400007],[91.69583236400007,24.877661249000028],[91.69130892300007,24.875817664000067],[91.68410676600007,24.87818394100003],[91.68193834000004,24.883690552000076],[91.68348076300003,24.88986576600007],[91.67964093300009,24.888776493000023],[91.67697026100006,24.88978446400006],[91.68233411700004,24.89390665600007],[91.69003551600008,24.894242834000067],[91.68885924600005,24.896775174000027],[91.69134138700008,24.89718381700004],[91.69485751400003,24.90140828600005],[91.69405114800009,24.904067376000057],[91.68108440600008,24.904775571000073],[91.68118485500008,24.906298040000024],[91.69369532800005,24.90759769400006],[91.69511844600004,24.91135778000006],[91.69190336500009,24.91353127900004],[91.69169485500004,24.916616386000044],[91.68557910300007,24.915497248000065],[91.69090778500004,24.918976728000075],[91.68988466500008,24.92277079400003],[91.68755410700004,24.924398102000055],[91.69072914800006,24.92434462700004],[91.69147932100003,24.928392259000077],[91.69386140100005,24.929446391000056],[91.68985033400008,24.933277771000064],[91.69080459600008,24.938263762000076],[91.70073266800006,24.937806549000072],[91.70383809200007,24.942656131000035],[91.70978526400006,24.942753894000077],[91.71371286100003,24.946557211000027],[91.70461819300004,24.949510099000065],[91.70709269700006,24.95664484200006],[91.71157208600005,24.961513448000062],[91.71226560800005,24.96466209600004],[91.71128577700006,24.967978392000077],[91.70452204900005,24.970884769000065],[91.69935517100004,24.97523244200005],[91.69997407900007,24.976481481000064],[91.70383946200008,24.976382542000067],[91.70363244900005,24.980858021000074],[91.68977749200008,24.98687050500007],[91.67517707600007,24.99070351200004],[91.66602346700006,24.998643780000066],[91.66587352700003,25.000335518000043],[91.66861933000007,25.000217271000054],[91.67879697600006,24.99615100400007],[91.68845040100007,24.994642863000024],[91.69663251500003,24.997739116000048],[91.68882640400005,25.00212784000007],[91.67882274300007,25.013851945000056],[91.66812274500006,25.019422321000036],[91.66803016400007,25.023019025000053],[91.66906568800005,25.025310271000023],[91.68098437100008,25.02451910600007],[91.67977701900008,25.029955573000052],[91.67213348600006,25.03917255500005],[91.68145640600005,25.038838224000074],[91.68741472600004,25.041445947000057],[91.68863614200006,25.045466712000064],[91.68370431500006,25.050865368000075],[91.68477694400008,25.055195384000058],[91.68748494700009,25.057974775000048],[91.70068308800006,25.059184670000036],[91.70596979500004,25.06186642600005],[91.71004651700008,25.066356339000038],[91.71732927400006,25.064019092000024],[91.72504913200004,25.065708751000045],[91.73262971400004,25.064398804000064],[91.73499063600008,25.06536378900006],[91.73428995200004,25.067474469000047],[91.72902746300008,25.06975234300006],[91.73347411800006,25.073200676000056],[91.73435981600005,25.07564436100006],[91.72272984700004,25.084758607000026],[91.71850192700003,25.092722759000026],[91.72064656800006,25.096931097000038],[91.71771354700007,25.10215926500007],[91.72404724500007,25.109075435000022],[91.72017315800008,25.10680972800003],[91.71941981300006,25.112231563000023],[91.72630578400003,25.120251121000024],[91.72790502500004,25.12911865500007],[91.71900892300005,25.12963800400007],[91.71827994800003,25.132957058000045],[91.72049954400006,25.134186808000038],[91.72050340300007,25.135744723000073],[91.71390141800003,25.13603229100005],[91.71276525700006,25.146964148000052],[91.70536139100005,25.14901496600004],[91.70374870000006,25.15102997300005],[91.70282050400004,25.149005749000025],[91.70097948800009,25.150720023000076],[91.69875170500006,25.146309901000052],[91.69427867500008,25.14549080000006],[91.69417066800008,25.14051289500003],[91.69163528300004,25.13721705000006],[91.68622000300007,25.137850401000037],[91.68062930200006,25.13506906200007],[91.67556998800006,25.138145268000073],[91.66796359000006,25.13781870300005],[91.66389927700004,25.13523364100007],[91.66494889500007,25.128551338000022],[91.66008073300009,25.127127364000046],[91.65833228100007,25.129638502000034],[91.65881959600006,25.131586371000026],[91.65268682900006,25.131305218000023],[91.65110777600006,25.127230005000058],[91.64536712200004,25.12733264800005],[91.64199206000006,25.123167721000073],[91.63657732400009,25.122825856000077],[91.63552583400008,25.124259726000048],[91.62692184500008,25.12552581700004],[91.62310415500008,25.12801677300007],[91.62141264200005,25.143515566000076],[91.61536490600008,25.145223404000035],[91.61221109000007,25.141069241000025],[91.61103982700007,25.146385244000044],[91.60687038900005,25.144799728000066],[91.60371062700005,25.140325804000042],[91.60160490000004,25.143699706000064],[91.59939149900003,25.15129726400005],[91.60258054000008,25.154995969000026],[91.60355483600006,25.15912994000007],[91.59984737000008,25.15956665400006],[91.60396860300006,25.16755356500005],[91.60818296200006,25.16985286700003],[91.61536176900006,25.169770044000074],[91.61511631300004,25.174855965000063],[91.60935705300005,25.177136227000062],[91.60541129400008,25.173764429000073],[91.59197488800004,25.174430788000052],[91.58902441700008,25.171754962000023],[91.57697016600008,25.172102362000032],[91.57146802300008,25.165374693000047],[91.57625870300006,25.160034048000057],[91.57007078000004,25.16094692300004],[91.56688759900004,25.159414049000077],[91.56298986600007,25.160771840000052],[91.55811331900009,25.155756176000068],[91.55714698500003,25.149845921000065],[91.52641748400004,25.144602578000047],[91.51743029500005,25.14778962300005],[91.50946733200004,25.147551044000068],[91.50098711500004,25.14316979800003],[91.50159129700006,25.140302607000024],[91.49959242000006,25.13554714600008],[91.49242064000003,25.13697916700005],[91.49359682600004,25.138637542000026],[91.49185787000005,25.13895301200006],[91.48920410200003,25.13521570200004],[91.48222134100007,25.13721627900003],[91.47794686600008,25.13656932400005],[91.47968545700007,25.13522976400003],[91.47813378300003,25.133896872000037],[91.47055101300003,25.133748268000033],[91.46415891000004,25.13491298300005],[91.46493464500008,25.13710760300006],[91.47036188900006,25.139834751000024],[91.46693668000006,25.143913836000024],[91.46943135100008,25.15094506500003],[91.46854994700004,25.15192257600006],[91.46087434200007,25.151310054000078],[91.45712909600007,25.148367275000055],[91.45304156700007,25.152721433000067],[91.45070364800006,25.15216618000005],[91.44952940900004,25.14928715600007],[91.44326297700007,25.15080181600007],[91.44049313800008,25.14975450600008],[91.43713866900003,25.154229025000063],[91.43287832400006,25.156769593000035],[91.42495110500005,25.157176664000076],[91.42261126200003,25.16212692700003],[91.41456896700004,25.17124231500003],[91.41207674500004,25.169538158000023],[91.41277098400008,25.167347207000034],[91.41084653800004,25.16378031200003],[91.40672293900008,25.166213597000024],[91.39854965000006,25.164571697000042],[91.38435522700007,25.169937579000077],[91.37614639700007,25.16809267900004],[91.36844047300008,25.170823902000052],[91.36372813900005,25.17816547600006],[91.36064326500008,25.177709096000058],[91.35366493500004,25.171333971000024],[91.35148948200003,25.175922392000075],[91.34718695200007,25.174290891000055],[91.33711672800007,25.173650516000066],[91.33232491500007,25.177397031000055],[91.32694276300003,25.176295808000077],[91.32380853000006,25.181202677000044],[91.31768401600004,25.183791358000065],[91.31040103800007,25.184117100000037],[91.30456024400007,25.18270608800003],[91.30005849200006,25.184350062000078],[91.29240728500008,25.183923254000035],[91.28835230800007,25.18661133100005],[91.28647689400003,25.18547644000006],[91.28857874800008,25.190233353000053],[91.29214076200003,25.193437364000033],[91.27613378000007,25.19916717900003],[91.26794715300008,25.20736202200004],[91.26020523400007,25.205211604000056],[91.25972686300008,25.201136142000053],[91.25150950600005,25.19934276400005],[91.25074565500006,25.19577577900003],[91.24726370800005,25.19789541800003],[91.23669814000004,25.197084052000037],[91.23629000300008,25.199159327000075],[91.23317985300008,25.199223138000036],[91.23022775700008,25.197006943000076],[91.22441875000004,25.20028334400007],[91.22319855400008,25.19912566800008],[91.19461246700007,25.20192531600003],[91.16471508800004,25.195972374000064],[91.16024094100004,25.197902740000075],[91.15600644000006,25.196320617000026],[91.14084361400006,25.196560201000068],[91.12517294500003,25.194120446000056],[91.06957432200005,25.19852065500004],[91.07181815300004,25.193470355000045],[91.06780835700005,25.191642006000052],[91.05508372100007,25.192550933000064],[91.04992654400007,25.189864920000048],[91.04153720000005,25.187769850000052],[91.03948072500003,25.188635384000065],[91.03833802500009,25.186396252000065],[91.03033482300003,25.185243675000038],[91.01903405900003,25.187086719000035],[91.01869011600007,25.183930339000028],[91.01048346900006,25.182470248000072],[91.00939300900006,25.18331094100006],[91.00652701100006,25.180531633000044],[91.00191248400006,25.181417620000047],[90.99910621500004,25.17941574500003],[90.98493621000006,25.17517554500006],[90.97727588700008,25.17412775100007],[90.97303924100004,25.175169793000066],[90.96532929900008,25.171028711000076],[90.96484836000008,25.17187864600004],[90.96229103800005,25.167350166000062],[90.96692592600004,25.16473452300005],[90.97026229400007,25.160580280000033],[90.96609612100008,25.157721826000056],[90.96692734800007,25.15390285700005],[90.96305729200003,25.15452406600008],[90.95801965200008,25.14856691800003],[90.95222649100003,25.14921719700004],[90.94923017200006,25.137251109000033],[90.95333296800004,25.135442432000048],[90.95224354000004,25.132232430000045],[90.95564105400007,25.130163525000057],[90.95453424300007,25.125036988000033],[90.95589987900007,25.119526534000045],[90.94742263700005,25.113832652000042],[90.95270775600005,25.106548643000053],[90.95753021400003,25.104640990000064],[90.95974597200006,25.10096604000006],[90.96534588600008,25.097153374000072],[90.97108766900004,25.095418781000035],[90.97214285200005,25.09271127200003],[90.96811071000008,25.08886988200004],[90.97009620300008,25.084754369000052],[90.97012212000004,25.079943911000043],[90.97418225800004,25.076625797000077],[90.97466440600004,25.074280415000032],[90.96976308700005,25.070396780000067],[90.96631336100006,25.070075562000056],[90.96268568300007,25.072988812000062],[90.95656635600005,25.070438945000035],[90.95106288600005,25.07378390100007],[90.94417586900005,25.081563996000057],[90.93952628500006,25.07883249500003],[90.93449139500007,25.08099148100007],[90.93199339000006,25.078795332000027],[90.92777883200006,25.077988128000072],[90.93266204400004,25.073803019000025],[90.93248511000007,25.07122372200007],[90.93573783700003,25.065766446000055],[90.92878712500004,25.06312018400007],[90.93146847800006,25.06101512600003],[90.92953604100006,25.05725989700005],[90.93008089200003,25.053676524000025],[90.93226785500008,25.052833715000077],[90.93286427100008,25.04486070300004],[90.93583235400007,25.04312740200004],[90.93886842000006,25.045777273000056],[90.94560382400005,25.043233719000057],[90.95069154700008,25.044936763000067],[90.95263222000005,25.041283424000028],[90.95885949500007,25.03735864300006],[90.96502914700005,25.035700588000054],[90.95757371600007,25.03197189100007],[90.95215932300005,25.034195967000073],[90.94510244600008,25.03140774800005],[90.94506584100003,25.029540395000026],[90.93804098800007,25.028302024000027],[90.93807834900008,25.02514963300007],[90.93512501300006,25.024354379000044],[90.93404784100005,25.019939097000076],[90.93629244700008,25.009055239000077],[90.94135338300003,25.004440378000027],[90.94742654700008,25.00475456600003],[90.94610537900007,25.000615217000075],[90.94696993800005,24.994068906000052],[90.94276442800003,24.993184110000072],[90.94031379100005,24.986084235000078],[90.94512687400004,24.98280224100006],[90.94365821000008,24.97592475400006],[90.94781719600007,24.975258867000036],[90.94829805300003,24.971268321000025],[90.95440306200004,24.97102499700003],[90.95664897300009,24.972890031000077],[90.96003565500007,24.972781312000052],[90.96420364400007,24.969325093000066],[90.96740945800008,24.962014530000033],[90.97166372400005,24.960866503000034],[90.97317249500009,24.95842353000006],[90.97065727100005,24.948104674000035],[90.96522434700006,24.945786989000055],[90.96338692700004,24.94187404200005],[90.95234678700007,24.941892523000035],[90.94913873600007,24.93967626500006],[90.95007615200007,24.93655817800004],[90.95392547900008,24.940308307000066],[90.95525789700008,24.939544039000054],[90.95493733100005,24.929675270000075],[90.95675179700004,24.925141643000075],[90.95329294400005,24.919156861000033],[90.95727768000006,24.91485202900003],[90.96464830800005,24.911388206000026],[90.96723006100007,24.911842196000066],[90.96838575400005,24.915838563000023],[90.97064717800004,24.917023778000043],[90.97208206100004,24.91334807900006],[90.97277536700005,24.91597253900005],[90.97981719200004,24.917156831000057],[90.98954324900006,24.913600665000047],[90.99286753400008,24.914100639000026],[90.99649216100005,24.908457870000063],[90.99805530300006,24.89213513900006],[91.00535987400008,24.892822083000055],[91.01560041000005,24.898552491000032],[91.01624199800005,24.89332405500005],[91.02048947600008,24.89056507500004],[91.01550167200008,24.88897871200004],[91.01762001500003,24.885246590000065],[91.02014663600005,24.88506115000007],[91.02534565500008,24.888485848000073],[91.02771072800005,24.883577382000055],[91.02940256300008,24.883084293000024],[91.03117225100004,24.891745164000042],[91.03954965000008,24.900163129000077],[91.03875152800003,24.905206476000046],[91.04447440000007,24.908138613000062],[91.04739984400004,24.906765810000024],[91.04885793100004,24.902678950000052],[91.05404606800005,24.902822423000032],[91.05384077300005,24.900581541000065],[91.06083414200003,24.903289596000036],[91.06678542000003,24.902006623000034],[91.06725104900005,24.899089339000056],[91.07081471300006,24.899091458000044],[91.07476177600006,24.901279439000064],[91.07842042100003,24.90002830900005],[91.08409907700008,24.89180236800007],[91.08764781600007,24.89266884500006],[91.08880545600005,24.887581457000067],[91.09564461100007,24.887542129000053],[91.09844576500006,24.889586636000047],[91.09795780400003,24.884853875000033],[91.10118922600003,24.88462688800007],[91.10109526900004,24.881426369000053],[91.10374179200005,24.879931511000052],[91.10888759600005,24.871556793000025],[91.10666999200004,24.867557617000045],[91.10391496800008,24.869340597000075],[91.10345686900007,24.863662272000056],[91.10905732600008,24.860280165000063],[91.11036105000005,24.853113454000038],[91.11225849700008,24.85231935400003],[91.11381036500006,24.847542650000037],[91.12090939800004,24.846252986000025],[91.12349976800004,24.848716841000055],[91.12452540700008,24.844280368000057],[91.13040431300004,24.84059514300003],[91.12031958900008,24.837214196000048],[91.11810765900003,24.830232885000044],[91.11483613700005,24.826302629000054],[91.11578936200004,24.822601014000043],[91.11248704800005,24.817060713000046],[91.11303877800003,24.81451458500004],[91.11561119300006,24.81299526500004],[91.11622044800004,24.806525041000043],[91.12998704600005,24.799173778000068],[91.12882100800005,24.794945692000056],[91.13041131000006,24.792843744000038],[91.14455762600005,24.794589682000037],[91.14261631100004,24.800598901000058],[91.14916561500007,24.808949666000046],[91.15279936700006,24.809328066000035],[91.14992838900008,24.81970893400006],[91.14272935900004,24.825400100000024],[91.14429494200004,24.828804363000074],[91.15120628000005,24.83305305500005],[91.15295528000007,24.837460409000073],[91.15722432900003,24.83609772500006],[91.15875395000006,24.83299078600004],[91.16412427300008,24.833418063000067],[91.16574301500003,24.83166093500006],[91.16443542900004,24.829194044000076],[91.17068783700006,24.82696161000007],[91.17214863800007,24.80962130200004],[91.17000405600004,24.805715048000025],[91.16404663600008,24.801816459000065],[91.16049895500004,24.79193111400008],[91.16882858500009,24.791397853000035],[91.17059064800009,24.788308174000065],[91.17120756600008,24.77993630900005],[91.16643418100006,24.779833606000068],[91.16550718800005,24.77423814200006],[91.15906107100005,24.770651816000054],[91.15831701800005,24.76467616800005],[91.15137859300006,24.766277224000078],[91.13522539800005,24.757196401000044],[91.13898444100005,24.754131434000044],[91.14885830900005,24.75490037900005],[91.14970272000005,24.748869015000025],[91.15195610400008,24.747194654000054],[91.15680762300008,24.750464616000045],[91.15933704100007,24.74810679600006],[91.15857784800005,24.74234627800007],[91.15553930000004,24.740962141000068],[91.15084203900005,24.746885460000044],[91.14726217900005,24.746724966000045],[91.14605781800003,24.742160902000023],[91.15141515200008,24.735500642000034],[91.15177275500008,24.730043598000066],[91.14179280400003,24.725968238000064],[91.14132690600007,24.72420917900007],[91.15874805700008,24.724900723000076],[91.15995398400008,24.722074513000052],[91.15909949000007,24.717746016000035],[91.16305368900004,24.71672151000007],[91.16562715000003,24.722426167000037],[91.16892506800008,24.724956064000025],[91.17208639400008,24.725622203000057],[91.18026794000008,24.72408045800006],[91.19766137800008,24.711025963000054],[91.20006153600008,24.71403754800008],[91.20684386900007,24.708984920000034],[91.20658711100003,24.71388361100003],[91.21235386000006,24.713148],[91.22058922200006,24.72062422600004],[91.21936132200005,24.72377840400003],[91.22193858900005,24.728142129000048],[91.22527540400006,24.727513266000074],[91.22930117200008,24.723741274000076],[91.22662515800005,24.715685720000067],[91.22658525200006,24.706631618000074],[91.22548430100005,24.704296159000023],[91.22191746400006,24.704208983000058],[91.21972071600004,24.70238752100005],[91.23091976400008,24.692855036000026],[91.23460266900008,24.691839937000054],[91.23951070800007,24.692845292000072],[91.24094350000007,24.691559074000054],[91.24027189300006,24.68293349000004],[91.24195282500006,24.679958268000064],[91.23858908200003,24.675035825000066],[91.23344949400007,24.672270302000072],[91.22381697100008,24.675215061000074],[91.22252540000005,24.669382469000027],[91.23274113600007,24.666434710000033],[91.22999394200008,24.65471400800004],[91.22754913800009,24.653906040000038],[91.22605044900007,24.650568061000058],[91.22406810600006,24.65195794400006],[91.22141495800008,24.650609192000047],[91.21993298300004,24.653291359000036],[91.20987672600006,24.65246342100005],[91.20779165500005,24.64968193900006],[91.20473913300003,24.63178470500003],[91.19902599400007,24.634324426000035],[91.19521432600004,24.631139414000074],[91.19494870300008,24.626451966000047],[91.19371311000003,24.625854489000062],[91.17825978900004,24.630293420000044],[91.18049593400008,24.624021798000058],[91.17733564800005,24.619635232000064],[91.17885034600005,24.616564333000042],[91.20002492000003,24.60941196500005],[91.19982473000005,24.601886210000032],[91.20430858000003,24.59418307800007],[91.19754648100007,24.591142430000048],[91.19672121700006,24.588805612000044],[91.19882104800007,24.586144706000027],[91.20299638700004,24.58773687000007],[91.20706454800006,24.585929287000056],[91.20487161700004,24.583550984000055],[91.20604983800007,24.577036876000022],[91.21273758200005,24.577864202000058],[91.22081096500006,24.574167095000064],[91.22526175300004,24.575476476000063],[91.23396119200004,24.56896290700007],[91.26512199800004,24.579745047000074],[91.26641994500005,24.586557029000062],[91.26459222100004,24.592872656000054],[91.27267171400007,24.605655652000053],[91.27391411800005,24.60520435500007],[91.27201665000007,24.60021260600007],[91.27356206300004,24.598233780000044],[91.28376243000008,24.59555829800007],[91.29029923900003,24.59537768000007],[91.29368228800007,24.597163703000035],[91.29664192900003,24.60205965700004],[91.29961554100004,24.61497528500007],[91.30814601300006,24.63684837200003],[91.30722439500005,24.642033998000045],[91.30381154900005,24.647625024000035],[91.30508490600005,24.654400055000053],[91.30779097200008,24.654396845000065],[91.31043324700005,24.647928639000042],[91.31284479400006,24.64652543400007],[91.33103875800003,24.661115895000023],[91.33845606800008,24.66536123700007],[91.34262664100004,24.673490468000068],[91.34406675700006,24.673239987000045],[91.34556421300005,24.666763970000034],[91.34850269200007,24.665952580000067],[91.35060446600005,24.667451854000035],[91.35981003600006,24.67931421800006],[91.35755649000004,24.682365264000055],[91.34864262800005,24.686313218000066],[91.34880153100005,24.68810648300007],[91.35235727600008,24.68978678600007],[91.37162993800007,24.690632290000053],[91.38005663400008,24.69532618200003],[91.38576505900005,24.690236081000023],[91.39190741700008,24.687663323000038],[91.39178351100009,24.686072970000055],[91.38608400400005,24.68316223000005],[91.39095129900005,24.678375439000035],[91.39058303300004,24.673907401000065],[91.39498792300003,24.674013847000026],[91.39860161700005,24.677053753000052],[91.39789571900008,24.672074185000042],[91.40029419500007,24.670658997000032],[91.40900683000007,24.673955212000067],[91.41378724000003,24.671213773000034],[91.41543305600004,24.672570794000023],[91.41443765900004,24.677461882000046],[91.41599764000006,24.679796606000025],[91.42879665900006,24.68223415400007],[91.42545293700005,24.669876028000033],[91.42848669700004,24.66944989700005],[91.43069160300007,24.673353451000025],[91.43542450600006,24.669205417000057],[91.43820354100006,24.66919124800006],[91.43804798500008,24.66176411400005],[91.44241466900007,24.657726611000044],[91.44180216200004,24.651176924000026],[91.44457177500004,24.65209618700004],[91.44727208700004,24.65701621900007],[91.44587486700004,24.662880909000023],[91.44768456200006,24.665147989000047],[91.45522907700007,24.666921655000067],[91.46270289000006,24.66468081900007],[91.46415136900004,24.66168805700005],[91.46322134100006,24.65851191200005],[91.46518341300003,24.657466233000036],[91.46741660700008,24.661178192000023],[91.47608933200007,24.668613761000074],[91.48261324500004,24.664043178000043],[91.48284218400005,24.67076682800007],[91.48422410000006,24.671004878000076],[91.49364137600008,24.664533266000035],[91.49432268100009,24.66858753100007],[91.49583405700008,24.669013807000056],[91.51330774600007,24.663051419000055],[91.51873122000006,24.66255029100006],[91.52254802600004,24.66420637500005],[91.52664111600006,24.65658628700004],[91.52777891000005,24.661329301000023],[91.53043443800004,24.661488504000033],[91.53583610300007,24.657655119000026],[91.53569918100004,24.649897397000075],[91.53707978900007,24.648225812000078],[91.54482335400007,24.65478078900003],[91.54793041200008,24.664421571000048],[91.55004367400005,24.66676943300007],[91.55232569900005,24.666230062000068],[91.55501444600009,24.660391274000062],[91.55793879800007,24.658229478000067],[91.55938884300008,24.659132045000035],[91.55874976600006,24.663660139000058],[91.55999469800008,24.664649476000022],[91.56535937500007,24.658560925000074],[91.57318179600009,24.653360709000026],[91.57641289300005,24.645325720000073],[91.57866715500006,24.649788510000064],[91.57685949400008,24.658069897000075],[91.57469739400005,24.660566049000067],[91.56978277900004,24.661331930000074],[91.56836295100004,24.66443479800006],[91.57987566300005,24.67495237600008],[91.58289184500006,24.67430210400005],[91.58405621300005,24.671873362000042],[91.58378544800007,24.661092972000063],[91.59097091100006,24.65889121300006],[91.59230910600007,24.660401857000068],[91.58986764500008,24.663637063000067],[91.59239280000008,24.666995168000028],[91.60024913600006,24.670412199000054],[91.61208312700006,24.669791290000035],[91.61261364000006,24.674931119000064],[91.61406378200007,24.675269369000034],[91.62713690500004,24.656218358000046],[91.63199088400006,24.657771213000046],[91.63051537100006,24.669626170000072],[91.63193537200004,24.67211069500007],[91.63692386500009,24.67483229900006],[91.64913400700004,24.675005690000035]]]}},{"id":"61","type":"Feature","properties":{"shapeName":"Sylhet","district":"Sylhet"},"geometry":{"type":"Polygon","coordinates":[[[91.66092173000004,24.62590590700006],[91.66159106800006,24.62787701800005],[91.66494733600007,24.626784617000055],[91.66564333700006,24.62964421600003],[91.66753324900009,24.62728473100003],[91.66997148100006,24.630328129000077],[91.67229240300009,24.627564265000046],[91.67504173200007,24.631196647000024],[91.68419658500005,24.61640580200003],[91.68424024800004,24.60611669000008],[91.69903668800004,24.602321802000063],[91.71362873200007,24.59641447100006],[91.72711480900006,24.593442726000035],[91.73666772800004,24.597852354000054],[91.75015140700003,24.59891506100007],[91.75392740000007,24.608388649000062],[91.77004318100006,24.619594824000046],[91.77120888600007,24.625614022000036],[91.78121127200006,24.626527976000034],[91.77900535200007,24.63832475600003],[91.78363535700004,24.643299452000065],[91.79482476800007,24.646252928000024],[91.79743809300004,24.63800221100007],[91.80007524100006,24.637552516000028],[91.82819651600005,24.65358984200003],[91.83974659000006,24.652508199000067],[91.84413072500007,24.649380244000042],[91.84652327900005,24.64443145300004],[91.86176249000005,24.649891875000037],[91.86612840600009,24.657417654000028],[91.87124351400007,24.657674537000048],[91.87568780000004,24.65576490500007],[91.88459504800005,24.656999790000043],[91.88719109900006,24.654762023000046],[91.88841169100004,24.647165681000047],[91.89017719300006,24.64608265000004],[91.89646720200005,24.647841237000023],[91.90235453900004,24.65194354700003],[91.90322848500006,24.663645015000043],[91.91123582600005,24.661735427000053],[91.90999511000007,24.655677431000072],[91.92280430900007,24.65244894600005],[91.92618951500003,24.654132799000024],[91.93107667900006,24.66177169100007],[91.93091189200004,24.657604469000034],[91.93344327100004,24.655112290000034],[91.94017305500006,24.65314541200007],[91.94217467400006,24.654738416000043],[91.94723984700005,24.64955557500008],[91.96380949700006,24.645729819000053],[91.96334305700003,24.641050888000052],[91.96666440800004,24.638923098000078],[91.96789939600006,24.640321525000047],[91.97359135200008,24.639263396000047],[91.97726039000008,24.64319598700007],[91.98382980900004,24.643907266000042],[91.98430224400005,24.646338598000057],[91.98866698600006,24.65003599000005],[91.99195527200004,24.65066332500004],[91.99286276200007,24.65384663900005],[91.99508198400008,24.655105930000047],[92.00100478700006,24.653207460000033],[92.01008227300008,24.653699620000054],[92.01045929000009,24.652221893000046],[92.01636704600008,24.650718570000038],[92.01605874800003,24.654662828000028],[92.02054555800004,24.651066999000022],[92.02181913500004,24.65182795800007],[92.02091818600007,24.653043610000054],[92.02897664400007,24.652332388000048],[92.03291033300007,24.663057898000034],[92.03185972600005,24.681135122000057],[92.03306937700006,24.68105329100007],[92.03510308400007,24.687376233000066],[92.03146343300006,24.691885849000073],[92.03173238200009,24.695635522000032],[92.02571998900004,24.69716126700007],[92.02992805900004,24.698283652000043],[92.03972991200004,24.706794246000072],[92.04139475800008,24.703174596000053],[92.03926657300008,24.70011491400004],[92.04288032700003,24.70087486400007],[92.04677909600008,24.69719143900005],[92.04880442300004,24.697278899000025],[92.04910870500004,24.69968233000003],[92.05226621500003,24.701129313000024],[92.05965299700006,24.71021376400006],[92.05769518400007,24.728627221000067],[92.06287214300005,24.726576187000035],[92.06206852200006,24.720248126000058],[92.06330428000007,24.718357884000056],[92.07568096200004,24.717931469000064],[92.07739315200007,24.721720797000046],[92.08047012700007,24.723547410000037],[92.07776577000004,24.728310303000058],[92.07975234000008,24.729342932000066],[92.08037586800003,24.731991777000076],[92.08176944100006,24.73061208400003],[92.08286645900006,24.732755],[92.08282969900006,24.745118777000073],[92.08423022800008,24.746964621000075],[92.08401544800006,24.748237674000052],[92.07725632300009,24.749213431000044],[92.07890967900005,24.754631868000047],[92.07731624600007,24.764665558000047],[92.07826755100007,24.76642853100003],[92.09292599100007,24.76486176000003],[92.09472928900004,24.759053297000037],[92.09936346400008,24.75662320200007],[92.10675390900008,24.757606672000065],[92.11652448400008,24.76547398200006],[92.12006302400005,24.765527735000035],[92.12710475500006,24.760296925000034],[92.13357644700005,24.76310772100004],[92.13789181300007,24.763173117000065],[92.14250096100005,24.76678305300004],[92.15083757600007,24.765251884000065],[92.15684275100006,24.770166604000053],[92.16162113100006,24.77094342500004],[92.16316054300006,24.768989361000024],[92.17446042500006,24.773481438000033],[92.17735064300007,24.773166355000058],[92.18030026200006,24.769355141000062],[92.19408133200005,24.768444613000042],[92.19827542100006,24.778105836000066],[92.19683683600005,24.784494444000075],[92.19319623500007,24.789170289000026],[92.19433954700008,24.793171710000024],[92.19343389800008,24.798428039000044],[92.19580318300007,24.802755613000045],[92.20087123100006,24.806973482000046],[92.20335407300007,24.80249335800005],[92.21138448000005,24.805257840000024],[92.21314268600008,24.813209441000026],[92.22902122900007,24.819107922000057],[92.24354921600008,24.81951795200007],[92.24396769600008,24.82407869900004],[92.23734479800004,24.831284965000066],[92.24481062700005,24.831467498000052],[92.24857437900005,24.83598525900004],[92.25077784900003,24.83622626300007],[92.25487375600005,24.838576665000062],[92.24242122800007,24.84058052900008],[92.24258931700007,24.84207306600007],[92.24138736400005,24.842142215000024],[92.23972589400006,24.857826687000056],[92.23581111600004,24.859129594000024],[92.23485021900007,24.861504711000066],[92.23825452400007,24.86836947300003],[92.24618573500004,24.867613839000057],[92.24476294800007,24.871372996000048],[92.24674680200008,24.872125883000024],[92.24802590400003,24.885626219000073],[92.24713402500004,24.887656239000023],[92.23933432900003,24.890155143000072],[92.23940166500006,24.892036477000033],[92.23653271600006,24.892097351000075],[92.23602668000007,24.89926252600003],[92.23212326500004,24.900428513000065],[92.23474997200003,24.90394574000004],[92.24749849600005,24.909450020000065],[92.25824409600006,24.907094148000056],[92.26558714700008,24.907045933000063],[92.27102487100007,24.905103711000038],[92.28003239500003,24.905697402000044],[92.28375895000005,24.906515950000028],[92.28528994400006,24.910644732000037],[92.28792086200008,24.91268952300004],[92.29596289700004,24.91616747100005],[92.30065525200007,24.91567087100003],[92.30668598100004,24.910504763000063],[92.30717618500006,24.901741453000056],[92.31587614800009,24.89541441600005],[92.32373613900006,24.89712453100003],[92.32637718900008,24.896000181000034],[92.32822982800008,24.889779129000033],[92.33966163200006,24.878344329000072],[92.34225433200004,24.878357811000058],[92.34468564600007,24.880828965000035],[92.34464815700005,24.89194103400007],[92.34580921700007,24.89368292200004],[92.34750536500007,24.893367390000037],[92.35454187500005,24.88087233300007],[92.35956231800009,24.880025784000054],[92.36319083000006,24.872593857000027],[92.37177436600007,24.87493992000003],[92.37541669600006,24.87448483000003],[92.37820762400008,24.864186545000052],[92.38350200100007,24.860130557000048],[92.38590413800006,24.853331533000073],[92.40021766000007,24.849690246000023],[92.40224137900003,24.850497140000073],[92.40408210600003,24.857697475000066],[92.40720589500006,24.86012933300003],[92.41439315200006,24.859363391000045],[92.42500505800007,24.854127771000037],[92.43642184300006,24.857200313000078],[92.43914827200007,24.859015154000076],[92.44083170600004,24.86262511900003],[92.44174596100004,24.87088699800006],[92.44517311800007,24.87309640500007],[92.46136449500005,24.874346580000065],[92.47618090800006,24.868282747000023],[92.47909189600006,24.87253947100004],[92.48784339400004,24.87143094700008],[92.48765944200005,24.87292926200007],[92.48949308700008,24.872661493000066],[92.49190875500005,24.877963153000053],[92.49105612100004,24.891605774000027],[92.49672878000007,24.902214052000033],[92.49281973200004,24.906229936000045],[92.49452401600007,24.916005081000037],[92.48748431100006,24.920754551000073],[92.48393657000008,24.92860451300004],[92.48402551300006,24.93355887200005],[92.48783499800004,24.944204041000035],[92.48726086800008,24.947246734000032],[92.48338254600009,24.94728161100005],[92.47612135500003,24.942199850000065],[92.44957274700005,24.938727263000033],[92.44776969600008,24.943826707000028],[92.44965265900004,24.950124928000037],[92.45498118000006,24.954718917000037],[92.46607732300004,24.95719243700006],[92.46833013200006,24.96022593500004],[92.46777410600004,24.963510043000042],[92.46178674700008,24.968849259000024],[92.45738990800004,24.970679715000074],[92.44778175600004,24.96584856900006],[92.42360666000008,24.96494170400007],[92.41943229600008,24.967567213000052],[92.42204810300007,24.988488619000066],[92.42039291400005,24.99048986200006],[92.41431153000008,24.990296599000033],[92.41647556400005,24.991928517000076],[92.42408219400005,25.010247251000067],[92.42420396500006,25.01950387100004],[92.42587036400005,25.020190338000077],[92.42521962000006,25.02965947900003],[92.42369303400005,25.030140790000075],[92.42141320000007,25.027933550000057],[92.41692687600005,25.03040689200003],[92.41285515500005,25.02876387400005],[92.40504285100008,25.03274790100005],[92.40218582900008,25.03193845900006],[92.40060638100005,25.034154624000053],[92.39852998700007,25.03311599500006],[92.39272123800004,25.03990881200008],[92.38814818800006,25.039848189000054],[92.38371902000006,25.042463850000047],[92.38458503300006,25.041460995000023],[92.38317083700008,25.03861895400007],[92.38263848300005,25.04050716100005],[92.38130088900004,25.03921215300005],[92.38054254900004,25.04152042900006],[92.38095404400008,25.03985954600006],[92.37928899400004,25.039676756000063],[92.37679722700005,25.042931934000023],[92.37368705700004,25.042803590000062],[92.37470250300004,25.04371630600008],[92.37076875500009,25.04283814400003],[92.36962099900006,25.040999561000035],[92.36771382500007,25.04251340600007],[92.36896777400005,25.043870492000053],[92.36830736200005,25.046347352000055],[92.36290780700006,25.050021722000054],[92.36079337700005,25.046868828000072],[92.35838647700007,25.047303234000026],[92.35802025700008,25.050251502000037],[92.35652874300007,25.05013886300003],[92.35662895000007,25.047565332000033],[92.35430761100008,25.047954067000035],[92.35415278400006,25.049574317000065],[92.35088828700003,25.048506986000064],[92.35018194000008,25.04968724300005],[92.34729592200006,25.04779628700004],[92.34597213000006,25.049184995000076],[92.34140744900003,25.048663457000032],[92.33923548700005,25.050475369000026],[92.34230238300006,25.054347345000053],[92.33911417400003,25.050582788000042],[92.33810035300007,25.051640207000048],[92.34887143800006,25.060947747000057],[92.34848138700005,25.073637172000076],[92.33813075700004,25.075856644000055],[92.33446350600008,25.07861259300006],[92.32214750100007,25.07826936400005],[92.31889914500005,25.07438284600005],[92.31902545400004,25.07003141000007],[92.31403403200005,25.07209414700003],[92.31054726300005,25.06916861800005],[92.30579358100005,25.070658535000064],[92.30641527000006,25.072097357000075],[92.30497797800007,25.07061844900005],[92.29951159900008,25.071802724000065],[92.28963161000007,25.075984636000044],[92.28775433100003,25.07558149600004],[92.28701773800003,25.076943115000063],[92.27818797000003,25.07767543700004],[92.27701374500003,25.07955720800004],[92.26696380200008,25.08324760800008],[92.25521897100003,25.085376663000034],[92.25430076300006,25.086869187000048],[92.23324384900008,25.09497960400006],[92.23116115500005,25.097135441000034],[92.22773677700008,25.09369934700004],[92.22298731000006,25.098336838000023],[92.22345365600006,25.102545659000043],[92.22179325700006,25.104177115000027],[92.20690651200005,25.108774983000046],[92.20267040700008,25.106503556000064],[92.19609127700005,25.10816496700005],[92.20042647000008,25.11742265500004],[92.20033911400003,25.120119557000066],[92.21953292600006,25.116109866000045],[92.21296325200007,25.121089865000044],[92.19874059800009,25.125814900000023],[92.19442377200005,25.125753433000057],[92.19518086700003,25.130192583000053],[92.19141800300008,25.135369780000076],[92.18892520000009,25.13552523000004],[92.18800454700005,25.133581450000065],[92.18908036100004,25.13081275500008],[92.18815970500003,25.127340581000055],[92.18382413600006,25.11819564700005],[92.17666016500004,25.122982638000053],[92.17933091500004,25.12420161400007],[92.17890148900005,25.12638190200005],[92.17665493100009,25.123999568000045],[92.17616443300005,25.12643365100007],[92.17247471900004,25.126910157000054],[92.17085941900007,25.128700798000068],[92.16405473000003,25.125492330000043],[92.15949223900003,25.126710409000054],[92.15950174800008,25.127888992000067],[92.16481091500003,25.130603524000037],[92.15943011600007,25.130113635000043],[92.15874316900005,25.133107967000058],[92.16289645500007,25.133538541000064],[92.16566604300004,25.136021543000027],[92.16260492200007,25.136344595000025],[92.15546714300007,25.13334857700005],[92.15262297900006,25.133818244000054],[92.15309492600005,25.136336566000068],[92.15076130000006,25.13835290800006],[92.14732038400007,25.13540353700006],[92.13576148600004,25.138855921000072],[92.13945875200005,25.141073473000063],[92.13946548800004,25.139978407000058],[92.14450069900005,25.139788346000046],[92.13429766300004,25.142968706000033],[92.13509276100007,25.145744655000044],[92.13380688600006,25.148468026000046],[92.13580108000008,25.151519026000074],[92.13409638200005,25.153294837000033],[92.13794984100008,25.151894222000067],[92.13964473600004,25.154677110000023],[92.13272816300008,25.156455796000046],[92.13283405500005,25.160271132000048],[92.12105289100003,25.16369895500003],[92.11806253600008,25.16656157700004],[92.10893879200006,25.170458449000023],[92.10761775800006,25.172729425000057],[92.10514524700005,25.17270759300004],[92.10435674700005,25.174749336000048],[92.09219184100004,25.17766120600004],[92.08315882500006,25.18240268900007],[92.08097773700007,25.182745302000058],[92.07875142500006,25.181053992000045],[92.07376461200005,25.185059033000073],[92.06708494200006,25.185283766000055],[92.06183502700009,25.187118398000052],[92.05846742700004,25.185641539000073],[92.05700502300004,25.186695393000036],[92.05533949400007,25.184378804000062],[92.05410838100005,25.18658021300007],[92.04046192100003,25.186493812000037],[92.03889992900008,25.182420943000068],[92.03641125200005,25.182341672000064],[92.03392716100007,25.18439253100007],[92.02795371700006,25.18360199800003],[92.02611074100008,25.17930566900003],[92.01835812600007,25.182824436000033],[92.01691768600006,25.186224167000034],[92.00341755900007,25.186241394000035],[91.99847476500008,25.184116741000025],[91.98532219000003,25.17288403400005],[91.98050708600005,25.171788424000056],[91.96651705800008,25.176543863000063],[91.93425503800006,25.17819832500004],[91.93094057200005,25.181211381000026],[91.92592010300007,25.180064865000077],[91.91452385600007,25.181427993000057],[91.90734684100005,25.179440597000053],[91.89843756800008,25.180202923000024],[91.89730371400003,25.178191827000035],[91.89382305700008,25.17848719600005],[91.89463311200007,25.17637213100005],[91.88442875400006,25.177207132000035],[91.88056130800004,25.17302907900006],[91.87606461900003,25.175689454000064],[91.87588313600008,25.17754525500004],[91.87081951800008,25.17442103700006],[91.86430882100007,25.17542491000006],[91.86143037500005,25.172594719000074],[91.85551353400007,25.17261994000006],[91.84973154000005,25.173336950000078],[91.84069878100007,25.177052125000046],[91.82709662800005,25.17794662600005],[91.82652288700007,25.176329768000073],[91.82296586400008,25.17691211700003],[91.81759197800005,25.171330476000037],[91.80394170900007,25.17185237600006],[91.80376656800007,25.17031399800004],[91.80696809800008,25.16985512800005],[91.80643366000004,25.168363492000026],[91.79718168200009,25.16891951200006],[91.78825625900004,25.167525041000033],[91.78026308200003,25.16603517300007],[91.77446938300005,25.163280668000027],[91.76623807100003,25.167619030000026],[91.76344272800009,25.16642511400005],[91.75846997100007,25.16849640500004],[91.75375746100008,25.172698077000064],[91.75595150000004,25.177601303000074],[91.74724575300007,25.174114511000028],[91.74471514800007,25.170387380000022],[91.74455401700004,25.16822607000006],[91.74973971100007,25.159352844000068],[91.74856742300005,25.156307293000054],[91.74459907200009,25.15329865600006],[91.74242879900004,25.144487296000023],[91.74757284000003,25.140272124000035],[91.73628329800005,25.143510327000058],[91.73540052700008,25.149828477000028],[91.73254558800005,25.147922],[91.73288749800008,25.150332443000025],[91.71647220300008,25.152439367000056],[91.71442826700007,25.157630956000048],[91.70822186800007,25.159182471000065],[91.70540495200004,25.157019449000074],[91.70363969100003,25.160084958000027],[91.70045166200003,25.15607069500004],[91.70374870000006,25.15102997300005],[91.70536139100005,25.14901496600004],[91.71276525700006,25.146964148000052],[91.71390141800003,25.13603229100005],[91.72050340300007,25.135744723000073],[91.72049954400006,25.134186808000038],[91.71827994800003,25.132957058000045],[91.71900892300005,25.12963800400007],[91.72790502500004,25.12911865500007],[91.72630578400003,25.120251121000024],[91.71941981300006,25.112231563000023],[91.72017315800008,25.10680972800003],[91.72404724500007,25.109075435000022],[91.71771354700007,25.10215926500007],[91.72064656800006,25.096931097000038],[91.71850192700003,25.092722759000026],[91.72272984700004,25.084758607000026],[91.73435981600005,25.07564436100006],[91.73347411800006,25.073200676000056],[91.72902746300008,25.06975234300006],[91.73428995200004,25.067474469000047],[91.73499063600008,25.06536378900006],[91.73262971400004,25.064398804000064],[91.72504913200004,25.065708751000045],[91.71732927400006,25.064019092000024],[91.71004651700008,25.066356339000038],[91.70596979500004,25.06186642600005],[91.70068308800006,25.059184670000036],[91.68748494700009,25.057974775000048],[91.68477694400008,25.055195384000058],[91.68370431500006,25.050865368000075],[91.68863614200006,25.045466712000064],[91.68741472600004,25.041445947000057],[91.68145640600005,25.038838224000074],[91.67213348600006,25.03917255500005],[91.67977701900008,25.029955573000052],[91.68098437100008,25.02451910600007],[91.66906568800005,25.025310271000023],[91.66803016400007,25.023019025000053],[91.66812274500006,25.019422321000036],[91.67882274300007,25.013851945000056],[91.68882640400005,25.00212784000007],[91.69663251500003,24.997739116000048],[91.68845040100007,24.994642863000024],[91.67879697600006,24.99615100400007],[91.66861933000007,25.000217271000054],[91.66587352700003,25.000335518000043],[91.66602346700006,24.998643780000066],[91.67517707600007,24.99070351200004],[91.68977749200008,24.98687050500007],[91.70363244900005,24.980858021000074],[91.70383946200008,24.976382542000067],[91.69997407900007,24.976481481000064],[91.69935517100004,24.97523244200005],[91.70452204900005,24.970884769000065],[91.71128577700006,24.967978392000077],[91.71226560800005,24.96466209600004],[91.71157208600005,24.961513448000062],[91.70709269700006,24.95664484200006],[91.70461819300004,24.949510099000065],[91.71371286100003,24.946557211000027],[91.70978526400006,24.942753894000077],[91.70383809200007,24.942656131000035],[91.70073266800006,24.937806549000072],[91.69080459600008,24.938263762000076],[91.68985033400008,24.933277771000064],[91.69386140100005,24.929446391000056],[91.69147932100003,24.928392259000077],[91.69072914800006,24.92434462700004],[91.68755410700004,24.924398102000055],[91.68988466500008,24.92277079400003],[91.69090778500004,24.918976728000075],[91.68557910300007,24.915497248000065],[91.69169485500004,24.916616386000044],[91.69190336500009,24.91353127900004],[91.69511844600004,24.91135778000006],[91.69369532800005,24.90759769400006],[91.68118485500008,24.906298040000024],[91.68108440600008,24.904775571000073],[91.69405114800009,24.904067376000057],[91.69485751400003,24.90140828600005],[91.69134138700008,24.89718381700004],[91.68885924600005,24.896775174000027],[91.69003551600008,24.894242834000067],[91.68233411700004,24.89390665600007],[91.67697026100006,24.88978446400006],[91.67964093300009,24.888776493000023],[91.68348076300003,24.88986576600007],[91.68193834000004,24.883690552000076],[91.68410676600007,24.87818394100003],[91.69130892300007,24.875817664000067],[91.69583236400007,24.877661249000028],[91.69946971900004,24.87007129400007],[91.69779041200007,24.866769515000044],[91.69449061100005,24.866682291000075],[91.69316505900008,24.861366975000067],[91.68498561300004,24.86061022100006],[91.68265986500006,24.862195605000068],[91.68342533600008,24.867885838000063],[91.68141451800005,24.869032017000052],[91.68244270900004,24.87004971500005],[91.67977087500003,24.868973210000036],[91.67960348700007,24.871050023000066],[91.67831194900003,24.86940155600007],[91.67745057300004,24.87184901200004],[91.67376050300004,24.871867295000072],[91.67247181500005,24.869920227000023],[91.67559384500004,24.867367312000056],[91.67405835700004,24.859309947000042],[91.67518528300008,24.85720036600003],[91.67060443800005,24.856990969000037],[91.66721848500003,24.853781241000036],[91.66448705400006,24.85436190100006],[91.65729624000005,24.84681076100003],[91.65741016900006,24.84436097400004],[91.66067315100008,24.84367917700007],[91.66109259900009,24.836557495000022],[91.66429255000008,24.83709804800003],[91.66487605700007,24.835137925000026],[91.66452359300007,24.82565869900003],[91.66143579700008,24.823769893000076],[91.66005688300004,24.832112679000033],[91.65818995800004,24.829599667000025],[91.65802283900007,24.834740096000075],[91.65710906100009,24.833917880000058],[91.65853284200006,24.822799917000054],[91.66081173800006,24.82167083400003],[91.66254675700009,24.81546675100003],[91.65808662100005,24.816081144000066],[91.65824930000008,24.80860790500003],[91.66656238700006,24.807694440000034],[91.66727239700003,24.809978740000076],[91.67002404200008,24.805535732000067],[91.67408109800004,24.806565946000035],[91.67472550100007,24.80106014200004],[91.67236406800004,24.796230141000024],[91.67691128000007,24.793554096000037],[91.67036533400005,24.790819886000065],[91.67441505300008,24.78963642100007],[91.67513912200008,24.786706905000074],[91.67450305700004,24.785417246000065],[91.67102920100007,24.78505033500005],[91.66749616000004,24.786959291000073],[91.66408884400005,24.786300295000046],[91.65239717500003,24.79351362400007],[91.65142267900006,24.79251426700006],[91.65353068100006,24.791865168000072],[91.65369772500009,24.789591409000025],[91.65084366400004,24.78673929200005],[91.64706387600006,24.785673193000036],[91.64729215700004,24.783440521000045],[91.64566683000004,24.78323211000003],[91.64453733100004,24.786453203000065],[91.63952066400003,24.784678176000057],[91.63912391700006,24.782380122000063],[91.63752584500008,24.782456868000054],[91.63616371300003,24.780445876000044],[91.63651541300004,24.779408773000057],[91.64240616900008,24.779565468000044],[91.64860019500009,24.781108492000044],[91.65104270600006,24.77721095800007],[91.64974765700003,24.770420197000078],[91.65332864800007,24.769996968000044],[91.65777683300007,24.773396854000055],[91.65797075700004,24.77003536500007],[91.65927623800007,24.77204565100004],[91.66330520400004,24.772587265000027],[91.66604855000008,24.770530895000036],[91.66622798500003,24.768137919000026],[91.67067665500008,24.767998627000054],[91.67123639800008,24.761011318000044],[91.67268212100004,24.76222593800003],[91.67615366900009,24.761547765000046],[91.67746783000007,24.758117296000023],[91.67673012400007,24.755690566000055],[91.67369173500003,24.754923227000063],[91.67304597400005,24.749387796000065],[91.66614594300006,24.748971478000044],[91.66407857600007,24.74769427900003],[91.66282537600006,24.74328173400005],[91.65956656200007,24.74254531400004],[91.66356967200005,24.740055767000058],[91.66550011700008,24.734127113000056],[91.66741915600005,24.734213561000047],[91.67217585300006,24.72929113600003],[91.67021283200006,24.726044526000067],[91.67420686200006,24.72413154800006],[91.67248690100007,24.723166019000075],[91.67207098500006,24.71913526700007],[91.66557283200007,24.720657863000042],[91.66584220400006,24.723813329000052],[91.65961679800006,24.723798844000044],[91.65881794000006,24.720257021000066],[91.65655377900003,24.720172009000066],[91.65547192500009,24.716384423000022],[91.65274869400008,24.71661761200005],[91.65859758900007,24.71318803500003],[91.65717750400006,24.707555503000037],[91.65870232100008,24.705100810000033],[91.66282527700008,24.703813679000064],[91.66132584200005,24.700631754000028],[91.64386581800005,24.69782809000003],[91.64323888300004,24.691238635000047],[91.64560014400007,24.691231952000066],[91.64720274100006,24.696849651000036],[91.65140620400007,24.69699362800003],[91.65446856300008,24.694969551000042],[91.65490416900008,24.68988364100005],[91.65139724100004,24.685864258000038],[91.64913400700004,24.675005690000035],[91.65234344500004,24.678648071000055],[91.65738800700007,24.679346399000053],[91.64811948000005,24.662894679000033],[91.64030529400009,24.657086999000057],[91.64174100400004,24.652321423000046],[91.63966233700006,24.648238109000033],[91.64630929900005,24.645416066000053],[91.64559169900008,24.642249615000026],[91.64146083900005,24.63802511800003],[91.63841020000007,24.637691585000027],[91.63515646200005,24.633802137000032],[91.63283078100005,24.633613534000062],[91.63157470800007,24.63054764700007],[91.63470791100008,24.630645668000057],[91.63611488900005,24.628226906000066],[91.64277959500004,24.626409357000057],[91.65089563800007,24.62624993600008],[91.65423745400005,24.628791033000027],[91.66092173000004,24.62590590700006]]]}}]}