{"type":"FeatureCollection","features":[{"type":"Feature","properties":{"stage":1,"elev":11.8,"name":"river surge water"},"geometry":{"type":"Point","coordinates":[91.781534246575347,24.861527638190953]}},{"type":"Feature","properties":{"stage":1,"elev":11.8,"name":"river surge water"},"geometry":{"type":"Point","coordinates":[91.9081095890411,24.861527638190953]}},{"type":"Feature","properties":{"stage":1,"elev":11.6,"name":"river surge water"},"geometry":{"type":"Point","coordinates":[91.781534246575347,24.865346733668339]}},{"type":"Feature","properties":{"stage":1,"elev":12,"name":"river surge water"},"geometry":{"type":"Point","coordinates":[91.862082191780829,24.865346733668339]}},{"type":"Feature","properties":{"stage":1,"elev":11.8,"name":"river surge water"},"geometry":{"type":"Point","coordinates":[91.8889315068493,24.865346733668339]}},{"type":"Feature","properties":{"stage":1,"elev":11.9,"name":"river surge water"},"geometry":{"type":"Point","coordinates":[91.781534246575347,24.869165829145732]}},{"type":"Feature","properties":{"stage":1,"elev":11.6,"name":"river surge water"},"geometry":{"type":"Point","coordinates":[91.827561643835637,24.869165829145732]}},{"type":"Feature","properties":{"stage":1,"elev":12,"name":"river surge water"},"geometry":{"type":"Point","coordinates":[91.7853698630137,24.872984924623115]}},{"type":"Feature","properties":{"stage":1,"elev":11.6,"name":"river surge water"},"geometry":{"type":"Point","coordinates":[91.950301369863013,24.872984924623115]}},{"type":"Feature","properties":{"stage":1,"elev":12,"name":"river surge water"},"geometry":{"type":"Point","coordinates":[91.7853698630137,24.8768040201005]}},{"type":"Feature","properties":{"stage":1,"elev":12,"name":"river surge water"},"geometry":{"type":"Point","coordinates":[91.957972602739716,24.8768040201005]}},{"type":"Feature","properties":{"stage":1,"elev":11.6,"name":"river surge water"},"geometry":{"type":"Point","coordinates":[91.9694794520548,24.8768040201005]}},{"type":"Feature","properties":{"stage":1,"elev":11.5,"name":"river surge water"},"geometry":{"type":"Point","coordinates":[91.954136986301364,24.88062311557789]}},{"type":"Feature","properties":{"stage":1,"elev":12,"name":"river surge water"},"geometry":{"type":"Point","coordinates":[91.957972602739716,24.88062311557789]}},{"type":"Feature","properties":{"stage":1,"elev":11.1,"name":"river surge water"},"geometry":{"type":"Point","coordinates":[91.984821917808219,24.892080402010048]}},{"type":"Feature","properties":{"stage":1,"elev":12,"name":"river surge water"},"geometry":{"type":"Point","coordinates":[91.984821917808219,24.895899497487438]}},{"type":"Feature","properties":{"stage":1,"elev":10.6,"name":"river surge water"},"geometry":{"type":"Point","coordinates":[91.9771506849315,24.903537688442206]}},{"type":"Feature","properties":{"stage":1,"elev":11.4,"name":"river surge water"},"geometry":{"type":"Point","coordinates":[91.980986301369882,24.903537688442206]}},{"type":"Feature","properties":{"stage":1,"elev":11.6,"name":"river surge water"},"geometry":{"type":"Point","coordinates":[91.9771506849315,24.907356783919596]}},{"type":"Feature","properties":{"stage":1,"elev":10,"name":"river surge water"},"geometry":{"type":"Point","coordinates":[91.980986301369882,24.907356783919596]}},{"type":"Feature","properties":{"stage":1,"elev":9.5,"name":"river surge water"},"geometry":{"type":"Point","coordinates":[91.984821917808219,24.907356783919596]}},{"type":"Feature","properties":{"stage":1,"elev":11.9,"name":"river surge water"},"geometry":{"type":"Point","coordinates":[91.800712328767148,24.911175879396982]}},{"type":"Feature","properties":{"stage":1,"elev":10.4,"name":"river surge water"},"geometry":{"type":"Point","coordinates":[91.980986301369882,24.911175879396982]}},{"type":"Feature","properties":{"stage":1,"elev":9.5,"name":"river surge water"},"geometry":{"type":"Point","coordinates":[91.984821917808219,24.911175879396982]}},{"type":"Feature","properties":{"stage":1,"elev":11.6,"name":"river surge water"},"geometry":{"type":"Point","coordinates":[91.7930410958904,24.930271356783919]}},{"type":"Feature","properties":{"stage":1,"elev":12,"name":"river surge water"},"geometry":{"type":"Point","coordinates":[91.823726027397271,24.930271356783919]}},{"type":"Feature","properties":{"stage":1,"elev":11.8,"name":"river surge water"},"geometry":{"type":"Point","coordinates":[91.7930410958904,24.934090452261305]}},{"type":"Feature","properties":{"stage":1,"elev":11.5,"name":"river surge water"},"geometry":{"type":"Point","coordinates":[91.796876712328782,24.941728643216084]}},{"type":"Feature","properties":{"stage":1,"elev":11.3,"name":"river surge water"},"geometry":{"type":"Point","coordinates":[91.812219178082188,24.941728643216084]}},{"type":"Feature","properties":{"stage":1,"elev":11.1,"name":"river surge water"},"geometry":{"type":"Point","coordinates":[91.7853698630137,24.945547738693467]}},{"type":"Feature","properties":{"stage":1,"elev":11.4,"name":"river surge water"},"geometry":{"type":"Point","coordinates":[91.789205479452065,24.945547738693467]}},{"type":"Feature","properties":{"stage":1,"elev":11.9,"name":"river surge water"},"geometry":{"type":"Point","coordinates":[91.7930410958904,24.945547738693467]}},{"type":"Feature","properties":{"stage":1,"elev":11.2,"name":"river surge water"},"geometry":{"type":"Point","coordinates":[91.796876712328782,24.945547738693467]}},{"type":"Feature","properties":{"stage":1,"elev":11.2,"name":"river surge water"},"geometry":{"type":"Point","coordinates":[91.800712328767148,24.945547738693467]}},{"type":"Feature","properties":{"stage":1,"elev":12,"name":"river surge water"},"geometry":{"type":"Point","coordinates":[91.804547945205471,24.945547738693467]}},{"type":"Feature","properties":{"stage":1,"elev":11.6,"name":"river surge water"},"geometry":{"type":"Point","coordinates":[91.812219178082188,24.945547738693467]}},{"type":"Feature","properties":{"stage":1,"elev":11.6,"name":"river surge water"},"geometry":{"type":"Point","coordinates":[91.819890410958891,24.945547738693467]}},{"type":"Feature","properties":{"stage":1,"elev":11.4,"name":"river surge water"},"geometry":{"type":"Point","coordinates":[91.823726027397271,24.945547738693467]}},{"type":"Feature","properties":{"stage":1,"elev":10.7,"name":"river surge water"},"geometry":{"type":"Point","coordinates":[91.7853698630137,24.949366834170853]}},{"type":"Feature","properties":{"stage":1,"elev":11.6,"name":"river surge water"},"geometry":{"type":"Point","coordinates":[91.789205479452065,24.949366834170853]}},{"type":"Feature","properties":{"stage":1,"elev":11.5,"name":"river surge water"},"geometry":{"type":"Point","coordinates":[91.7930410958904,24.949366834170853]}},{"type":"Feature","properties":{"stage":1,"elev":11.2,"name":"river surge water"},"geometry":{"type":"Point","coordinates":[91.796876712328782,24.949366834170853]}},{"type":"Feature","properties":{"stage":1,"elev":10.8,"name":"river surge water"},"geometry":{"type":"Point","coordinates":[91.800712328767148,24.949366834170853]}},{"type":"Feature","properties":{"stage":1,"elev":11.4,"name":"river surge water"},"geometry":{"type":"Point","coordinates":[91.808383561643822,24.949366834170853]}},{"type":"Feature","properties":{"stage":1,"elev":10.9,"name":"river surge water"},"geometry":{"type":"Point","coordinates":[91.812219178082188,24.949366834170853]}},{"type":"Feature","properties":{"stage":1,"elev":11.9,"name":"river surge water"},"geometry":{"type":"Point","coordinates":[91.816054794520554,24.949366834170853]}},{"type":"Feature","properties":{"stage":1,"elev":10.7,"name":"river surge water"},"geometry":{"type":"Point","coordinates":[91.819890410958891,24.949366834170853]}},{"type":"Feature","properties":{"stage":1,"elev":10.5,"name":"river surge water"},"geometry":{"type":"Point","coordinates":[91.823726027397271,24.949366834170853]}},{"type":"Feature","properties":{"stage":1,"elev":9.8,"name":"river surge water"},"geometry":{"type":"Point","coordinates":[91.827561643835637,24.949366834170853]}},{"type":"Feature","properties":{"stage":1,"elev":11.3,"name":"river surge water"},"geometry":{"type":"Point","coordinates":[91.835232876712325,24.949366834170853]}},{"type":"Feature","properties":{"stage":1,"elev":11.6,"name":"river surge water"},"geometry":{"type":"Point","coordinates":[91.800712328767148,24.953185929648242]}},{"type":"Feature","properties":{"stage":1,"elev":11.4,"name":"river surge water"},"geometry":{"type":"Point","coordinates":[91.804547945205471,24.953185929648242]}},{"type":"Feature","properties":{"stage":1,"elev":11.9,"name":"river surge water"},"geometry":{"type":"Point","coordinates":[91.812219178082188,24.953185929648242]}},{"type":"Feature","properties":{"stage":1,"elev":10.6,"name":"river surge water"},"geometry":{"type":"Point","coordinates":[91.816054794520554,24.953185929648242]}},{"type":"Feature","properties":{"stage":1,"elev":10.1,"name":"river surge water"},"geometry":{"type":"Point","coordinates":[91.819890410958891,24.953185929648242]}},{"type":"Feature","properties":{"stage":1,"elev":11.1,"name":"river surge water"},"geometry":{"type":"Point","coordinates":[91.823726027397271,24.953185929648242]}},{"type":"Feature","properties":{"stage":1,"elev":10.1,"name":"river surge water"},"geometry":{"type":"Point","coordinates":[91.827561643835637,24.953185929648242]}},{"type":"Feature","properties":{"stage":1,"elev":9,"name":"river surge water"},"geometry":{"type":"Point","coordinates":[91.831397260273974,24.953185929648242]}},{"type":"Feature","properties":{"stage":1,"elev":10.3,"name":"river surge water"},"geometry":{"type":"Point","coordinates":[91.835232876712325,24.953185929648242]}},{"type":"Feature","properties":{"stage":1,"elev":11.6,"name":"river surge water"},"geometry":{"type":"Point","coordinates":[91.842904109589043,24.953185929648242]}},{"type":"Feature","properties":{"stage":1,"elev":11.8,"name":"river surge water"},"geometry":{"type":"Point","coordinates":[91.804547945205471,24.957005025125628]}},{"type":"Feature","properties":{"stage":1,"elev":10.9,"name":"river surge water"},"geometry":{"type":"Point","coordinates":[91.808383561643822,24.957005025125628]}},{"type":"Feature","properties":{"stage":1,"elev":10.1,"name":"river surge water"},"geometry":{"type":"Point","coordinates":[91.812219178082188,24.957005025125628]}},{"type":"Feature","properties":{"stage":1,"elev":11.8,"name":"river surge water"},"geometry":{"type":"Point","coordinates":[91.816054794520554,24.957005025125628]}},{"type":"Feature","properties":{"stage":1,"elev":10.5,"name":"river surge water"},"geometry":{"type":"Point","coordinates":[91.819890410958891,24.957005025125628]}},{"type":"Feature","properties":{"stage":1,"elev":10.4,"name":"river surge water"},"geometry":{"type":"Point","coordinates":[91.823726027397271,24.957005025125628]}},{"type":"Feature","properties":{"stage":1,"elev":10.7,"name":"river surge water"},"geometry":{"type":"Point","coordinates":[91.827561643835637,24.957005025125628]}},{"type":"Feature","properties":{"stage":1,"elev":11.3,"name":"river surge water"},"geometry":{"type":"Point","coordinates":[91.831397260273974,24.957005025125628]}},{"type":"Feature","properties":{"stage":1,"elev":10.6,"name":"river surge water"},"geometry":{"type":"Point","coordinates":[91.835232876712325,24.957005025125628]}},{"type":"Feature","properties":{"stage":1,"elev":10.2,"name":"river surge water"},"geometry":{"type":"Point","coordinates":[91.839068493150677,24.957005025125628]}},{"type":"Feature","properties":{"stage":1,"elev":10.8,"name":"river surge water"},"geometry":{"type":"Point","coordinates":[91.842904109589043,24.957005025125628]}},{"type":"Feature","properties":{"stage":1,"elev":11.9,"name":"river surge water"},"geometry":{"type":"Point","coordinates":[91.7930410958904,24.960824120603014]}},{"type":"Feature","properties":{"stage":1,"elev":11.3,"name":"river surge water"},"geometry":{"type":"Point","coordinates":[91.800712328767148,24.960824120603014]}},{"type":"Feature","properties":{"stage":1,"elev":10.7,"name":"river surge water"},"geometry":{"type":"Point","coordinates":[91.804547945205471,24.960824120603014]}},{"type":"Feature","properties":{"stage":1,"elev":11.8,"name":"river surge water"},"geometry":{"type":"Point","coordinates":[91.808383561643822,24.960824120603014]}},{"type":"Feature","properties":{"stage":1,"elev":11.4,"name":"river surge water"},"geometry":{"type":"Point","coordinates":[91.812219178082188,24.960824120603014]}},{"type":"Feature","properties":{"stage":1,"elev":11.3,"name":"river surge water"},"geometry":{"type":"Point","coordinates":[91.816054794520554,24.960824120603014]}},{"type":"Feature","properties":{"stage":1,"elev":11.8,"name":"river surge water"},"geometry":{"type":"Point","coordinates":[91.819890410958891,24.960824120603014]}},{"type":"Feature","properties":{"stage":1,"elev":9.4,"name":"river surge water"},"geometry":{"type":"Point","coordinates":[91.823726027397271,24.960824120603014]}},{"type":"Feature","properties":{"stage":1,"elev":10.1,"name":"river surge water"},"geometry":{"type":"Point","coordinates":[91.827561643835637,24.960824120603014]}},{"type":"Feature","properties":{"stage":1,"elev":9.9,"name":"river surge water"},"geometry":{"type":"Point","coordinates":[91.831397260273974,24.960824120603014]}},{"type":"Feature","properties":{"stage":1,"elev":9.9,"name":"river surge water"},"geometry":{"type":"Point","coordinates":[91.835232876712325,24.960824120603014]}},{"type":"Feature","properties":{"stage":1,"elev":10.4,"name":"river surge water"},"geometry":{"type":"Point","coordinates":[91.839068493150677,24.960824120603014]}},{"type":"Feature","properties":{"stage":1,"elev":11.3,"name":"river surge water"},"geometry":{"type":"Point","coordinates":[91.842904109589043,24.960824120603014]}},{"type":"Feature","properties":{"stage":1,"elev":11.5,"name":"river surge water"},"geometry":{"type":"Point","coordinates":[91.800712328767148,24.9646432160804]}},{"type":"Feature","properties":{"stage":1,"elev":11.1,"name":"river surge water"},"geometry":{"type":"Point","coordinates":[91.808383561643822,24.9646432160804]}},{"type":"Feature","properties":{"stage":1,"elev":11.5,"name":"river surge water"},"geometry":{"type":"Point","coordinates":[91.812219178082188,24.9646432160804]}},{"type":"Feature","properties":{"stage":1,"elev":11.1,"name":"river surge water"},"geometry":{"type":"Point","coordinates":[91.816054794520554,24.9646432160804]}},{"type":"Feature","properties":{"stage":1,"elev":9.4,"name":"river surge water"},"geometry":{"type":"Point","coordinates":[91.819890410958891,24.9646432160804]}},{"type":"Feature","properties":{"stage":1,"elev":10.8,"name":"river surge water"},"geometry":{"type":"Point","coordinates":[91.823726027397271,24.9646432160804]}},{"type":"Feature","properties":{"stage":1,"elev":11,"name":"river surge water"},"geometry":{"type":"Point","coordinates":[91.827561643835637,24.9646432160804]}},{"type":"Feature","properties":{"stage":1,"elev":10.8,"name":"river surge water"},"geometry":{"type":"Point","coordinates":[91.831397260273974,24.9646432160804]}},{"type":"Feature","properties":{"stage":1,"elev":9.8,"name":"river surge water"},"geometry":{"type":"Point","coordinates":[91.835232876712325,24.9646432160804]}},{"type":"Feature","properties":{"stage":1,"elev":10.7,"name":"river surge water"},"geometry":{"type":"Point","coordinates":[91.839068493150677,24.9646432160804]}},{"type":"Feature","properties":{"stage":1,"elev":11.2,"name":"river surge water"},"geometry":{"type":"Point","coordinates":[91.804547945205471,24.96846231155779]}},{"type":"Feature","properties":{"stage":1,"elev":12,"name":"river surge water"},"geometry":{"type":"Point","coordinates":[91.808383561643822,24.96846231155779]}},{"type":"Feature","properties":{"stage":1,"elev":11.2,"name":"river surge water"},"geometry":{"type":"Point","coordinates":[91.812219178082188,24.96846231155779]}},{"type":"Feature","properties":{"stage":1,"elev":10.4,"name":"river surge water"},"geometry":{"type":"Point","coordinates":[91.816054794520554,24.96846231155779]}},{"type":"Feature","properties":{"stage":1,"elev":10.1,"name":"river surge water"},"geometry":{"type":"Point","coordinates":[91.819890410958891,24.96846231155779]}},{"type":"Feature","properties":{"stage":1,"elev":10.7,"name":"river surge water"},"geometry":{"type":"Point","coordinates":[91.823726027397271,24.96846231155779]}},{"type":"Feature","properties":{"stage":1,"elev":11.3,"name":"river surge water"},"geometry":{"type":"Point","coordinates":[91.827561643835637,24.96846231155779]}},{"type":"Feature","properties":{"stage":1,"elev":10,"name":"river surge water"},"geometry":{"type":"Point","coordinates":[91.831397260273974,24.96846231155779]}},{"type":"Feature","properties":{"stage":1,"elev":11.4,"name":"river surge water"},"geometry":{"type":"Point","coordinates":[91.835232876712325,24.96846231155779]}},{"type":"Feature","properties":{"stage":1,"elev":11.4,"name":"river surge water"},"geometry":{"type":"Point","coordinates":[91.839068493150677,24.96846231155779]}},{"type":"Feature","properties":{"stage":1,"elev":11.2,"name":"river surge water"},"geometry":{"type":"Point","coordinates":[91.842904109589043,24.96846231155779]}},{"type":"Feature","properties":{"stage":1,"elev":12,"name":"river surge water"},"geometry":{"type":"Point","coordinates":[91.85057534246576,24.96846231155779]}},{"type":"Feature","properties":{"stage":1,"elev":11.9,"name":"river surge water"},"geometry":{"type":"Point","coordinates":[91.808383561643822,24.972281407035176]}},{"type":"Feature","properties":{"stage":1,"elev":10.7,"name":"river surge water"},"geometry":{"type":"Point","coordinates":[91.812219178082188,24.972281407035176]}},{"type":"Feature","properties":{"stage":1,"elev":10.4,"name":"river surge water"},"geometry":{"type":"Point","coordinates":[91.816054794520554,24.972281407035176]}},{"type":"Feature","properties":{"stage":1,"elev":9.3,"name":"river surge water"},"geometry":{"type":"Point","coordinates":[91.819890410958891,24.972281407035176]}},{"type":"Feature","properties":{"stage":1,"elev":10.3,"name":"river surge water"},"geometry":{"type":"Point","coordinates":[91.823726027397271,24.972281407035176]}},{"type":"Feature","properties":{"stage":1,"elev":11.2,"name":"river surge water"},"geometry":{"type":"Point","coordinates":[91.827561643835637,24.972281407035176]}},{"type":"Feature","properties":{"stage":1,"elev":11.3,"name":"river surge water"},"geometry":{"type":"Point","coordinates":[91.831397260273974,24.972281407035176]}},{"type":"Feature","properties":{"stage":1,"elev":11.1,"name":"river surge water"},"geometry":{"type":"Point","coordinates":[91.835232876712325,24.972281407035176]}},{"type":"Feature","properties":{"stage":1,"elev":9.3,"name":"river surge water"},"geometry":{"type":"Point","coordinates":[91.839068493150677,24.972281407035176]}},{"type":"Feature","properties":{"stage":1,"elev":9.7,"name":"river surge water"},"geometry":{"type":"Point","coordinates":[91.842904109589043,24.972281407035176]}},{"type":"Feature","properties":{"stage":1,"elev":11.6,"name":"river surge water"},"geometry":{"type":"Point","coordinates":[91.84673972602738,24.972281407035176]}},{"type":"Feature","properties":{"stage":1,"elev":11.6,"name":"river surge water"},"geometry":{"type":"Point","coordinates":[91.85057534246576,24.972281407035176]}},{"type":"Feature","properties":{"stage":1,"elev":11.9,"name":"river surge water"},"geometry":{"type":"Point","coordinates":[91.800712328767148,24.976100502512558]}},{"type":"Feature","properties":{"stage":1,"elev":11.3,"name":"river surge water"},"geometry":{"type":"Point","coordinates":[91.804547945205471,24.976100502512558]}},{"type":"Feature","properties":{"stage":1,"elev":11.3,"name":"river surge water"},"geometry":{"type":"Point","coordinates":[91.808383561643822,24.976100502512558]}},{"type":"Feature","properties":{"stage":1,"elev":10.5,"name":"river surge water"},"geometry":{"type":"Point","coordinates":[91.812219178082188,24.976100502512558]}},{"type":"Feature","properties":{"stage":1,"elev":9.4,"name":"river surge water"},"geometry":{"type":"Point","coordinates":[91.816054794520554,24.976100502512558]}},{"type":"Feature","properties":{"stage":1,"elev":11.3,"name":"river surge water"},"geometry":{"type":"Point","coordinates":[91.819890410958891,24.976100502512558]}},{"type":"Feature","properties":{"stage":1,"elev":10.1,"name":"river surge water"},"geometry":{"type":"Point","coordinates":[91.827561643835637,24.976100502512558]}},{"type":"Feature","properties":{"stage":1,"elev":11.1,"name":"river surge water"},"geometry":{"type":"Point","coordinates":[91.831397260273974,24.976100502512558]}},{"type":"Feature","properties":{"stage":1,"elev":10.9,"name":"river surge water"},"geometry":{"type":"Point","coordinates":[91.835232876712325,24.976100502512558]}},{"type":"Feature","properties":{"stage":1,"elev":10.7,"name":"river surge water"},"geometry":{"type":"Point","coordinates":[91.839068493150677,24.976100502512558]}},{"type":"Feature","properties":{"stage":1,"elev":11.2,"name":"river surge water"},"geometry":{"type":"Point","coordinates":[91.842904109589043,24.976100502512558]}},{"type":"Feature","properties":{"stage":1,"elev":11.8,"name":"river surge water"},"geometry":{"type":"Point","coordinates":[91.862082191780829,24.976100502512558]}},{"type":"Feature","properties":{"stage":1,"elev":11.1,"name":"river surge water"},"geometry":{"type":"Point","coordinates":[91.804547945205471,24.979919597989948]}},{"type":"Feature","properties":{"stage":1,"elev":10.1,"name":"river surge water"},"geometry":{"type":"Point","coordinates":[91.808383561643822,24.979919597989948]}},{"type":"Feature","properties":{"stage":1,"elev":11.5,"name":"river surge water"},"geometry":{"type":"Point","coordinates":[91.812219178082188,24.979919597989948]}},{"type":"Feature","properties":{"stage":1,"elev":11.9,"name":"river surge water"},"geometry":{"type":"Point","coordinates":[91.816054794520554,24.979919597989948]}},{"type":"Feature","properties":{"stage":1,"elev":11.8,"name":"river surge water"},"geometry":{"type":"Point","coordinates":[91.819890410958891,24.979919597989948]}},{"type":"Feature","properties":{"stage":1,"elev":10.3,"name":"river surge water"},"geometry":{"type":"Point","coordinates":[91.823726027397271,24.979919597989948]}},{"type":"Feature","properties":{"stage":1,"elev":11.4,"name":"river surge water"},"geometry":{"type":"Point","coordinates":[91.827561643835637,24.979919597989948]}},{"type":"Feature","properties":{"stage":1,"elev":10.6,"name":"river surge water"},"geometry":{"type":"Point","coordinates":[91.831397260273974,24.979919597989948]}},{"type":"Feature","properties":{"stage":1,"elev":10.8,"name":"river surge water"},"geometry":{"type":"Point","coordinates":[91.835232876712325,24.979919597989948]}},{"type":"Feature","properties":{"stage":1,"elev":11.9,"name":"river surge water"},"geometry":{"type":"Point","coordinates":[91.796876712328782,24.983738693467338]}},{"type":"Feature","properties":{"stage":1,"elev":11.8,"name":"river surge water"},"geometry":{"type":"Point","coordinates":[91.804547945205471,24.983738693467338]}},{"type":"Feature","properties":{"stage":1,"elev":11.5,"name":"river surge water"},"geometry":{"type":"Point","coordinates":[91.808383561643822,24.983738693467338]}},{"type":"Feature","properties":{"stage":1,"elev":11.8,"name":"river surge water"},"geometry":{"type":"Point","coordinates":[91.812219178082188,24.983738693467338]}},{"type":"Feature","properties":{"stage":1,"elev":11.9,"name":"river surge water"},"geometry":{"type":"Point","coordinates":[91.819890410958891,24.983738693467338]}},{"type":"Feature","properties":{"stage":1,"elev":10.8,"name":"river surge water"},"geometry":{"type":"Point","coordinates":[91.823726027397271,24.983738693467338]}},{"type":"Feature","properties":{"stage":1,"elev":9.9,"name":"river surge water"},"geometry":{"type":"Point","coordinates":[91.827561643835637,24.983738693467338]}},{"type":"Feature","properties":{"stage":1,"elev":11.6,"name":"river surge water"},"geometry":{"type":"Point","coordinates":[91.831397260273974,24.983738693467338]}},{"type":"Feature","properties":{"stage":1,"elev":11,"name":"river surge water"},"geometry":{"type":"Point","coordinates":[91.835232876712325,24.983738693467338]}},{"type":"Feature","properties":{"stage":1,"elev":11.8,"name":"river surge water"},"geometry":{"type":"Point","coordinates":[91.839068493150677,24.983738693467338]}},{"type":"Feature","properties":{"stage":1,"elev":11.6,"name":"river surge water"},"geometry":{"type":"Point","coordinates":[91.842904109589043,24.983738693467338]}},{"type":"Feature","properties":{"stage":1,"elev":9.8,"name":"river surge water"},"geometry":{"type":"Point","coordinates":[91.84673972602738,24.983738693467338]}},{"type":"Feature","properties":{"stage":1,"elev":11.5,"name":"river surge water"},"geometry":{"type":"Point","coordinates":[91.85057534246576,24.983738693467338]}},{"type":"Feature","properties":{"stage":1,"elev":11.8,"name":"river surge water"},"geometry":{"type":"Point","coordinates":[91.877424657534235,24.983738693467338]}},{"type":"Feature","properties":{"stage":1,"elev":12,"name":"river surge water"},"geometry":{"type":"Point","coordinates":[91.881260273972586,24.983738693467338]}},{"type":"Feature","properties":{"stage":1,"elev":11.8,"name":"river surge water"},"geometry":{"type":"Point","coordinates":[91.808383561643822,24.987557788944724]}},{"type":"Feature","properties":{"stage":1,"elev":10.9,"name":"river surge water"},"geometry":{"type":"Point","coordinates":[91.823726027397271,24.987557788944724]}},{"type":"Feature","properties":{"stage":1,"elev":11.6,"name":"river surge water"},"geometry":{"type":"Point","coordinates":[91.827561643835637,24.987557788944724]}},{"type":"Feature","properties":{"stage":1,"elev":11.1,"name":"river surge water"},"geometry":{"type":"Point","coordinates":[91.831397260273974,24.987557788944724]}},{"type":"Feature","properties":{"stage":1,"elev":9.6,"name":"river surge water"},"geometry":{"type":"Point","coordinates":[91.835232876712325,24.987557788944724]}},{"type":"Feature","properties":{"stage":1,"elev":10.3,"name":"river surge water"},"geometry":{"type":"Point","coordinates":[91.839068493150677,24.987557788944724]}},{"type":"Feature","properties":{"stage":1,"elev":9.4,"name":"river surge water"},"geometry":{"type":"Point","coordinates":[91.842904109589043,24.987557788944724]}},{"type":"Feature","properties":{"stage":1,"elev":11.4,"name":"river surge water"},"geometry":{"type":"Point","coordinates":[91.84673972602738,24.987557788944724]}},{"type":"Feature","properties":{"stage":1,"elev":11.3,"name":"river surge water"},"geometry":{"type":"Point","coordinates":[91.85057534246576,24.987557788944724]}},{"type":"Feature","properties":{"stage":1,"elev":11.3,"name":"river surge water"},"geometry":{"type":"Point","coordinates":[91.858246575342463,24.987557788944724]}},{"type":"Feature","properties":{"stage":1,"elev":9.9,"name":"river surge water"},"geometry":{"type":"Point","coordinates":[91.862082191780829,24.987557788944724]}},{"type":"Feature","properties":{"stage":1,"elev":10.4,"name":"river surge water"},"geometry":{"type":"Point","coordinates":[91.865917808219166,24.987557788944724]}},{"type":"Feature","properties":{"stage":1,"elev":10.9,"name":"river surge water"},"geometry":{"type":"Point","coordinates":[91.869753424657546,24.987557788944724]}},{"type":"Feature","properties":{"stage":1,"elev":11.9,"name":"river surge water"},"geometry":{"type":"Point","coordinates":[91.873589041095912,24.987557788944724]}},{"type":"Feature","properties":{"stage":1,"elev":11.3,"name":"river surge water"},"geometry":{"type":"Point","coordinates":[91.877424657534235,24.987557788944724]}},{"type":"Feature","properties":{"stage":1,"elev":10.2,"name":"river surge water"},"geometry":{"type":"Point","coordinates":[91.881260273972586,24.987557788944724]}},{"type":"Feature","properties":{"stage":1,"elev":10.7,"name":"river surge water"},"geometry":{"type":"Point","coordinates":[91.885095890410952,24.987557788944724]}},{"type":"Feature","properties":{"stage":1,"elev":11.2,"name":"river surge water"},"geometry":{"type":"Point","coordinates":[91.8889315068493,24.987557788944724]}},{"type":"Feature","properties":{"stage":1,"elev":11.6,"name":"river surge water"},"geometry":{"type":"Point","coordinates":[91.831397260273974,24.991376884422113]}},{"type":"Feature","properties":{"stage":1,"elev":10.6,"name":"river surge water"},"geometry":{"type":"Point","coordinates":[91.835232876712325,24.991376884422113]}},{"type":"Feature","properties":{"stage":1,"elev":10.9,"name":"river surge water"},"geometry":{"type":"Point","coordinates":[91.839068493150677,24.991376884422113]}},{"type":"Feature","properties":{"stage":1,"elev":9.7,"name":"river surge water"},"geometry":{"type":"Point","coordinates":[91.842904109589043,24.991376884422113]}},{"type":"Feature","properties":{"stage":1,"elev":11.6,"name":"river surge water"},"geometry":{"type":"Point","coordinates":[91.84673972602738,24.991376884422113]}},{"type":"Feature","properties":{"stage":1,"elev":11.8,"name":"river surge water"},"geometry":{"type":"Point","coordinates":[91.862082191780829,24.991376884422113]}},{"type":"Feature","properties":{"stage":1,"elev":11.2,"name":"river surge water"},"geometry":{"type":"Point","coordinates":[91.865917808219166,24.991376884422113]}},{"type":"Feature","properties":{"stage":1,"elev":10.7,"name":"river surge water"},"geometry":{"type":"Point","coordinates":[91.869753424657546,24.991376884422113]}},{"type":"Feature","properties":{"stage":1,"elev":10.1,"name":"river surge water"},"geometry":{"type":"Point","coordinates":[91.881260273972586,24.991376884422113]}},{"type":"Feature","properties":{"stage":1,"elev":9.8,"name":"river surge water"},"geometry":{"type":"Point","coordinates":[91.885095890410952,24.991376884422113]}},{"type":"Feature","properties":{"stage":1,"elev":10,"name":"river surge water"},"geometry":{"type":"Point","coordinates":[91.8889315068493,24.991376884422113]}},{"type":"Feature","properties":{"stage":1,"elev":10.4,"name":"river surge water"},"geometry":{"type":"Point","coordinates":[91.892767123287655,24.991376884422113]}},{"type":"Feature","properties":{"stage":1,"elev":11.5,"name":"river surge water"},"geometry":{"type":"Point","coordinates":[91.835232876712325,24.9951959798995]}},{"type":"Feature","properties":{"stage":1,"elev":11.1,"name":"river surge water"},"geometry":{"type":"Point","coordinates":[91.85057534246576,24.9951959798995]}},{"type":"Feature","properties":{"stage":1,"elev":11.4,"name":"river surge water"},"geometry":{"type":"Point","coordinates":[91.854410958904126,24.9951959798995]}},{"type":"Feature","properties":{"stage":1,"elev":9.3,"name":"river surge water"},"geometry":{"type":"Point","coordinates":[91.858246575342463,24.9951959798995]}},{"type":"Feature","properties":{"stage":1,"elev":8.8,"name":"river surge water"},"geometry":{"type":"Point","coordinates":[91.862082191780829,24.9951959798995]}},{"type":"Feature","properties":{"stage":1,"elev":9,"name":"river surge water"},"geometry":{"type":"Point","coordinates":[91.865917808219166,24.9951959798995]}},{"type":"Feature","properties":{"stage":1,"elev":11.3,"name":"river surge water"},"geometry":{"type":"Point","coordinates":[91.869753424657546,24.9951959798995]}},{"type":"Feature","properties":{"stage":1,"elev":11.3,"name":"river surge water"},"geometry":{"type":"Point","coordinates":[91.881260273972586,24.9951959798995]}},{"type":"Feature","properties":{"stage":1,"elev":10.8,"name":"river surge water"},"geometry":{"type":"Point","coordinates":[91.885095890410952,24.9951959798995]}},{"type":"Feature","properties":{"stage":1,"elev":9.9,"name":"river surge water"},"geometry":{"type":"Point","coordinates":[91.8889315068493,24.9951959798995]}},{"type":"Feature","properties":{"stage":1,"elev":10.3,"name":"river surge water"},"geometry":{"type":"Point","coordinates":[91.896602739726021,24.9951959798995]}},{"type":"Feature","properties":{"stage":1,"elev":9.4,"name":"river surge water"},"geometry":{"type":"Point","coordinates":[91.900438356164386,24.9951959798995]}},{"type":"Feature","properties":{"stage":1,"elev":11,"name":"river surge water"},"geometry":{"type":"Point","coordinates":[91.904273972602738,24.9951959798995]}},{"type":"Feature","properties":{"stage":1,"elev":11.3,"name":"river surge water"},"geometry":{"type":"Point","coordinates":[91.7930410958904,24.999015075376889]}},{"type":"Feature","properties":{"stage":1,"elev":11.7,"name":"river surge water"},"geometry":{"type":"Point","coordinates":[91.800712328767148,24.999015075376889]}},{"type":"Feature","properties":{"stage":1,"elev":11.6,"name":"river surge water"},"geometry":{"type":"Point","coordinates":[91.804547945205471,24.999015075376889]}},{"type":"Feature","properties":{"stage":1,"elev":11.2,"name":"river surge water"},"geometry":{"type":"Point","coordinates":[91.842904109589043,24.999015075376889]}},{"type":"Feature","properties":{"stage":1,"elev":11.2,"name":"river surge water"},"geometry":{"type":"Point","coordinates":[91.84673972602738,24.999015075376889]}},{"type":"Feature","properties":{"stage":1,"elev":10.4,"name":"river surge water"},"geometry":{"type":"Point","coordinates":[91.85057534246576,24.999015075376889]}},{"type":"Feature","properties":{"stage":1,"elev":9.8,"name":"river surge water"},"geometry":{"type":"Point","coordinates":[91.858246575342463,24.999015075376889]}},{"type":"Feature","properties":{"stage":1,"elev":9.6,"name":"river surge water"},"geometry":{"type":"Point","coordinates":[91.862082191780829,24.999015075376889]}},{"type":"Feature","properties":{"stage":1,"elev":9.1,"name":"river surge water"},"geometry":{"type":"Point","coordinates":[91.865917808219166,24.999015075376889]}},{"type":"Feature","properties":{"stage":1,"elev":10.9,"name":"river surge water"},"geometry":{"type":"Point","coordinates":[91.881260273972586,24.999015075376889]}},{"type":"Feature","properties":{"stage":1,"elev":10.4,"name":"river surge water"},"geometry":{"type":"Point","coordinates":[91.885095890410952,24.999015075376889]}},{"type":"Feature","properties":{"stage":1,"elev":11.3,"name":"river surge water"},"geometry":{"type":"Point","coordinates":[91.8889315068493,24.999015075376889]}},{"type":"Feature","properties":{"stage":1,"elev":10.6,"name":"river surge water"},"geometry":{"type":"Point","coordinates":[91.892767123287655,24.999015075376889]}},{"type":"Feature","properties":{"stage":1,"elev":10,"name":"river surge water"},"geometry":{"type":"Point","coordinates":[91.896602739726021,24.999015075376889]}},{"type":"Feature","properties":{"stage":1,"elev":10.3,"name":"river surge water"},"geometry":{"type":"Point","coordinates":[91.900438356164386,24.999015075376889]}},{"type":"Feature","properties":{"stage":1,"elev":10.3,"name":"river surge water"},"geometry":{"type":"Point","coordinates":[91.904273972602738,24.999015075376889]}},{"type":"Feature","properties":{"stage":1,"elev":11.1,"name":"river surge water"},"geometry":{"type":"Point","coordinates":[91.781534246575347,25.002834170854271]}},{"type":"Feature","properties":{"stage":1,"elev":11.6,"name":"river surge water"},"geometry":{"type":"Point","coordinates":[91.7853698630137,25.002834170854271]}},{"type":"Feature","properties":{"stage":1,"elev":11.1,"name":"river surge water"},"geometry":{"type":"Point","coordinates":[91.796876712328782,25.002834170854271]}},{"type":"Feature","properties":{"stage":1,"elev":11.2,"name":"river surge water"},"geometry":{"type":"Point","coordinates":[91.800712328767148,25.002834170854271]}},{"type":"Feature","properties":{"stage":1,"elev":11.9,"name":"river surge water"},"geometry":{"type":"Point","coordinates":[91.804547945205471,25.002834170854271]}},{"type":"Feature","properties":{"stage":1,"elev":11.4,"name":"river surge water"},"geometry":{"type":"Point","coordinates":[91.84673972602738,25.002834170854271]}},{"type":"Feature","properties":{"stage":1,"elev":8.9,"name":"river surge water"},"geometry":{"type":"Point","coordinates":[91.85057534246576,25.002834170854271]}},{"type":"Feature","properties":{"stage":1,"elev":11.6,"name":"river surge water"},"geometry":{"type":"Point","coordinates":[91.854410958904126,25.002834170854271]}},{"type":"Feature","properties":{"stage":1,"elev":11.9,"name":"river surge water"},"geometry":{"type":"Point","coordinates":[91.858246575342463,25.002834170854271]}},{"type":"Feature","properties":{"stage":1,"elev":11.6,"name":"river surge water"},"geometry":{"type":"Point","coordinates":[91.862082191780829,25.002834170854271]}},{"type":"Feature","properties":{"stage":1,"elev":10.2,"name":"river surge water"},"geometry":{"type":"Point","coordinates":[91.881260273972586,25.002834170854271]}},{"type":"Feature","properties":{"stage":1,"elev":10.4,"name":"river surge water"},"geometry":{"type":"Point","coordinates":[91.885095890410952,25.002834170854271]}},{"type":"Feature","properties":{"stage":1,"elev":10.9,"name":"river surge water"},"geometry":{"type":"Point","coordinates":[91.8889315068493,25.002834170854271]}},{"type":"Feature","properties":{"stage":1,"elev":12,"name":"river surge water"},"geometry":{"type":"Point","coordinates":[91.892767123287655,25.002834170854271]}},{"type":"Feature","properties":{"stage":1,"elev":11.1,"name":"river surge water"},"geometry":{"type":"Point","coordinates":[91.896602739726021,25.002834170854271]}},{"type":"Feature","properties":{"stage":1,"elev":10.4,"name":"river surge water"},"geometry":{"type":"Point","coordinates":[91.900438356164386,25.002834170854271]}},{"type":"Feature","properties":{"stage":1,"elev":11.3,"name":"river surge water"},"geometry":{"type":"Point","coordinates":[91.904273972602738,25.002834170854271]}},{"type":"Feature","properties":{"stage":1,"elev":10.4,"name":"river surge water"},"geometry":{"type":"Point","coordinates":[91.9081095890411,25.002834170854271]}},{"type":"Feature","properties":{"stage":1,"elev":11.5,"name":"river surge water"},"geometry":{"type":"Point","coordinates":[91.911945205479441,25.002834170854271]}},{"type":"Feature","properties":{"stage":1,"elev":11.7,"name":"river surge water"},"geometry":{"type":"Point","coordinates":[91.915780821917821,25.002834170854271]}},{"type":"Feature","properties":{"stage":1,"elev":10.9,"name":"river surge water"},"geometry":{"type":"Point","coordinates":[91.781534246575347,25.006653266331657]}},{"type":"Feature","properties":{"stage":1,"elev":11.1,"name":"river surge water"},"geometry":{"type":"Point","coordinates":[91.7853698630137,25.006653266331657]}},{"type":"Feature","properties":{"stage":1,"elev":11.4,"name":"river surge water"},"geometry":{"type":"Point","coordinates":[91.789205479452065,25.006653266331657]}},{"type":"Feature","properties":{"stage":1,"elev":11.3,"name":"river surge water"},"geometry":{"type":"Point","coordinates":[91.7930410958904,25.006653266331657]}},{"type":"Feature","properties":{"stage":1,"elev":9.8,"name":"river surge water"},"geometry":{"type":"Point","coordinates":[91.796876712328782,25.006653266331657]}},{"type":"Feature","properties":{"stage":1,"elev":11.2,"name":"river surge water"},"geometry":{"type":"Point","coordinates":[91.800712328767148,25.006653266331657]}},{"type":"Feature","properties":{"stage":1,"elev":11.7,"name":"river surge water"},"geometry":{"type":"Point","coordinates":[91.873589041095912,25.006653266331657]}},{"type":"Feature","properties":{"stage":1,"elev":10,"name":"river surge water"},"geometry":{"type":"Point","coordinates":[91.877424657534235,25.006653266331657]}},{"type":"Feature","properties":{"stage":1,"elev":9.1,"name":"river surge water"},"geometry":{"type":"Point","coordinates":[91.881260273972586,25.006653266331657]}},{"type":"Feature","properties":{"stage":1,"elev":9.7,"name":"river surge water"},"geometry":{"type":"Point","coordinates":[91.885095890410952,25.006653266331657]}},{"type":"Feature","properties":{"stage":1,"elev":10.9,"name":"river surge water"},"geometry":{"type":"Point","coordinates":[91.8889315068493,25.006653266331657]}},{"type":"Feature","properties":{"stage":1,"elev":9.8,"name":"river surge water"},"geometry":{"type":"Point","coordinates":[91.892767123287655,25.006653266331657]}},{"type":"Feature","properties":{"stage":1,"elev":9.7,"name":"river surge water"},"geometry":{"type":"Point","coordinates":[91.896602739726021,25.006653266331657]}},{"type":"Feature","properties":{"stage":1,"elev":11,"name":"river surge water"},"geometry":{"type":"Point","coordinates":[91.900438356164386,25.006653266331657]}},{"type":"Feature","properties":{"stage":1,"elev":10.8,"name":"river surge water"},"geometry":{"type":"Point","coordinates":[91.904273972602738,25.006653266331657]}},{"type":"Feature","properties":{"stage":1,"elev":10.8,"name":"river surge water"},"geometry":{"type":"Point","coordinates":[91.9081095890411,25.006653266331657]}},{"type":"Feature","properties":{"stage":1,"elev":11.4,"name":"river surge water"},"geometry":{"type":"Point","coordinates":[91.915780821917821,25.006653266331657]}},{"type":"Feature","properties":{"stage":1,"elev":11.9,"name":"river surge water"},"geometry":{"type":"Point","coordinates":[91.7853698630137,25.010472361809043]}},{"type":"Feature","properties":{"stage":1,"elev":11.8,"name":"river surge water"},"geometry":{"type":"Point","coordinates":[91.789205479452065,25.010472361809043]}},{"type":"Feature","properties":{"stage":1,"elev":10.5,"name":"river surge water"},"geometry":{"type":"Point","coordinates":[91.7930410958904,25.010472361809043]}},{"type":"Feature","properties":{"stage":1,"elev":10.7,"name":"river surge water"},"geometry":{"type":"Point","coordinates":[91.796876712328782,25.010472361809043]}},{"type":"Feature","properties":{"stage":1,"elev":11.6,"name":"river surge water"},"geometry":{"type":"Point","coordinates":[91.800712328767148,25.010472361809043]}},{"type":"Feature","properties":{"stage":1,"elev":9.9,"name":"river surge water"},"geometry":{"type":"Point","coordinates":[91.804547945205471,25.010472361809043]}},{"type":"Feature","properties":{"stage":1,"elev":11.6,"name":"river surge water"},"geometry":{"type":"Point","coordinates":[91.816054794520554,25.010472361809043]}},{"type":"Feature","properties":{"stage":1,"elev":11.6,"name":"river surge water"},"geometry":{"type":"Point","coordinates":[91.831397260273974,25.010472361809043]}},{"type":"Feature","properties":{"stage":1,"elev":11.9,"name":"river surge water"},"geometry":{"type":"Point","coordinates":[91.835232876712325,25.010472361809043]}},{"type":"Feature","properties":{"stage":1,"elev":11.6,"name":"river surge water"},"geometry":{"type":"Point","coordinates":[91.865917808219166,25.010472361809043]}},{"type":"Feature","properties":{"stage":1,"elev":11.1,"name":"river surge water"},"geometry":{"type":"Point","coordinates":[91.877424657534235,25.010472361809043]}},{"type":"Feature","properties":{"stage":1,"elev":8.3,"name":"river surge water"},"geometry":{"type":"Point","coordinates":[91.881260273972586,25.010472361809043]}},{"type":"Feature","properties":{"stage":1,"elev":9.5,"name":"river surge water"},"geometry":{"type":"Point","coordinates":[91.885095890410952,25.010472361809043]}},{"type":"Feature","properties":{"stage":1,"elev":10.4,"name":"river surge water"},"geometry":{"type":"Point","coordinates":[91.8889315068493,25.010472361809043]}},{"type":"Feature","properties":{"stage":1,"elev":10.1,"name":"river surge water"},"geometry":{"type":"Point","coordinates":[91.892767123287655,25.010472361809043]}},{"type":"Feature","properties":{"stage":1,"elev":9.8,"name":"river surge water"},"geometry":{"type":"Point","coordinates":[91.896602739726021,25.010472361809043]}},{"type":"Feature","properties":{"stage":1,"elev":10.1,"name":"river surge water"},"geometry":{"type":"Point","coordinates":[91.900438356164386,25.010472361809043]}},{"type":"Feature","properties":{"stage":1,"elev":11.9,"name":"river surge water"},"geometry":{"type":"Point","coordinates":[91.904273972602738,25.010472361809043]}},{"type":"Feature","properties":{"stage":1,"elev":11.9,"name":"river surge water"},"geometry":{"type":"Point","coordinates":[91.9081095890411,25.010472361809043]}},{"type":"Feature","properties":{"stage":1,"elev":11.8,"name":"river surge water"},"geometry":{"type":"Point","coordinates":[91.911945205479441,25.010472361809043]}},{"type":"Feature","properties":{"stage":1,"elev":11.8,"name":"river surge water"},"geometry":{"type":"Point","coordinates":[91.915780821917821,25.010472361809043]}},{"type":"Feature","properties":{"stage":1,"elev":10.8,"name":"river surge water"},"geometry":{"type":"Point","coordinates":[91.812219178082188,25.014291457286436]}},{"type":"Feature","properties":{"stage":1,"elev":11.4,"name":"river surge water"},"geometry":{"type":"Point","coordinates":[91.873589041095912,25.014291457286436]}},{"type":"Feature","properties":{"stage":1,"elev":11.4,"name":"river surge water"},"geometry":{"type":"Point","coordinates":[91.877424657534235,25.014291457286436]}},{"type":"Feature","properties":{"stage":1,"elev":10.2,"name":"river surge water"},"geometry":{"type":"Point","coordinates":[91.881260273972586,25.014291457286436]}},{"type":"Feature","properties":{"stage":1,"elev":7,"name":"river surge water"},"geometry":{"type":"Point","coordinates":[91.885095890410952,25.014291457286436]}},{"type":"Feature","properties":{"stage":1,"elev":6.5,"name":"river surge water"},"geometry":{"type":"Point","coordinates":[91.8889315068493,25.014291457286436]}},{"type":"Feature","properties":{"stage":1,"elev":9.3,"name":"river surge water"},"geometry":{"type":"Point","coordinates":[91.892767123287655,25.014291457286436]}},{"type":"Feature","properties":{"stage":1,"elev":9.4,"name":"river surge water"},"geometry":{"type":"Point","coordinates":[91.896602739726021,25.014291457286436]}},{"type":"Feature","properties":{"stage":1,"elev":11.1,"name":"river surge water"},"geometry":{"type":"Point","coordinates":[91.900438356164386,25.014291457286436]}},{"type":"Feature","properties":{"stage":1,"elev":10.9,"name":"river surge water"},"geometry":{"type":"Point","coordinates":[91.904273972602738,25.014291457286436]}},{"type":"Feature","properties":{"stage":1,"elev":10.3,"name":"river surge water"},"geometry":{"type":"Point","coordinates":[91.9081095890411,25.014291457286436]}},{"type":"Feature","properties":{"stage":1,"elev":11.4,"name":"river surge water"},"geometry":{"type":"Point","coordinates":[91.911945205479441,25.014291457286436]}},{"type":"Feature","properties":{"stage":1,"elev":11.1,"name":"river surge water"},"geometry":{"type":"Point","coordinates":[91.915780821917821,25.014291457286436]}},{"type":"Feature","properties":{"stage":1,"elev":11.9,"name":"river surge water"},"geometry":{"type":"Point","coordinates":[91.92345205479451,25.014291457286436]}},{"type":"Feature","properties":{"stage":1,"elev":11.4,"name":"river surge water"},"geometry":{"type":"Point","coordinates":[91.93879452054793,25.014291457286436]}},{"type":"Feature","properties":{"stage":1,"elev":11.8,"name":"river surge water"},"geometry":{"type":"Point","coordinates":[91.957972602739716,25.014291457286436]}},{"type":"Feature","properties":{"stage":1,"elev":11.4,"name":"river surge water"},"geometry":{"type":"Point","coordinates":[91.781534246575347,25.018110552763819]}},{"type":"Feature","properties":{"stage":1,"elev":10.9,"name":"river surge water"},"geometry":{"type":"Point","coordinates":[91.812219178082188,25.018110552763819]}},{"type":"Feature","properties":{"stage":1,"elev":11.8,"name":"river surge water"},"geometry":{"type":"Point","coordinates":[91.816054794520554,25.018110552763819]}},{"type":"Feature","properties":{"stage":1,"elev":11.4,"name":"river surge water"},"geometry":{"type":"Point","coordinates":[91.869753424657546,25.018110552763819]}},{"type":"Feature","properties":{"stage":1,"elev":12,"name":"river surge water"},"geometry":{"type":"Point","coordinates":[91.873589041095912,25.018110552763819]}},{"type":"Feature","properties":{"stage":1,"elev":11.6,"name":"river surge water"},"geometry":{"type":"Point","coordinates":[91.877424657534235,25.018110552763819]}},{"type":"Feature","properties":{"stage":1,"elev":11.4,"name":"river surge water"},"geometry":{"type":"Point","coordinates":[91.881260273972586,25.018110552763819]}},{"type":"Feature","properties":{"stage":1,"elev":10.8,"name":"river surge water"},"geometry":{"type":"Point","coordinates":[91.885095890410952,25.018110552763819]}},{"type":"Feature","properties":{"stage":1,"elev":9.9,"name":"river surge water"},"geometry":{"type":"Point","coordinates":[91.8889315068493,25.018110552763819]}},{"type":"Feature","properties":{"stage":1,"elev":10.7,"name":"river surge water"},"geometry":{"type":"Point","coordinates":[91.892767123287655,25.018110552763819]}},{"type":"Feature","properties":{"stage":1,"elev":11.2,"name":"river surge water"},"geometry":{"type":"Point","coordinates":[91.896602739726021,25.018110552763819]}},{"type":"Feature","properties":{"stage":1,"elev":10.4,"name":"river surge water"},"geometry":{"type":"Point","coordinates":[91.900438356164386,25.018110552763819]}},{"type":"Feature","properties":{"stage":1,"elev":11.6,"name":"river surge water"},"geometry":{"type":"Point","coordinates":[91.904273972602738,25.018110552763819]}},{"type":"Feature","properties":{"stage":1,"elev":11.1,"name":"river surge water"},"geometry":{"type":"Point","coordinates":[91.9081095890411,25.018110552763819]}},{"type":"Feature","properties":{"stage":1,"elev":11.1,"name":"river surge water"},"geometry":{"type":"Point","coordinates":[91.911945205479441,25.018110552763819]}},{"type":"Feature","properties":{"stage":1,"elev":11.8,"name":"river surge water"},"geometry":{"type":"Point","coordinates":[91.93879452054793,25.018110552763819]}},{"type":"Feature","properties":{"stage":1,"elev":11.2,"name":"river surge water"},"geometry":{"type":"Point","coordinates":[91.94263013698631,25.018110552763819]}},{"type":"Feature","properties":{"stage":1,"elev":11.9,"name":"river surge water"},"geometry":{"type":"Point","coordinates":[91.946465753424675,25.018110552763819]}},{"type":"Feature","properties":{"stage":1,"elev":10.6,"name":"river surge water"},"geometry":{"type":"Point","coordinates":[91.781534246575347,25.021929648241205]}},{"type":"Feature","properties":{"stage":1,"elev":11.8,"name":"river surge water"},"geometry":{"type":"Point","coordinates":[91.7853698630137,25.021929648241205]}},{"type":"Feature","properties":{"stage":1,"elev":10.8,"name":"river surge water"},"geometry":{"type":"Point","coordinates":[91.789205479452065,25.021929648241205]}},{"type":"Feature","properties":{"stage":1,"elev":11.8,"name":"river surge water"},"geometry":{"type":"Point","coordinates":[91.84673972602738,25.021929648241205]}},{"type":"Feature","properties":{"stage":1,"elev":11.8,"name":"river surge water"},"geometry":{"type":"Point","coordinates":[91.869753424657546,25.021929648241205]}},{"type":"Feature","properties":{"stage":1,"elev":11.3,"name":"river surge water"},"geometry":{"type":"Point","coordinates":[91.873589041095912,25.021929648241205]}},{"type":"Feature","properties":{"stage":1,"elev":11.4,"name":"river surge water"},"geometry":{"type":"Point","coordinates":[91.877424657534235,25.021929648241205]}},{"type":"Feature","properties":{"stage":1,"elev":11.4,"name":"river surge water"},"geometry":{"type":"Point","coordinates":[91.881260273972586,25.021929648241205]}},{"type":"Feature","properties":{"stage":1,"elev":11.8,"name":"river surge water"},"geometry":{"type":"Point","coordinates":[91.885095890410952,25.021929648241205]}},{"type":"Feature","properties":{"stage":1,"elev":11.6,"name":"river surge water"},"geometry":{"type":"Point","coordinates":[91.8889315068493,25.021929648241205]}},{"type":"Feature","properties":{"stage":1,"elev":11.9,"name":"river surge water"},"geometry":{"type":"Point","coordinates":[91.896602739726021,25.021929648241205]}},{"type":"Feature","properties":{"stage":1,"elev":11.8,"name":"river surge water"},"geometry":{"type":"Point","coordinates":[91.900438356164386,25.021929648241205]}},{"type":"Feature","properties":{"stage":1,"elev":9.8,"name":"river surge water"},"geometry":{"type":"Point","coordinates":[91.904273972602738,25.021929648241205]}},{"type":"Feature","properties":{"stage":1,"elev":10.1,"name":"river surge water"},"geometry":{"type":"Point","coordinates":[91.9081095890411,25.021929648241205]}},{"type":"Feature","properties":{"stage":1,"elev":11.1,"name":"river surge water"},"geometry":{"type":"Point","coordinates":[91.911945205479441,25.021929648241205]}},{"type":"Feature","properties":{"stage":1,"elev":11.6,"name":"river surge water"},"geometry":{"type":"Point","coordinates":[91.919616438356186,25.021929648241205]}},{"type":"Feature","properties":{"stage":1,"elev":11.1,"name":"river surge water"},"geometry":{"type":"Point","coordinates":[91.92345205479451,25.021929648241205]}},{"type":"Feature","properties":{"stage":1,"elev":11.1,"name":"river surge water"},"geometry":{"type":"Point","coordinates":[91.927287671232847,25.021929648241205]}},{"type":"Feature","properties":{"stage":1,"elev":11,"name":"river surge water"},"geometry":{"type":"Point","coordinates":[91.931123287671227,25.021929648241205]}},{"type":"Feature","properties":{"stage":1,"elev":11.1,"name":"river surge water"},"geometry":{"type":"Point","coordinates":[91.934958904109592,25.021929648241205]}},{"type":"Feature","properties":{"stage":1,"elev":11.4,"name":"river surge water"},"geometry":{"type":"Point","coordinates":[91.93879452054793,25.021929648241205]}},{"type":"Feature","properties":{"stage":1,"elev":11.6,"name":"river surge water"},"geometry":{"type":"Point","coordinates":[91.946465753424675,25.021929648241205]}},{"type":"Feature","properties":{"stage":1,"elev":11.9,"name":"river surge water"},"geometry":{"type":"Point","coordinates":[91.9771506849315,25.021929648241205]}},{"type":"Feature","properties":{"stage":1,"elev":11.7,"name":"river surge water"},"geometry":{"type":"Point","coordinates":[91.984821917808219,25.021929648241205]}},{"type":"Feature","properties":{"stage":1,"elev":11.9,"name":"river surge water"},"geometry":{"type":"Point","coordinates":[91.781534246575347,25.025748743718594]}},{"type":"Feature","properties":{"stage":1,"elev":11.2,"name":"river surge water"},"geometry":{"type":"Point","coordinates":[91.7853698630137,25.025748743718594]}},{"type":"Feature","properties":{"stage":1,"elev":12,"name":"river surge water"},"geometry":{"type":"Point","coordinates":[91.789205479452065,25.025748743718594]}},{"type":"Feature","properties":{"stage":1,"elev":11.8,"name":"river surge water"},"geometry":{"type":"Point","coordinates":[91.796876712328782,25.025748743718594]}},{"type":"Feature","properties":{"stage":1,"elev":11.4,"name":"river surge water"},"geometry":{"type":"Point","coordinates":[91.800712328767148,25.025748743718594]}},{"type":"Feature","properties":{"stage":1,"elev":11.9,"name":"river surge water"},"geometry":{"type":"Point","coordinates":[91.854410958904126,25.025748743718594]}},{"type":"Feature","properties":{"stage":1,"elev":11.2,"name":"river surge water"},"geometry":{"type":"Point","coordinates":[91.873589041095912,25.025748743718594]}},{"type":"Feature","properties":{"stage":1,"elev":12,"name":"river surge water"},"geometry":{"type":"Point","coordinates":[91.877424657534235,25.025748743718594]}},{"type":"Feature","properties":{"stage":1,"elev":11.3,"name":"river surge water"},"geometry":{"type":"Point","coordinates":[91.881260273972586,25.025748743718594]}},{"type":"Feature","properties":{"stage":1,"elev":9.6,"name":"river surge water"},"geometry":{"type":"Point","coordinates":[91.885095890410952,25.025748743718594]}},{"type":"Feature","properties":{"stage":1,"elev":10.3,"name":"river surge water"},"geometry":{"type":"Point","coordinates":[91.8889315068493,25.025748743718594]}},{"type":"Feature","properties":{"stage":1,"elev":11.1,"name":"river surge water"},"geometry":{"type":"Point","coordinates":[91.896602739726021,25.025748743718594]}},{"type":"Feature","properties":{"stage":1,"elev":11,"name":"river surge water"},"geometry":{"type":"Point","coordinates":[91.900438356164386,25.025748743718594]}},{"type":"Feature","properties":{"stage":1,"elev":9.6,"name":"river surge water"},"geometry":{"type":"Point","coordinates":[91.904273972602738,25.025748743718594]}},{"type":"Feature","properties":{"stage":1,"elev":9.9,"name":"river surge water"},"geometry":{"type":"Point","coordinates":[91.9081095890411,25.025748743718594]}},{"type":"Feature","properties":{"stage":1,"elev":9.6,"name":"river surge water"},"geometry":{"type":"Point","coordinates":[91.911945205479441,25.025748743718594]}},{"type":"Feature","properties":{"stage":1,"elev":10.2,"name":"river surge water"},"geometry":{"type":"Point","coordinates":[91.915780821917821,25.025748743718594]}},{"type":"Feature","properties":{"stage":1,"elev":10.9,"name":"river surge water"},"geometry":{"type":"Point","coordinates":[91.919616438356186,25.025748743718594]}},{"type":"Feature","properties":{"stage":1,"elev":11,"name":"river surge water"},"geometry":{"type":"Point","coordinates":[91.92345205479451,25.025748743718594]}},{"type":"Feature","properties":{"stage":1,"elev":10.2,"name":"river surge water"},"geometry":{"type":"Point","coordinates":[91.927287671232847,25.025748743718594]}},{"type":"Feature","properties":{"stage":1,"elev":10.2,"name":"river surge water"},"geometry":{"type":"Point","coordinates":[91.931123287671227,25.025748743718594]}},{"type":"Feature","properties":{"stage":1,"elev":12,"name":"river surge water"},"geometry":{"type":"Point","coordinates":[91.934958904109592,25.025748743718594]}},{"type":"Feature","properties":{"stage":1,"elev":11.7,"name":"river surge water"},"geometry":{"type":"Point","coordinates":[91.93879452054793,25.025748743718594]}},{"type":"Feature","properties":{"stage":1,"elev":11,"name":"river surge water"},"geometry":{"type":"Point","coordinates":[91.94263013698631,25.025748743718594]}},{"type":"Feature","properties":{"stage":1,"elev":10.4,"name":"river surge water"},"geometry":{"type":"Point","coordinates":[91.950301369863013,25.025748743718594]}},{"type":"Feature","properties":{"stage":1,"elev":10.6,"name":"river surge water"},"geometry":{"type":"Point","coordinates":[91.954136986301364,25.025748743718594]}},{"type":"Feature","properties":{"stage":1,"elev":12,"name":"river surge water"},"geometry":{"type":"Point","coordinates":[91.957972602739716,25.025748743718594]}},{"type":"Feature","properties":{"stage":1,"elev":11.4,"name":"river surge water"},"geometry":{"type":"Point","coordinates":[91.961808219178081,25.025748743718594]}},{"type":"Feature","properties":{"stage":1,"elev":11.7,"name":"river surge water"},"geometry":{"type":"Point","coordinates":[91.965643835616419,25.025748743718594]}},{"type":"Feature","properties":{"stage":1,"elev":12,"name":"river surge water"},"geometry":{"type":"Point","coordinates":[91.9771506849315,25.025748743718594]}},{"type":"Feature","properties":{"stage":1,"elev":12,"name":"river surge water"},"geometry":{"type":"Point","coordinates":[91.7853698630137,25.02956783919598]}},{"type":"Feature","properties":{"stage":1,"elev":11.1,"name":"river surge water"},"geometry":{"type":"Point","coordinates":[91.789205479452065,25.02956783919598]}},{"type":"Feature","properties":{"stage":1,"elev":11.9,"name":"river surge water"},"geometry":{"type":"Point","coordinates":[91.7930410958904,25.02956783919598]}},{"type":"Feature","properties":{"stage":1,"elev":11.4,"name":"river surge water"},"geometry":{"type":"Point","coordinates":[91.796876712328782,25.02956783919598]}},{"type":"Feature","properties":{"stage":1,"elev":11.8,"name":"river surge water"},"geometry":{"type":"Point","coordinates":[91.800712328767148,25.02956783919598]}},{"type":"Feature","properties":{"stage":1,"elev":11.1,"name":"river surge water"},"geometry":{"type":"Point","coordinates":[91.839068493150677,25.02956783919598]}},{"type":"Feature","properties":{"stage":1,"elev":11.8,"name":"river surge water"},"geometry":{"type":"Point","coordinates":[91.85057534246576,25.02956783919598]}},{"type":"Feature","properties":{"stage":1,"elev":11.3,"name":"river surge water"},"geometry":{"type":"Point","coordinates":[91.854410958904126,25.02956783919598]}},{"type":"Feature","properties":{"stage":1,"elev":11.9,"name":"river surge water"},"geometry":{"type":"Point","coordinates":[91.877424657534235,25.02956783919598]}},{"type":"Feature","properties":{"stage":1,"elev":9.9,"name":"river surge water"},"geometry":{"type":"Point","coordinates":[91.881260273972586,25.02956783919598]}},{"type":"Feature","properties":{"stage":1,"elev":11.3,"name":"river surge water"},"geometry":{"type":"Point","coordinates":[91.885095890410952,25.02956783919598]}},{"type":"Feature","properties":{"stage":1,"elev":11.4,"name":"river surge water"},"geometry":{"type":"Point","coordinates":[91.8889315068493,25.02956783919598]}},{"type":"Feature","properties":{"stage":1,"elev":10.7,"name":"river surge water"},"geometry":{"type":"Point","coordinates":[91.892767123287655,25.02956783919598]}},{"type":"Feature","properties":{"stage":1,"elev":10.2,"name":"river surge water"},"geometry":{"type":"Point","coordinates":[91.896602739726021,25.02956783919598]}},{"type":"Feature","properties":{"stage":1,"elev":10.9,"name":"river surge water"},"geometry":{"type":"Point","coordinates":[91.904273972602738,25.02956783919598]}},{"type":"Feature","properties":{"stage":1,"elev":10.2,"name":"river surge water"},"geometry":{"type":"Point","coordinates":[91.9081095890411,25.02956783919598]}},{"type":"Feature","properties":{"stage":1,"elev":9.6,"name":"river surge water"},"geometry":{"type":"Point","coordinates":[91.911945205479441,25.02956783919598]}},{"type":"Feature","properties":{"stage":1,"elev":10.3,"name":"river surge water"},"geometry":{"type":"Point","coordinates":[91.915780821917821,25.02956783919598]}},{"type":"Feature","properties":{"stage":1,"elev":10.3,"name":"river surge water"},"geometry":{"type":"Point","coordinates":[91.919616438356186,25.02956783919598]}},{"type":"Feature","properties":{"stage":1,"elev":10,"name":"river surge water"},"geometry":{"type":"Point","coordinates":[91.92345205479451,25.02956783919598]}},{"type":"Feature","properties":{"stage":1,"elev":11,"name":"river surge water"},"geometry":{"type":"Point","coordinates":[91.927287671232847,25.02956783919598]}},{"type":"Feature","properties":{"stage":1,"elev":11.2,"name":"river surge water"},"geometry":{"type":"Point","coordinates":[91.931123287671227,25.02956783919598]}},{"type":"Feature","properties":{"stage":1,"elev":10.7,"name":"river surge water"},"geometry":{"type":"Point","coordinates":[91.934958904109592,25.02956783919598]}},{"type":"Feature","properties":{"stage":1,"elev":11.6,"name":"river surge water"},"geometry":{"type":"Point","coordinates":[91.94263013698631,25.02956783919598]}},{"type":"Feature","properties":{"stage":1,"elev":10.3,"name":"river surge water"},"geometry":{"type":"Point","coordinates":[91.946465753424675,25.02956783919598]}},{"type":"Feature","properties":{"stage":1,"elev":10.9,"name":"river surge water"},"geometry":{"type":"Point","coordinates":[91.950301369863013,25.02956783919598]}},{"type":"Feature","properties":{"stage":1,"elev":11.8,"name":"river surge water"},"geometry":{"type":"Point","coordinates":[91.957972602739716,25.02956783919598]}},{"type":"Feature","properties":{"stage":1,"elev":10.4,"name":"river surge water"},"geometry":{"type":"Point","coordinates":[91.961808219178081,25.02956783919598]}},{"type":"Feature","properties":{"stage":1,"elev":11.7,"name":"river surge water"},"geometry":{"type":"Point","coordinates":[91.9694794520548,25.02956783919598]}},{"type":"Feature","properties":{"stage":1,"elev":11.8,"name":"river surge water"},"geometry":{"type":"Point","coordinates":[91.980986301369882,25.02956783919598]}},{"type":"Feature","properties":{"stage":1,"elev":10.7,"name":"river surge water"},"geometry":{"type":"Point","coordinates":[91.7853698630137,25.033386934673366]}},{"type":"Feature","properties":{"stage":1,"elev":11.1,"name":"river surge water"},"geometry":{"type":"Point","coordinates":[91.789205479452065,25.033386934673366]}},{"type":"Feature","properties":{"stage":1,"elev":11.4,"name":"river surge water"},"geometry":{"type":"Point","coordinates":[91.7930410958904,25.033386934673366]}},{"type":"Feature","properties":{"stage":1,"elev":11.8,"name":"river surge water"},"geometry":{"type":"Point","coordinates":[91.796876712328782,25.033386934673366]}},{"type":"Feature","properties":{"stage":1,"elev":11.4,"name":"river surge water"},"geometry":{"type":"Point","coordinates":[91.808383561643822,25.033386934673366]}},{"type":"Feature","properties":{"stage":1,"elev":11.2,"name":"river surge water"},"geometry":{"type":"Point","coordinates":[91.812219178082188,25.033386934673366]}},{"type":"Feature","properties":{"stage":1,"elev":10.9,"name":"river surge water"},"geometry":{"type":"Point","coordinates":[91.881260273972586,25.033386934673366]}},{"type":"Feature","properties":{"stage":1,"elev":10.8,"name":"river surge water"},"geometry":{"type":"Point","coordinates":[91.885095890410952,25.033386934673366]}},{"type":"Feature","properties":{"stage":1,"elev":11.2,"name":"river surge water"},"geometry":{"type":"Point","coordinates":[91.8889315068493,25.033386934673366]}},{"type":"Feature","properties":{"stage":1,"elev":11.8,"name":"river surge water"},"geometry":{"type":"Point","coordinates":[91.892767123287655,25.033386934673366]}},{"type":"Feature","properties":{"stage":1,"elev":11.4,"name":"river surge water"},"geometry":{"type":"Point","coordinates":[91.900438356164386,25.033386934673366]}},{"type":"Feature","properties":{"stage":1,"elev":11.8,"name":"river surge water"},"geometry":{"type":"Point","coordinates":[91.904273972602738,25.033386934673366]}},{"type":"Feature","properties":{"stage":1,"elev":10.8,"name":"river surge water"},"geometry":{"type":"Point","coordinates":[91.9081095890411,25.033386934673366]}},{"type":"Feature","properties":{"stage":1,"elev":10.3,"name":"river surge water"},"geometry":{"type":"Point","coordinates":[91.911945205479441,25.033386934673366]}},{"type":"Feature","properties":{"stage":1,"elev":10.4,"name":"river surge water"},"geometry":{"type":"Point","coordinates":[91.915780821917821,25.033386934673366]}},{"type":"Feature","properties":{"stage":1,"elev":11.6,"name":"river surge water"},"geometry":{"type":"Point","coordinates":[91.919616438356186,25.033386934673366]}},{"type":"Feature","properties":{"stage":1,"elev":10.5,"name":"river surge water"},"geometry":{"type":"Point","coordinates":[91.92345205479451,25.033386934673366]}},{"type":"Feature","properties":{"stage":1,"elev":10.4,"name":"river surge water"},"geometry":{"type":"Point","coordinates":[91.927287671232847,25.033386934673366]}},{"type":"Feature","properties":{"stage":1,"elev":10.6,"name":"river surge water"},"geometry":{"type":"Point","coordinates":[91.931123287671227,25.033386934673366]}},{"type":"Feature","properties":{"stage":1,"elev":12,"name":"river surge water"},"geometry":{"type":"Point","coordinates":[91.934958904109592,25.033386934673366]}},{"type":"Feature","properties":{"stage":1,"elev":10.4,"name":"river surge water"},"geometry":{"type":"Point","coordinates":[91.93879452054793,25.033386934673366]}},{"type":"Feature","properties":{"stage":1,"elev":11.5,"name":"river surge water"},"geometry":{"type":"Point","coordinates":[91.946465753424675,25.033386934673366]}},{"type":"Feature","properties":{"stage":1,"elev":11.3,"name":"river surge water"},"geometry":{"type":"Point","coordinates":[91.950301369863013,25.033386934673366]}},{"type":"Feature","properties":{"stage":1,"elev":11.8,"name":"river surge water"},"geometry":{"type":"Point","coordinates":[91.954136986301364,25.033386934673366]}},{"type":"Feature","properties":{"stage":1,"elev":11.6,"name":"river surge water"},"geometry":{"type":"Point","coordinates":[91.957972602739716,25.033386934673366]}},{"type":"Feature","properties":{"stage":1,"elev":11.4,"name":"river surge water"},"geometry":{"type":"Point","coordinates":[91.961808219178081,25.033386934673366]}},{"type":"Feature","properties":{"stage":1,"elev":12,"name":"river surge water"},"geometry":{"type":"Point","coordinates":[91.965643835616419,25.033386934673366]}},{"type":"Feature","properties":{"stage":1,"elev":11.8,"name":"river surge water"},"geometry":{"type":"Point","coordinates":[91.881260273972586,25.037206030150752]}},{"type":"Feature","properties":{"stage":1,"elev":11.3,"name":"river surge water"},"geometry":{"type":"Point","coordinates":[91.885095890410952,25.037206030150752]}},{"type":"Feature","properties":{"stage":1,"elev":11.5,"name":"river surge water"},"geometry":{"type":"Point","coordinates":[91.8889315068493,25.037206030150752]}},{"type":"Feature","properties":{"stage":1,"elev":10.9,"name":"river surge water"},"geometry":{"type":"Point","coordinates":[91.892767123287655,25.037206030150752]}},{"type":"Feature","properties":{"stage":1,"elev":12,"name":"river surge water"},"geometry":{"type":"Point","coordinates":[91.896602739726021,25.037206030150752]}},{"type":"Feature","properties":{"stage":1,"elev":10.8,"name":"river surge water"},"geometry":{"type":"Point","coordinates":[91.900438356164386,25.037206030150752]}},{"type":"Feature","properties":{"stage":1,"elev":11.3,"name":"river surge water"},"geometry":{"type":"Point","coordinates":[91.904273972602738,25.037206030150752]}},{"type":"Feature","properties":{"stage":1,"elev":11.2,"name":"river surge water"},"geometry":{"type":"Point","coordinates":[91.9081095890411,25.037206030150752]}},{"type":"Feature","properties":{"stage":1,"elev":11.5,"name":"river surge water"},"geometry":{"type":"Point","coordinates":[91.911945205479441,25.037206030150752]}},{"type":"Feature","properties":{"stage":1,"elev":11.3,"name":"river surge water"},"geometry":{"type":"Point","coordinates":[91.915780821917821,25.037206030150752]}},{"type":"Feature","properties":{"stage":1,"elev":10.5,"name":"river surge water"},"geometry":{"type":"Point","coordinates":[91.919616438356186,25.037206030150752]}},{"type":"Feature","properties":{"stage":1,"elev":10.9,"name":"river surge water"},"geometry":{"type":"Point","coordinates":[91.92345205479451,25.037206030150752]}},{"type":"Feature","properties":{"stage":1,"elev":11.5,"name":"river surge water"},"geometry":{"type":"Point","coordinates":[91.927287671232847,25.037206030150752]}},{"type":"Feature","properties":{"stage":1,"elev":11.3,"name":"river surge water"},"geometry":{"type":"Point","coordinates":[91.931123287671227,25.037206030150752]}},{"type":"Feature","properties":{"stage":1,"elev":10.9,"name":"river surge water"},"geometry":{"type":"Point","coordinates":[91.934958904109592,25.037206030150752]}},{"type":"Feature","properties":{"stage":1,"elev":10.6,"name":"river surge water"},"geometry":{"type":"Point","coordinates":[91.93879452054793,25.037206030150752]}},{"type":"Feature","properties":{"stage":1,"elev":11.2,"name":"river surge water"},"geometry":{"type":"Point","coordinates":[91.94263013698631,25.037206030150752]}},{"type":"Feature","properties":{"stage":1,"elev":12,"name":"river surge water"},"geometry":{"type":"Point","coordinates":[91.950301369863013,25.037206030150752]}},{"type":"Feature","properties":{"stage":1,"elev":11.7,"name":"river surge water"},"geometry":{"type":"Point","coordinates":[91.954136986301364,25.037206030150752]}},{"type":"Feature","properties":{"stage":1,"elev":11.6,"name":"river surge water"},"geometry":{"type":"Point","coordinates":[91.957972602739716,25.037206030150752]}},{"type":"Feature","properties":{"stage":1,"elev":10.6,"name":"river surge water"},"geometry":{"type":"Point","coordinates":[91.965643835616419,25.037206030150752]}},{"type":"Feature","properties":{"stage":1,"elev":10.6,"name":"river surge water"},"geometry":{"type":"Point","coordinates":[91.9694794520548,25.037206030150752]}},{"type":"Feature","properties":{"stage":1,"elev":11.1,"name":"river surge water"},"geometry":{"type":"Point","coordinates":[91.973315068493164,25.037206030150752]}},{"type":"Feature","properties":{"stage":1,"elev":11.9,"name":"river surge water"},"geometry":{"type":"Point","coordinates":[91.84673972602738,25.041025125628142]}},{"type":"Feature","properties":{"stage":1,"elev":11.2,"name":"river surge water"},"geometry":{"type":"Point","coordinates":[91.8889315068493,25.041025125628142]}},{"type":"Feature","properties":{"stage":1,"elev":11.2,"name":"river surge water"},"geometry":{"type":"Point","coordinates":[91.892767123287655,25.041025125628142]}},{"type":"Feature","properties":{"stage":1,"elev":11,"name":"river surge water"},"geometry":{"type":"Point","coordinates":[91.896602739726021,25.041025125628142]}},{"type":"Feature","properties":{"stage":1,"elev":11.2,"name":"river surge water"},"geometry":{"type":"Point","coordinates":[91.900438356164386,25.041025125628142]}},{"type":"Feature","properties":{"stage":1,"elev":11.2,"name":"river surge water"},"geometry":{"type":"Point","coordinates":[91.904273972602738,25.041025125628142]}},{"type":"Feature","properties":{"stage":1,"elev":10.7,"name":"river surge water"},"geometry":{"type":"Point","coordinates":[91.9081095890411,25.041025125628142]}},{"type":"Feature","properties":{"stage":1,"elev":10.1,"name":"river surge water"},"geometry":{"type":"Point","coordinates":[91.911945205479441,25.041025125628142]}},{"type":"Feature","properties":{"stage":1,"elev":9.8,"name":"river surge water"},"geometry":{"type":"Point","coordinates":[91.915780821917821,25.041025125628142]}},{"type":"Feature","properties":{"stage":1,"elev":11.4,"name":"river surge water"},"geometry":{"type":"Point","coordinates":[91.919616438356186,25.041025125628142]}},{"type":"Feature","properties":{"stage":1,"elev":10.4,"name":"river surge water"},"geometry":{"type":"Point","coordinates":[91.92345205479451,25.041025125628142]}},{"type":"Feature","properties":{"stage":1,"elev":11.5,"name":"river surge water"},"geometry":{"type":"Point","coordinates":[91.927287671232847,25.041025125628142]}},{"type":"Feature","properties":{"stage":1,"elev":11.7,"name":"river surge water"},"geometry":{"type":"Point","coordinates":[91.931123287671227,25.041025125628142]}},{"type":"Feature","properties":{"stage":1,"elev":11.6,"name":"river surge water"},"geometry":{"type":"Point","coordinates":[91.93879452054793,25.041025125628142]}},{"type":"Feature","properties":{"stage":1,"elev":11,"name":"river surge water"},"geometry":{"type":"Point","coordinates":[91.94263013698631,25.041025125628142]}},{"type":"Feature","properties":{"stage":1,"elev":11.8,"name":"river surge water"},"geometry":{"type":"Point","coordinates":[91.954136986301364,25.041025125628142]}},{"type":"Feature","properties":{"stage":1,"elev":11.7,"name":"river surge water"},"geometry":{"type":"Point","coordinates":[91.965643835616419,25.041025125628142]}},{"type":"Feature","properties":{"stage":1,"elev":11.6,"name":"river surge water"},"geometry":{"type":"Point","coordinates":[91.812219178082188,25.044844221105528]}},{"type":"Feature","properties":{"stage":1,"elev":11.8,"name":"river surge water"},"geometry":{"type":"Point","coordinates":[91.885095890410952,25.044844221105528]}},{"type":"Feature","properties":{"stage":1,"elev":10.3,"name":"river surge water"},"geometry":{"type":"Point","coordinates":[91.8889315068493,25.044844221105528]}},{"type":"Feature","properties":{"stage":1,"elev":9,"name":"river surge water"},"geometry":{"type":"Point","coordinates":[91.892767123287655,25.044844221105528]}},{"type":"Feature","properties":{"stage":1,"elev":8.9,"name":"river surge water"},"geometry":{"type":"Point","coordinates":[91.896602739726021,25.044844221105528]}},{"type":"Feature","properties":{"stage":1,"elev":11,"name":"river surge water"},"geometry":{"type":"Point","coordinates":[91.900438356164386,25.044844221105528]}},{"type":"Feature","properties":{"stage":1,"elev":11.7,"name":"river surge water"},"geometry":{"type":"Point","coordinates":[91.904273972602738,25.044844221105528]}},{"type":"Feature","properties":{"stage":1,"elev":11.4,"name":"river surge water"},"geometry":{"type":"Point","coordinates":[91.9081095890411,25.044844221105528]}},{"type":"Feature","properties":{"stage":1,"elev":11.1,"name":"river surge water"},"geometry":{"type":"Point","coordinates":[91.911945205479441,25.044844221105528]}},{"type":"Feature","properties":{"stage":1,"elev":11.9,"name":"river surge water"},"geometry":{"type":"Point","coordinates":[91.915780821917821,25.044844221105528]}},{"type":"Feature","properties":{"stage":1,"elev":11.4,"name":"river surge water"},"geometry":{"type":"Point","coordinates":[91.919616438356186,25.044844221105528]}},{"type":"Feature","properties":{"stage":1,"elev":11.4,"name":"river surge water"},"geometry":{"type":"Point","coordinates":[91.92345205479451,25.044844221105528]}},{"type":"Feature","properties":{"stage":1,"elev":11.8,"name":"river surge water"},"geometry":{"type":"Point","coordinates":[91.927287671232847,25.044844221105528]}},{"type":"Feature","properties":{"stage":1,"elev":11.3,"name":"river surge water"},"geometry":{"type":"Point","coordinates":[91.931123287671227,25.044844221105528]}},{"type":"Feature","properties":{"stage":1,"elev":11.8,"name":"river surge water"},"geometry":{"type":"Point","coordinates":[91.946465753424675,25.044844221105528]}},{"type":"Feature","properties":{"stage":1,"elev":11.4,"name":"river surge water"},"geometry":{"type":"Point","coordinates":[91.950301369863013,25.044844221105528]}},{"type":"Feature","properties":{"stage":2,"elev":11.8,"name":"haor basin fill"},"geometry":{"type":"Point","coordinates":[91.781534246575347,24.861527638190953]}},{"type":"Feature","properties":{"stage":2,"elev":12.4,"name":"haor basin fill"},"geometry":{"type":"Point","coordinates":[91.885095890410952,24.861527638190953]}},{"type":"Feature","properties":{"stage":2,"elev":12.3,"name":"haor basin fill"},"geometry":{"type":"Point","coordinates":[91.8889315068493,24.861527638190953]}},{"type":"Feature","properties":{"stage":2,"elev":12.6,"name":"haor basin fill"},"geometry":{"type":"Point","coordinates":[91.904273972602738,24.861527638190953]}},{"type":"Feature","properties":{"stage":2,"elev":11.8,"name":"haor basin fill"},"geometry":{"type":"Point","coordinates":[91.9081095890411,24.861527638190953]}},{"type":"Feature","properties":{"stage":2,"elev":11.6,"name":"haor basin fill"},"geometry":{"type":"Point","coordinates":[91.781534246575347,24.865346733668339]}},{"type":"Feature","properties":{"stage":2,"elev":12.7,"name":"haor basin fill"},"geometry":{"type":"Point","coordinates":[91.7853698630137,24.865346733668339]}},{"type":"Feature","properties":{"stage":2,"elev":12.9,"name":"haor basin fill"},"geometry":{"type":"Point","coordinates":[91.789205479452065,24.865346733668339]}},{"type":"Feature","properties":{"stage":2,"elev":12.3,"name":"haor basin fill"},"geometry":{"type":"Point","coordinates":[91.7930410958904,24.865346733668339]}},{"type":"Feature","properties":{"stage":2,"elev":12.5,"name":"haor basin fill"},"geometry":{"type":"Point","coordinates":[91.808383561643822,24.865346733668339]}},{"type":"Feature","properties":{"stage":2,"elev":12.4,"name":"haor basin fill"},"geometry":{"type":"Point","coordinates":[91.858246575342463,24.865346733668339]}},{"type":"Feature","properties":{"stage":2,"elev":12,"name":"haor basin fill"},"geometry":{"type":"Point","coordinates":[91.862082191780829,24.865346733668339]}},{"type":"Feature","properties":{"stage":2,"elev":11.8,"name":"haor basin fill"},"geometry":{"type":"Point","coordinates":[91.8889315068493,24.865346733668339]}},{"type":"Feature","properties":{"stage":2,"elev":11.9,"name":"haor basin fill"},"geometry":{"type":"Point","coordinates":[91.781534246575347,24.869165829145732]}},{"type":"Feature","properties":{"stage":2,"elev":12.8,"name":"haor basin fill"},"geometry":{"type":"Point","coordinates":[91.7930410958904,24.869165829145732]}},{"type":"Feature","properties":{"stage":2,"elev":12.5,"name":"haor basin fill"},"geometry":{"type":"Point","coordinates":[91.800712328767148,24.869165829145732]}},{"type":"Feature","properties":{"stage":2,"elev":12.8,"name":"haor basin fill"},"geometry":{"type":"Point","coordinates":[91.804547945205471,24.869165829145732]}},{"type":"Feature","properties":{"stage":2,"elev":11.6,"name":"haor basin fill"},"geometry":{"type":"Point","coordinates":[91.827561643835637,24.869165829145732]}},{"type":"Feature","properties":{"stage":2,"elev":12.5,"name":"haor basin fill"},"geometry":{"type":"Point","coordinates":[91.950301369863013,24.869165829145732]}},{"type":"Feature","properties":{"stage":2,"elev":12.9,"name":"haor basin fill"},"geometry":{"type":"Point","coordinates":[91.781534246575347,24.872984924623115]}},{"type":"Feature","properties":{"stage":2,"elev":12,"name":"haor basin fill"},"geometry":{"type":"Point","coordinates":[91.7853698630137,24.872984924623115]}},{"type":"Feature","properties":{"stage":2,"elev":12.6,"name":"haor basin fill"},"geometry":{"type":"Point","coordinates":[91.94263013698631,24.872984924623115]}},{"type":"Feature","properties":{"stage":2,"elev":12.1,"name":"haor basin fill"},"geometry":{"type":"Point","coordinates":[91.946465753424675,24.872984924623115]}},{"type":"Feature","properties":{"stage":2,"elev":11.6,"name":"haor basin fill"},"geometry":{"type":"Point","coordinates":[91.950301369863013,24.872984924623115]}},{"type":"Feature","properties":{"stage":2,"elev":12.6,"name":"haor basin fill"},"geometry":{"type":"Point","coordinates":[91.954136986301364,24.872984924623115]}},{"type":"Feature","properties":{"stage":2,"elev":12.9,"name":"haor basin fill"},"geometry":{"type":"Point","coordinates":[91.9694794520548,24.872984924623115]}},{"type":"Feature","properties":{"stage":2,"elev":12,"name":"haor basin fill"},"geometry":{"type":"Point","coordinates":[91.7853698630137,24.8768040201005]}},{"type":"Feature","properties":{"stage":2,"elev":12.1,"name":"haor basin fill"},"geometry":{"type":"Point","coordinates":[91.819890410958891,24.8768040201005]}},{"type":"Feature","properties":{"stage":2,"elev":12.8,"name":"haor basin fill"},"geometry":{"type":"Point","coordinates":[91.823726027397271,24.8768040201005]}},{"type":"Feature","properties":{"stage":2,"elev":12.9,"name":"haor basin fill"},"geometry":{"type":"Point","coordinates":[91.84673972602738,24.8768040201005]}},{"type":"Feature","properties":{"stage":2,"elev":12.7,"name":"haor basin fill"},"geometry":{"type":"Point","coordinates":[91.8889315068493,24.8768040201005]}},{"type":"Feature","properties":{"stage":2,"elev":12.1,"name":"haor basin fill"},"geometry":{"type":"Point","coordinates":[91.931123287671227,24.8768040201005]}},{"type":"Feature","properties":{"stage":2,"elev":12.8,"name":"haor basin fill"},"geometry":{"type":"Point","coordinates":[91.93879452054793,24.8768040201005]}},{"type":"Feature","properties":{"stage":2,"elev":12.6,"name":"haor basin fill"},"geometry":{"type":"Point","coordinates":[91.946465753424675,24.8768040201005]}},{"type":"Feature","properties":{"stage":2,"elev":12.6,"name":"haor basin fill"},"geometry":{"type":"Point","coordinates":[91.950301369863013,24.8768040201005]}},{"type":"Feature","properties":{"stage":2,"elev":12.3,"name":"haor basin fill"},"geometry":{"type":"Point","coordinates":[91.954136986301364,24.8768040201005]}},{"type":"Feature","properties":{"stage":2,"elev":12,"name":"haor basin fill"},"geometry":{"type":"Point","coordinates":[91.957972602739716,24.8768040201005]}},{"type":"Feature","properties":{"stage":2,"elev":11.6,"name":"haor basin fill"},"geometry":{"type":"Point","coordinates":[91.9694794520548,24.8768040201005]}},{"type":"Feature","properties":{"stage":2,"elev":12.8,"name":"haor basin fill"},"geometry":{"type":"Point","coordinates":[91.9771506849315,24.8768040201005]}},{"type":"Feature","properties":{"stage":2,"elev":12.2,"name":"haor basin fill"},"geometry":{"type":"Point","coordinates":[91.796876712328782,24.88062311557789]}},{"type":"Feature","properties":{"stage":2,"elev":12.8,"name":"haor basin fill"},"geometry":{"type":"Point","coordinates":[91.819890410958891,24.88062311557789]}},{"type":"Feature","properties":{"stage":2,"elev":12.1,"name":"haor basin fill"},"geometry":{"type":"Point","coordinates":[91.931123287671227,24.88062311557789]}},{"type":"Feature","properties":{"stage":2,"elev":12.9,"name":"haor basin fill"},"geometry":{"type":"Point","coordinates":[91.934958904109592,24.88062311557789]}},{"type":"Feature","properties":{"stage":2,"elev":12.9,"name":"haor basin fill"},"geometry":{"type":"Point","coordinates":[91.93879452054793,24.88062311557789]}},{"type":"Feature","properties":{"stage":2,"elev":12.6,"name":"haor basin fill"},"geometry":{"type":"Point","coordinates":[91.950301369863013,24.88062311557789]}},{"type":"Feature","properties":{"stage":2,"elev":11.5,"name":"haor basin fill"},"geometry":{"type":"Point","coordinates":[91.954136986301364,24.88062311557789]}},{"type":"Feature","properties":{"stage":2,"elev":12,"name":"haor basin fill"},"geometry":{"type":"Point","coordinates":[91.957972602739716,24.88062311557789]}},{"type":"Feature","properties":{"stage":2,"elev":12.8,"name":"haor basin fill"},"geometry":{"type":"Point","coordinates":[91.961808219178081,24.88062311557789]}},{"type":"Feature","properties":{"stage":2,"elev":12.9,"name":"haor basin fill"},"geometry":{"type":"Point","coordinates":[91.9694794520548,24.88062311557789]}},{"type":"Feature","properties":{"stage":2,"elev":12.7,"name":"haor basin fill"},"geometry":{"type":"Point","coordinates":[91.973315068493164,24.88062311557789]}},{"type":"Feature","properties":{"stage":2,"elev":12.6,"name":"haor basin fill"},"geometry":{"type":"Point","coordinates":[91.9771506849315,24.88062311557789]}},{"type":"Feature","properties":{"stage":2,"elev":12.7,"name":"haor basin fill"},"geometry":{"type":"Point","coordinates":[91.980986301369882,24.88062311557789]}},{"type":"Feature","properties":{"stage":2,"elev":12.8,"name":"haor basin fill"},"geometry":{"type":"Point","coordinates":[91.9081095890411,24.884442211055276]}},{"type":"Feature","properties":{"stage":2,"elev":12.6,"name":"haor basin fill"},"geometry":{"type":"Point","coordinates":[91.927287671232847,24.884442211055276]}},{"type":"Feature","properties":{"stage":2,"elev":12.1,"name":"haor basin fill"},"geometry":{"type":"Point","coordinates":[91.94263013698631,24.884442211055276]}},{"type":"Feature","properties":{"stage":2,"elev":12.4,"name":"haor basin fill"},"geometry":{"type":"Point","coordinates":[91.954136986301364,24.884442211055276]}},{"type":"Feature","properties":{"stage":2,"elev":12.4,"name":"haor basin fill"},"geometry":{"type":"Point","coordinates":[91.957972602739716,24.884442211055276]}},{"type":"Feature","properties":{"stage":2,"elev":12.4,"name":"haor basin fill"},"geometry":{"type":"Point","coordinates":[91.973315068493164,24.884442211055276]}},{"type":"Feature","properties":{"stage":2,"elev":13,"name":"haor basin fill"},"geometry":{"type":"Point","coordinates":[91.980986301369882,24.884442211055276]}},{"type":"Feature","properties":{"stage":2,"elev":12.7,"name":"haor basin fill"},"geometry":{"type":"Point","coordinates":[91.927287671232847,24.888261306532662]}},{"type":"Feature","properties":{"stage":2,"elev":12.8,"name":"haor basin fill"},"geometry":{"type":"Point","coordinates":[91.931123287671227,24.888261306532662]}},{"type":"Feature","properties":{"stage":2,"elev":12.6,"name":"haor basin fill"},"geometry":{"type":"Point","coordinates":[91.934958904109592,24.888261306532662]}},{"type":"Feature","properties":{"stage":2,"elev":12.4,"name":"haor basin fill"},"geometry":{"type":"Point","coordinates":[91.950301369863013,24.888261306532662]}},{"type":"Feature","properties":{"stage":2,"elev":12.1,"name":"haor basin fill"},"geometry":{"type":"Point","coordinates":[91.954136986301364,24.888261306532662]}},{"type":"Feature","properties":{"stage":2,"elev":12.2,"name":"haor basin fill"},"geometry":{"type":"Point","coordinates":[91.980986301369882,24.888261306532662]}},{"type":"Feature","properties":{"stage":2,"elev":12.1,"name":"haor basin fill"},"geometry":{"type":"Point","coordinates":[91.984821917808219,24.888261306532662]}},{"type":"Feature","properties":{"stage":2,"elev":12.9,"name":"haor basin fill"},"geometry":{"type":"Point","coordinates":[91.781534246575347,24.892080402010048]}},{"type":"Feature","properties":{"stage":2,"elev":12.9,"name":"haor basin fill"},"geometry":{"type":"Point","coordinates":[91.800712328767148,24.892080402010048]}},{"type":"Feature","properties":{"stage":2,"elev":12.7,"name":"haor basin fill"},"geometry":{"type":"Point","coordinates":[91.827561643835637,24.892080402010048]}},{"type":"Feature","properties":{"stage":2,"elev":12.9,"name":"haor basin fill"},"geometry":{"type":"Point","coordinates":[91.931123287671227,24.892080402010048]}},{"type":"Feature","properties":{"stage":2,"elev":13,"name":"haor basin fill"},"geometry":{"type":"Point","coordinates":[91.934958904109592,24.892080402010048]}},{"type":"Feature","properties":{"stage":2,"elev":12.9,"name":"haor basin fill"},"geometry":{"type":"Point","coordinates":[91.93879452054793,24.892080402010048]}},{"type":"Feature","properties":{"stage":2,"elev":12.9,"name":"haor basin fill"},"geometry":{"type":"Point","coordinates":[91.94263013698631,24.892080402010048]}},{"type":"Feature","properties":{"stage":2,"elev":12.9,"name":"haor basin fill"},"geometry":{"type":"Point","coordinates":[91.965643835616419,24.892080402010048]}},{"type":"Feature","properties":{"stage":2,"elev":11.1,"name":"haor basin fill"},"geometry":{"type":"Point","coordinates":[91.984821917808219,24.892080402010048]}},{"type":"Feature","properties":{"stage":2,"elev":12.9,"name":"haor basin fill"},"geometry":{"type":"Point","coordinates":[91.781534246575347,24.895899497487438]}},{"type":"Feature","properties":{"stage":2,"elev":12,"name":"haor basin fill"},"geometry":{"type":"Point","coordinates":[91.984821917808219,24.895899497487438]}},{"type":"Feature","properties":{"stage":2,"elev":12.9,"name":"haor basin fill"},"geometry":{"type":"Point","coordinates":[91.789205479452065,24.899718592964824]}},{"type":"Feature","properties":{"stage":2,"elev":13,"name":"haor basin fill"},"geometry":{"type":"Point","coordinates":[91.9771506849315,24.899718592964824]}},{"type":"Feature","properties":{"stage":2,"elev":10.6,"name":"haor basin fill"},"geometry":{"type":"Point","coordinates":[91.9771506849315,24.903537688442206]}},{"type":"Feature","properties":{"stage":2,"elev":11.4,"name":"haor basin fill"},"geometry":{"type":"Point","coordinates":[91.980986301369882,24.903537688442206]}},{"type":"Feature","properties":{"stage":2,"elev":12.1,"name":"haor basin fill"},"geometry":{"type":"Point","coordinates":[91.812219178082188,24.907356783919596]}},{"type":"Feature","properties":{"stage":2,"elev":11.6,"name":"haor basin fill"},"geometry":{"type":"Point","coordinates":[91.9771506849315,24.907356783919596]}},{"type":"Feature","properties":{"stage":2,"elev":10,"name":"haor basin fill"},"geometry":{"type":"Point","coordinates":[91.980986301369882,24.907356783919596]}},{"type":"Feature","properties":{"stage":2,"elev":9.5,"name":"haor basin fill"},"geometry":{"type":"Point","coordinates":[91.984821917808219,24.907356783919596]}},{"type":"Feature","properties":{"stage":2,"elev":11.9,"name":"haor basin fill"},"geometry":{"type":"Point","coordinates":[91.800712328767148,24.911175879396982]}},{"type":"Feature","properties":{"stage":2,"elev":13,"name":"haor basin fill"},"geometry":{"type":"Point","coordinates":[91.816054794520554,24.911175879396982]}},{"type":"Feature","properties":{"stage":2,"elev":10.4,"name":"haor basin fill"},"geometry":{"type":"Point","coordinates":[91.980986301369882,24.911175879396982]}},{"type":"Feature","properties":{"stage":2,"elev":9.5,"name":"haor basin fill"},"geometry":{"type":"Point","coordinates":[91.984821917808219,24.911175879396982]}},{"type":"Feature","properties":{"stage":2,"elev":12.9,"name":"haor basin fill"},"geometry":{"type":"Point","coordinates":[91.789205479452065,24.914994974874368]}},{"type":"Feature","properties":{"stage":2,"elev":12.6,"name":"haor basin fill"},"geometry":{"type":"Point","coordinates":[91.7930410958904,24.914994974874368]}},{"type":"Feature","properties":{"stage":2,"elev":12.2,"name":"haor basin fill"},"geometry":{"type":"Point","coordinates":[91.7853698630137,24.922633165829144]}},{"type":"Feature","properties":{"stage":2,"elev":12.1,"name":"haor basin fill"},"geometry":{"type":"Point","coordinates":[91.781534246575347,24.926452261306537]}},{"type":"Feature","properties":{"stage":2,"elev":12.6,"name":"haor basin fill"},"geometry":{"type":"Point","coordinates":[91.7853698630137,24.926452261306537]}},{"type":"Feature","properties":{"stage":2,"elev":12.5,"name":"haor basin fill"},"geometry":{"type":"Point","coordinates":[91.7853698630137,24.930271356783919]}},{"type":"Feature","properties":{"stage":2,"elev":12.8,"name":"haor basin fill"},"geometry":{"type":"Point","coordinates":[91.789205479452065,24.930271356783919]}},{"type":"Feature","properties":{"stage":2,"elev":11.6,"name":"haor basin fill"},"geometry":{"type":"Point","coordinates":[91.7930410958904,24.930271356783919]}},{"type":"Feature","properties":{"stage":2,"elev":12,"name":"haor basin fill"},"geometry":{"type":"Point","coordinates":[91.823726027397271,24.930271356783919]}},{"type":"Feature","properties":{"stage":2,"elev":11.8,"name":"haor basin fill"},"geometry":{"type":"Point","coordinates":[91.7930410958904,24.934090452261305]}},{"type":"Feature","properties":{"stage":2,"elev":12.8,"name":"haor basin fill"},"geometry":{"type":"Point","coordinates":[91.796876712328782,24.934090452261305]}},{"type":"Feature","properties":{"stage":2,"elev":12.8,"name":"haor basin fill"},"geometry":{"type":"Point","coordinates":[91.781534246575347,24.937909547738691]}},{"type":"Feature","properties":{"stage":2,"elev":12.1,"name":"haor basin fill"},"geometry":{"type":"Point","coordinates":[91.796876712328782,24.937909547738691]}},{"type":"Feature","properties":{"stage":2,"elev":12.6,"name":"haor basin fill"},"geometry":{"type":"Point","coordinates":[91.808383561643822,24.937909547738691]}},{"type":"Feature","properties":{"stage":2,"elev":12.7,"name":"haor basin fill"},"geometry":{"type":"Point","coordinates":[91.812219178082188,24.937909547738691]}},{"type":"Feature","properties":{"stage":2,"elev":12.8,"name":"haor basin fill"},"geometry":{"type":"Point","coordinates":[91.819890410958891,24.937909547738691]}},{"type":"Feature","properties":{"stage":2,"elev":11.5,"name":"haor basin fill"},"geometry":{"type":"Point","coordinates":[91.796876712328782,24.941728643216084]}},{"type":"Feature","properties":{"stage":2,"elev":12.9,"name":"haor basin fill"},"geometry":{"type":"Point","coordinates":[91.808383561643822,24.941728643216084]}},{"type":"Feature","properties":{"stage":2,"elev":11.3,"name":"haor basin fill"},"geometry":{"type":"Point","coordinates":[91.812219178082188,24.941728643216084]}},{"type":"Feature","properties":{"stage":2,"elev":12.6,"name":"haor basin fill"},"geometry":{"type":"Point","coordinates":[91.819890410958891,24.941728643216084]}},{"type":"Feature","properties":{"stage":2,"elev":12.4,"name":"haor basin fill"},"geometry":{"type":"Point","coordinates":[91.827561643835637,24.941728643216084]}},{"type":"Feature","properties":{"stage":2,"elev":12.8,"name":"haor basin fill"},"geometry":{"type":"Point","coordinates":[91.831397260273974,24.941728643216084]}},{"type":"Feature","properties":{"stage":2,"elev":11.1,"name":"haor basin fill"},"geometry":{"type":"Point","coordinates":[91.7853698630137,24.945547738693467]}},{"type":"Feature","properties":{"stage":2,"elev":11.4,"name":"haor basin fill"},"geometry":{"type":"Point","coordinates":[91.789205479452065,24.945547738693467]}},{"type":"Feature","properties":{"stage":2,"elev":11.9,"name":"haor basin fill"},"geometry":{"type":"Point","coordinates":[91.7930410958904,24.945547738693467]}},{"type":"Feature","properties":{"stage":2,"elev":11.2,"name":"haor basin fill"},"geometry":{"type":"Point","coordinates":[91.796876712328782,24.945547738693467]}},{"type":"Feature","properties":{"stage":2,"elev":11.2,"name":"haor basin fill"},"geometry":{"type":"Point","coordinates":[91.800712328767148,24.945547738693467]}},{"type":"Feature","properties":{"stage":2,"elev":12,"name":"haor basin fill"},"geometry":{"type":"Point","coordinates":[91.804547945205471,24.945547738693467]}},{"type":"Feature","properties":{"stage":2,"elev":11.6,"name":"haor basin fill"},"geometry":{"type":"Point","coordinates":[91.812219178082188,24.945547738693467]}},{"type":"Feature","properties":{"stage":2,"elev":12.4,"name":"haor basin fill"},"geometry":{"type":"Point","coordinates":[91.816054794520554,24.945547738693467]}},{"type":"Feature","properties":{"stage":2,"elev":11.6,"name":"haor basin fill"},"geometry":{"type":"Point","coordinates":[91.819890410958891,24.945547738693467]}},{"type":"Feature","properties":{"stage":2,"elev":11.4,"name":"haor basin fill"},"geometry":{"type":"Point","coordinates":[91.823726027397271,24.945547738693467]}},{"type":"Feature","properties":{"stage":2,"elev":12.4,"name":"haor basin fill"},"geometry":{"type":"Point","coordinates":[91.831397260273974,24.945547738693467]}},{"type":"Feature","properties":{"stage":2,"elev":10.7,"name":"haor basin fill"},"geometry":{"type":"Point","coordinates":[91.7853698630137,24.949366834170853]}},{"type":"Feature","properties":{"stage":2,"elev":11.6,"name":"haor basin fill"},"geometry":{"type":"Point","coordinates":[91.789205479452065,24.949366834170853]}},{"type":"Feature","properties":{"stage":2,"elev":11.5,"name":"haor basin fill"},"geometry":{"type":"Point","coordinates":[91.7930410958904,24.949366834170853]}},{"type":"Feature","properties":{"stage":2,"elev":11.2,"name":"haor basin fill"},"geometry":{"type":"Point","coordinates":[91.796876712328782,24.949366834170853]}},{"type":"Feature","properties":{"stage":2,"elev":10.8,"name":"haor basin fill"},"geometry":{"type":"Point","coordinates":[91.800712328767148,24.949366834170853]}},{"type":"Feature","properties":{"stage":2,"elev":12.6,"name":"haor basin fill"},"geometry":{"type":"Point","coordinates":[91.804547945205471,24.949366834170853]}},{"type":"Feature","properties":{"stage":2,"elev":11.4,"name":"haor basin fill"},"geometry":{"type":"Point","coordinates":[91.808383561643822,24.949366834170853]}},{"type":"Feature","properties":{"stage":2,"elev":10.9,"name":"haor basin fill"},"geometry":{"type":"Point","coordinates":[91.812219178082188,24.949366834170853]}},{"type":"Feature","properties":{"stage":2,"elev":11.9,"name":"haor basin fill"},"geometry":{"type":"Point","coordinates":[91.816054794520554,24.949366834170853]}},{"type":"Feature","properties":{"stage":2,"elev":10.7,"name":"haor basin fill"},"geometry":{"type":"Point","coordinates":[91.819890410958891,24.949366834170853]}},{"type":"Feature","properties":{"stage":2,"elev":10.5,"name":"haor basin fill"},"geometry":{"type":"Point","coordinates":[91.823726027397271,24.949366834170853]}},{"type":"Feature","properties":{"stage":2,"elev":9.8,"name":"haor basin fill"},"geometry":{"type":"Point","coordinates":[91.827561643835637,24.949366834170853]}},{"type":"Feature","properties":{"stage":2,"elev":11.3,"name":"haor basin fill"},"geometry":{"type":"Point","coordinates":[91.835232876712325,24.949366834170853]}},{"type":"Feature","properties":{"stage":2,"elev":12.4,"name":"haor basin fill"},"geometry":{"type":"Point","coordinates":[91.7930410958904,24.953185929648242]}},{"type":"Feature","properties":{"stage":2,"elev":11.6,"name":"haor basin fill"},"geometry":{"type":"Point","coordinates":[91.800712328767148,24.953185929648242]}},{"type":"Feature","properties":{"stage":2,"elev":11.4,"name":"haor basin fill"},"geometry":{"type":"Point","coordinates":[91.804547945205471,24.953185929648242]}},{"type":"Feature","properties":{"stage":2,"elev":12.1,"name":"haor basin fill"},"geometry":{"type":"Point","coordinates":[91.808383561643822,24.953185929648242]}},{"type":"Feature","properties":{"stage":2,"elev":11.9,"name":"haor basin fill"},"geometry":{"type":"Point","coordinates":[91.812219178082188,24.953185929648242]}},{"type":"Feature","properties":{"stage":2,"elev":10.6,"name":"haor basin fill"},"geometry":{"type":"Point","coordinates":[91.816054794520554,24.953185929648242]}},{"type":"Feature","properties":{"stage":2,"elev":10.1,"name":"haor basin fill"},"geometry":{"type":"Point","coordinates":[91.819890410958891,24.953185929648242]}},{"type":"Feature","properties":{"stage":2,"elev":11.1,"name":"haor basin fill"},"geometry":{"type":"Point","coordinates":[91.823726027397271,24.953185929648242]}},{"type":"Feature","properties":{"stage":2,"elev":10.1,"name":"haor basin fill"},"geometry":{"type":"Point","coordinates":[91.827561643835637,24.953185929648242]}},{"type":"Feature","properties":{"stage":2,"elev":9,"name":"haor basin fill"},"geometry":{"type":"Point","coordinates":[91.831397260273974,24.953185929648242]}},{"type":"Feature","properties":{"stage":2,"elev":10.3,"name":"haor basin fill"},"geometry":{"type":"Point","coordinates":[91.835232876712325,24.953185929648242]}},{"type":"Feature","properties":{"stage":2,"elev":11.6,"name":"haor basin fill"},"geometry":{"type":"Point","coordinates":[91.842904109589043,24.953185929648242]}},{"type":"Feature","properties":{"stage":2,"elev":12.8,"name":"haor basin fill"},"geometry":{"type":"Point","coordinates":[91.781534246575347,24.957005025125628]}},{"type":"Feature","properties":{"stage":2,"elev":12.4,"name":"haor basin fill"},"geometry":{"type":"Point","coordinates":[91.7930410958904,24.957005025125628]}},{"type":"Feature","properties":{"stage":2,"elev":11.8,"name":"haor basin fill"},"geometry":{"type":"Point","coordinates":[91.804547945205471,24.957005025125628]}},{"type":"Feature","properties":{"stage":2,"elev":10.9,"name":"haor basin fill"},"geometry":{"type":"Point","coordinates":[91.808383561643822,24.957005025125628]}},{"type":"Feature","properties":{"stage":2,"elev":10.1,"name":"haor basin fill"},"geometry":{"type":"Point","coordinates":[91.812219178082188,24.957005025125628]}},{"type":"Feature","properties":{"stage":2,"elev":11.8,"name":"haor basin fill"},"geometry":{"type":"Point","coordinates":[91.816054794520554,24.957005025125628]}},{"type":"Feature","properties":{"stage":2,"elev":10.5,"name":"haor basin fill"},"geometry":{"type":"Point","coordinates":[91.819890410958891,24.957005025125628]}},{"type":"Feature","properties":{"stage":2,"elev":10.4,"name":"haor basin fill"},"geometry":{"type":"Point","coordinates":[91.823726027397271,24.957005025125628]}},{"type":"Feature","properties":{"stage":2,"elev":10.7,"name":"haor basin fill"},"geometry":{"type":"Point","coordinates":[91.827561643835637,24.957005025125628]}},{"type":"Feature","properties":{"stage":2,"elev":11.3,"name":"haor basin fill"},"geometry":{"type":"Point","coordinates":[91.831397260273974,24.957005025125628]}},{"type":"Feature","properties":{"stage":2,"elev":10.6,"name":"haor basin fill"},"geometry":{"type":"Point","coordinates":[91.835232876712325,24.957005025125628]}},{"type":"Feature","properties":{"stage":2,"elev":10.2,"name":"haor basin fill"},"geometry":{"type":"Point","coordinates":[91.839068493150677,24.957005025125628]}},{"type":"Feature","properties":{"stage":2,"elev":10.8,"name":"haor basin fill"},"geometry":{"type":"Point","coordinates":[91.842904109589043,24.957005025125628]}},{"type":"Feature","properties":{"stage":2,"elev":12.2,"name":"haor basin fill"},"geometry":{"type":"Point","coordinates":[91.781534246575347,24.960824120603014]}},{"type":"Feature","properties":{"stage":2,"elev":11.9,"name":"haor basin fill"},"geometry":{"type":"Point","coordinates":[91.7930410958904,24.960824120603014]}},{"type":"Feature","properties":{"stage":2,"elev":12.9,"name":"haor basin fill"},"geometry":{"type":"Point","coordinates":[91.796876712328782,24.960824120603014]}},{"type":"Feature","properties":{"stage":2,"elev":11.3,"name":"haor basin fill"},"geometry":{"type":"Point","coordinates":[91.800712328767148,24.960824120603014]}},{"type":"Feature","properties":{"stage":2,"elev":10.7,"name":"haor basin fill"},"geometry":{"type":"Point","coordinates":[91.804547945205471,24.960824120603014]}},{"type":"Feature","properties":{"stage":2,"elev":11.8,"name":"haor basin fill"},"geometry":{"type":"Point","coordinates":[91.808383561643822,24.960824120603014]}},{"type":"Feature","properties":{"stage":2,"elev":11.4,"name":"haor basin fill"},"geometry":{"type":"Point","coordinates":[91.812219178082188,24.960824120603014]}},{"type":"Feature","properties":{"stage":2,"elev":11.3,"name":"haor basin fill"},"geometry":{"type":"Point","coordinates":[91.816054794520554,24.960824120603014]}},{"type":"Feature","properties":{"stage":2,"elev":11.8,"name":"haor basin fill"},"geometry":{"type":"Point","coordinates":[91.819890410958891,24.960824120603014]}},{"type":"Feature","properties":{"stage":2,"elev":9.4,"name":"haor basin fill"},"geometry":{"type":"Point","coordinates":[91.823726027397271,24.960824120603014]}},{"type":"Feature","properties":{"stage":2,"elev":10.1,"name":"haor basin fill"},"geometry":{"type":"Point","coordinates":[91.827561643835637,24.960824120603014]}},{"type":"Feature","properties":{"stage":2,"elev":9.9,"name":"haor basin fill"},"geometry":{"type":"Point","coordinates":[91.831397260273974,24.960824120603014]}},{"type":"Feature","properties":{"stage":2,"elev":9.9,"name":"haor basin fill"},"geometry":{"type":"Point","coordinates":[91.835232876712325,24.960824120603014]}},{"type":"Feature","properties":{"stage":2,"elev":10.4,"name":"haor basin fill"},"geometry":{"type":"Point","coordinates":[91.839068493150677,24.960824120603014]}},{"type":"Feature","properties":{"stage":2,"elev":11.3,"name":"haor basin fill"},"geometry":{"type":"Point","coordinates":[91.842904109589043,24.960824120603014]}},{"type":"Feature","properties":{"stage":2,"elev":12.1,"name":"haor basin fill"},"geometry":{"type":"Point","coordinates":[91.84673972602738,24.960824120603014]}},{"type":"Feature","properties":{"stage":2,"elev":11.5,"name":"haor basin fill"},"geometry":{"type":"Point","coordinates":[91.800712328767148,24.9646432160804]}},{"type":"Feature","properties":{"stage":2,"elev":12.6,"name":"haor basin fill"},"geometry":{"type":"Point","coordinates":[91.804547945205471,24.9646432160804]}},{"type":"Feature","properties":{"stage":2,"elev":11.1,"name":"haor basin fill"},"geometry":{"type":"Point","coordinates":[91.808383561643822,24.9646432160804]}},{"type":"Feature","properties":{"stage":2,"elev":11.5,"name":"haor basin fill"},"geometry":{"type":"Point","coordinates":[91.812219178082188,24.9646432160804]}},{"type":"Feature","properties":{"stage":2,"elev":11.1,"name":"haor basin fill"},"geometry":{"type":"Point","coordinates":[91.816054794520554,24.9646432160804]}},{"type":"Feature","properties":{"stage":2,"elev":9.4,"name":"haor basin fill"},"geometry":{"type":"Point","coordinates":[91.819890410958891,24.9646432160804]}},{"type":"Feature","properties":{"stage":2,"elev":10.8,"name":"haor basin fill"},"geometry":{"type":"Point","coordinates":[91.823726027397271,24.9646432160804]}},{"type":"Feature","properties":{"stage":2,"elev":11,"name":"haor basin fill"},"geometry":{"type":"Point","coordinates":[91.827561643835637,24.9646432160804]}},{"type":"Feature","properties":{"stage":2,"elev":10.8,"name":"haor basin fill"},"geometry":{"type":"Point","coordinates":[91.831397260273974,24.9646432160804]}},{"type":"Feature","properties":{"stage":2,"elev":9.8,"name":"haor basin fill"},"geometry":{"type":"Point","coordinates":[91.835232876712325,24.9646432160804]}},{"type":"Feature","properties":{"stage":2,"elev":10.7,"name":"haor basin fill"},"geometry":{"type":"Point","coordinates":[91.839068493150677,24.9646432160804]}},{"type":"Feature","properties":{"stage":2,"elev":12.1,"name":"haor basin fill"},"geometry":{"type":"Point","coordinates":[91.800712328767148,24.96846231155779]}},{"type":"Feature","properties":{"stage":2,"elev":11.2,"name":"haor basin fill"},"geometry":{"type":"Point","coordinates":[91.804547945205471,24.96846231155779]}},{"type":"Feature","properties":{"stage":2,"elev":12,"name":"haor basin fill"},"geometry":{"type":"Point","coordinates":[91.808383561643822,24.96846231155779]}},{"type":"Feature","properties":{"stage":2,"elev":11.2,"name":"haor basin fill"},"geometry":{"type":"Point","coordinates":[91.812219178082188,24.96846231155779]}},{"type":"Feature","properties":{"stage":2,"elev":10.4,"name":"haor basin fill"},"geometry":{"type":"Point","coordinates":[91.816054794520554,24.96846231155779]}},{"type":"Feature","properties":{"stage":2,"elev":10.1,"name":"haor basin fill"},"geometry":{"type":"Point","coordinates":[91.819890410958891,24.96846231155779]}},{"type":"Feature","properties":{"stage":2,"elev":10.7,"name":"haor basin fill"},"geometry":{"type":"Point","coordinates":[91.823726027397271,24.96846231155779]}},{"type":"Feature","properties":{"stage":2,"elev":11.3,"name":"haor basin fill"},"geometry":{"type":"Point","coordinates":[91.827561643835637,24.96846231155779]}},{"type":"Feature","properties":{"stage":2,"elev":10,"name":"haor basin fill"},"geometry":{"type":"Point","coordinates":[91.831397260273974,24.96846231155779]}},{"type":"Feature","properties":{"stage":2,"elev":11.4,"name":"haor basin fill"},"geometry":{"type":"Point","coordinates":[91.835232876712325,24.96846231155779]}},{"type":"Feature","properties":{"stage":2,"elev":11.4,"name":"haor basin fill"},"geometry":{"type":"Point","coordinates":[91.839068493150677,24.96846231155779]}},{"type":"Feature","properties":{"stage":2,"elev":11.2,"name":"haor basin fill"},"geometry":{"type":"Point","coordinates":[91.842904109589043,24.96846231155779]}},{"type":"Feature","properties":{"stage":2,"elev":12.1,"name":"haor basin fill"},"geometry":{"type":"Point","coordinates":[91.84673972602738,24.96846231155779]}},{"type":"Feature","properties":{"stage":2,"elev":12,"name":"haor basin fill"},"geometry":{"type":"Point","coordinates":[91.85057534246576,24.96846231155779]}},{"type":"Feature","properties":{"stage":2,"elev":12.8,"name":"haor basin fill"},"geometry":{"type":"Point","coordinates":[91.781534246575347,24.972281407035176]}},{"type":"Feature","properties":{"stage":2,"elev":12.8,"name":"haor basin fill"},"geometry":{"type":"Point","coordinates":[91.800712328767148,24.972281407035176]}},{"type":"Feature","properties":{"stage":2,"elev":12.6,"name":"haor basin fill"},"geometry":{"type":"Point","coordinates":[91.804547945205471,24.972281407035176]}},{"type":"Feature","properties":{"stage":2,"elev":11.9,"name":"haor basin fill"},"geometry":{"type":"Point","coordinates":[91.808383561643822,24.972281407035176]}},{"type":"Feature","properties":{"stage":2,"elev":10.7,"name":"haor basin fill"},"geometry":{"type":"Point","coordinates":[91.812219178082188,24.972281407035176]}},{"type":"Feature","properties":{"stage":2,"elev":10.4,"name":"haor basin fill"},"geometry":{"type":"Point","coordinates":[91.816054794520554,24.972281407035176]}},{"type":"Feature","properties":{"stage":2,"elev":9.3,"name":"haor basin fill"},"geometry":{"type":"Point","coordinates":[91.819890410958891,24.972281407035176]}},{"type":"Feature","properties":{"stage":2,"elev":10.3,"name":"haor basin fill"},"geometry":{"type":"Point","coordinates":[91.823726027397271,24.972281407035176]}},{"type":"Feature","properties":{"stage":2,"elev":11.2,"name":"haor basin fill"},"geometry":{"type":"Point","coordinates":[91.827561643835637,24.972281407035176]}},{"type":"Feature","properties":{"stage":2,"elev":11.3,"name":"haor basin fill"},"geometry":{"type":"Point","coordinates":[91.831397260273974,24.972281407035176]}},{"type":"Feature","properties":{"stage":2,"elev":11.1,"name":"haor basin fill"},"geometry":{"type":"Point","coordinates":[91.835232876712325,24.972281407035176]}},{"type":"Feature","properties":{"stage":2,"elev":9.3,"name":"haor basin fill"},"geometry":{"type":"Point","coordinates":[91.839068493150677,24.972281407035176]}},{"type":"Feature","properties":{"stage":2,"elev":9.7,"name":"haor basin fill"},"geometry":{"type":"Point","coordinates":[91.842904109589043,24.972281407035176]}},{"type":"Feature","properties":{"stage":2,"elev":11.6,"name":"haor basin fill"},"geometry":{"type":"Point","coordinates":[91.84673972602738,24.972281407035176]}},{"type":"Feature","properties":{"stage":2,"elev":11.6,"name":"haor basin fill"},"geometry":{"type":"Point","coordinates":[91.85057534246576,24.972281407035176]}},{"type":"Feature","properties":{"stage":2,"elev":12.1,"name":"haor basin fill"},"geometry":{"type":"Point","coordinates":[91.858246575342463,24.972281407035176]}},{"type":"Feature","properties":{"stage":2,"elev":12.6,"name":"haor basin fill"},"geometry":{"type":"Point","coordinates":[91.862082191780829,24.972281407035176]}},{"type":"Feature","properties":{"stage":2,"elev":12.9,"name":"haor basin fill"},"geometry":{"type":"Point","coordinates":[91.781534246575347,24.976100502512558]}},{"type":"Feature","properties":{"stage":2,"elev":11.9,"name":"haor basin fill"},"geometry":{"type":"Point","coordinates":[91.800712328767148,24.976100502512558]}},{"type":"Feature","properties":{"stage":2,"elev":11.3,"name":"haor basin fill"},"geometry":{"type":"Point","coordinates":[91.804547945205471,24.976100502512558]}},{"type":"Feature","properties":{"stage":2,"elev":11.3,"name":"haor basin fill"},"geometry":{"type":"Point","coordinates":[91.808383561643822,24.976100502512558]}},{"type":"Feature","properties":{"stage":2,"elev":10.5,"name":"haor basin fill"},"geometry":{"type":"Point","coordinates":[91.812219178082188,24.976100502512558]}},{"type":"Feature","properties":{"stage":2,"elev":9.4,"name":"haor basin fill"},"geometry":{"type":"Point","coordinates":[91.816054794520554,24.976100502512558]}},{"type":"Feature","properties":{"stage":2,"elev":11.3,"name":"haor basin fill"},"geometry":{"type":"Point","coordinates":[91.819890410958891,24.976100502512558]}},{"type":"Feature","properties":{"stage":2,"elev":12.6,"name":"haor basin fill"},"geometry":{"type":"Point","coordinates":[91.823726027397271,24.976100502512558]}},{"type":"Feature","properties":{"stage":2,"elev":10.1,"name":"haor basin fill"},"geometry":{"type":"Point","coordinates":[91.827561643835637,24.976100502512558]}},{"type":"Feature","properties":{"stage":2,"elev":11.1,"name":"haor basin fill"},"geometry":{"type":"Point","coordinates":[91.831397260273974,24.976100502512558]}},{"type":"Feature","properties":{"stage":2,"elev":10.9,"name":"haor basin fill"},"geometry":{"type":"Point","coordinates":[91.835232876712325,24.976100502512558]}},{"type":"Feature","properties":{"stage":2,"elev":10.7,"name":"haor basin fill"},"geometry":{"type":"Point","coordinates":[91.839068493150677,24.976100502512558]}},{"type":"Feature","properties":{"stage":2,"elev":11.2,"name":"haor basin fill"},"geometry":{"type":"Point","coordinates":[91.842904109589043,24.976100502512558]}},{"type":"Feature","properties":{"stage":2,"elev":12.2,"name":"haor basin fill"},"geometry":{"type":"Point","coordinates":[91.84673972602738,24.976100502512558]}},{"type":"Feature","properties":{"stage":2,"elev":11.8,"name":"haor basin fill"},"geometry":{"type":"Point","coordinates":[91.862082191780829,24.976100502512558]}},{"type":"Feature","properties":{"stage":2,"elev":11.1,"name":"haor basin fill"},"geometry":{"type":"Point","coordinates":[91.804547945205471,24.979919597989948]}},{"type":"Feature","properties":{"stage":2,"elev":10.1,"name":"haor basin fill"},"geometry":{"type":"Point","coordinates":[91.808383561643822,24.979919597989948]}},{"type":"Feature","properties":{"stage":2,"elev":11.5,"name":"haor basin fill"},"geometry":{"type":"Point","coordinates":[91.812219178082188,24.979919597989948]}},{"type":"Feature","properties":{"stage":2,"elev":11.9,"name":"haor basin fill"},"geometry":{"type":"Point","coordinates":[91.816054794520554,24.979919597989948]}},{"type":"Feature","properties":{"stage":2,"elev":11.8,"name":"haor basin fill"},"geometry":{"type":"Point","coordinates":[91.819890410958891,24.979919597989948]}},{"type":"Feature","properties":{"stage":2,"elev":10.3,"name":"haor basin fill"},"geometry":{"type":"Point","coordinates":[91.823726027397271,24.979919597989948]}},{"type":"Feature","properties":{"stage":2,"elev":11.4,"name":"haor basin fill"},"geometry":{"type":"Point","coordinates":[91.827561643835637,24.979919597989948]}},{"type":"Feature","properties":{"stage":2,"elev":10.6,"name":"haor basin fill"},"geometry":{"type":"Point","coordinates":[91.831397260273974,24.979919597989948]}},{"type":"Feature","properties":{"stage":2,"elev":10.8,"name":"haor basin fill"},"geometry":{"type":"Point","coordinates":[91.835232876712325,24.979919597989948]}},{"type":"Feature","properties":{"stage":2,"elev":12.8,"name":"haor basin fill"},"geometry":{"type":"Point","coordinates":[91.862082191780829,24.979919597989948]}},{"type":"Feature","properties":{"stage":2,"elev":12.9,"name":"haor basin fill"},"geometry":{"type":"Point","coordinates":[91.877424657534235,24.979919597989948]}},{"type":"Feature","properties":{"stage":2,"elev":12.5,"name":"haor basin fill"},"geometry":{"type":"Point","coordinates":[91.789205479452065,24.983738693467338]}},{"type":"Feature","properties":{"stage":2,"elev":13,"name":"haor basin fill"},"geometry":{"type":"Point","coordinates":[91.7930410958904,24.983738693467338]}},{"type":"Feature","properties":{"stage":2,"elev":11.9,"name":"haor basin fill"},"geometry":{"type":"Point","coordinates":[91.796876712328782,24.983738693467338]}},{"type":"Feature","properties":{"stage":2,"elev":12.5,"name":"haor basin fill"},"geometry":{"type":"Point","coordinates":[91.800712328767148,24.983738693467338]}},{"type":"Feature","properties":{"stage":2,"elev":11.8,"name":"haor basin fill"},"geometry":{"type":"Point","coordinates":[91.804547945205471,24.983738693467338]}},{"type":"Feature","properties":{"stage":2,"elev":11.5,"name":"haor basin fill"},"geometry":{"type":"Point","coordinates":[91.808383561643822,24.983738693467338]}},{"type":"Feature","properties":{"stage":2,"elev":11.8,"name":"haor basin fill"},"geometry":{"type":"Point","coordinates":[91.812219178082188,24.983738693467338]}},{"type":"Feature","properties":{"stage":2,"elev":12.3,"name":"haor basin fill"},"geometry":{"type":"Point","coordinates":[91.816054794520554,24.983738693467338]}},{"type":"Feature","properties":{"stage":2,"elev":11.9,"name":"haor basin fill"},"geometry":{"type":"Point","coordinates":[91.819890410958891,24.983738693467338]}},{"type":"Feature","properties":{"stage":2,"elev":10.8,"name":"haor basin fill"},"geometry":{"type":"Point","coordinates":[91.823726027397271,24.983738693467338]}},{"type":"Feature","properties":{"stage":2,"elev":9.9,"name":"haor basin fill"},"geometry":{"type":"Point","coordinates":[91.827561643835637,24.983738693467338]}},{"type":"Feature","properties":{"stage":2,"elev":11.6,"name":"haor basin fill"},"geometry":{"type":"Point","coordinates":[91.831397260273974,24.983738693467338]}},{"type":"Feature","properties":{"stage":2,"elev":11,"name":"haor basin fill"},"geometry":{"type":"Point","coordinates":[91.835232876712325,24.983738693467338]}},{"type":"Feature","properties":{"stage":2,"elev":11.8,"name":"haor basin fill"},"geometry":{"type":"Point","coordinates":[91.839068493150677,24.983738693467338]}},{"type":"Feature","properties":{"stage":2,"elev":11.6,"name":"haor basin fill"},"geometry":{"type":"Point","coordinates":[91.842904109589043,24.983738693467338]}},{"type":"Feature","properties":{"stage":2,"elev":9.8,"name":"haor basin fill"},"geometry":{"type":"Point","coordinates":[91.84673972602738,24.983738693467338]}},{"type":"Feature","properties":{"stage":2,"elev":11.5,"name":"haor basin fill"},"geometry":{"type":"Point","coordinates":[91.85057534246576,24.983738693467338]}},{"type":"Feature","properties":{"stage":2,"elev":12.3,"name":"haor basin fill"},"geometry":{"type":"Point","coordinates":[91.854410958904126,24.983738693467338]}},{"type":"Feature","properties":{"stage":2,"elev":12.3,"name":"haor basin fill"},"geometry":{"type":"Point","coordinates":[91.858246575342463,24.983738693467338]}},{"type":"Feature","properties":{"stage":2,"elev":12.1,"name":"haor basin fill"},"geometry":{"type":"Point","coordinates":[91.862082191780829,24.983738693467338]}},{"type":"Feature","properties":{"stage":2,"elev":12.1,"name":"haor basin fill"},"geometry":{"type":"Point","coordinates":[91.865917808219166,24.983738693467338]}},{"type":"Feature","properties":{"stage":2,"elev":12.1,"name":"haor basin fill"},"geometry":{"type":"Point","coordinates":[91.869753424657546,24.983738693467338]}},{"type":"Feature","properties":{"stage":2,"elev":12.4,"name":"haor basin fill"},"geometry":{"type":"Point","coordinates":[91.873589041095912,24.983738693467338]}},{"type":"Feature","properties":{"stage":2,"elev":11.8,"name":"haor basin fill"},"geometry":{"type":"Point","coordinates":[91.877424657534235,24.983738693467338]}},{"type":"Feature","properties":{"stage":2,"elev":12,"name":"haor basin fill"},"geometry":{"type":"Point","coordinates":[91.881260273972586,24.983738693467338]}},{"type":"Feature","properties":{"stage":2,"elev":12.1,"name":"haor basin fill"},"geometry":{"type":"Point","coordinates":[91.885095890410952,24.983738693467338]}},{"type":"Feature","properties":{"stage":2,"elev":11.8,"name":"haor basin fill"},"geometry":{"type":"Point","coordinates":[91.808383561643822,24.987557788944724]}},{"type":"Feature","properties":{"stage":2,"elev":12.1,"name":"haor basin fill"},"geometry":{"type":"Point","coordinates":[91.812219178082188,24.987557788944724]}},{"type":"Feature","properties":{"stage":2,"elev":13,"name":"haor basin fill"},"geometry":{"type":"Point","coordinates":[91.816054794520554,24.987557788944724]}},{"type":"Feature","properties":{"stage":2,"elev":12.2,"name":"haor basin fill"},"geometry":{"type":"Point","coordinates":[91.819890410958891,24.987557788944724]}},{"type":"Feature","properties":{"stage":2,"elev":10.9,"name":"haor basin fill"},"geometry":{"type":"Point","coordinates":[91.823726027397271,24.987557788944724]}},{"type":"Feature","properties":{"stage":2,"elev":11.6,"name":"haor basin fill"},"geometry":{"type":"Point","coordinates":[91.827561643835637,24.987557788944724]}},{"type":"Feature","properties":{"stage":2,"elev":11.1,"name":"haor basin fill"},"geometry":{"type":"Point","coordinates":[91.831397260273974,24.987557788944724]}},{"type":"Feature","properties":{"stage":2,"elev":9.6,"name":"haor basin fill"},"geometry":{"type":"Point","coordinates":[91.835232876712325,24.987557788944724]}},{"type":"Feature","properties":{"stage":2,"elev":10.3,"name":"haor basin fill"},"geometry":{"type":"Point","coordinates":[91.839068493150677,24.987557788944724]}},{"type":"Feature","properties":{"stage":2,"elev":9.4,"name":"haor basin fill"},"geometry":{"type":"Point","coordinates":[91.842904109589043,24.987557788944724]}},{"type":"Feature","properties":{"stage":2,"elev":11.4,"name":"haor basin fill"},"geometry":{"type":"Point","coordinates":[91.84673972602738,24.987557788944724]}},{"type":"Feature","properties":{"stage":2,"elev":11.3,"name":"haor basin fill"},"geometry":{"type":"Point","coordinates":[91.85057534246576,24.987557788944724]}},{"type":"Feature","properties":{"stage":2,"elev":12.1,"name":"haor basin fill"},"geometry":{"type":"Point","coordinates":[91.854410958904126,24.987557788944724]}},{"type":"Feature","properties":{"stage":2,"elev":11.3,"name":"haor basin fill"},"geometry":{"type":"Point","coordinates":[91.858246575342463,24.987557788944724]}},{"type":"Feature","properties":{"stage":2,"elev":9.9,"name":"haor basin fill"},"geometry":{"type":"Point","coordinates":[91.862082191780829,24.987557788944724]}},{"type":"Feature","properties":{"stage":2,"elev":10.4,"name":"haor basin fill"},"geometry":{"type":"Point","coordinates":[91.865917808219166,24.987557788944724]}},{"type":"Feature","properties":{"stage":2,"elev":10.9,"name":"haor basin fill"},"geometry":{"type":"Point","coordinates":[91.869753424657546,24.987557788944724]}},{"type":"Feature","properties":{"stage":2,"elev":11.9,"name":"haor basin fill"},"geometry":{"type":"Point","coordinates":[91.873589041095912,24.987557788944724]}},{"type":"Feature","properties":{"stage":2,"elev":11.3,"name":"haor basin fill"},"geometry":{"type":"Point","coordinates":[91.877424657534235,24.987557788944724]}},{"type":"Feature","properties":{"stage":2,"elev":10.2,"name":"haor basin fill"},"geometry":{"type":"Point","coordinates":[91.881260273972586,24.987557788944724]}},{"type":"Feature","properties":{"stage":2,"elev":10.7,"name":"haor basin fill"},"geometry":{"type":"Point","coordinates":[91.885095890410952,24.987557788944724]}},{"type":"Feature","properties":{"stage":2,"elev":11.2,"name":"haor basin fill"},"geometry":{"type":"Point","coordinates":[91.8889315068493,24.987557788944724]}},{"type":"Feature","properties":{"stage":2,"elev":12.3,"name":"haor basin fill"},"geometry":{"type":"Point","coordinates":[91.892767123287655,24.987557788944724]}},{"type":"Feature","properties":{"stage":2,"elev":12.6,"name":"haor basin fill"},"geometry":{"type":"Point","coordinates":[91.896602739726021,24.987557788944724]}},{"type":"Feature","properties":{"stage":2,"elev":12.6,"name":"haor basin fill"},"geometry":{"type":"Point","coordinates":[91.819890410958891,24.991376884422113]}},{"type":"Feature","properties":{"stage":2,"elev":12.9,"name":"haor basin fill"},"geometry":{"type":"Point","coordinates":[91.823726027397271,24.991376884422113]}},{"type":"Feature","properties":{"stage":2,"elev":12.9,"name":"haor basin fill"},"geometry":{"type":"Point","coordinates":[91.827561643835637,24.991376884422113]}},{"type":"Feature","properties":{"stage":2,"elev":11.6,"name":"haor basin fill"},"geometry":{"type":"Point","coordinates":[91.831397260273974,24.991376884422113]}},{"type":"Feature","properties":{"stage":2,"elev":10.6,"name":"haor basin fill"},"geometry":{"type":"Point","coordinates":[91.835232876712325,24.991376884422113]}},{"type":"Feature","properties":{"stage":2,"elev":10.9,"name":"haor basin fill"},"geometry":{"type":"Point","coordinates":[91.839068493150677,24.991376884422113]}},{"type":"Feature","properties":{"stage":2,"elev":9.7,"name":"haor basin fill"},"geometry":{"type":"Point","coordinates":[91.842904109589043,24.991376884422113]}},{"type":"Feature","properties":{"stage":2,"elev":11.6,"name":"haor basin fill"},"geometry":{"type":"Point","coordinates":[91.84673972602738,24.991376884422113]}},{"type":"Feature","properties":{"stage":2,"elev":12.9,"name":"haor basin fill"},"geometry":{"type":"Point","coordinates":[91.85057534246576,24.991376884422113]}},{"type":"Feature","properties":{"stage":2,"elev":12.4,"name":"haor basin fill"},"geometry":{"type":"Point","coordinates":[91.854410958904126,24.991376884422113]}},{"type":"Feature","properties":{"stage":2,"elev":11.8,"name":"haor basin fill"},"geometry":{"type":"Point","coordinates":[91.862082191780829,24.991376884422113]}},{"type":"Feature","properties":{"stage":2,"elev":11.2,"name":"haor basin fill"},"geometry":{"type":"Point","coordinates":[91.865917808219166,24.991376884422113]}},{"type":"Feature","properties":{"stage":2,"elev":10.7,"name":"haor basin fill"},"geometry":{"type":"Point","coordinates":[91.869753424657546,24.991376884422113]}},{"type":"Feature","properties":{"stage":2,"elev":12.6,"name":"haor basin fill"},"geometry":{"type":"Point","coordinates":[91.877424657534235,24.991376884422113]}},{"type":"Feature","properties":{"stage":2,"elev":10.1,"name":"haor basin fill"},"geometry":{"type":"Point","coordinates":[91.881260273972586,24.991376884422113]}},{"type":"Feature","properties":{"stage":2,"elev":9.8,"name":"haor basin fill"},"geometry":{"type":"Point","coordinates":[91.885095890410952,24.991376884422113]}},{"type":"Feature","properties":{"stage":2,"elev":10,"name":"haor basin fill"},"geometry":{"type":"Point","coordinates":[91.8889315068493,24.991376884422113]}},{"type":"Feature","properties":{"stage":2,"elev":10.4,"name":"haor basin fill"},"geometry":{"type":"Point","coordinates":[91.892767123287655,24.991376884422113]}},{"type":"Feature","properties":{"stage":2,"elev":12.4,"name":"haor basin fill"},"geometry":{"type":"Point","coordinates":[91.896602739726021,24.991376884422113]}},{"type":"Feature","properties":{"stage":2,"elev":12.4,"name":"haor basin fill"},"geometry":{"type":"Point","coordinates":[91.7853698630137,24.9951959798995]}},{"type":"Feature","properties":{"stage":2,"elev":12.9,"name":"haor basin fill"},"geometry":{"type":"Point","coordinates":[91.789205479452065,24.9951959798995]}},{"type":"Feature","properties":{"stage":2,"elev":12.3,"name":"haor basin fill"},"geometry":{"type":"Point","coordinates":[91.800712328767148,24.9951959798995]}},{"type":"Feature","properties":{"stage":2,"elev":12.1,"name":"haor basin fill"},"geometry":{"type":"Point","coordinates":[91.804547945205471,24.9951959798995]}},{"type":"Feature","properties":{"stage":2,"elev":13,"name":"haor basin fill"},"geometry":{"type":"Point","coordinates":[91.819890410958891,24.9951959798995]}},{"type":"Feature","properties":{"stage":2,"elev":12.5,"name":"haor basin fill"},"geometry":{"type":"Point","coordinates":[91.823726027397271,24.9951959798995]}},{"type":"Feature","properties":{"stage":2,"elev":12.8,"name":"haor basin fill"},"geometry":{"type":"Point","coordinates":[91.827561643835637,24.9951959798995]}},{"type":"Feature","properties":{"stage":2,"elev":12.8,"name":"haor basin fill"},"geometry":{"type":"Point","coordinates":[91.831397260273974,24.9951959798995]}},{"type":"Feature","properties":{"stage":2,"elev":11.5,"name":"haor basin fill"},"geometry":{"type":"Point","coordinates":[91.835232876712325,24.9951959798995]}},{"type":"Feature","properties":{"stage":2,"elev":12.8,"name":"haor basin fill"},"geometry":{"type":"Point","coordinates":[91.839068493150677,24.9951959798995]}},{"type":"Feature","properties":{"stage":2,"elev":12.3,"name":"haor basin fill"},"geometry":{"type":"Point","coordinates":[91.842904109589043,24.9951959798995]}},{"type":"Feature","properties":{"stage":2,"elev":12.1,"name":"haor basin fill"},"geometry":{"type":"Point","coordinates":[91.84673972602738,24.9951959798995]}},{"type":"Feature","properties":{"stage":2,"elev":11.1,"name":"haor basin fill"},"geometry":{"type":"Point","coordinates":[91.85057534246576,24.9951959798995]}},{"type":"Feature","properties":{"stage":2,"elev":11.4,"name":"haor basin fill"},"geometry":{"type":"Point","coordinates":[91.854410958904126,24.9951959798995]}},{"type":"Feature","properties":{"stage":2,"elev":9.3,"name":"haor basin fill"},"geometry":{"type":"Point","coordinates":[91.858246575342463,24.9951959798995]}},{"type":"Feature","properties":{"stage":2,"elev":8.8,"name":"haor basin fill"},"geometry":{"type":"Point","coordinates":[91.862082191780829,24.9951959798995]}},{"type":"Feature","properties":{"stage":2,"elev":9,"name":"haor basin fill"},"geometry":{"type":"Point","coordinates":[91.865917808219166,24.9951959798995]}},{"type":"Feature","properties":{"stage":2,"elev":11.3,"name":"haor basin fill"},"geometry":{"type":"Point","coordinates":[91.869753424657546,24.9951959798995]}},{"type":"Feature","properties":{"stage":2,"elev":12.4,"name":"haor basin fill"},"geometry":{"type":"Point","coordinates":[91.873589041095912,24.9951959798995]}},{"type":"Feature","properties":{"stage":2,"elev":11.3,"name":"haor basin fill"},"geometry":{"type":"Point","coordinates":[91.881260273972586,24.9951959798995]}},{"type":"Feature","properties":{"stage":2,"elev":10.8,"name":"haor basin fill"},"geometry":{"type":"Point","coordinates":[91.885095890410952,24.9951959798995]}},{"type":"Feature","properties":{"stage":2,"elev":9.9,"name":"haor basin fill"},"geometry":{"type":"Point","coordinates":[91.8889315068493,24.9951959798995]}},{"type":"Feature","properties":{"stage":2,"elev":12.5,"name":"haor basin fill"},"geometry":{"type":"Point","coordinates":[91.892767123287655,24.9951959798995]}},{"type":"Feature","properties":{"stage":2,"elev":10.3,"name":"haor basin fill"},"geometry":{"type":"Point","coordinates":[91.896602739726021,24.9951959798995]}},{"type":"Feature","properties":{"stage":2,"elev":9.4,"name":"haor basin fill"},"geometry":{"type":"Point","coordinates":[91.900438356164386,24.9951959798995]}},{"type":"Feature","properties":{"stage":2,"elev":11,"name":"haor basin fill"},"geometry":{"type":"Point","coordinates":[91.904273972602738,24.9951959798995]}},{"type":"Feature","properties":{"stage":2,"elev":12.3,"name":"haor basin fill"},"geometry":{"type":"Point","coordinates":[91.7853698630137,24.999015075376889]}},{"type":"Feature","properties":{"stage":2,"elev":12.9,"name":"haor basin fill"},"geometry":{"type":"Point","coordinates":[91.789205479452065,24.999015075376889]}},{"type":"Feature","properties":{"stage":2,"elev":11.3,"name":"haor basin fill"},"geometry":{"type":"Point","coordinates":[91.7930410958904,24.999015075376889]}},{"type":"Feature","properties":{"stage":2,"elev":12.2,"name":"haor basin fill"},"geometry":{"type":"Point","coordinates":[91.796876712328782,24.999015075376889]}},{"type":"Feature","properties":{"stage":2,"elev":11.7,"name":"haor basin fill"},"geometry":{"type":"Point","coordinates":[91.800712328767148,24.999015075376889]}},{"type":"Feature","properties":{"stage":2,"elev":11.6,"name":"haor basin fill"},"geometry":{"type":"Point","coordinates":[91.804547945205471,24.999015075376889]}},{"type":"Feature","properties":{"stage":2,"elev":12.8,"name":"haor basin fill"},"geometry":{"type":"Point","coordinates":[91.808383561643822,24.999015075376889]}},{"type":"Feature","properties":{"stage":2,"elev":12.4,"name":"haor basin fill"},"geometry":{"type":"Point","coordinates":[91.823726027397271,24.999015075376889]}},{"type":"Feature","properties":{"stage":2,"elev":12.4,"name":"haor basin fill"},"geometry":{"type":"Point","coordinates":[91.827561643835637,24.999015075376889]}},{"type":"Feature","properties":{"stage":2,"elev":12.1,"name":"haor basin fill"},"geometry":{"type":"Point","coordinates":[91.839068493150677,24.999015075376889]}},{"type":"Feature","properties":{"stage":2,"elev":11.2,"name":"haor basin fill"},"geometry":{"type":"Point","coordinates":[91.842904109589043,24.999015075376889]}},{"type":"Feature","properties":{"stage":2,"elev":11.2,"name":"haor basin fill"},"geometry":{"type":"Point","coordinates":[91.84673972602738,24.999015075376889]}},{"type":"Feature","properties":{"stage":2,"elev":10.4,"name":"haor basin fill"},"geometry":{"type":"Point","coordinates":[91.85057534246576,24.999015075376889]}},{"type":"Feature","properties":{"stage":2,"elev":12.1,"name":"haor basin fill"},"geometry":{"type":"Point","coordinates":[91.854410958904126,24.999015075376889]}},{"type":"Feature","properties":{"stage":2,"elev":9.8,"name":"haor basin fill"},"geometry":{"type":"Point","coordinates":[91.858246575342463,24.999015075376889]}},{"type":"Feature","properties":{"stage":2,"elev":9.6,"name":"haor basin fill"},"geometry":{"type":"Point","coordinates":[91.862082191780829,24.999015075376889]}},{"type":"Feature","properties":{"stage":2,"elev":9.1,"name":"haor basin fill"},"geometry":{"type":"Point","coordinates":[91.865917808219166,24.999015075376889]}},{"type":"Feature","properties":{"stage":2,"elev":12.7,"name":"haor basin fill"},"geometry":{"type":"Point","coordinates":[91.869753424657546,24.999015075376889]}},{"type":"Feature","properties":{"stage":2,"elev":10.9,"name":"haor basin fill"},"geometry":{"type":"Point","coordinates":[91.881260273972586,24.999015075376889]}},{"type":"Feature","properties":{"stage":2,"elev":10.4,"name":"haor basin fill"},"geometry":{"type":"Point","coordinates":[91.885095890410952,24.999015075376889]}},{"type":"Feature","properties":{"stage":2,"elev":11.3,"name":"haor basin fill"},"geometry":{"type":"Point","coordinates":[91.8889315068493,24.999015075376889]}},{"type":"Feature","properties":{"stage":2,"elev":10.6,"name":"haor basin fill"},"geometry":{"type":"Point","coordinates":[91.892767123287655,24.999015075376889]}},{"type":"Feature","properties":{"stage":2,"elev":10,"name":"haor basin fill"},"geometry":{"type":"Point","coordinates":[91.896602739726021,24.999015075376889]}},{"type":"Feature","properties":{"stage":2,"elev":10.3,"name":"haor basin fill"},"geometry":{"type":"Point","coordinates":[91.900438356164386,24.999015075376889]}},{"type":"Feature","properties":{"stage":2,"elev":10.3,"name":"haor basin fill"},"geometry":{"type":"Point","coordinates":[91.904273972602738,24.999015075376889]}},{"type":"Feature","properties":{"stage":2,"elev":12.3,"name":"haor basin fill"},"geometry":{"type":"Point","coordinates":[91.9081095890411,24.999015075376889]}},{"type":"Feature","properties":{"stage":2,"elev":12.7,"name":"haor basin fill"},"geometry":{"type":"Point","coordinates":[91.911945205479441,24.999015075376889]}},{"type":"Feature","properties":{"stage":2,"elev":11.1,"name":"haor basin fill"},"geometry":{"type":"Point","coordinates":[91.781534246575347,25.002834170854271]}},{"type":"Feature","properties":{"stage":2,"elev":11.6,"name":"haor basin fill"},"geometry":{"type":"Point","coordinates":[91.7853698630137,25.002834170854271]}},{"type":"Feature","properties":{"stage":2,"elev":12.3,"name":"haor basin fill"},"geometry":{"type":"Point","coordinates":[91.789205479452065,25.002834170854271]}},{"type":"Feature","properties":{"stage":2,"elev":12.2,"name":"haor basin fill"},"geometry":{"type":"Point","coordinates":[91.7930410958904,25.002834170854271]}},{"type":"Feature","properties":{"stage":2,"elev":11.1,"name":"haor basin fill"},"geometry":{"type":"Point","coordinates":[91.796876712328782,25.002834170854271]}},{"type":"Feature","properties":{"stage":2,"elev":11.2,"name":"haor basin fill"},"geometry":{"type":"Point","coordinates":[91.800712328767148,25.002834170854271]}},{"type":"Feature","properties":{"stage":2,"elev":11.9,"name":"haor basin fill"},"geometry":{"type":"Point","coordinates":[91.804547945205471,25.002834170854271]}},{"type":"Feature","properties":{"stage":2,"elev":12.6,"name":"haor basin fill"},"geometry":{"type":"Point","coordinates":[91.819890410958891,25.002834170854271]}},{"type":"Feature","properties":{"stage":2,"elev":11.4,"name":"haor basin fill"},"geometry":{"type":"Point","coordinates":[91.84673972602738,25.002834170854271]}},{"type":"Feature","properties":{"stage":2,"elev":8.9,"name":"haor basin fill"},"geometry":{"type":"Point","coordinates":[91.85057534246576,25.002834170854271]}},{"type":"Feature","properties":{"stage":2,"elev":11.6,"name":"haor basin fill"},"geometry":{"type":"Point","coordinates":[91.854410958904126,25.002834170854271]}},{"type":"Feature","properties":{"stage":2,"elev":11.9,"name":"haor basin fill"},"geometry":{"type":"Point","coordinates":[91.858246575342463,25.002834170854271]}},{"type":"Feature","properties":{"stage":2,"elev":11.6,"name":"haor basin fill"},"geometry":{"type":"Point","coordinates":[91.862082191780829,25.002834170854271]}},{"type":"Feature","properties":{"stage":2,"elev":12.6,"name":"haor basin fill"},"geometry":{"type":"Point","coordinates":[91.865917808219166,25.002834170854271]}},{"type":"Feature","properties":{"stage":2,"elev":12.4,"name":"haor basin fill"},"geometry":{"type":"Point","coordinates":[91.869753424657546,25.002834170854271]}},{"type":"Feature","properties":{"stage":2,"elev":12.6,"name":"haor basin fill"},"geometry":{"type":"Point","coordinates":[91.873589041095912,25.002834170854271]}},{"type":"Feature","properties":{"stage":2,"elev":12.1,"name":"haor basin fill"},"geometry":{"type":"Point","coordinates":[91.877424657534235,25.002834170854271]}},{"type":"Feature","properties":{"stage":2,"elev":10.2,"name":"haor basin fill"},"geometry":{"type":"Point","coordinates":[91.881260273972586,25.002834170854271]}},{"type":"Feature","properties":{"stage":2,"elev":10.4,"name":"haor basin fill"},"geometry":{"type":"Point","coordinates":[91.885095890410952,25.002834170854271]}},{"type":"Feature","properties":{"stage":2,"elev":10.9,"name":"haor basin fill"},"geometry":{"type":"Point","coordinates":[91.8889315068493,25.002834170854271]}},{"type":"Feature","properties":{"stage":2,"elev":12,"name":"haor basin fill"},"geometry":{"type":"Point","coordinates":[91.892767123287655,25.002834170854271]}},{"type":"Feature","properties":{"stage":2,"elev":11.1,"name":"haor basin fill"},"geometry":{"type":"Point","coordinates":[91.896602739726021,25.002834170854271]}},{"type":"Feature","properties":{"stage":2,"elev":10.4,"name":"haor basin fill"},"geometry":{"type":"Point","coordinates":[91.900438356164386,25.002834170854271]}},{"type":"Feature","properties":{"stage":2,"elev":11.3,"name":"haor basin fill"},"geometry":{"type":"Point","coordinates":[91.904273972602738,25.002834170854271]}},{"type":"Feature","properties":{"stage":2,"elev":10.4,"name":"haor basin fill"},"geometry":{"type":"Point","coordinates":[91.9081095890411,25.002834170854271]}},{"type":"Feature","properties":{"stage":2,"elev":11.5,"name":"haor basin fill"},"geometry":{"type":"Point","coordinates":[91.911945205479441,25.002834170854271]}},{"type":"Feature","properties":{"stage":2,"elev":11.7,"name":"haor basin fill"},"geometry":{"type":"Point","coordinates":[91.915780821917821,25.002834170854271]}},{"type":"Feature","properties":{"stage":2,"elev":10.9,"name":"haor basin fill"},"geometry":{"type":"Point","coordinates":[91.781534246575347,25.006653266331657]}},{"type":"Feature","properties":{"stage":2,"elev":11.1,"name":"haor basin fill"},"geometry":{"type":"Point","coordinates":[91.7853698630137,25.006653266331657]}},{"type":"Feature","properties":{"stage":2,"elev":11.4,"name":"haor basin fill"},"geometry":{"type":"Point","coordinates":[91.789205479452065,25.006653266331657]}},{"type":"Feature","properties":{"stage":2,"elev":11.3,"name":"haor basin fill"},"geometry":{"type":"Point","coordinates":[91.7930410958904,25.006653266331657]}},{"type":"Feature","properties":{"stage":2,"elev":9.8,"name":"haor basin fill"},"geometry":{"type":"Point","coordinates":[91.796876712328782,25.006653266331657]}},{"type":"Feature","properties":{"stage":2,"elev":11.2,"name":"haor basin fill"},"geometry":{"type":"Point","coordinates":[91.800712328767148,25.006653266331657]}},{"type":"Feature","properties":{"stage":2,"elev":12.1,"name":"haor basin fill"},"geometry":{"type":"Point","coordinates":[91.804547945205471,25.006653266331657]}},{"type":"Feature","properties":{"stage":2,"elev":12.1,"name":"haor basin fill"},"geometry":{"type":"Point","coordinates":[91.842904109589043,25.006653266331657]}},{"type":"Feature","properties":{"stage":2,"elev":12.8,"name":"haor basin fill"},"geometry":{"type":"Point","coordinates":[91.84673972602738,25.006653266331657]}},{"type":"Feature","properties":{"stage":2,"elev":12.4,"name":"haor basin fill"},"geometry":{"type":"Point","coordinates":[91.85057534246576,25.006653266331657]}},{"type":"Feature","properties":{"stage":2,"elev":12.3,"name":"haor basin fill"},"geometry":{"type":"Point","coordinates":[91.854410958904126,25.006653266331657]}},{"type":"Feature","properties":{"stage":2,"elev":12.3,"name":"haor basin fill"},"geometry":{"type":"Point","coordinates":[91.865917808219166,25.006653266331657]}},{"type":"Feature","properties":{"stage":2,"elev":11.7,"name":"haor basin fill"},"geometry":{"type":"Point","coordinates":[91.873589041095912,25.006653266331657]}},{"type":"Feature","properties":{"stage":2,"elev":10,"name":"haor basin fill"},"geometry":{"type":"Point","coordinates":[91.877424657534235,25.006653266331657]}},{"type":"Feature","properties":{"stage":2,"elev":9.1,"name":"haor basin fill"},"geometry":{"type":"Point","coordinates":[91.881260273972586,25.006653266331657]}},{"type":"Feature","properties":{"stage":2,"elev":9.7,"name":"haor basin fill"},"geometry":{"type":"Point","coordinates":[91.885095890410952,25.006653266331657]}},{"type":"Feature","properties":{"stage":2,"elev":10.9,"name":"haor basin fill"},"geometry":{"type":"Point","coordinates":[91.8889315068493,25.006653266331657]}},{"type":"Feature","properties":{"stage":2,"elev":9.8,"name":"haor basin fill"},"geometry":{"type":"Point","coordinates":[91.892767123287655,25.006653266331657]}},{"type":"Feature","properties":{"stage":2,"elev":9.7,"name":"haor basin fill"},"geometry":{"type":"Point","coordinates":[91.896602739726021,25.006653266331657]}},{"type":"Feature","properties":{"stage":2,"elev":11,"name":"haor basin fill"},"geometry":{"type":"Point","coordinates":[91.900438356164386,25.006653266331657]}},{"type":"Feature","properties":{"stage":2,"elev":10.8,"name":"haor basin fill"},"geometry":{"type":"Point","coordinates":[91.904273972602738,25.006653266331657]}},{"type":"Feature","properties":{"stage":2,"elev":10.8,"name":"haor basin fill"},"geometry":{"type":"Point","coordinates":[91.9081095890411,25.006653266331657]}},{"type":"Feature","properties":{"stage":2,"elev":12.5,"name":"haor basin fill"},"geometry":{"type":"Point","coordinates":[91.911945205479441,25.006653266331657]}},{"type":"Feature","properties":{"stage":2,"elev":11.4,"name":"haor basin fill"},"geometry":{"type":"Point","coordinates":[91.915780821917821,25.006653266331657]}},{"type":"Feature","properties":{"stage":2,"elev":12.1,"name":"haor basin fill"},"geometry":{"type":"Point","coordinates":[91.919616438356186,25.006653266331657]}},{"type":"Feature","properties":{"stage":2,"elev":12.4,"name":"haor basin fill"},"geometry":{"type":"Point","coordinates":[91.92345205479451,25.006653266331657]}},{"type":"Feature","properties":{"stage":2,"elev":12.6,"name":"haor basin fill"},"geometry":{"type":"Point","coordinates":[91.781534246575347,25.010472361809043]}},{"type":"Feature","properties":{"stage":2,"elev":11.9,"name":"haor basin fill"},"geometry":{"type":"Point","coordinates":[91.7853698630137,25.010472361809043]}},{"type":"Feature","properties":{"stage":2,"elev":11.8,"name":"haor basin fill"},"geometry":{"type":"Point","coordinates":[91.789205479452065,25.010472361809043]}},{"type":"Feature","properties":{"stage":2,"elev":10.5,"name":"haor basin fill"},"geometry":{"type":"Point","coordinates":[91.7930410958904,25.010472361809043]}},{"type":"Feature","properties":{"stage":2,"elev":10.7,"name":"haor basin fill"},"geometry":{"type":"Point","coordinates":[91.796876712328782,25.010472361809043]}},{"type":"Feature","properties":{"stage":2,"elev":11.6,"name":"haor basin fill"},"geometry":{"type":"Point","coordinates":[91.800712328767148,25.010472361809043]}},{"type":"Feature","properties":{"stage":2,"elev":9.9,"name":"haor basin fill"},"geometry":{"type":"Point","coordinates":[91.804547945205471,25.010472361809043]}},{"type":"Feature","properties":{"stage":2,"elev":12.1,"name":"haor basin fill"},"geometry":{"type":"Point","coordinates":[91.812219178082188,25.010472361809043]}},{"type":"Feature","properties":{"stage":2,"elev":11.6,"name":"haor basin fill"},"geometry":{"type":"Point","coordinates":[91.816054794520554,25.010472361809043]}},{"type":"Feature","properties":{"stage":2,"elev":12.6,"name":"haor basin fill"},"geometry":{"type":"Point","coordinates":[91.827561643835637,25.010472361809043]}},{"type":"Feature","properties":{"stage":2,"elev":11.6,"name":"haor basin fill"},"geometry":{"type":"Point","coordinates":[91.831397260273974,25.010472361809043]}},{"type":"Feature","properties":{"stage":2,"elev":11.9,"name":"haor basin fill"},"geometry":{"type":"Point","coordinates":[91.835232876712325,25.010472361809043]}},{"type":"Feature","properties":{"stage":2,"elev":12.6,"name":"haor basin fill"},"geometry":{"type":"Point","coordinates":[91.842904109589043,25.010472361809043]}},{"type":"Feature","properties":{"stage":2,"elev":12.5,"name":"haor basin fill"},"geometry":{"type":"Point","coordinates":[91.84673972602738,25.010472361809043]}},{"type":"Feature","properties":{"stage":2,"elev":12.8,"name":"haor basin fill"},"geometry":{"type":"Point","coordinates":[91.85057534246576,25.010472361809043]}},{"type":"Feature","properties":{"stage":2,"elev":11.6,"name":"haor basin fill"},"geometry":{"type":"Point","coordinates":[91.865917808219166,25.010472361809043]}},{"type":"Feature","properties":{"stage":2,"elev":12.4,"name":"haor basin fill"},"geometry":{"type":"Point","coordinates":[91.869753424657546,25.010472361809043]}},{"type":"Feature","properties":{"stage":2,"elev":12.5,"name":"haor basin fill"},"geometry":{"type":"Point","coordinates":[91.873589041095912,25.010472361809043]}},{"type":"Feature","properties":{"stage":2,"elev":11.1,"name":"haor basin fill"},"geometry":{"type":"Point","coordinates":[91.877424657534235,25.010472361809043]}},{"type":"Feature","properties":{"stage":2,"elev":8.3,"name":"haor basin fill"},"geometry":{"type":"Point","coordinates":[91.881260273972586,25.010472361809043]}},{"type":"Feature","properties":{"stage":2,"elev":9.5,"name":"haor basin fill"},"geometry":{"type":"Point","coordinates":[91.885095890410952,25.010472361809043]}},{"type":"Feature","properties":{"stage":2,"elev":10.4,"name":"haor basin fill"},"geometry":{"type":"Point","coordinates":[91.8889315068493,25.010472361809043]}},{"type":"Feature","properties":{"stage":2,"elev":10.1,"name":"haor basin fill"},"geometry":{"type":"Point","coordinates":[91.892767123287655,25.010472361809043]}},{"type":"Feature","properties":{"stage":2,"elev":9.8,"name":"haor basin fill"},"geometry":{"type":"Point","coordinates":[91.896602739726021,25.010472361809043]}},{"type":"Feature","properties":{"stage":2,"elev":10.1,"name":"haor basin fill"},"geometry":{"type":"Point","coordinates":[91.900438356164386,25.010472361809043]}},{"type":"Feature","properties":{"stage":2,"elev":11.9,"name":"haor basin fill"},"geometry":{"type":"Point","coordinates":[91.904273972602738,25.010472361809043]}},{"type":"Feature","properties":{"stage":2,"elev":11.9,"name":"haor basin fill"},"geometry":{"type":"Point","coordinates":[91.9081095890411,25.010472361809043]}},{"type":"Feature","properties":{"stage":2,"elev":11.8,"name":"haor basin fill"},"geometry":{"type":"Point","coordinates":[91.911945205479441,25.010472361809043]}},{"type":"Feature","properties":{"stage":2,"elev":11.8,"name":"haor basin fill"},"geometry":{"type":"Point","coordinates":[91.915780821917821,25.010472361809043]}},{"type":"Feature","properties":{"stage":2,"elev":12.5,"name":"haor basin fill"},"geometry":{"type":"Point","coordinates":[91.931123287671227,25.010472361809043]}},{"type":"Feature","properties":{"stage":2,"elev":13,"name":"haor basin fill"},"geometry":{"type":"Point","coordinates":[91.934958904109592,25.010472361809043]}},{"type":"Feature","properties":{"stage":2,"elev":12.2,"name":"haor basin fill"},"geometry":{"type":"Point","coordinates":[91.94263013698631,25.010472361809043]}},{"type":"Feature","properties":{"stage":2,"elev":12.8,"name":"haor basin fill"},"geometry":{"type":"Point","coordinates":[91.946465753424675,25.010472361809043]}},{"type":"Feature","properties":{"stage":2,"elev":12.6,"name":"haor basin fill"},"geometry":{"type":"Point","coordinates":[91.950301369863013,25.010472361809043]}},{"type":"Feature","properties":{"stage":2,"elev":12.6,"name":"haor basin fill"},"geometry":{"type":"Point","coordinates":[91.957972602739716,25.010472361809043]}},{"type":"Feature","properties":{"stage":2,"elev":12.6,"name":"haor basin fill"},"geometry":{"type":"Point","coordinates":[91.961808219178081,25.010472361809043]}},{"type":"Feature","properties":{"stage":2,"elev":12.8,"name":"haor basin fill"},"geometry":{"type":"Point","coordinates":[91.980986301369882,25.010472361809043]}},{"type":"Feature","properties":{"stage":2,"elev":12.8,"name":"haor basin fill"},"geometry":{"type":"Point","coordinates":[91.984821917808219,25.010472361809043]}},{"type":"Feature","properties":{"stage":2,"elev":12.5,"name":"haor basin fill"},"geometry":{"type":"Point","coordinates":[91.781534246575347,25.014291457286436]}},{"type":"Feature","properties":{"stage":2,"elev":12.8,"name":"haor basin fill"},"geometry":{"type":"Point","coordinates":[91.804547945205471,25.014291457286436]}},{"type":"Feature","properties":{"stage":2,"elev":10.8,"name":"haor basin fill"},"geometry":{"type":"Point","coordinates":[91.812219178082188,25.014291457286436]}},{"type":"Feature","properties":{"stage":2,"elev":12.2,"name":"haor basin fill"},"geometry":{"type":"Point","coordinates":[91.816054794520554,25.014291457286436]}},{"type":"Feature","properties":{"stage":2,"elev":12.6,"name":"haor basin fill"},"geometry":{"type":"Point","coordinates":[91.819890410958891,25.014291457286436]}},{"type":"Feature","properties":{"stage":2,"elev":13,"name":"haor basin fill"},"geometry":{"type":"Point","coordinates":[91.823726027397271,25.014291457286436]}},{"type":"Feature","properties":{"stage":2,"elev":12.2,"name":"haor basin fill"},"geometry":{"type":"Point","coordinates":[91.827561643835637,25.014291457286436]}},{"type":"Feature","properties":{"stage":2,"elev":12.5,"name":"haor basin fill"},"geometry":{"type":"Point","coordinates":[91.831397260273974,25.014291457286436]}},{"type":"Feature","properties":{"stage":2,"elev":12.5,"name":"haor basin fill"},"geometry":{"type":"Point","coordinates":[91.839068493150677,25.014291457286436]}},{"type":"Feature","properties":{"stage":2,"elev":12.1,"name":"haor basin fill"},"geometry":{"type":"Point","coordinates":[91.865917808219166,25.014291457286436]}},{"type":"Feature","properties":{"stage":2,"elev":12.4,"name":"haor basin fill"},"geometry":{"type":"Point","coordinates":[91.869753424657546,25.014291457286436]}},{"type":"Feature","properties":{"stage":2,"elev":11.4,"name":"haor basin fill"},"geometry":{"type":"Point","coordinates":[91.873589041095912,25.014291457286436]}},{"type":"Feature","properties":{"stage":2,"elev":11.4,"name":"haor basin fill"},"geometry":{"type":"Point","coordinates":[91.877424657534235,25.014291457286436]}},{"type":"Feature","properties":{"stage":2,"elev":10.2,"name":"haor basin fill"},"geometry":{"type":"Point","coordinates":[91.881260273972586,25.014291457286436]}},{"type":"Feature","properties":{"stage":2,"elev":7,"name":"haor basin fill"},"geometry":{"type":"Point","coordinates":[91.885095890410952,25.014291457286436]}},{"type":"Feature","properties":{"stage":2,"elev":6.5,"name":"haor basin fill"},"geometry":{"type":"Point","coordinates":[91.8889315068493,25.014291457286436]}},{"type":"Feature","properties":{"stage":2,"elev":9.3,"name":"haor basin fill"},"geometry":{"type":"Point","coordinates":[91.892767123287655,25.014291457286436]}},{"type":"Feature","properties":{"stage":2,"elev":9.4,"name":"haor basin fill"},"geometry":{"type":"Point","coordinates":[91.896602739726021,25.014291457286436]}},{"type":"Feature","properties":{"stage":2,"elev":11.1,"name":"haor basin fill"},"geometry":{"type":"Point","coordinates":[91.900438356164386,25.014291457286436]}},{"type":"Feature","properties":{"stage":2,"elev":10.9,"name":"haor basin fill"},"geometry":{"type":"Point","coordinates":[91.904273972602738,25.014291457286436]}},{"type":"Feature","properties":{"stage":2,"elev":10.3,"name":"haor basin fill"},"geometry":{"type":"Point","coordinates":[91.9081095890411,25.014291457286436]}},{"type":"Feature","properties":{"stage":2,"elev":11.4,"name":"haor basin fill"},"geometry":{"type":"Point","coordinates":[91.911945205479441,25.014291457286436]}},{"type":"Feature","properties":{"stage":2,"elev":11.1,"name":"haor basin fill"},"geometry":{"type":"Point","coordinates":[91.915780821917821,25.014291457286436]}},{"type":"Feature","properties":{"stage":2,"elev":11.9,"name":"haor basin fill"},"geometry":{"type":"Point","coordinates":[91.92345205479451,25.014291457286436]}},{"type":"Feature","properties":{"stage":2,"elev":12.8,"name":"haor basin fill"},"geometry":{"type":"Point","coordinates":[91.931123287671227,25.014291457286436]}},{"type":"Feature","properties":{"stage":2,"elev":12.3,"name":"haor basin fill"},"geometry":{"type":"Point","coordinates":[91.934958904109592,25.014291457286436]}},{"type":"Feature","properties":{"stage":2,"elev":11.4,"name":"haor basin fill"},"geometry":{"type":"Point","coordinates":[91.93879452054793,25.014291457286436]}},{"type":"Feature","properties":{"stage":2,"elev":12.3,"name":"haor basin fill"},"geometry":{"type":"Point","coordinates":[91.94263013698631,25.014291457286436]}},{"type":"Feature","properties":{"stage":2,"elev":12.6,"name":"haor basin fill"},"geometry":{"type":"Point","coordinates":[91.946465753424675,25.014291457286436]}},{"type":"Feature","properties":{"stage":2,"elev":12.2,"name":"haor basin fill"},"geometry":{"type":"Point","coordinates":[91.950301369863013,25.014291457286436]}},{"type":"Feature","properties":{"stage":2,"elev":12.1,"name":"haor basin fill"},"geometry":{"type":"Point","coordinates":[91.954136986301364,25.014291457286436]}},{"type":"Feature","properties":{"stage":2,"elev":11.8,"name":"haor basin fill"},"geometry":{"type":"Point","coordinates":[91.957972602739716,25.014291457286436]}},{"type":"Feature","properties":{"stage":2,"elev":12.4,"name":"haor basin fill"},"geometry":{"type":"Point","coordinates":[91.961808219178081,25.014291457286436]}},{"type":"Feature","properties":{"stage":2,"elev":11.4,"name":"haor basin fill"},"geometry":{"type":"Point","coordinates":[91.781534246575347,25.018110552763819]}},{"type":"Feature","properties":{"stage":2,"elev":12.1,"name":"haor basin fill"},"geometry":{"type":"Point","coordinates":[91.7853698630137,25.018110552763819]}},{"type":"Feature","properties":{"stage":2,"elev":12.8,"name":"haor basin fill"},"geometry":{"type":"Point","coordinates":[91.808383561643822,25.018110552763819]}},{"type":"Feature","properties":{"stage":2,"elev":10.9,"name":"haor basin fill"},"geometry":{"type":"Point","coordinates":[91.812219178082188,25.018110552763819]}},{"type":"Feature","properties":{"stage":2,"elev":11.8,"name":"haor basin fill"},"geometry":{"type":"Point","coordinates":[91.816054794520554,25.018110552763819]}},{"type":"Feature","properties":{"stage":2,"elev":12.6,"name":"haor basin fill"},"geometry":{"type":"Point","coordinates":[91.819890410958891,25.018110552763819]}},{"type":"Feature","properties":{"stage":2,"elev":12.4,"name":"haor basin fill"},"geometry":{"type":"Point","coordinates":[91.823726027397271,25.018110552763819]}},{"type":"Feature","properties":{"stage":2,"elev":12.1,"name":"haor basin fill"},"geometry":{"type":"Point","coordinates":[91.827561643835637,25.018110552763819]}},{"type":"Feature","properties":{"stage":2,"elev":12.6,"name":"haor basin fill"},"geometry":{"type":"Point","coordinates":[91.835232876712325,25.018110552763819]}},{"type":"Feature","properties":{"stage":2,"elev":12.2,"name":"haor basin fill"},"geometry":{"type":"Point","coordinates":[91.865917808219166,25.018110552763819]}},{"type":"Feature","properties":{"stage":2,"elev":11.4,"name":"haor basin fill"},"geometry":{"type":"Point","coordinates":[91.869753424657546,25.018110552763819]}},{"type":"Feature","properties":{"stage":2,"elev":12,"name":"haor basin fill"},"geometry":{"type":"Point","coordinates":[91.873589041095912,25.018110552763819]}},{"type":"Feature","properties":{"stage":2,"elev":11.6,"name":"haor basin fill"},"geometry":{"type":"Point","coordinates":[91.877424657534235,25.018110552763819]}},{"type":"Feature","properties":{"stage":2,"elev":11.4,"name":"haor basin fill"},"geometry":{"type":"Point","coordinates":[91.881260273972586,25.018110552763819]}},{"type":"Feature","properties":{"stage":2,"elev":10.8,"name":"haor basin fill"},"geometry":{"type":"Point","coordinates":[91.885095890410952,25.018110552763819]}},{"type":"Feature","properties":{"stage":2,"elev":9.9,"name":"haor basin fill"},"geometry":{"type":"Point","coordinates":[91.8889315068493,25.018110552763819]}},{"type":"Feature","properties":{"stage":2,"elev":10.7,"name":"haor basin fill"},"geometry":{"type":"Point","coordinates":[91.892767123287655,25.018110552763819]}},{"type":"Feature","properties":{"stage":2,"elev":11.2,"name":"haor basin fill"},"geometry":{"type":"Point","coordinates":[91.896602739726021,25.018110552763819]}},{"type":"Feature","properties":{"stage":2,"elev":10.4,"name":"haor basin fill"},"geometry":{"type":"Point","coordinates":[91.900438356164386,25.018110552763819]}},{"type":"Feature","properties":{"stage":2,"elev":11.6,"name":"haor basin fill"},"geometry":{"type":"Point","coordinates":[91.904273972602738,25.018110552763819]}},{"type":"Feature","properties":{"stage":2,"elev":11.1,"name":"haor basin fill"},"geometry":{"type":"Point","coordinates":[91.9081095890411,25.018110552763819]}},{"type":"Feature","properties":{"stage":2,"elev":11.1,"name":"haor basin fill"},"geometry":{"type":"Point","coordinates":[91.911945205479441,25.018110552763819]}},{"type":"Feature","properties":{"stage":2,"elev":12.7,"name":"haor basin fill"},"geometry":{"type":"Point","coordinates":[91.915780821917821,25.018110552763819]}},{"type":"Feature","properties":{"stage":2,"elev":12.5,"name":"haor basin fill"},"geometry":{"type":"Point","coordinates":[91.919616438356186,25.018110552763819]}},{"type":"Feature","properties":{"stage":2,"elev":12.2,"name":"haor basin fill"},"geometry":{"type":"Point","coordinates":[91.92345205479451,25.018110552763819]}},{"type":"Feature","properties":{"stage":2,"elev":12.1,"name":"haor basin fill"},"geometry":{"type":"Point","coordinates":[91.934958904109592,25.018110552763819]}},{"type":"Feature","properties":{"stage":2,"elev":11.8,"name":"haor basin fill"},"geometry":{"type":"Point","coordinates":[91.93879452054793,25.018110552763819]}},{"type":"Feature","properties":{"stage":2,"elev":11.2,"name":"haor basin fill"},"geometry":{"type":"Point","coordinates":[91.94263013698631,25.018110552763819]}},{"type":"Feature","properties":{"stage":2,"elev":11.9,"name":"haor basin fill"},"geometry":{"type":"Point","coordinates":[91.946465753424675,25.018110552763819]}},{"type":"Feature","properties":{"stage":2,"elev":12.8,"name":"haor basin fill"},"geometry":{"type":"Point","coordinates":[91.950301369863013,25.018110552763819]}},{"type":"Feature","properties":{"stage":2,"elev":12.7,"name":"haor basin fill"},"geometry":{"type":"Point","coordinates":[91.957972602739716,25.018110552763819]}},{"type":"Feature","properties":{"stage":2,"elev":12.4,"name":"haor basin fill"},"geometry":{"type":"Point","coordinates":[91.961808219178081,25.018110552763819]}},{"type":"Feature","properties":{"stage":2,"elev":12.6,"name":"haor basin fill"},"geometry":{"type":"Point","coordinates":[91.965643835616419,25.018110552763819]}},{"type":"Feature","properties":{"stage":2,"elev":12.5,"name":"haor basin fill"},"geometry":{"type":"Point","coordinates":[91.973315068493164,25.018110552763819]}},{"type":"Feature","properties":{"stage":2,"elev":12.6,"name":"haor basin fill"},"geometry":{"type":"Point","coordinates":[91.9771506849315,25.018110552763819]}},{"type":"Feature","properties":{"stage":2,"elev":12.1,"name":"haor basin fill"},"geometry":{"type":"Point","coordinates":[91.984821917808219,25.018110552763819]}},{"type":"Feature","properties":{"stage":2,"elev":10.6,"name":"haor basin fill"},"geometry":{"type":"Point","coordinates":[91.781534246575347,25.021929648241205]}},{"type":"Feature","properties":{"stage":2,"elev":11.8,"name":"haor basin fill"},"geometry":{"type":"Point","coordinates":[91.7853698630137,25.021929648241205]}},{"type":"Feature","properties":{"stage":2,"elev":10.8,"name":"haor basin fill"},"geometry":{"type":"Point","coordinates":[91.789205479452065,25.021929648241205]}},{"type":"Feature","properties":{"stage":2,"elev":12.6,"name":"haor basin fill"},"geometry":{"type":"Point","coordinates":[91.7930410958904,25.021929648241205]}},{"type":"Feature","properties":{"stage":2,"elev":12.1,"name":"haor basin fill"},"geometry":{"type":"Point","coordinates":[91.796876712328782,25.021929648241205]}},{"type":"Feature","properties":{"stage":2,"elev":12.6,"name":"haor basin fill"},"geometry":{"type":"Point","coordinates":[91.808383561643822,25.021929648241205]}},{"type":"Feature","properties":{"stage":2,"elev":12.9,"name":"haor basin fill"},"geometry":{"type":"Point","coordinates":[91.812219178082188,25.021929648241205]}},{"type":"Feature","properties":{"stage":2,"elev":12.6,"name":"haor basin fill"},"geometry":{"type":"Point","coordinates":[91.816054794520554,25.021929648241205]}},{"type":"Feature","properties":{"stage":2,"elev":12.8,"name":"haor basin fill"},"geometry":{"type":"Point","coordinates":[91.819890410958891,25.021929648241205]}},{"type":"Feature","properties":{"stage":2,"elev":12.6,"name":"haor basin fill"},"geometry":{"type":"Point","coordinates":[91.823726027397271,25.021929648241205]}},{"type":"Feature","properties":{"stage":2,"elev":12.9,"name":"haor basin fill"},"geometry":{"type":"Point","coordinates":[91.831397260273974,25.021929648241205]}},{"type":"Feature","properties":{"stage":2,"elev":12.1,"name":"haor basin fill"},"geometry":{"type":"Point","coordinates":[91.842904109589043,25.021929648241205]}},{"type":"Feature","properties":{"stage":2,"elev":11.8,"name":"haor basin fill"},"geometry":{"type":"Point","coordinates":[91.84673972602738,25.021929648241205]}},{"type":"Feature","properties":{"stage":2,"elev":13,"name":"haor basin fill"},"geometry":{"type":"Point","coordinates":[91.85057534246576,25.021929648241205]}},{"type":"Feature","properties":{"stage":2,"elev":12.8,"name":"haor basin fill"},"geometry":{"type":"Point","coordinates":[91.854410958904126,25.021929648241205]}},{"type":"Feature","properties":{"stage":2,"elev":12.6,"name":"haor basin fill"},"geometry":{"type":"Point","coordinates":[91.865917808219166,25.021929648241205]}},{"type":"Feature","properties":{"stage":2,"elev":11.8,"name":"haor basin fill"},"geometry":{"type":"Point","coordinates":[91.869753424657546,25.021929648241205]}},{"type":"Feature","properties":{"stage":2,"elev":11.3,"name":"haor basin fill"},"geometry":{"type":"Point","coordinates":[91.873589041095912,25.021929648241205]}},{"type":"Feature","properties":{"stage":2,"elev":11.4,"name":"haor basin fill"},"geometry":{"type":"Point","coordinates":[91.877424657534235,25.021929648241205]}},{"type":"Feature","properties":{"stage":2,"elev":11.4,"name":"haor basin fill"},"geometry":{"type":"Point","coordinates":[91.881260273972586,25.021929648241205]}},{"type":"Feature","properties":{"stage":2,"elev":11.8,"name":"haor basin fill"},"geometry":{"type":"Point","coordinates":[91.885095890410952,25.021929648241205]}},{"type":"Feature","properties":{"stage":2,"elev":11.6,"name":"haor basin fill"},"geometry":{"type":"Point","coordinates":[91.8889315068493,25.021929648241205]}},{"type":"Feature","properties":{"stage":2,"elev":12.4,"name":"haor basin fill"},"geometry":{"type":"Point","coordinates":[91.892767123287655,25.021929648241205]}},{"type":"Feature","properties":{"stage":2,"elev":11.9,"name":"haor basin fill"},"geometry":{"type":"Point","coordinates":[91.896602739726021,25.021929648241205]}},{"type":"Feature","properties":{"stage":2,"elev":11.8,"name":"haor basin fill"},"geometry":{"type":"Point","coordinates":[91.900438356164386,25.021929648241205]}},{"type":"Feature","properties":{"stage":2,"elev":9.8,"name":"haor basin fill"},"geometry":{"type":"Point","coordinates":[91.904273972602738,25.021929648241205]}},{"type":"Feature","properties":{"stage":2,"elev":10.1,"name":"haor basin fill"},"geometry":{"type":"Point","coordinates":[91.9081095890411,25.021929648241205]}},{"type":"Feature","properties":{"stage":2,"elev":11.1,"name":"haor basin fill"},"geometry":{"type":"Point","coordinates":[91.911945205479441,25.021929648241205]}},{"type":"Feature","properties":{"stage":2,"elev":12.3,"name":"haor basin fill"},"geometry":{"type":"Point","coordinates":[91.915780821917821,25.021929648241205]}},{"type":"Feature","properties":{"stage":2,"elev":11.6,"name":"haor basin fill"},"geometry":{"type":"Point","coordinates":[91.919616438356186,25.021929648241205]}},{"type":"Feature","properties":{"stage":2,"elev":11.1,"name":"haor basin fill"},"geometry":{"type":"Point","coordinates":[91.92345205479451,25.021929648241205]}},{"type":"Feature","properties":{"stage":2,"elev":11.1,"name":"haor basin fill"},"geometry":{"type":"Point","coordinates":[91.927287671232847,25.021929648241205]}},{"type":"Feature","properties":{"stage":2,"elev":11,"name":"haor basin fill"},"geometry":{"type":"Point","coordinates":[91.931123287671227,25.021929648241205]}},{"type":"Feature","properties":{"stage":2,"elev":11.1,"name":"haor basin fill"},"geometry":{"type":"Point","coordinates":[91.934958904109592,25.021929648241205]}},{"type":"Feature","properties":{"stage":2,"elev":11.4,"name":"haor basin fill"},"geometry":{"type":"Point","coordinates":[91.93879452054793,25.021929648241205]}},{"type":"Feature","properties":{"stage":2,"elev":12.1,"name":"haor basin fill"},"geometry":{"type":"Point","coordinates":[91.94263013698631,25.021929648241205]}},{"type":"Feature","properties":{"stage":2,"elev":11.6,"name":"haor basin fill"},"geometry":{"type":"Point","coordinates":[91.946465753424675,25.021929648241205]}},{"type":"Feature","properties":{"stage":2,"elev":12.5,"name":"haor basin fill"},"geometry":{"type":"Point","coordinates":[91.950301369863013,25.021929648241205]}},{"type":"Feature","properties":{"stage":2,"elev":12.4,"name":"haor basin fill"},"geometry":{"type":"Point","coordinates":[91.954136986301364,25.021929648241205]}},{"type":"Feature","properties":{"stage":2,"elev":12.1,"name":"haor basin fill"},"geometry":{"type":"Point","coordinates":[91.957972602739716,25.021929648241205]}},{"type":"Feature","properties":{"stage":2,"elev":12.9,"name":"haor basin fill"},"geometry":{"type":"Point","coordinates":[91.961808219178081,25.021929648241205]}},{"type":"Feature","properties":{"stage":2,"elev":12.8,"name":"haor basin fill"},"geometry":{"type":"Point","coordinates":[91.9694794520548,25.021929648241205]}},{"type":"Feature","properties":{"stage":2,"elev":12.4,"name":"haor basin fill"},"geometry":{"type":"Point","coordinates":[91.973315068493164,25.021929648241205]}},{"type":"Feature","properties":{"stage":2,"elev":11.9,"name":"haor basin fill"},"geometry":{"type":"Point","coordinates":[91.9771506849315,25.021929648241205]}},{"type":"Feature","properties":{"stage":2,"elev":12.7,"name":"haor basin fill"},"geometry":{"type":"Point","coordinates":[91.980986301369882,25.021929648241205]}},{"type":"Feature","properties":{"stage":2,"elev":11.7,"name":"haor basin fill"},"geometry":{"type":"Point","coordinates":[91.984821917808219,25.021929648241205]}},{"type":"Feature","properties":{"stage":2,"elev":11.9,"name":"haor basin fill"},"geometry":{"type":"Point","coordinates":[91.781534246575347,25.025748743718594]}},{"type":"Feature","properties":{"stage":2,"elev":11.2,"name":"haor basin fill"},"geometry":{"type":"Point","coordinates":[91.7853698630137,25.025748743718594]}},{"type":"Feature","properties":{"stage":2,"elev":12,"name":"haor basin fill"},"geometry":{"type":"Point","coordinates":[91.789205479452065,25.025748743718594]}},{"type":"Feature","properties":{"stage":2,"elev":11.8,"name":"haor basin fill"},"geometry":{"type":"Point","coordinates":[91.796876712328782,25.025748743718594]}},{"type":"Feature","properties":{"stage":2,"elev":11.4,"name":"haor basin fill"},"geometry":{"type":"Point","coordinates":[91.800712328767148,25.025748743718594]}},{"type":"Feature","properties":{"stage":2,"elev":13,"name":"haor basin fill"},"geometry":{"type":"Point","coordinates":[91.804547945205471,25.025748743718594]}},{"type":"Feature","properties":{"stage":2,"elev":12.5,"name":"haor basin fill"},"geometry":{"type":"Point","coordinates":[91.808383561643822,25.025748743718594]}},{"type":"Feature","properties":{"stage":2,"elev":12.6,"name":"haor basin fill"},"geometry":{"type":"Point","coordinates":[91.812219178082188,25.025748743718594]}},{"type":"Feature","properties":{"stage":2,"elev":12.9,"name":"haor basin fill"},"geometry":{"type":"Point","coordinates":[91.816054794520554,25.025748743718594]}},{"type":"Feature","properties":{"stage":2,"elev":12.8,"name":"haor basin fill"},"geometry":{"type":"Point","coordinates":[91.839068493150677,25.025748743718594]}},{"type":"Feature","properties":{"stage":2,"elev":12.2,"name":"haor basin fill"},"geometry":{"type":"Point","coordinates":[91.842904109589043,25.025748743718594]}},{"type":"Feature","properties":{"stage":2,"elev":12.7,"name":"haor basin fill"},"geometry":{"type":"Point","coordinates":[91.85057534246576,25.025748743718594]}},{"type":"Feature","properties":{"stage":2,"elev":11.9,"name":"haor basin fill"},"geometry":{"type":"Point","coordinates":[91.854410958904126,25.025748743718594]}},{"type":"Feature","properties":{"stage":2,"elev":12.7,"name":"haor basin fill"},"geometry":{"type":"Point","coordinates":[91.858246575342463,25.025748743718594]}},{"type":"Feature","properties":{"stage":2,"elev":12.6,"name":"haor basin fill"},"geometry":{"type":"Point","coordinates":[91.862082191780829,25.025748743718594]}},{"type":"Feature","properties":{"stage":2,"elev":12.4,"name":"haor basin fill"},"geometry":{"type":"Point","coordinates":[91.865917808219166,25.025748743718594]}},{"type":"Feature","properties":{"stage":2,"elev":12.5,"name":"haor basin fill"},"geometry":{"type":"Point","coordinates":[91.869753424657546,25.025748743718594]}},{"type":"Feature","properties":{"stage":2,"elev":11.2,"name":"haor basin fill"},"geometry":{"type":"Point","coordinates":[91.873589041095912,25.025748743718594]}},{"type":"Feature","properties":{"stage":2,"elev":12,"name":"haor basin fill"},"geometry":{"type":"Point","coordinates":[91.877424657534235,25.025748743718594]}},{"type":"Feature","properties":{"stage":2,"elev":11.3,"name":"haor basin fill"},"geometry":{"type":"Point","coordinates":[91.881260273972586,25.025748743718594]}},{"type":"Feature","properties":{"stage":2,"elev":9.6,"name":"haor basin fill"},"geometry":{"type":"Point","coordinates":[91.885095890410952,25.025748743718594]}},{"type":"Feature","properties":{"stage":2,"elev":10.3,"name":"haor basin fill"},"geometry":{"type":"Point","coordinates":[91.8889315068493,25.025748743718594]}},{"type":"Feature","properties":{"stage":2,"elev":12.2,"name":"haor basin fill"},"geometry":{"type":"Point","coordinates":[91.892767123287655,25.025748743718594]}},{"type":"Feature","properties":{"stage":2,"elev":11.1,"name":"haor basin fill"},"geometry":{"type":"Point","coordinates":[91.896602739726021,25.025748743718594]}},{"type":"Feature","properties":{"stage":2,"elev":11,"name":"haor basin fill"},"geometry":{"type":"Point","coordinates":[91.900438356164386,25.025748743718594]}},{"type":"Feature","properties":{"stage":2,"elev":9.6,"name":"haor basin fill"},"geometry":{"type":"Point","coordinates":[91.904273972602738,25.025748743718594]}},{"type":"Feature","properties":{"stage":2,"elev":9.9,"name":"haor basin fill"},"geometry":{"type":"Point","coordinates":[91.9081095890411,25.025748743718594]}},{"type":"Feature","properties":{"stage":2,"elev":9.6,"name":"haor basin fill"},"geometry":{"type":"Point","coordinates":[91.911945205479441,25.025748743718594]}},{"type":"Feature","properties":{"stage":2,"elev":10.2,"name":"haor basin fill"},"geometry":{"type":"Point","coordinates":[91.915780821917821,25.025748743718594]}},{"type":"Feature","properties":{"stage":2,"elev":10.9,"name":"haor basin fill"},"geometry":{"type":"Point","coordinates":[91.919616438356186,25.025748743718594]}},{"type":"Feature","properties":{"stage":2,"elev":11,"name":"haor basin fill"},"geometry":{"type":"Point","coordinates":[91.92345205479451,25.025748743718594]}},{"type":"Feature","properties":{"stage":2,"elev":10.2,"name":"haor basin fill"},"geometry":{"type":"Point","coordinates":[91.927287671232847,25.025748743718594]}},{"type":"Feature","properties":{"stage":2,"elev":10.2,"name":"haor basin fill"},"geometry":{"type":"Point","coordinates":[91.931123287671227,25.025748743718594]}},{"type":"Feature","properties":{"stage":2,"elev":12,"name":"haor basin fill"},"geometry":{"type":"Point","coordinates":[91.934958904109592,25.025748743718594]}},{"type":"Feature","properties":{"stage":2,"elev":11.7,"name":"haor basin fill"},"geometry":{"type":"Point","coordinates":[91.93879452054793,25.025748743718594]}},{"type":"Feature","properties":{"stage":2,"elev":11,"name":"haor basin fill"},"geometry":{"type":"Point","coordinates":[91.94263013698631,25.025748743718594]}},{"type":"Feature","properties":{"stage":2,"elev":12.1,"name":"haor basin fill"},"geometry":{"type":"Point","coordinates":[91.946465753424675,25.025748743718594]}},{"type":"Feature","properties":{"stage":2,"elev":10.4,"name":"haor basin fill"},"geometry":{"type":"Point","coordinates":[91.950301369863013,25.025748743718594]}},{"type":"Feature","properties":{"stage":2,"elev":10.6,"name":"haor basin fill"},"geometry":{"type":"Point","coordinates":[91.954136986301364,25.025748743718594]}},{"type":"Feature","properties":{"stage":2,"elev":12,"name":"haor basin fill"},"geometry":{"type":"Point","coordinates":[91.957972602739716,25.025748743718594]}},{"type":"Feature","properties":{"stage":2,"elev":11.4,"name":"haor basin fill"},"geometry":{"type":"Point","coordinates":[91.961808219178081,25.025748743718594]}},{"type":"Feature","properties":{"stage":2,"elev":11.7,"name":"haor basin fill"},"geometry":{"type":"Point","coordinates":[91.965643835616419,25.025748743718594]}},{"type":"Feature","properties":{"stage":2,"elev":13,"name":"haor basin fill"},"geometry":{"type":"Point","coordinates":[91.9694794520548,25.025748743718594]}},{"type":"Feature","properties":{"stage":2,"elev":12,"name":"haor basin fill"},"geometry":{"type":"Point","coordinates":[91.9771506849315,25.025748743718594]}},{"type":"Feature","properties":{"stage":2,"elev":12.5,"name":"haor basin fill"},"geometry":{"type":"Point","coordinates":[91.980986301369882,25.025748743718594]}},{"type":"Feature","properties":{"stage":2,"elev":13,"name":"haor basin fill"},"geometry":{"type":"Point","coordinates":[91.781534246575347,25.02956783919598]}},{"type":"Feature","properties":{"stage":2,"elev":12,"name":"haor basin fill"},"geometry":{"type":"Point","coordinates":[91.7853698630137,25.02956783919598]}},{"type":"Feature","properties":{"stage":2,"elev":11.1,"name":"haor basin fill"},"geometry":{"type":"Point","coordinates":[91.789205479452065,25.02956783919598]}},{"type":"Feature","properties":{"stage":2,"elev":11.9,"name":"haor basin fill"},"geometry":{"type":"Point","coordinates":[91.7930410958904,25.02956783919598]}},{"type":"Feature","properties":{"stage":2,"elev":11.4,"name":"haor basin fill"},"geometry":{"type":"Point","coordinates":[91.796876712328782,25.02956783919598]}},{"type":"Feature","properties":{"stage":2,"elev":11.8,"name":"haor basin fill"},"geometry":{"type":"Point","coordinates":[91.800712328767148,25.02956783919598]}},{"type":"Feature","properties":{"stage":2,"elev":12.1,"name":"haor basin fill"},"geometry":{"type":"Point","coordinates":[91.804547945205471,25.02956783919598]}},{"type":"Feature","properties":{"stage":2,"elev":12.8,"name":"haor basin fill"},"geometry":{"type":"Point","coordinates":[91.808383561643822,25.02956783919598]}},{"type":"Feature","properties":{"stage":2,"elev":12.3,"name":"haor basin fill"},"geometry":{"type":"Point","coordinates":[91.812219178082188,25.02956783919598]}},{"type":"Feature","properties":{"stage":2,"elev":12.6,"name":"haor basin fill"},"geometry":{"type":"Point","coordinates":[91.816054794520554,25.02956783919598]}},{"type":"Feature","properties":{"stage":2,"elev":12.7,"name":"haor basin fill"},"geometry":{"type":"Point","coordinates":[91.819890410958891,25.02956783919598]}},{"type":"Feature","properties":{"stage":2,"elev":12.2,"name":"haor basin fill"},"geometry":{"type":"Point","coordinates":[91.823726027397271,25.02956783919598]}},{"type":"Feature","properties":{"stage":2,"elev":11.1,"name":"haor basin fill"},"geometry":{"type":"Point","coordinates":[91.839068493150677,25.02956783919598]}},{"type":"Feature","properties":{"stage":2,"elev":11.8,"name":"haor basin fill"},"geometry":{"type":"Point","coordinates":[91.85057534246576,25.02956783919598]}},{"type":"Feature","properties":{"stage":2,"elev":11.3,"name":"haor basin fill"},"geometry":{"type":"Point","coordinates":[91.854410958904126,25.02956783919598]}},{"type":"Feature","properties":{"stage":2,"elev":12.8,"name":"haor basin fill"},"geometry":{"type":"Point","coordinates":[91.858246575342463,25.02956783919598]}},{"type":"Feature","properties":{"stage":2,"elev":12.3,"name":"haor basin fill"},"geometry":{"type":"Point","coordinates":[91.862082191780829,25.02956783919598]}},{"type":"Feature","properties":{"stage":2,"elev":12.3,"name":"haor basin fill"},"geometry":{"type":"Point","coordinates":[91.865917808219166,25.02956783919598]}},{"type":"Feature","properties":{"stage":2,"elev":11.9,"name":"haor basin fill"},"geometry":{"type":"Point","coordinates":[91.877424657534235,25.02956783919598]}},{"type":"Feature","properties":{"stage":2,"elev":9.9,"name":"haor basin fill"},"geometry":{"type":"Point","coordinates":[91.881260273972586,25.02956783919598]}},{"type":"Feature","properties":{"stage":2,"elev":11.3,"name":"haor basin fill"},"geometry":{"type":"Point","coordinates":[91.885095890410952,25.02956783919598]}},{"type":"Feature","properties":{"stage":2,"elev":11.4,"name":"haor basin fill"},"geometry":{"type":"Point","coordinates":[91.8889315068493,25.02956783919598]}},{"type":"Feature","properties":{"stage":2,"elev":10.7,"name":"haor basin fill"},"geometry":{"type":"Point","coordinates":[91.892767123287655,25.02956783919598]}},{"type":"Feature","properties":{"stage":2,"elev":10.2,"name":"haor basin fill"},"geometry":{"type":"Point","coordinates":[91.896602739726021,25.02956783919598]}},{"type":"Feature","properties":{"stage":2,"elev":12.8,"name":"haor basin fill"},"geometry":{"type":"Point","coordinates":[91.900438356164386,25.02956783919598]}},{"type":"Feature","properties":{"stage":2,"elev":10.9,"name":"haor basin fill"},"geometry":{"type":"Point","coordinates":[91.904273972602738,25.02956783919598]}},{"type":"Feature","properties":{"stage":2,"elev":10.2,"name":"haor basin fill"},"geometry":{"type":"Point","coordinates":[91.9081095890411,25.02956783919598]}},{"type":"Feature","properties":{"stage":2,"elev":9.6,"name":"haor basin fill"},"geometry":{"type":"Point","coordinates":[91.911945205479441,25.02956783919598]}},{"type":"Feature","properties":{"stage":2,"elev":10.3,"name":"haor basin fill"},"geometry":{"type":"Point","coordinates":[91.915780821917821,25.02956783919598]}},{"type":"Feature","properties":{"stage":2,"elev":10.3,"name":"haor basin fill"},"geometry":{"type":"Point","coordinates":[91.919616438356186,25.02956783919598]}},{"type":"Feature","properties":{"stage":2,"elev":10,"name":"haor basin fill"},"geometry":{"type":"Point","coordinates":[91.92345205479451,25.02956783919598]}},{"type":"Feature","properties":{"stage":2,"elev":11,"name":"haor basin fill"},"geometry":{"type":"Point","coordinates":[91.927287671232847,25.02956783919598]}},{"type":"Feature","properties":{"stage":2,"elev":11.2,"name":"haor basin fill"},"geometry":{"type":"Point","coordinates":[91.931123287671227,25.02956783919598]}},{"type":"Feature","properties":{"stage":2,"elev":10.7,"name":"haor basin fill"},"geometry":{"type":"Point","coordinates":[91.934958904109592,25.02956783919598]}},{"type":"Feature","properties":{"stage":2,"elev":12.8,"name":"haor basin fill"},"geometry":{"type":"Point","coordinates":[91.93879452054793,25.02956783919598]}},{"type":"Feature","properties":{"stage":2,"elev":11.6,"name":"haor basin fill"},"geometry":{"type":"Point","coordinates":[91.94263013698631,25.02956783919598]}},{"type":"Feature","properties":{"stage":2,"elev":10.3,"name":"haor basin fill"},"geometry":{"type":"Point","coordinates":[91.946465753424675,25.02956783919598]}},{"type":"Feature","properties":{"stage":2,"elev":10.9,"name":"haor basin fill"},"geometry":{"type":"Point","coordinates":[91.950301369863013,25.02956783919598]}},{"type":"Feature","properties":{"stage":2,"elev":12.1,"name":"haor basin fill"},"geometry":{"type":"Point","coordinates":[91.954136986301364,25.02956783919598]}},{"type":"Feature","properties":{"stage":2,"elev":11.8,"name":"haor basin fill"},"geometry":{"type":"Point","coordinates":[91.957972602739716,25.02956783919598]}},{"type":"Feature","properties":{"stage":2,"elev":10.4,"name":"haor basin fill"},"geometry":{"type":"Point","coordinates":[91.961808219178081,25.02956783919598]}},{"type":"Feature","properties":{"stage":2,"elev":12.1,"name":"haor basin fill"},"geometry":{"type":"Point","coordinates":[91.965643835616419,25.02956783919598]}},{"type":"Feature","properties":{"stage":2,"elev":11.7,"name":"haor basin fill"},"geometry":{"type":"Point","coordinates":[91.9694794520548,25.02956783919598]}},{"type":"Feature","properties":{"stage":2,"elev":12.9,"name":"haor basin fill"},"geometry":{"type":"Point","coordinates":[91.973315068493164,25.02956783919598]}},{"type":"Feature","properties":{"stage":2,"elev":12.1,"name":"haor basin fill"},"geometry":{"type":"Point","coordinates":[91.9771506849315,25.02956783919598]}},{"type":"Feature","properties":{"stage":2,"elev":11.8,"name":"haor basin fill"},"geometry":{"type":"Point","coordinates":[91.980986301369882,25.02956783919598]}},{"type":"Feature","properties":{"stage":2,"elev":12.6,"name":"haor basin fill"},"geometry":{"type":"Point","coordinates":[91.984821917808219,25.02956783919598]}},{"type":"Feature","properties":{"stage":2,"elev":12.4,"name":"haor basin fill"},"geometry":{"type":"Point","coordinates":[91.781534246575347,25.033386934673366]}},{"type":"Feature","properties":{"stage":2,"elev":10.7,"name":"haor basin fill"},"geometry":{"type":"Point","coordinates":[91.7853698630137,25.033386934673366]}},{"type":"Feature","properties":{"stage":2,"elev":11.1,"name":"haor basin fill"},"geometry":{"type":"Point","coordinates":[91.789205479452065,25.033386934673366]}},{"type":"Feature","properties":{"stage":2,"elev":11.4,"name":"haor basin fill"},"geometry":{"type":"Point","coordinates":[91.7930410958904,25.033386934673366]}},{"type":"Feature","properties":{"stage":2,"elev":11.8,"name":"haor basin fill"},"geometry":{"type":"Point","coordinates":[91.796876712328782,25.033386934673366]}},{"type":"Feature","properties":{"stage":2,"elev":12.6,"name":"haor basin fill"},"geometry":{"type":"Point","coordinates":[91.800712328767148,25.033386934673366]}},{"type":"Feature","properties":{"stage":2,"elev":12.4,"name":"haor basin fill"},"geometry":{"type":"Point","coordinates":[91.804547945205471,25.033386934673366]}},{"type":"Feature","properties":{"stage":2,"elev":11.4,"name":"haor basin fill"},"geometry":{"type":"Point","coordinates":[91.808383561643822,25.033386934673366]}},{"type":"Feature","properties":{"stage":2,"elev":11.2,"name":"haor basin fill"},"geometry":{"type":"Point","coordinates":[91.812219178082188,25.033386934673366]}},{"type":"Feature","properties":{"stage":2,"elev":12.4,"name":"haor basin fill"},"geometry":{"type":"Point","coordinates":[91.835232876712325,25.033386934673366]}},{"type":"Feature","properties":{"stage":2,"elev":12.2,"name":"haor basin fill"},"geometry":{"type":"Point","coordinates":[91.85057534246576,25.033386934673366]}},{"type":"Feature","properties":{"stage":2,"elev":12.4,"name":"haor basin fill"},"geometry":{"type":"Point","coordinates":[91.873589041095912,25.033386934673366]}},{"type":"Feature","properties":{"stage":2,"elev":12.4,"name":"haor basin fill"},"geometry":{"type":"Point","coordinates":[91.877424657534235,25.033386934673366]}},{"type":"Feature","properties":{"stage":2,"elev":10.9,"name":"haor basin fill"},"geometry":{"type":"Point","coordinates":[91.881260273972586,25.033386934673366]}},{"type":"Feature","properties":{"stage":2,"elev":10.8,"name":"haor basin fill"},"geometry":{"type":"Point","coordinates":[91.885095890410952,25.033386934673366]}},{"type":"Feature","properties":{"stage":2,"elev":11.2,"name":"haor basin fill"},"geometry":{"type":"Point","coordinates":[91.8889315068493,25.033386934673366]}},{"type":"Feature","properties":{"stage":2,"elev":11.8,"name":"haor basin fill"},"geometry":{"type":"Point","coordinates":[91.892767123287655,25.033386934673366]}},{"type":"Feature","properties":{"stage":2,"elev":12.7,"name":"haor basin fill"},"geometry":{"type":"Point","coordinates":[91.896602739726021,25.033386934673366]}},{"type":"Feature","properties":{"stage":2,"elev":11.4,"name":"haor basin fill"},"geometry":{"type":"Point","coordinates":[91.900438356164386,25.033386934673366]}},{"type":"Feature","properties":{"stage":2,"elev":11.8,"name":"haor basin fill"},"geometry":{"type":"Point","coordinates":[91.904273972602738,25.033386934673366]}},{"type":"Feature","properties":{"stage":2,"elev":10.8,"name":"haor basin fill"},"geometry":{"type":"Point","coordinates":[91.9081095890411,25.033386934673366]}},{"type":"Feature","properties":{"stage":2,"elev":10.3,"name":"haor basin fill"},"geometry":{"type":"Point","coordinates":[91.911945205479441,25.033386934673366]}},{"type":"Feature","properties":{"stage":2,"elev":10.4,"name":"haor basin fill"},"geometry":{"type":"Point","coordinates":[91.915780821917821,25.033386934673366]}},{"type":"Feature","properties":{"stage":2,"elev":11.6,"name":"haor basin fill"},"geometry":{"type":"Point","coordinates":[91.919616438356186,25.033386934673366]}},{"type":"Feature","properties":{"stage":2,"elev":10.5,"name":"haor basin fill"},"geometry":{"type":"Point","coordinates":[91.92345205479451,25.033386934673366]}},{"type":"Feature","properties":{"stage":2,"elev":10.4,"name":"haor basin fill"},"geometry":{"type":"Point","coordinates":[91.927287671232847,25.033386934673366]}},{"type":"Feature","properties":{"stage":2,"elev":10.6,"name":"haor basin fill"},"geometry":{"type":"Point","coordinates":[91.931123287671227,25.033386934673366]}},{"type":"Feature","properties":{"stage":2,"elev":12,"name":"haor basin fill"},"geometry":{"type":"Point","coordinates":[91.934958904109592,25.033386934673366]}},{"type":"Feature","properties":{"stage":2,"elev":10.4,"name":"haor basin fill"},"geometry":{"type":"Point","coordinates":[91.93879452054793,25.033386934673366]}},{"type":"Feature","properties":{"stage":2,"elev":12.4,"name":"haor basin fill"},"geometry":{"type":"Point","coordinates":[91.94263013698631,25.033386934673366]}},{"type":"Feature","properties":{"stage":2,"elev":11.5,"name":"haor basin fill"},"geometry":{"type":"Point","coordinates":[91.946465753424675,25.033386934673366]}},{"type":"Feature","properties":{"stage":2,"elev":11.3,"name":"haor basin fill"},"geometry":{"type":"Point","coordinates":[91.950301369863013,25.033386934673366]}},{"type":"Feature","properties":{"stage":2,"elev":11.8,"name":"haor basin fill"},"geometry":{"type":"Point","coordinates":[91.954136986301364,25.033386934673366]}},{"type":"Feature","properties":{"stage":2,"elev":11.6,"name":"haor basin fill"},"geometry":{"type":"Point","coordinates":[91.957972602739716,25.033386934673366]}},{"type":"Feature","properties":{"stage":2,"elev":11.4,"name":"haor basin fill"},"geometry":{"type":"Point","coordinates":[91.961808219178081,25.033386934673366]}},{"type":"Feature","properties":{"stage":2,"elev":12,"name":"haor basin fill"},"geometry":{"type":"Point","coordinates":[91.965643835616419,25.033386934673366]}},{"type":"Feature","properties":{"stage":2,"elev":12.1,"name":"haor basin fill"},"geometry":{"type":"Point","coordinates":[91.9694794520548,25.033386934673366]}},{"type":"Feature","properties":{"stage":2,"elev":12.8,"name":"haor basin fill"},"geometry":{"type":"Point","coordinates":[91.973315068493164,25.033386934673366]}},{"type":"Feature","properties":{"stage":2,"elev":12.8,"name":"haor basin fill"},"geometry":{"type":"Point","coordinates":[91.9771506849315,25.033386934673366]}},{"type":"Feature","properties":{"stage":2,"elev":12.8,"name":"haor basin fill"},"geometry":{"type":"Point","coordinates":[91.980986301369882,25.033386934673366]}},{"type":"Feature","properties":{"stage":2,"elev":12.8,"name":"haor basin fill"},"geometry":{"type":"Point","coordinates":[91.781534246575347,25.037206030150752]}},{"type":"Feature","properties":{"stage":2,"elev":12.4,"name":"haor basin fill"},"geometry":{"type":"Point","coordinates":[91.7853698630137,25.037206030150752]}},{"type":"Feature","properties":{"stage":2,"elev":13,"name":"haor basin fill"},"geometry":{"type":"Point","coordinates":[91.789205479452065,25.037206030150752]}},{"type":"Feature","properties":{"stage":2,"elev":12.6,"name":"haor basin fill"},"geometry":{"type":"Point","coordinates":[91.7930410958904,25.037206030150752]}},{"type":"Feature","properties":{"stage":2,"elev":12.1,"name":"haor basin fill"},"geometry":{"type":"Point","coordinates":[91.796876712328782,25.037206030150752]}},{"type":"Feature","properties":{"stage":2,"elev":12.5,"name":"haor basin fill"},"geometry":{"type":"Point","coordinates":[91.800712328767148,25.037206030150752]}},{"type":"Feature","properties":{"stage":2,"elev":13,"name":"haor basin fill"},"geometry":{"type":"Point","coordinates":[91.804547945205471,25.037206030150752]}},{"type":"Feature","properties":{"stage":2,"elev":12.3,"name":"haor basin fill"},"geometry":{"type":"Point","coordinates":[91.827561643835637,25.037206030150752]}},{"type":"Feature","properties":{"stage":2,"elev":12.6,"name":"haor basin fill"},"geometry":{"type":"Point","coordinates":[91.831397260273974,25.037206030150752]}},{"type":"Feature","properties":{"stage":2,"elev":12.8,"name":"haor basin fill"},"geometry":{"type":"Point","coordinates":[91.842904109589043,25.037206030150752]}},{"type":"Feature","properties":{"stage":2,"elev":12.8,"name":"haor basin fill"},"geometry":{"type":"Point","coordinates":[91.85057534246576,25.037206030150752]}},{"type":"Feature","properties":{"stage":2,"elev":12.5,"name":"haor basin fill"},"geometry":{"type":"Point","coordinates":[91.854410958904126,25.037206030150752]}},{"type":"Feature","properties":{"stage":2,"elev":12.6,"name":"haor basin fill"},"geometry":{"type":"Point","coordinates":[91.877424657534235,25.037206030150752]}},{"type":"Feature","properties":{"stage":2,"elev":11.8,"name":"haor basin fill"},"geometry":{"type":"Point","coordinates":[91.881260273972586,25.037206030150752]}},{"type":"Feature","properties":{"stage":2,"elev":11.3,"name":"haor basin fill"},"geometry":{"type":"Point","coordinates":[91.885095890410952,25.037206030150752]}},{"type":"Feature","properties":{"stage":2,"elev":11.5,"name":"haor basin fill"},"geometry":{"type":"Point","coordinates":[91.8889315068493,25.037206030150752]}},{"type":"Feature","properties":{"stage":2,"elev":10.9,"name":"haor basin fill"},"geometry":{"type":"Point","coordinates":[91.892767123287655,25.037206030150752]}},{"type":"Feature","properties":{"stage":2,"elev":12,"name":"haor basin fill"},"geometry":{"type":"Point","coordinates":[91.896602739726021,25.037206030150752]}},{"type":"Feature","properties":{"stage":2,"elev":10.8,"name":"haor basin fill"},"geometry":{"type":"Point","coordinates":[91.900438356164386,25.037206030150752]}},{"type":"Feature","properties":{"stage":2,"elev":11.3,"name":"haor basin fill"},"geometry":{"type":"Point","coordinates":[91.904273972602738,25.037206030150752]}},{"type":"Feature","properties":{"stage":2,"elev":11.2,"name":"haor basin fill"},"geometry":{"type":"Point","coordinates":[91.9081095890411,25.037206030150752]}},{"type":"Feature","properties":{"stage":2,"elev":11.5,"name":"haor basin fill"},"geometry":{"type":"Point","coordinates":[91.911945205479441,25.037206030150752]}},{"type":"Feature","properties":{"stage":2,"elev":11.3,"name":"haor basin fill"},"geometry":{"type":"Point","coordinates":[91.915780821917821,25.037206030150752]}},{"type":"Feature","properties":{"stage":2,"elev":10.5,"name":"haor basin fill"},"geometry":{"type":"Point","coordinates":[91.919616438356186,25.037206030150752]}},{"type":"Feature","properties":{"stage":2,"elev":10.9,"name":"haor basin fill"},"geometry":{"type":"Point","coordinates":[91.92345205479451,25.037206030150752]}},{"type":"Feature","properties":{"stage":2,"elev":11.5,"name":"haor basin fill"},"geometry":{"type":"Point","coordinates":[91.927287671232847,25.037206030150752]}},{"type":"Feature","properties":{"stage":2,"elev":11.3,"name":"haor basin fill"},"geometry":{"type":"Point","coordinates":[91.931123287671227,25.037206030150752]}},{"type":"Feature","properties":{"stage":2,"elev":10.9,"name":"haor basin fill"},"geometry":{"type":"Point","coordinates":[91.934958904109592,25.037206030150752]}},{"type":"Feature","properties":{"stage":2,"elev":10.6,"name":"haor basin fill"},"geometry":{"type":"Point","coordinates":[91.93879452054793,25.037206030150752]}},{"type":"Feature","properties":{"stage":2,"elev":11.2,"name":"haor basin fill"},"geometry":{"type":"Point","coordinates":[91.94263013698631,25.037206030150752]}},{"type":"Feature","properties":{"stage":2,"elev":12,"name":"haor basin fill"},"geometry":{"type":"Point","coordinates":[91.950301369863013,25.037206030150752]}},{"type":"Feature","properties":{"stage":2,"elev":11.7,"name":"haor basin fill"},"geometry":{"type":"Point","coordinates":[91.954136986301364,25.037206030150752]}},{"type":"Feature","properties":{"stage":2,"elev":11.6,"name":"haor basin fill"},"geometry":{"type":"Point","coordinates":[91.957972602739716,25.037206030150752]}},{"type":"Feature","properties":{"stage":2,"elev":10.6,"name":"haor basin fill"},"geometry":{"type":"Point","coordinates":[91.965643835616419,25.037206030150752]}},{"type":"Feature","properties":{"stage":2,"elev":10.6,"name":"haor basin fill"},"geometry":{"type":"Point","coordinates":[91.9694794520548,25.037206030150752]}},{"type":"Feature","properties":{"stage":2,"elev":11.1,"name":"haor basin fill"},"geometry":{"type":"Point","coordinates":[91.973315068493164,25.037206030150752]}},{"type":"Feature","properties":{"stage":2,"elev":12.9,"name":"haor basin fill"},"geometry":{"type":"Point","coordinates":[91.9771506849315,25.037206030150752]}},{"type":"Feature","properties":{"stage":2,"elev":12.6,"name":"haor basin fill"},"geometry":{"type":"Point","coordinates":[91.781534246575347,25.041025125628142]}},{"type":"Feature","properties":{"stage":2,"elev":12.4,"name":"haor basin fill"},"geometry":{"type":"Point","coordinates":[91.7853698630137,25.041025125628142]}},{"type":"Feature","properties":{"stage":2,"elev":13,"name":"haor basin fill"},"geometry":{"type":"Point","coordinates":[91.7930410958904,25.041025125628142]}},{"type":"Feature","properties":{"stage":2,"elev":12.8,"name":"haor basin fill"},"geometry":{"type":"Point","coordinates":[91.796876712328782,25.041025125628142]}},{"type":"Feature","properties":{"stage":2,"elev":12.6,"name":"haor basin fill"},"geometry":{"type":"Point","coordinates":[91.823726027397271,25.041025125628142]}},{"type":"Feature","properties":{"stage":2,"elev":12.8,"name":"haor basin fill"},"geometry":{"type":"Point","coordinates":[91.842904109589043,25.041025125628142]}},{"type":"Feature","properties":{"stage":2,"elev":11.9,"name":"haor basin fill"},"geometry":{"type":"Point","coordinates":[91.84673972602738,25.041025125628142]}},{"type":"Feature","properties":{"stage":2,"elev":12.2,"name":"haor basin fill"},"geometry":{"type":"Point","coordinates":[91.865917808219166,25.041025125628142]}},{"type":"Feature","properties":{"stage":2,"elev":12.1,"name":"haor basin fill"},"geometry":{"type":"Point","coordinates":[91.877424657534235,25.041025125628142]}},{"type":"Feature","properties":{"stage":2,"elev":12.1,"name":"haor basin fill"},"geometry":{"type":"Point","coordinates":[91.881260273972586,25.041025125628142]}},{"type":"Feature","properties":{"stage":2,"elev":12.3,"name":"haor basin fill"},"geometry":{"type":"Point","coordinates":[91.885095890410952,25.041025125628142]}},{"type":"Feature","properties":{"stage":2,"elev":11.2,"name":"haor basin fill"},"geometry":{"type":"Point","coordinates":[91.8889315068493,25.041025125628142]}},{"type":"Feature","properties":{"stage":2,"elev":11.2,"name":"haor basin fill"},"geometry":{"type":"Point","coordinates":[91.892767123287655,25.041025125628142]}},{"type":"Feature","properties":{"stage":2,"elev":11,"name":"haor basin fill"},"geometry":{"type":"Point","coordinates":[91.896602739726021,25.041025125628142]}},{"type":"Feature","properties":{"stage":2,"elev":11.2,"name":"haor basin fill"},"geometry":{"type":"Point","coordinates":[91.900438356164386,25.041025125628142]}},{"type":"Feature","properties":{"stage":2,"elev":11.2,"name":"haor basin fill"},"geometry":{"type":"Point","coordinates":[91.904273972602738,25.041025125628142]}},{"type":"Feature","properties":{"stage":2,"elev":10.7,"name":"haor basin fill"},"geometry":{"type":"Point","coordinates":[91.9081095890411,25.041025125628142]}},{"type":"Feature","properties":{"stage":2,"elev":10.1,"name":"haor basin fill"},"geometry":{"type":"Point","coordinates":[91.911945205479441,25.041025125628142]}},{"type":"Feature","properties":{"stage":2,"elev":9.8,"name":"haor basin fill"},"geometry":{"type":"Point","coordinates":[91.915780821917821,25.041025125628142]}},{"type":"Feature","properties":{"stage":2,"elev":11.4,"name":"haor basin fill"},"geometry":{"type":"Point","coordinates":[91.919616438356186,25.041025125628142]}},{"type":"Feature","properties":{"stage":2,"elev":10.4,"name":"haor basin fill"},"geometry":{"type":"Point","coordinates":[91.92345205479451,25.041025125628142]}},{"type":"Feature","properties":{"stage":2,"elev":11.5,"name":"haor basin fill"},"geometry":{"type":"Point","coordinates":[91.927287671232847,25.041025125628142]}},{"type":"Feature","properties":{"stage":2,"elev":11.7,"name":"haor basin fill"},"geometry":{"type":"Point","coordinates":[91.931123287671227,25.041025125628142]}},{"type":"Feature","properties":{"stage":2,"elev":12.4,"name":"haor basin fill"},"geometry":{"type":"Point","coordinates":[91.934958904109592,25.041025125628142]}},{"type":"Feature","properties":{"stage":2,"elev":11.6,"name":"haor basin fill"},"geometry":{"type":"Point","coordinates":[91.93879452054793,25.041025125628142]}},{"type":"Feature","properties":{"stage":2,"elev":11,"name":"haor basin fill"},"geometry":{"type":"Point","coordinates":[91.94263013698631,25.041025125628142]}},{"type":"Feature","properties":{"stage":2,"elev":12.2,"name":"haor basin fill"},"geometry":{"type":"Point","coordinates":[91.946465753424675,25.041025125628142]}},{"type":"Feature","properties":{"stage":2,"elev":12.8,"name":"haor basin fill"},"geometry":{"type":"Point","coordinates":[91.950301369863013,25.041025125628142]}},{"type":"Feature","properties":{"stage":2,"elev":11.8,"name":"haor basin fill"},"geometry":{"type":"Point","coordinates":[91.954136986301364,25.041025125628142]}},{"type":"Feature","properties":{"stage":2,"elev":11.7,"name":"haor basin fill"},"geometry":{"type":"Point","coordinates":[91.965643835616419,25.041025125628142]}},{"type":"Feature","properties":{"stage":2,"elev":12.1,"name":"haor basin fill"},"geometry":{"type":"Point","coordinates":[91.9694794520548,25.041025125628142]}},{"type":"Feature","properties":{"stage":2,"elev":13,"name":"haor basin fill"},"geometry":{"type":"Point","coordinates":[91.973315068493164,25.041025125628142]}},{"type":"Feature","properties":{"stage":2,"elev":12.9,"name":"haor basin fill"},"geometry":{"type":"Point","coordinates":[91.781534246575347,25.044844221105528]}},{"type":"Feature","properties":{"stage":2,"elev":12.9,"name":"haor basin fill"},"geometry":{"type":"Point","coordinates":[91.804547945205471,25.044844221105528]}},{"type":"Feature","properties":{"stage":2,"elev":12.8,"name":"haor basin fill"},"geometry":{"type":"Point","coordinates":[91.808383561643822,25.044844221105528]}},{"type":"Feature","properties":{"stage":2,"elev":11.6,"name":"haor basin fill"},"geometry":{"type":"Point","coordinates":[91.812219178082188,25.044844221105528]}},{"type":"Feature","properties":{"stage":2,"elev":12.4,"name":"haor basin fill"},"geometry":{"type":"Point","coordinates":[91.816054794520554,25.044844221105528]}},{"type":"Feature","properties":{"stage":2,"elev":12.6,"name":"haor basin fill"},"geometry":{"type":"Point","coordinates":[91.819890410958891,25.044844221105528]}},{"type":"Feature","properties":{"stage":2,"elev":12.9,"name":"haor basin fill"},"geometry":{"type":"Point","coordinates":[91.823726027397271,25.044844221105528]}},{"type":"Feature","properties":{"stage":2,"elev":12.8,"name":"haor basin fill"},"geometry":{"type":"Point","coordinates":[91.84673972602738,25.044844221105528]}},{"type":"Feature","properties":{"stage":2,"elev":12.8,"name":"haor basin fill"},"geometry":{"type":"Point","coordinates":[91.854410958904126,25.044844221105528]}},{"type":"Feature","properties":{"stage":2,"elev":12.4,"name":"haor basin fill"},"geometry":{"type":"Point","coordinates":[91.869753424657546,25.044844221105528]}},{"type":"Feature","properties":{"stage":2,"elev":12.3,"name":"haor basin fill"},"geometry":{"type":"Point","coordinates":[91.881260273972586,25.044844221105528]}},{"type":"Feature","properties":{"stage":2,"elev":11.8,"name":"haor basin fill"},"geometry":{"type":"Point","coordinates":[91.885095890410952,25.044844221105528]}},{"type":"Feature","properties":{"stage":2,"elev":10.3,"name":"haor basin fill"},"geometry":{"type":"Point","coordinates":[91.8889315068493,25.044844221105528]}},{"type":"Feature","properties":{"stage":2,"elev":9,"name":"haor basin fill"},"geometry":{"type":"Point","coordinates":[91.892767123287655,25.044844221105528]}},{"type":"Feature","properties":{"stage":2,"elev":8.9,"name":"haor basin fill"},"geometry":{"type":"Point","coordinates":[91.896602739726021,25.044844221105528]}},{"type":"Feature","properties":{"stage":2,"elev":11,"name":"haor basin fill"},"geometry":{"type":"Point","coordinates":[91.900438356164386,25.044844221105528]}},{"type":"Feature","properties":{"stage":2,"elev":11.7,"name":"haor basin fill"},"geometry":{"type":"Point","coordinates":[91.904273972602738,25.044844221105528]}},{"type":"Feature","properties":{"stage":2,"elev":11.4,"name":"haor basin fill"},"geometry":{"type":"Point","coordinates":[91.9081095890411,25.044844221105528]}},{"type":"Feature","properties":{"stage":2,"elev":11.1,"name":"haor basin fill"},"geometry":{"type":"Point","coordinates":[91.911945205479441,25.044844221105528]}},{"type":"Feature","properties":{"stage":2,"elev":11.9,"name":"haor basin fill"},"geometry":{"type":"Point","coordinates":[91.915780821917821,25.044844221105528]}},{"type":"Feature","properties":{"stage":2,"elev":11.4,"name":"haor basin fill"},"geometry":{"type":"Point","coordinates":[91.919616438356186,25.044844221105528]}},{"type":"Feature","properties":{"stage":2,"elev":11.4,"name":"haor basin fill"},"geometry":{"type":"Point","coordinates":[91.92345205479451,25.044844221105528]}},{"type":"Feature","properties":{"stage":2,"elev":11.8,"name":"haor basin fill"},"geometry":{"type":"Point","coordinates":[91.927287671232847,25.044844221105528]}},{"type":"Feature","properties":{"stage":2,"elev":11.3,"name":"haor basin fill"},"geometry":{"type":"Point","coordinates":[91.931123287671227,25.044844221105528]}},{"type":"Feature","properties":{"stage":2,"elev":12.4,"name":"haor basin fill"},"geometry":{"type":"Point","coordinates":[91.934958904109592,25.044844221105528]}},{"type":"Feature","properties":{"stage":2,"elev":11.8,"name":"haor basin fill"},"geometry":{"type":"Point","coordinates":[91.946465753424675,25.044844221105528]}},{"type":"Feature","properties":{"stage":2,"elev":11.4,"name":"haor basin fill"},"geometry":{"type":"Point","coordinates":[91.950301369863013,25.044844221105528]}},{"type":"Feature","properties":{"stage":2,"elev":12.8,"name":"haor basin fill"},"geometry":{"type":"Point","coordinates":[91.957972602739716,25.044844221105528]}},{"type":"Feature","properties":{"stage":2,"elev":12.4,"name":"haor basin fill"},"geometry":{"type":"Point","coordinates":[91.9694794520548,25.044844221105528]}},{"type":"Feature","properties":{"stage":2,"elev":12.8,"name":"haor basin fill"},"geometry":{"type":"Point","coordinates":[91.973315068493164,25.044844221105528]}},{"type":"Feature","properties":{"stage":3,"elev":11.8,"name":"peak lowland water"},"geometry":{"type":"Point","coordinates":[91.781534246575347,24.861527638190953]}},{"type":"Feature","properties":{"stage":3,"elev":13.7,"name":"peak lowland water"},"geometry":{"type":"Point","coordinates":[91.7853698630137,24.861527638190953]}},{"type":"Feature","properties":{"stage":3,"elev":14.4,"name":"peak lowland water"},"geometry":{"type":"Point","coordinates":[91.789205479452065,24.861527638190953]}},{"type":"Feature","properties":{"stage":3,"elev":14.1,"name":"peak lowland water"},"geometry":{"type":"Point","coordinates":[91.7930410958904,24.861527638190953]}},{"type":"Feature","properties":{"stage":3,"elev":14.4,"name":"peak lowland water"},"geometry":{"type":"Point","coordinates":[91.800712328767148,24.861527638190953]}},{"type":"Feature","properties":{"stage":3,"elev":14.3,"name":"peak lowland water"},"geometry":{"type":"Point","coordinates":[91.804547945205471,24.861527638190953]}},{"type":"Feature","properties":{"stage":3,"elev":14.3,"name":"peak lowland water"},"geometry":{"type":"Point","coordinates":[91.808383561643822,24.861527638190953]}},{"type":"Feature","properties":{"stage":3,"elev":13.6,"name":"peak lowland water"},"geometry":{"type":"Point","coordinates":[91.819890410958891,24.861527638190953]}},{"type":"Feature","properties":{"stage":3,"elev":13.4,"name":"peak lowland water"},"geometry":{"type":"Point","coordinates":[91.839068493150677,24.861527638190953]}},{"type":"Feature","properties":{"stage":3,"elev":14.5,"name":"peak lowland water"},"geometry":{"type":"Point","coordinates":[91.842904109589043,24.861527638190953]}},{"type":"Feature","properties":{"stage":3,"elev":13.1,"name":"peak lowland water"},"geometry":{"type":"Point","coordinates":[91.85057534246576,24.861527638190953]}},{"type":"Feature","properties":{"stage":3,"elev":13.8,"name":"peak lowland water"},"geometry":{"type":"Point","coordinates":[91.862082191780829,24.861527638190953]}},{"type":"Feature","properties":{"stage":3,"elev":14.5,"name":"peak lowland water"},"geometry":{"type":"Point","coordinates":[91.865917808219166,24.861527638190953]}},{"type":"Feature","properties":{"stage":3,"elev":13.6,"name":"peak lowland water"},"geometry":{"type":"Point","coordinates":[91.877424657534235,24.861527638190953]}},{"type":"Feature","properties":{"stage":3,"elev":13.3,"name":"peak lowland water"},"geometry":{"type":"Point","coordinates":[91.881260273972586,24.861527638190953]}},{"type":"Feature","properties":{"stage":3,"elev":12.4,"name":"peak lowland water"},"geometry":{"type":"Point","coordinates":[91.885095890410952,24.861527638190953]}},{"type":"Feature","properties":{"stage":3,"elev":12.3,"name":"peak lowland water"},"geometry":{"type":"Point","coordinates":[91.8889315068493,24.861527638190953]}},{"type":"Feature","properties":{"stage":3,"elev":14.6,"name":"peak lowland water"},"geometry":{"type":"Point","coordinates":[91.892767123287655,24.861527638190953]}},{"type":"Feature","properties":{"stage":3,"elev":13.3,"name":"peak lowland water"},"geometry":{"type":"Point","coordinates":[91.896602739726021,24.861527638190953]}},{"type":"Feature","properties":{"stage":3,"elev":14.1,"name":"peak lowland water"},"geometry":{"type":"Point","coordinates":[91.900438356164386,24.861527638190953]}},{"type":"Feature","properties":{"stage":3,"elev":12.6,"name":"peak lowland water"},"geometry":{"type":"Point","coordinates":[91.904273972602738,24.861527638190953]}},{"type":"Feature","properties":{"stage":3,"elev":11.8,"name":"peak lowland water"},"geometry":{"type":"Point","coordinates":[91.9081095890411,24.861527638190953]}},{"type":"Feature","properties":{"stage":3,"elev":13.3,"name":"peak lowland water"},"geometry":{"type":"Point","coordinates":[91.961808219178081,24.861527638190953]}},{"type":"Feature","properties":{"stage":3,"elev":11.6,"name":"peak lowland water"},"geometry":{"type":"Point","coordinates":[91.781534246575347,24.865346733668339]}},{"type":"Feature","properties":{"stage":3,"elev":12.7,"name":"peak lowland water"},"geometry":{"type":"Point","coordinates":[91.7853698630137,24.865346733668339]}},{"type":"Feature","properties":{"stage":3,"elev":12.9,"name":"peak lowland water"},"geometry":{"type":"Point","coordinates":[91.789205479452065,24.865346733668339]}},{"type":"Feature","properties":{"stage":3,"elev":12.3,"name":"peak lowland water"},"geometry":{"type":"Point","coordinates":[91.7930410958904,24.865346733668339]}},{"type":"Feature","properties":{"stage":3,"elev":14.1,"name":"peak lowland water"},"geometry":{"type":"Point","coordinates":[91.796876712328782,24.865346733668339]}},{"type":"Feature","properties":{"stage":3,"elev":13.8,"name":"peak lowland water"},"geometry":{"type":"Point","coordinates":[91.800712328767148,24.865346733668339]}},{"type":"Feature","properties":{"stage":3,"elev":13.3,"name":"peak lowland water"},"geometry":{"type":"Point","coordinates":[91.804547945205471,24.865346733668339]}},{"type":"Feature","properties":{"stage":3,"elev":12.5,"name":"peak lowland water"},"geometry":{"type":"Point","coordinates":[91.808383561643822,24.865346733668339]}},{"type":"Feature","properties":{"stage":3,"elev":13.1,"name":"peak lowland water"},"geometry":{"type":"Point","coordinates":[91.812219178082188,24.865346733668339]}},{"type":"Feature","properties":{"stage":3,"elev":14.6,"name":"peak lowland water"},"geometry":{"type":"Point","coordinates":[91.819890410958891,24.865346733668339]}},{"type":"Feature","properties":{"stage":3,"elev":14.5,"name":"peak lowland water"},"geometry":{"type":"Point","coordinates":[91.827561643835637,24.865346733668339]}},{"type":"Feature","properties":{"stage":3,"elev":13.8,"name":"peak lowland water"},"geometry":{"type":"Point","coordinates":[91.84673972602738,24.865346733668339]}},{"type":"Feature","properties":{"stage":3,"elev":12.4,"name":"peak lowland water"},"geometry":{"type":"Point","coordinates":[91.858246575342463,24.865346733668339]}},{"type":"Feature","properties":{"stage":3,"elev":12,"name":"peak lowland water"},"geometry":{"type":"Point","coordinates":[91.862082191780829,24.865346733668339]}},{"type":"Feature","properties":{"stage":3,"elev":13.5,"name":"peak lowland water"},"geometry":{"type":"Point","coordinates":[91.885095890410952,24.865346733668339]}},{"type":"Feature","properties":{"stage":3,"elev":11.8,"name":"peak lowland water"},"geometry":{"type":"Point","coordinates":[91.8889315068493,24.865346733668339]}},{"type":"Feature","properties":{"stage":3,"elev":14.6,"name":"peak lowland water"},"geometry":{"type":"Point","coordinates":[91.896602739726021,24.865346733668339]}},{"type":"Feature","properties":{"stage":3,"elev":13.6,"name":"peak lowland water"},"geometry":{"type":"Point","coordinates":[91.904273972602738,24.865346733668339]}},{"type":"Feature","properties":{"stage":3,"elev":13.8,"name":"peak lowland water"},"geometry":{"type":"Point","coordinates":[91.946465753424675,24.865346733668339]}},{"type":"Feature","properties":{"stage":3,"elev":13.3,"name":"peak lowland water"},"geometry":{"type":"Point","coordinates":[91.950301369863013,24.865346733668339]}},{"type":"Feature","properties":{"stage":3,"elev":13.9,"name":"peak lowland water"},"geometry":{"type":"Point","coordinates":[91.973315068493164,24.865346733668339]}},{"type":"Feature","properties":{"stage":3,"elev":15,"name":"peak lowland water"},"geometry":{"type":"Point","coordinates":[91.9771506849315,24.865346733668339]}},{"type":"Feature","properties":{"stage":3,"elev":11.9,"name":"peak lowland water"},"geometry":{"type":"Point","coordinates":[91.781534246575347,24.869165829145732]}},{"type":"Feature","properties":{"stage":3,"elev":13.8,"name":"peak lowland water"},"geometry":{"type":"Point","coordinates":[91.7853698630137,24.869165829145732]}},{"type":"Feature","properties":{"stage":3,"elev":12.8,"name":"peak lowland water"},"geometry":{"type":"Point","coordinates":[91.7930410958904,24.869165829145732]}},{"type":"Feature","properties":{"stage":3,"elev":12.5,"name":"peak lowland water"},"geometry":{"type":"Point","coordinates":[91.800712328767148,24.869165829145732]}},{"type":"Feature","properties":{"stage":3,"elev":12.8,"name":"peak lowland water"},"geometry":{"type":"Point","coordinates":[91.804547945205471,24.869165829145732]}},{"type":"Feature","properties":{"stage":3,"elev":11.6,"name":"peak lowland water"},"geometry":{"type":"Point","coordinates":[91.827561643835637,24.869165829145732]}},{"type":"Feature","properties":{"stage":3,"elev":14.4,"name":"peak lowland water"},"geometry":{"type":"Point","coordinates":[91.831397260273974,24.869165829145732]}},{"type":"Feature","properties":{"stage":3,"elev":14,"name":"peak lowland water"},"geometry":{"type":"Point","coordinates":[91.835232876712325,24.869165829145732]}},{"type":"Feature","properties":{"stage":3,"elev":13.9,"name":"peak lowland water"},"geometry":{"type":"Point","coordinates":[91.839068493150677,24.869165829145732]}},{"type":"Feature","properties":{"stage":3,"elev":13.7,"name":"peak lowland water"},"geometry":{"type":"Point","coordinates":[91.842904109589043,24.869165829145732]}},{"type":"Feature","properties":{"stage":3,"elev":14.4,"name":"peak lowland water"},"geometry":{"type":"Point","coordinates":[91.854410958904126,24.869165829145732]}},{"type":"Feature","properties":{"stage":3,"elev":14.4,"name":"peak lowland water"},"geometry":{"type":"Point","coordinates":[91.858246575342463,24.869165829145732]}},{"type":"Feature","properties":{"stage":3,"elev":13.7,"name":"peak lowland water"},"geometry":{"type":"Point","coordinates":[91.904273972602738,24.869165829145732]}},{"type":"Feature","properties":{"stage":3,"elev":13.9,"name":"peak lowland water"},"geometry":{"type":"Point","coordinates":[91.93879452054793,24.869165829145732]}},{"type":"Feature","properties":{"stage":3,"elev":14.4,"name":"peak lowland water"},"geometry":{"type":"Point","coordinates":[91.94263013698631,24.869165829145732]}},{"type":"Feature","properties":{"stage":3,"elev":13.3,"name":"peak lowland water"},"geometry":{"type":"Point","coordinates":[91.946465753424675,24.869165829145732]}},{"type":"Feature","properties":{"stage":3,"elev":12.5,"name":"peak lowland water"},"geometry":{"type":"Point","coordinates":[91.950301369863013,24.869165829145732]}},{"type":"Feature","properties":{"stage":3,"elev":14.3,"name":"peak lowland water"},"geometry":{"type":"Point","coordinates":[91.954136986301364,24.869165829145732]}},{"type":"Feature","properties":{"stage":3,"elev":14.8,"name":"peak lowland water"},"geometry":{"type":"Point","coordinates":[91.957972602739716,24.869165829145732]}},{"type":"Feature","properties":{"stage":3,"elev":12.9,"name":"peak lowland water"},"geometry":{"type":"Point","coordinates":[91.781534246575347,24.872984924623115]}},{"type":"Feature","properties":{"stage":3,"elev":12,"name":"peak lowland water"},"geometry":{"type":"Point","coordinates":[91.7853698630137,24.872984924623115]}},{"type":"Feature","properties":{"stage":3,"elev":14.5,"name":"peak lowland water"},"geometry":{"type":"Point","coordinates":[91.789205479452065,24.872984924623115]}},{"type":"Feature","properties":{"stage":3,"elev":14.1,"name":"peak lowland water"},"geometry":{"type":"Point","coordinates":[91.7930410958904,24.872984924623115]}},{"type":"Feature","properties":{"stage":3,"elev":14.8,"name":"peak lowland water"},"geometry":{"type":"Point","coordinates":[91.796876712328782,24.872984924623115]}},{"type":"Feature","properties":{"stage":3,"elev":14.8,"name":"peak lowland water"},"geometry":{"type":"Point","coordinates":[91.804547945205471,24.872984924623115]}},{"type":"Feature","properties":{"stage":3,"elev":14.9,"name":"peak lowland water"},"geometry":{"type":"Point","coordinates":[91.812219178082188,24.872984924623115]}},{"type":"Feature","properties":{"stage":3,"elev":13.7,"name":"peak lowland water"},"geometry":{"type":"Point","coordinates":[91.819890410958891,24.872984924623115]}},{"type":"Feature","properties":{"stage":3,"elev":13.1,"name":"peak lowland water"},"geometry":{"type":"Point","coordinates":[91.823726027397271,24.872984924623115]}},{"type":"Feature","properties":{"stage":3,"elev":13.6,"name":"peak lowland water"},"geometry":{"type":"Point","coordinates":[91.827561643835637,24.872984924623115]}},{"type":"Feature","properties":{"stage":3,"elev":13.6,"name":"peak lowland water"},"geometry":{"type":"Point","coordinates":[91.839068493150677,24.872984924623115]}},{"type":"Feature","properties":{"stage":3,"elev":13.9,"name":"peak lowland water"},"geometry":{"type":"Point","coordinates":[91.904273972602738,24.872984924623115]}},{"type":"Feature","properties":{"stage":3,"elev":14.1,"name":"peak lowland water"},"geometry":{"type":"Point","coordinates":[91.9081095890411,24.872984924623115]}},{"type":"Feature","properties":{"stage":3,"elev":14.4,"name":"peak lowland water"},"geometry":{"type":"Point","coordinates":[91.919616438356186,24.872984924623115]}},{"type":"Feature","properties":{"stage":3,"elev":13.4,"name":"peak lowland water"},"geometry":{"type":"Point","coordinates":[91.927287671232847,24.872984924623115]}},{"type":"Feature","properties":{"stage":3,"elev":13.8,"name":"peak lowland water"},"geometry":{"type":"Point","coordinates":[91.931123287671227,24.872984924623115]}},{"type":"Feature","properties":{"stage":3,"elev":13.7,"name":"peak lowland water"},"geometry":{"type":"Point","coordinates":[91.934958904109592,24.872984924623115]}},{"type":"Feature","properties":{"stage":3,"elev":13.5,"name":"peak lowland water"},"geometry":{"type":"Point","coordinates":[91.93879452054793,24.872984924623115]}},{"type":"Feature","properties":{"stage":3,"elev":12.6,"name":"peak lowland water"},"geometry":{"type":"Point","coordinates":[91.94263013698631,24.872984924623115]}},{"type":"Feature","properties":{"stage":3,"elev":12.1,"name":"peak lowland water"},"geometry":{"type":"Point","coordinates":[91.946465753424675,24.872984924623115]}},{"type":"Feature","properties":{"stage":3,"elev":11.6,"name":"peak lowland water"},"geometry":{"type":"Point","coordinates":[91.950301369863013,24.872984924623115]}},{"type":"Feature","properties":{"stage":3,"elev":12.6,"name":"peak lowland water"},"geometry":{"type":"Point","coordinates":[91.954136986301364,24.872984924623115]}},{"type":"Feature","properties":{"stage":3,"elev":13.7,"name":"peak lowland water"},"geometry":{"type":"Point","coordinates":[91.957972602739716,24.872984924623115]}},{"type":"Feature","properties":{"stage":3,"elev":13.3,"name":"peak lowland water"},"geometry":{"type":"Point","coordinates":[91.961808219178081,24.872984924623115]}},{"type":"Feature","properties":{"stage":3,"elev":13.1,"name":"peak lowland water"},"geometry":{"type":"Point","coordinates":[91.965643835616419,24.872984924623115]}},{"type":"Feature","properties":{"stage":3,"elev":12.9,"name":"peak lowland water"},"geometry":{"type":"Point","coordinates":[91.9694794520548,24.872984924623115]}},{"type":"Feature","properties":{"stage":3,"elev":14.5,"name":"peak lowland water"},"geometry":{"type":"Point","coordinates":[91.973315068493164,24.872984924623115]}},{"type":"Feature","properties":{"stage":3,"elev":13.9,"name":"peak lowland water"},"geometry":{"type":"Point","coordinates":[91.9771506849315,24.872984924623115]}},{"type":"Feature","properties":{"stage":3,"elev":14.8,"name":"peak lowland water"},"geometry":{"type":"Point","coordinates":[91.980986301369882,24.872984924623115]}},{"type":"Feature","properties":{"stage":3,"elev":13.4,"name":"peak lowland water"},"geometry":{"type":"Point","coordinates":[91.781534246575347,24.8768040201005]}},{"type":"Feature","properties":{"stage":3,"elev":12,"name":"peak lowland water"},"geometry":{"type":"Point","coordinates":[91.7853698630137,24.8768040201005]}},{"type":"Feature","properties":{"stage":3,"elev":13.3,"name":"peak lowland water"},"geometry":{"type":"Point","coordinates":[91.789205479452065,24.8768040201005]}},{"type":"Feature","properties":{"stage":3,"elev":13.4,"name":"peak lowland water"},"geometry":{"type":"Point","coordinates":[91.7930410958904,24.8768040201005]}},{"type":"Feature","properties":{"stage":3,"elev":13.5,"name":"peak lowland water"},"geometry":{"type":"Point","coordinates":[91.796876712328782,24.8768040201005]}},{"type":"Feature","properties":{"stage":3,"elev":14.4,"name":"peak lowland water"},"geometry":{"type":"Point","coordinates":[91.800712328767148,24.8768040201005]}},{"type":"Feature","properties":{"stage":3,"elev":12.1,"name":"peak lowland water"},"geometry":{"type":"Point","coordinates":[91.819890410958891,24.8768040201005]}},{"type":"Feature","properties":{"stage":3,"elev":12.8,"name":"peak lowland water"},"geometry":{"type":"Point","coordinates":[91.823726027397271,24.8768040201005]}},{"type":"Feature","properties":{"stage":3,"elev":13.9,"name":"peak lowland water"},"geometry":{"type":"Point","coordinates":[91.827561643835637,24.8768040201005]}},{"type":"Feature","properties":{"stage":3,"elev":14.5,"name":"peak lowland water"},"geometry":{"type":"Point","coordinates":[91.839068493150677,24.8768040201005]}},{"type":"Feature","properties":{"stage":3,"elev":13.8,"name":"peak lowland water"},"geometry":{"type":"Point","coordinates":[91.842904109589043,24.8768040201005]}},{"type":"Feature","properties":{"stage":3,"elev":12.9,"name":"peak lowland water"},"geometry":{"type":"Point","coordinates":[91.84673972602738,24.8768040201005]}},{"type":"Feature","properties":{"stage":3,"elev":12.7,"name":"peak lowland water"},"geometry":{"type":"Point","coordinates":[91.8889315068493,24.8768040201005]}},{"type":"Feature","properties":{"stage":3,"elev":14.6,"name":"peak lowland water"},"geometry":{"type":"Point","coordinates":[91.896602739726021,24.8768040201005]}},{"type":"Feature","properties":{"stage":3,"elev":14.3,"name":"peak lowland water"},"geometry":{"type":"Point","coordinates":[91.915780821917821,24.8768040201005]}},{"type":"Feature","properties":{"stage":3,"elev":14,"name":"peak lowland water"},"geometry":{"type":"Point","coordinates":[91.92345205479451,24.8768040201005]}},{"type":"Feature","properties":{"stage":3,"elev":14.2,"name":"peak lowland water"},"geometry":{"type":"Point","coordinates":[91.927287671232847,24.8768040201005]}},{"type":"Feature","properties":{"stage":3,"elev":12.1,"name":"peak lowland water"},"geometry":{"type":"Point","coordinates":[91.931123287671227,24.8768040201005]}},{"type":"Feature","properties":{"stage":3,"elev":14.2,"name":"peak lowland water"},"geometry":{"type":"Point","coordinates":[91.934958904109592,24.8768040201005]}},{"type":"Feature","properties":{"stage":3,"elev":12.8,"name":"peak lowland water"},"geometry":{"type":"Point","coordinates":[91.93879452054793,24.8768040201005]}},{"type":"Feature","properties":{"stage":3,"elev":13.1,"name":"peak lowland water"},"geometry":{"type":"Point","coordinates":[91.94263013698631,24.8768040201005]}},{"type":"Feature","properties":{"stage":3,"elev":12.6,"name":"peak lowland water"},"geometry":{"type":"Point","coordinates":[91.946465753424675,24.8768040201005]}},{"type":"Feature","properties":{"stage":3,"elev":12.6,"name":"peak lowland water"},"geometry":{"type":"Point","coordinates":[91.950301369863013,24.8768040201005]}},{"type":"Feature","properties":{"stage":3,"elev":12.3,"name":"peak lowland water"},"geometry":{"type":"Point","coordinates":[91.954136986301364,24.8768040201005]}},{"type":"Feature","properties":{"stage":3,"elev":12,"name":"peak lowland water"},"geometry":{"type":"Point","coordinates":[91.957972602739716,24.8768040201005]}},{"type":"Feature","properties":{"stage":3,"elev":13.4,"name":"peak lowland water"},"geometry":{"type":"Point","coordinates":[91.961808219178081,24.8768040201005]}},{"type":"Feature","properties":{"stage":3,"elev":13.6,"name":"peak lowland water"},"geometry":{"type":"Point","coordinates":[91.965643835616419,24.8768040201005]}},{"type":"Feature","properties":{"stage":3,"elev":11.6,"name":"peak lowland water"},"geometry":{"type":"Point","coordinates":[91.9694794520548,24.8768040201005]}},{"type":"Feature","properties":{"stage":3,"elev":13.6,"name":"peak lowland water"},"geometry":{"type":"Point","coordinates":[91.973315068493164,24.8768040201005]}},{"type":"Feature","properties":{"stage":3,"elev":12.8,"name":"peak lowland water"},"geometry":{"type":"Point","coordinates":[91.9771506849315,24.8768040201005]}},{"type":"Feature","properties":{"stage":3,"elev":13.5,"name":"peak lowland water"},"geometry":{"type":"Point","coordinates":[91.980986301369882,24.8768040201005]}},{"type":"Feature","properties":{"stage":3,"elev":14.5,"name":"peak lowland water"},"geometry":{"type":"Point","coordinates":[91.984821917808219,24.8768040201005]}},{"type":"Feature","properties":{"stage":3,"elev":13.9,"name":"peak lowland water"},"geometry":{"type":"Point","coordinates":[91.7930410958904,24.88062311557789]}},{"type":"Feature","properties":{"stage":3,"elev":12.2,"name":"peak lowland water"},"geometry":{"type":"Point","coordinates":[91.796876712328782,24.88062311557789]}},{"type":"Feature","properties":{"stage":3,"elev":14.4,"name":"peak lowland water"},"geometry":{"type":"Point","coordinates":[91.800712328767148,24.88062311557789]}},{"type":"Feature","properties":{"stage":3,"elev":12.8,"name":"peak lowland water"},"geometry":{"type":"Point","coordinates":[91.819890410958891,24.88062311557789]}},{"type":"Feature","properties":{"stage":3,"elev":13.3,"name":"peak lowland water"},"geometry":{"type":"Point","coordinates":[91.823726027397271,24.88062311557789]}},{"type":"Feature","properties":{"stage":3,"elev":13.7,"name":"peak lowland water"},"geometry":{"type":"Point","coordinates":[91.827561643835637,24.88062311557789]}},{"type":"Feature","properties":{"stage":3,"elev":15,"name":"peak lowland water"},"geometry":{"type":"Point","coordinates":[91.831397260273974,24.88062311557789]}},{"type":"Feature","properties":{"stage":3,"elev":14.8,"name":"peak lowland water"},"geometry":{"type":"Point","coordinates":[91.869753424657546,24.88062311557789]}},{"type":"Feature","properties":{"stage":3,"elev":14.4,"name":"peak lowland water"},"geometry":{"type":"Point","coordinates":[91.873589041095912,24.88062311557789]}},{"type":"Feature","properties":{"stage":3,"elev":14.2,"name":"peak lowland water"},"geometry":{"type":"Point","coordinates":[91.881260273972586,24.88062311557789]}},{"type":"Feature","properties":{"stage":3,"elev":14.5,"name":"peak lowland water"},"geometry":{"type":"Point","coordinates":[91.892767123287655,24.88062311557789]}},{"type":"Feature","properties":{"stage":3,"elev":13.8,"name":"peak lowland water"},"geometry":{"type":"Point","coordinates":[91.904273972602738,24.88062311557789]}},{"type":"Feature","properties":{"stage":3,"elev":14.9,"name":"peak lowland water"},"geometry":{"type":"Point","coordinates":[91.9081095890411,24.88062311557789]}},{"type":"Feature","properties":{"stage":3,"elev":14.5,"name":"peak lowland water"},"geometry":{"type":"Point","coordinates":[91.911945205479441,24.88062311557789]}},{"type":"Feature","properties":{"stage":3,"elev":14.3,"name":"peak lowland water"},"geometry":{"type":"Point","coordinates":[91.915780821917821,24.88062311557789]}},{"type":"Feature","properties":{"stage":3,"elev":13.8,"name":"peak lowland water"},"geometry":{"type":"Point","coordinates":[91.919616438356186,24.88062311557789]}},{"type":"Feature","properties":{"stage":3,"elev":13.4,"name":"peak lowland water"},"geometry":{"type":"Point","coordinates":[91.92345205479451,24.88062311557789]}},{"type":"Feature","properties":{"stage":3,"elev":13.3,"name":"peak lowland water"},"geometry":{"type":"Point","coordinates":[91.927287671232847,24.88062311557789]}},{"type":"Feature","properties":{"stage":3,"elev":12.1,"name":"peak lowland water"},"geometry":{"type":"Point","coordinates":[91.931123287671227,24.88062311557789]}},{"type":"Feature","properties":{"stage":3,"elev":12.9,"name":"peak lowland water"},"geometry":{"type":"Point","coordinates":[91.934958904109592,24.88062311557789]}},{"type":"Feature","properties":{"stage":3,"elev":12.9,"name":"peak lowland water"},"geometry":{"type":"Point","coordinates":[91.93879452054793,24.88062311557789]}},{"type":"Feature","properties":{"stage":3,"elev":13.3,"name":"peak lowland water"},"geometry":{"type":"Point","coordinates":[91.94263013698631,24.88062311557789]}},{"type":"Feature","properties":{"stage":3,"elev":13.1,"name":"peak lowland water"},"geometry":{"type":"Point","coordinates":[91.946465753424675,24.88062311557789]}},{"type":"Feature","properties":{"stage":3,"elev":12.6,"name":"peak lowland water"},"geometry":{"type":"Point","coordinates":[91.950301369863013,24.88062311557789]}},{"type":"Feature","properties":{"stage":3,"elev":11.5,"name":"peak lowland water"},"geometry":{"type":"Point","coordinates":[91.954136986301364,24.88062311557789]}},{"type":"Feature","properties":{"stage":3,"elev":12,"name":"peak lowland water"},"geometry":{"type":"Point","coordinates":[91.957972602739716,24.88062311557789]}},{"type":"Feature","properties":{"stage":3,"elev":12.8,"name":"peak lowland water"},"geometry":{"type":"Point","coordinates":[91.961808219178081,24.88062311557789]}},{"type":"Feature","properties":{"stage":3,"elev":13.4,"name":"peak lowland water"},"geometry":{"type":"Point","coordinates":[91.965643835616419,24.88062311557789]}},{"type":"Feature","properties":{"stage":3,"elev":12.9,"name":"peak lowland water"},"geometry":{"type":"Point","coordinates":[91.9694794520548,24.88062311557789]}},{"type":"Feature","properties":{"stage":3,"elev":12.7,"name":"peak lowland water"},"geometry":{"type":"Point","coordinates":[91.973315068493164,24.88062311557789]}},{"type":"Feature","properties":{"stage":3,"elev":12.6,"name":"peak lowland water"},"geometry":{"type":"Point","coordinates":[91.9771506849315,24.88062311557789]}},{"type":"Feature","properties":{"stage":3,"elev":12.7,"name":"peak lowland water"},"geometry":{"type":"Point","coordinates":[91.980986301369882,24.88062311557789]}},{"type":"Feature","properties":{"stage":3,"elev":13.6,"name":"peak lowland water"},"geometry":{"type":"Point","coordinates":[91.984821917808219,24.88062311557789]}},{"type":"Feature","properties":{"stage":3,"elev":14.8,"name":"peak lowland water"},"geometry":{"type":"Point","coordinates":[91.823726027397271,24.884442211055276]}},{"type":"Feature","properties":{"stage":3,"elev":15,"name":"peak lowland water"},"geometry":{"type":"Point","coordinates":[91.827561643835637,24.884442211055276]}},{"type":"Feature","properties":{"stage":3,"elev":14,"name":"peak lowland water"},"geometry":{"type":"Point","coordinates":[91.877424657534235,24.884442211055276]}},{"type":"Feature","properties":{"stage":3,"elev":14.6,"name":"peak lowland water"},"geometry":{"type":"Point","coordinates":[91.892767123287655,24.884442211055276]}},{"type":"Feature","properties":{"stage":3,"elev":14.9,"name":"peak lowland water"},"geometry":{"type":"Point","coordinates":[91.904273972602738,24.884442211055276]}},{"type":"Feature","properties":{"stage":3,"elev":12.8,"name":"peak lowland water"},"geometry":{"type":"Point","coordinates":[91.9081095890411,24.884442211055276]}},{"type":"Feature","properties":{"stage":3,"elev":13.9,"name":"peak lowland water"},"geometry":{"type":"Point","coordinates":[91.911945205479441,24.884442211055276]}},{"type":"Feature","properties":{"stage":3,"elev":13.8,"name":"peak lowland water"},"geometry":{"type":"Point","coordinates":[91.915780821917821,24.884442211055276]}},{"type":"Feature","properties":{"stage":3,"elev":13.9,"name":"peak lowland water"},"geometry":{"type":"Point","coordinates":[91.919616438356186,24.884442211055276]}},{"type":"Feature","properties":{"stage":3,"elev":13.3,"name":"peak lowland water"},"geometry":{"type":"Point","coordinates":[91.92345205479451,24.884442211055276]}},{"type":"Feature","properties":{"stage":3,"elev":12.6,"name":"peak lowland water"},"geometry":{"type":"Point","coordinates":[91.927287671232847,24.884442211055276]}},{"type":"Feature","properties":{"stage":3,"elev":13.5,"name":"peak lowland water"},"geometry":{"type":"Point","coordinates":[91.931123287671227,24.884442211055276]}},{"type":"Feature","properties":{"stage":3,"elev":13.6,"name":"peak lowland water"},"geometry":{"type":"Point","coordinates":[91.93879452054793,24.884442211055276]}},{"type":"Feature","properties":{"stage":3,"elev":12.1,"name":"peak lowland water"},"geometry":{"type":"Point","coordinates":[91.94263013698631,24.884442211055276]}},{"type":"Feature","properties":{"stage":3,"elev":13.6,"name":"peak lowland water"},"geometry":{"type":"Point","coordinates":[91.946465753424675,24.884442211055276]}},{"type":"Feature","properties":{"stage":3,"elev":13.9,"name":"peak lowland water"},"geometry":{"type":"Point","coordinates":[91.950301369863013,24.884442211055276]}},{"type":"Feature","properties":{"stage":3,"elev":12.4,"name":"peak lowland water"},"geometry":{"type":"Point","coordinates":[91.954136986301364,24.884442211055276]}},{"type":"Feature","properties":{"stage":3,"elev":12.4,"name":"peak lowland water"},"geometry":{"type":"Point","coordinates":[91.957972602739716,24.884442211055276]}},{"type":"Feature","properties":{"stage":3,"elev":13.6,"name":"peak lowland water"},"geometry":{"type":"Point","coordinates":[91.961808219178081,24.884442211055276]}},{"type":"Feature","properties":{"stage":3,"elev":13.8,"name":"peak lowland water"},"geometry":{"type":"Point","coordinates":[91.965643835616419,24.884442211055276]}},{"type":"Feature","properties":{"stage":3,"elev":13.3,"name":"peak lowland water"},"geometry":{"type":"Point","coordinates":[91.9694794520548,24.884442211055276]}},{"type":"Feature","properties":{"stage":3,"elev":12.4,"name":"peak lowland water"},"geometry":{"type":"Point","coordinates":[91.973315068493164,24.884442211055276]}},{"type":"Feature","properties":{"stage":3,"elev":13.4,"name":"peak lowland water"},"geometry":{"type":"Point","coordinates":[91.9771506849315,24.884442211055276]}},{"type":"Feature","properties":{"stage":3,"elev":13,"name":"peak lowland water"},"geometry":{"type":"Point","coordinates":[91.980986301369882,24.884442211055276]}},{"type":"Feature","properties":{"stage":3,"elev":13.1,"name":"peak lowland water"},"geometry":{"type":"Point","coordinates":[91.984821917808219,24.884442211055276]}},{"type":"Feature","properties":{"stage":3,"elev":13.9,"name":"peak lowland water"},"geometry":{"type":"Point","coordinates":[91.781534246575347,24.888261306532662]}},{"type":"Feature","properties":{"stage":3,"elev":14.3,"name":"peak lowland water"},"geometry":{"type":"Point","coordinates":[91.7853698630137,24.888261306532662]}},{"type":"Feature","properties":{"stage":3,"elev":14.2,"name":"peak lowland water"},"geometry":{"type":"Point","coordinates":[91.7930410958904,24.888261306532662]}},{"type":"Feature","properties":{"stage":3,"elev":14.6,"name":"peak lowland water"},"geometry":{"type":"Point","coordinates":[91.812219178082188,24.888261306532662]}},{"type":"Feature","properties":{"stage":3,"elev":14.8,"name":"peak lowland water"},"geometry":{"type":"Point","coordinates":[91.85057534246576,24.888261306532662]}},{"type":"Feature","properties":{"stage":3,"elev":13.4,"name":"peak lowland water"},"geometry":{"type":"Point","coordinates":[91.9081095890411,24.888261306532662]}},{"type":"Feature","properties":{"stage":3,"elev":13.1,"name":"peak lowland water"},"geometry":{"type":"Point","coordinates":[91.92345205479451,24.888261306532662]}},{"type":"Feature","properties":{"stage":3,"elev":12.7,"name":"peak lowland water"},"geometry":{"type":"Point","coordinates":[91.927287671232847,24.888261306532662]}},{"type":"Feature","properties":{"stage":3,"elev":12.8,"name":"peak lowland water"},"geometry":{"type":"Point","coordinates":[91.931123287671227,24.888261306532662]}},{"type":"Feature","properties":{"stage":3,"elev":12.6,"name":"peak lowland water"},"geometry":{"type":"Point","coordinates":[91.934958904109592,24.888261306532662]}},{"type":"Feature","properties":{"stage":3,"elev":14.3,"name":"peak lowland water"},"geometry":{"type":"Point","coordinates":[91.93879452054793,24.888261306532662]}},{"type":"Feature","properties":{"stage":3,"elev":14.4,"name":"peak lowland water"},"geometry":{"type":"Point","coordinates":[91.94263013698631,24.888261306532662]}},{"type":"Feature","properties":{"stage":3,"elev":14.1,"name":"peak lowland water"},"geometry":{"type":"Point","coordinates":[91.946465753424675,24.888261306532662]}},{"type":"Feature","properties":{"stage":3,"elev":12.4,"name":"peak lowland water"},"geometry":{"type":"Point","coordinates":[91.950301369863013,24.888261306532662]}},{"type":"Feature","properties":{"stage":3,"elev":12.1,"name":"peak lowland water"},"geometry":{"type":"Point","coordinates":[91.954136986301364,24.888261306532662]}},{"type":"Feature","properties":{"stage":3,"elev":13.1,"name":"peak lowland water"},"geometry":{"type":"Point","coordinates":[91.957972602739716,24.888261306532662]}},{"type":"Feature","properties":{"stage":3,"elev":13.6,"name":"peak lowland water"},"geometry":{"type":"Point","coordinates":[91.961808219178081,24.888261306532662]}},{"type":"Feature","properties":{"stage":3,"elev":13.8,"name":"peak lowland water"},"geometry":{"type":"Point","coordinates":[91.965643835616419,24.888261306532662]}},{"type":"Feature","properties":{"stage":3,"elev":13.9,"name":"peak lowland water"},"geometry":{"type":"Point","coordinates":[91.9694794520548,24.888261306532662]}},{"type":"Feature","properties":{"stage":3,"elev":14.3,"name":"peak lowland water"},"geometry":{"type":"Point","coordinates":[91.973315068493164,24.888261306532662]}},{"type":"Feature","properties":{"stage":3,"elev":13.6,"name":"peak lowland water"},"geometry":{"type":"Point","coordinates":[91.9771506849315,24.888261306532662]}},{"type":"Feature","properties":{"stage":3,"elev":12.2,"name":"peak lowland water"},"geometry":{"type":"Point","coordinates":[91.980986301369882,24.888261306532662]}},{"type":"Feature","properties":{"stage":3,"elev":12.1,"name":"peak lowland water"},"geometry":{"type":"Point","coordinates":[91.984821917808219,24.888261306532662]}},{"type":"Feature","properties":{"stage":3,"elev":12.9,"name":"peak lowland water"},"geometry":{"type":"Point","coordinates":[91.781534246575347,24.892080402010048]}},{"type":"Feature","properties":{"stage":3,"elev":14,"name":"peak lowland water"},"geometry":{"type":"Point","coordinates":[91.789205479452065,24.892080402010048]}},{"type":"Feature","properties":{"stage":3,"elev":13.8,"name":"peak lowland water"},"geometry":{"type":"Point","coordinates":[91.7930410958904,24.892080402010048]}},{"type":"Feature","properties":{"stage":3,"elev":12.9,"name":"peak lowland water"},"geometry":{"type":"Point","coordinates":[91.800712328767148,24.892080402010048]}},{"type":"Feature","properties":{"stage":3,"elev":14.9,"name":"peak lowland water"},"geometry":{"type":"Point","coordinates":[91.808383561643822,24.892080402010048]}},{"type":"Feature","properties":{"stage":3,"elev":12.7,"name":"peak lowland water"},"geometry":{"type":"Point","coordinates":[91.827561643835637,24.892080402010048]}},{"type":"Feature","properties":{"stage":3,"elev":14.3,"name":"peak lowland water"},"geometry":{"type":"Point","coordinates":[91.9081095890411,24.892080402010048]}},{"type":"Feature","properties":{"stage":3,"elev":14.6,"name":"peak lowland water"},"geometry":{"type":"Point","coordinates":[91.92345205479451,24.892080402010048]}},{"type":"Feature","properties":{"stage":3,"elev":13.4,"name":"peak lowland water"},"geometry":{"type":"Point","coordinates":[91.927287671232847,24.892080402010048]}},{"type":"Feature","properties":{"stage":3,"elev":12.9,"name":"peak lowland water"},"geometry":{"type":"Point","coordinates":[91.931123287671227,24.892080402010048]}},{"type":"Feature","properties":{"stage":3,"elev":13,"name":"peak lowland water"},"geometry":{"type":"Point","coordinates":[91.934958904109592,24.892080402010048]}},{"type":"Feature","properties":{"stage":3,"elev":12.9,"name":"peak lowland water"},"geometry":{"type":"Point","coordinates":[91.93879452054793,24.892080402010048]}},{"type":"Feature","properties":{"stage":3,"elev":12.9,"name":"peak lowland water"},"geometry":{"type":"Point","coordinates":[91.94263013698631,24.892080402010048]}},{"type":"Feature","properties":{"stage":3,"elev":13.6,"name":"peak lowland water"},"geometry":{"type":"Point","coordinates":[91.946465753424675,24.892080402010048]}},{"type":"Feature","properties":{"stage":3,"elev":14,"name":"peak lowland water"},"geometry":{"type":"Point","coordinates":[91.950301369863013,24.892080402010048]}},{"type":"Feature","properties":{"stage":3,"elev":14.1,"name":"peak lowland water"},"geometry":{"type":"Point","coordinates":[91.954136986301364,24.892080402010048]}},{"type":"Feature","properties":{"stage":3,"elev":13.9,"name":"peak lowland water"},"geometry":{"type":"Point","coordinates":[91.957972602739716,24.892080402010048]}},{"type":"Feature","properties":{"stage":3,"elev":13.4,"name":"peak lowland water"},"geometry":{"type":"Point","coordinates":[91.961808219178081,24.892080402010048]}},{"type":"Feature","properties":{"stage":3,"elev":12.9,"name":"peak lowland water"},"geometry":{"type":"Point","coordinates":[91.965643835616419,24.892080402010048]}},{"type":"Feature","properties":{"stage":3,"elev":13.4,"name":"peak lowland water"},"geometry":{"type":"Point","coordinates":[91.9694794520548,24.892080402010048]}},{"type":"Feature","properties":{"stage":3,"elev":14.9,"name":"peak lowland water"},"geometry":{"type":"Point","coordinates":[91.973315068493164,24.892080402010048]}},{"type":"Feature","properties":{"stage":3,"elev":13.7,"name":"peak lowland water"},"geometry":{"type":"Point","coordinates":[91.9771506849315,24.892080402010048]}},{"type":"Feature","properties":{"stage":3,"elev":13.3,"name":"peak lowland water"},"geometry":{"type":"Point","coordinates":[91.980986301369882,24.892080402010048]}},{"type":"Feature","properties":{"stage":3,"elev":11.1,"name":"peak lowland water"},"geometry":{"type":"Point","coordinates":[91.984821917808219,24.892080402010048]}},{"type":"Feature","properties":{"stage":3,"elev":12.9,"name":"peak lowland water"},"geometry":{"type":"Point","coordinates":[91.781534246575347,24.895899497487438]}},{"type":"Feature","properties":{"stage":3,"elev":13.7,"name":"peak lowland water"},"geometry":{"type":"Point","coordinates":[91.7853698630137,24.895899497487438]}},{"type":"Feature","properties":{"stage":3,"elev":13.9,"name":"peak lowland water"},"geometry":{"type":"Point","coordinates":[91.7930410958904,24.895899497487438]}},{"type":"Feature","properties":{"stage":3,"elev":14.4,"name":"peak lowland water"},"geometry":{"type":"Point","coordinates":[91.796876712328782,24.895899497487438]}},{"type":"Feature","properties":{"stage":3,"elev":14.3,"name":"peak lowland water"},"geometry":{"type":"Point","coordinates":[91.800712328767148,24.895899497487438]}},{"type":"Feature","properties":{"stage":3,"elev":13.3,"name":"peak lowland water"},"geometry":{"type":"Point","coordinates":[91.804547945205471,24.895899497487438]}},{"type":"Feature","properties":{"stage":3,"elev":14.3,"name":"peak lowland water"},"geometry":{"type":"Point","coordinates":[91.808383561643822,24.895899497487438]}},{"type":"Feature","properties":{"stage":3,"elev":14.8,"name":"peak lowland water"},"geometry":{"type":"Point","coordinates":[91.823726027397271,24.895899497487438]}},{"type":"Feature","properties":{"stage":3,"elev":13.2,"name":"peak lowland water"},"geometry":{"type":"Point","coordinates":[91.827561643835637,24.895899497487438]}},{"type":"Feature","properties":{"stage":3,"elev":14.6,"name":"peak lowland water"},"geometry":{"type":"Point","coordinates":[91.84673972602738,24.895899497487438]}},{"type":"Feature","properties":{"stage":3,"elev":14.7,"name":"peak lowland water"},"geometry":{"type":"Point","coordinates":[91.927287671232847,24.895899497487438]}},{"type":"Feature","properties":{"stage":3,"elev":14.1,"name":"peak lowland water"},"geometry":{"type":"Point","coordinates":[91.931123287671227,24.895899497487438]}},{"type":"Feature","properties":{"stage":3,"elev":14.7,"name":"peak lowland water"},"geometry":{"type":"Point","coordinates":[91.934958904109592,24.895899497487438]}},{"type":"Feature","properties":{"stage":3,"elev":13.6,"name":"peak lowland water"},"geometry":{"type":"Point","coordinates":[91.93879452054793,24.895899497487438]}},{"type":"Feature","properties":{"stage":3,"elev":14.3,"name":"peak lowland water"},"geometry":{"type":"Point","coordinates":[91.94263013698631,24.895899497487438]}},{"type":"Feature","properties":{"stage":3,"elev":14.9,"name":"peak lowland water"},"geometry":{"type":"Point","coordinates":[91.946465753424675,24.895899497487438]}},{"type":"Feature","properties":{"stage":3,"elev":13.7,"name":"peak lowland water"},"geometry":{"type":"Point","coordinates":[91.950301369863013,24.895899497487438]}},{"type":"Feature","properties":{"stage":3,"elev":13.2,"name":"peak lowland water"},"geometry":{"type":"Point","coordinates":[91.954136986301364,24.895899497487438]}},{"type":"Feature","properties":{"stage":3,"elev":14.4,"name":"peak lowland water"},"geometry":{"type":"Point","coordinates":[91.957972602739716,24.895899497487438]}},{"type":"Feature","properties":{"stage":3,"elev":14.4,"name":"peak lowland water"},"geometry":{"type":"Point","coordinates":[91.961808219178081,24.895899497487438]}},{"type":"Feature","properties":{"stage":3,"elev":13.9,"name":"peak lowland water"},"geometry":{"type":"Point","coordinates":[91.965643835616419,24.895899497487438]}},{"type":"Feature","properties":{"stage":3,"elev":13.8,"name":"peak lowland water"},"geometry":{"type":"Point","coordinates":[91.9694794520548,24.895899497487438]}},{"type":"Feature","properties":{"stage":3,"elev":14.3,"name":"peak lowland water"},"geometry":{"type":"Point","coordinates":[91.973315068493164,24.895899497487438]}},{"type":"Feature","properties":{"stage":3,"elev":13.6,"name":"peak lowland water"},"geometry":{"type":"Point","coordinates":[91.9771506849315,24.895899497487438]}},{"type":"Feature","properties":{"stage":3,"elev":13.8,"name":"peak lowland water"},"geometry":{"type":"Point","coordinates":[91.980986301369882,24.895899497487438]}},{"type":"Feature","properties":{"stage":3,"elev":12,"name":"peak lowland water"},"geometry":{"type":"Point","coordinates":[91.984821917808219,24.895899497487438]}},{"type":"Feature","properties":{"stage":3,"elev":12.9,"name":"peak lowland water"},"geometry":{"type":"Point","coordinates":[91.789205479452065,24.899718592964824]}},{"type":"Feature","properties":{"stage":3,"elev":13.1,"name":"peak lowland water"},"geometry":{"type":"Point","coordinates":[91.800712328767148,24.899718592964824]}},{"type":"Feature","properties":{"stage":3,"elev":14.9,"name":"peak lowland water"},"geometry":{"type":"Point","coordinates":[91.816054794520554,24.899718592964824]}},{"type":"Feature","properties":{"stage":3,"elev":13.8,"name":"peak lowland water"},"geometry":{"type":"Point","coordinates":[91.819890410958891,24.899718592964824]}},{"type":"Feature","properties":{"stage":3,"elev":14,"name":"peak lowland water"},"geometry":{"type":"Point","coordinates":[91.823726027397271,24.899718592964824]}},{"type":"Feature","properties":{"stage":3,"elev":14.8,"name":"peak lowland water"},"geometry":{"type":"Point","coordinates":[91.827561643835637,24.899718592964824]}},{"type":"Feature","properties":{"stage":3,"elev":13.1,"name":"peak lowland water"},"geometry":{"type":"Point","coordinates":[91.839068493150677,24.899718592964824]}},{"type":"Feature","properties":{"stage":3,"elev":14.8,"name":"peak lowland water"},"geometry":{"type":"Point","coordinates":[91.934958904109592,24.899718592964824]}},{"type":"Feature","properties":{"stage":3,"elev":14,"name":"peak lowland water"},"geometry":{"type":"Point","coordinates":[91.954136986301364,24.899718592964824]}},{"type":"Feature","properties":{"stage":3,"elev":13.9,"name":"peak lowland water"},"geometry":{"type":"Point","coordinates":[91.957972602739716,24.899718592964824]}},{"type":"Feature","properties":{"stage":3,"elev":13.6,"name":"peak lowland water"},"geometry":{"type":"Point","coordinates":[91.961808219178081,24.899718592964824]}},{"type":"Feature","properties":{"stage":3,"elev":13.3,"name":"peak lowland water"},"geometry":{"type":"Point","coordinates":[91.965643835616419,24.899718592964824]}},{"type":"Feature","properties":{"stage":3,"elev":13.2,"name":"peak lowland water"},"geometry":{"type":"Point","coordinates":[91.9694794520548,24.899718592964824]}},{"type":"Feature","properties":{"stage":3,"elev":14.5,"name":"peak lowland water"},"geometry":{"type":"Point","coordinates":[91.973315068493164,24.899718592964824]}},{"type":"Feature","properties":{"stage":3,"elev":13,"name":"peak lowland water"},"geometry":{"type":"Point","coordinates":[91.9771506849315,24.899718592964824]}},{"type":"Feature","properties":{"stage":3,"elev":13.3,"name":"peak lowland water"},"geometry":{"type":"Point","coordinates":[91.980986301369882,24.899718592964824]}},{"type":"Feature","properties":{"stage":3,"elev":13.6,"name":"peak lowland water"},"geometry":{"type":"Point","coordinates":[91.984821917808219,24.899718592964824]}},{"type":"Feature","properties":{"stage":3,"elev":14.6,"name":"peak lowland water"},"geometry":{"type":"Point","coordinates":[91.789205479452065,24.903537688442206]}},{"type":"Feature","properties":{"stage":3,"elev":13.4,"name":"peak lowland water"},"geometry":{"type":"Point","coordinates":[91.800712328767148,24.903537688442206]}},{"type":"Feature","properties":{"stage":3,"elev":14.9,"name":"peak lowland water"},"geometry":{"type":"Point","coordinates":[91.816054794520554,24.903537688442206]}},{"type":"Feature","properties":{"stage":3,"elev":13.1,"name":"peak lowland water"},"geometry":{"type":"Point","coordinates":[91.835232876712325,24.903537688442206]}},{"type":"Feature","properties":{"stage":3,"elev":15,"name":"peak lowland water"},"geometry":{"type":"Point","coordinates":[91.842904109589043,24.903537688442206]}},{"type":"Feature","properties":{"stage":3,"elev":14.6,"name":"peak lowland water"},"geometry":{"type":"Point","coordinates":[91.954136986301364,24.903537688442206]}},{"type":"Feature","properties":{"stage":3,"elev":14.4,"name":"peak lowland water"},"geometry":{"type":"Point","coordinates":[91.965643835616419,24.903537688442206]}},{"type":"Feature","properties":{"stage":3,"elev":14.4,"name":"peak lowland water"},"geometry":{"type":"Point","coordinates":[91.9694794520548,24.903537688442206]}},{"type":"Feature","properties":{"stage":3,"elev":14.7,"name":"peak lowland water"},"geometry":{"type":"Point","coordinates":[91.973315068493164,24.903537688442206]}},{"type":"Feature","properties":{"stage":3,"elev":10.6,"name":"peak lowland water"},"geometry":{"type":"Point","coordinates":[91.9771506849315,24.903537688442206]}},{"type":"Feature","properties":{"stage":3,"elev":11.4,"name":"peak lowland water"},"geometry":{"type":"Point","coordinates":[91.980986301369882,24.903537688442206]}},{"type":"Feature","properties":{"stage":3,"elev":14.2,"name":"peak lowland water"},"geometry":{"type":"Point","coordinates":[91.984821917808219,24.903537688442206]}},{"type":"Feature","properties":{"stage":3,"elev":13.9,"name":"peak lowland water"},"geometry":{"type":"Point","coordinates":[91.781534246575347,24.907356783919596]}},{"type":"Feature","properties":{"stage":3,"elev":13.3,"name":"peak lowland water"},"geometry":{"type":"Point","coordinates":[91.7853698630137,24.907356783919596]}},{"type":"Feature","properties":{"stage":3,"elev":13.6,"name":"peak lowland water"},"geometry":{"type":"Point","coordinates":[91.789205479452065,24.907356783919596]}},{"type":"Feature","properties":{"stage":3,"elev":13,"name":"peak lowland water"},"geometry":{"type":"Point","coordinates":[91.7930410958904,24.907356783919596]}},{"type":"Feature","properties":{"stage":3,"elev":14.4,"name":"peak lowland water"},"geometry":{"type":"Point","coordinates":[91.796876712328782,24.907356783919596]}},{"type":"Feature","properties":{"stage":3,"elev":13.4,"name":"peak lowland water"},"geometry":{"type":"Point","coordinates":[91.800712328767148,24.907356783919596]}},{"type":"Feature","properties":{"stage":3,"elev":13.8,"name":"peak lowland water"},"geometry":{"type":"Point","coordinates":[91.804547945205471,24.907356783919596]}},{"type":"Feature","properties":{"stage":3,"elev":13.1,"name":"peak lowland water"},"geometry":{"type":"Point","coordinates":[91.808383561643822,24.907356783919596]}},{"type":"Feature","properties":{"stage":3,"elev":12.1,"name":"peak lowland water"},"geometry":{"type":"Point","coordinates":[91.812219178082188,24.907356783919596]}},{"type":"Feature","properties":{"stage":3,"elev":15,"name":"peak lowland water"},"geometry":{"type":"Point","coordinates":[91.827561643835637,24.907356783919596]}},{"type":"Feature","properties":{"stage":3,"elev":14.9,"name":"peak lowland water"},"geometry":{"type":"Point","coordinates":[91.831397260273974,24.907356783919596]}},{"type":"Feature","properties":{"stage":3,"elev":14.6,"name":"peak lowland water"},"geometry":{"type":"Point","coordinates":[91.835232876712325,24.907356783919596]}},{"type":"Feature","properties":{"stage":3,"elev":15,"name":"peak lowland water"},"geometry":{"type":"Point","coordinates":[91.973315068493164,24.907356783919596]}},{"type":"Feature","properties":{"stage":3,"elev":11.6,"name":"peak lowland water"},"geometry":{"type":"Point","coordinates":[91.9771506849315,24.907356783919596]}},{"type":"Feature","properties":{"stage":3,"elev":10,"name":"peak lowland water"},"geometry":{"type":"Point","coordinates":[91.980986301369882,24.907356783919596]}},{"type":"Feature","properties":{"stage":3,"elev":9.5,"name":"peak lowland water"},"geometry":{"type":"Point","coordinates":[91.984821917808219,24.907356783919596]}},{"type":"Feature","properties":{"stage":3,"elev":14.9,"name":"peak lowland water"},"geometry":{"type":"Point","coordinates":[91.781534246575347,24.911175879396982]}},{"type":"Feature","properties":{"stage":3,"elev":14.7,"name":"peak lowland water"},"geometry":{"type":"Point","coordinates":[91.7853698630137,24.911175879396982]}},{"type":"Feature","properties":{"stage":3,"elev":13.9,"name":"peak lowland water"},"geometry":{"type":"Point","coordinates":[91.796876712328782,24.911175879396982]}},{"type":"Feature","properties":{"stage":3,"elev":11.9,"name":"peak lowland water"},"geometry":{"type":"Point","coordinates":[91.800712328767148,24.911175879396982]}},{"type":"Feature","properties":{"stage":3,"elev":14.7,"name":"peak lowland water"},"geometry":{"type":"Point","coordinates":[91.804547945205471,24.911175879396982]}},{"type":"Feature","properties":{"stage":3,"elev":14.6,"name":"peak lowland water"},"geometry":{"type":"Point","coordinates":[91.808383561643822,24.911175879396982]}},{"type":"Feature","properties":{"stage":3,"elev":13.5,"name":"peak lowland water"},"geometry":{"type":"Point","coordinates":[91.812219178082188,24.911175879396982]}},{"type":"Feature","properties":{"stage":3,"elev":13,"name":"peak lowland water"},"geometry":{"type":"Point","coordinates":[91.816054794520554,24.911175879396982]}},{"type":"Feature","properties":{"stage":3,"elev":14.2,"name":"peak lowland water"},"geometry":{"type":"Point","coordinates":[91.819890410958891,24.911175879396982]}},{"type":"Feature","properties":{"stage":3,"elev":14.5,"name":"peak lowland water"},"geometry":{"type":"Point","coordinates":[91.973315068493164,24.911175879396982]}},{"type":"Feature","properties":{"stage":3,"elev":13.6,"name":"peak lowland water"},"geometry":{"type":"Point","coordinates":[91.9771506849315,24.911175879396982]}},{"type":"Feature","properties":{"stage":3,"elev":10.4,"name":"peak lowland water"},"geometry":{"type":"Point","coordinates":[91.980986301369882,24.911175879396982]}},{"type":"Feature","properties":{"stage":3,"elev":9.5,"name":"peak lowland water"},"geometry":{"type":"Point","coordinates":[91.984821917808219,24.911175879396982]}},{"type":"Feature","properties":{"stage":3,"elev":14.1,"name":"peak lowland water"},"geometry":{"type":"Point","coordinates":[91.7853698630137,24.914994974874368]}},{"type":"Feature","properties":{"stage":3,"elev":12.9,"name":"peak lowland water"},"geometry":{"type":"Point","coordinates":[91.789205479452065,24.914994974874368]}},{"type":"Feature","properties":{"stage":3,"elev":12.6,"name":"peak lowland water"},"geometry":{"type":"Point","coordinates":[91.7930410958904,24.914994974874368]}},{"type":"Feature","properties":{"stage":3,"elev":13.7,"name":"peak lowland water"},"geometry":{"type":"Point","coordinates":[91.796876712328782,24.914994974874368]}},{"type":"Feature","properties":{"stage":3,"elev":13.8,"name":"peak lowland water"},"geometry":{"type":"Point","coordinates":[91.980986301369882,24.914994974874368]}},{"type":"Feature","properties":{"stage":3,"elev":13.5,"name":"peak lowland water"},"geometry":{"type":"Point","coordinates":[91.7853698630137,24.918814070351761]}},{"type":"Feature","properties":{"stage":3,"elev":13.1,"name":"peak lowland water"},"geometry":{"type":"Point","coordinates":[91.789205479452065,24.918814070351761]}},{"type":"Feature","properties":{"stage":3,"elev":14.2,"name":"peak lowland water"},"geometry":{"type":"Point","coordinates":[91.7930410958904,24.918814070351761]}},{"type":"Feature","properties":{"stage":3,"elev":14.9,"name":"peak lowland water"},"geometry":{"type":"Point","coordinates":[91.796876712328782,24.918814070351761]}},{"type":"Feature","properties":{"stage":3,"elev":14.8,"name":"peak lowland water"},"geometry":{"type":"Point","coordinates":[91.823726027397271,24.918814070351761]}},{"type":"Feature","properties":{"stage":3,"elev":14.8,"name":"peak lowland water"},"geometry":{"type":"Point","coordinates":[91.827561643835637,24.918814070351761]}},{"type":"Feature","properties":{"stage":3,"elev":14.7,"name":"peak lowland water"},"geometry":{"type":"Point","coordinates":[91.781534246575347,24.922633165829144]}},{"type":"Feature","properties":{"stage":3,"elev":12.2,"name":"peak lowland water"},"geometry":{"type":"Point","coordinates":[91.7853698630137,24.922633165829144]}},{"type":"Feature","properties":{"stage":3,"elev":13.3,"name":"peak lowland water"},"geometry":{"type":"Point","coordinates":[91.789205479452065,24.922633165829144]}},{"type":"Feature","properties":{"stage":3,"elev":14.6,"name":"peak lowland water"},"geometry":{"type":"Point","coordinates":[91.7930410958904,24.922633165829144]}},{"type":"Feature","properties":{"stage":3,"elev":13.4,"name":"peak lowland water"},"geometry":{"type":"Point","coordinates":[91.800712328767148,24.922633165829144]}},{"type":"Feature","properties":{"stage":3,"elev":14.4,"name":"peak lowland water"},"geometry":{"type":"Point","coordinates":[91.804547945205471,24.922633165829144]}},{"type":"Feature","properties":{"stage":3,"elev":14.8,"name":"peak lowland water"},"geometry":{"type":"Point","coordinates":[91.823726027397271,24.922633165829144]}},{"type":"Feature","properties":{"stage":3,"elev":14.3,"name":"peak lowland water"},"geometry":{"type":"Point","coordinates":[91.980986301369882,24.922633165829144]}},{"type":"Feature","properties":{"stage":3,"elev":12.1,"name":"peak lowland water"},"geometry":{"type":"Point","coordinates":[91.781534246575347,24.926452261306537]}},{"type":"Feature","properties":{"stage":3,"elev":12.6,"name":"peak lowland water"},"geometry":{"type":"Point","coordinates":[91.7853698630137,24.926452261306537]}},{"type":"Feature","properties":{"stage":3,"elev":13.8,"name":"peak lowland water"},"geometry":{"type":"Point","coordinates":[91.789205479452065,24.926452261306537]}},{"type":"Feature","properties":{"stage":3,"elev":13.4,"name":"peak lowland water"},"geometry":{"type":"Point","coordinates":[91.7930410958904,24.926452261306537]}},{"type":"Feature","properties":{"stage":3,"elev":14.4,"name":"peak lowland water"},"geometry":{"type":"Point","coordinates":[91.804547945205471,24.926452261306537]}},{"type":"Feature","properties":{"stage":3,"elev":13.4,"name":"peak lowland water"},"geometry":{"type":"Point","coordinates":[91.808383561643822,24.926452261306537]}},{"type":"Feature","properties":{"stage":3,"elev":13.6,"name":"peak lowland water"},"geometry":{"type":"Point","coordinates":[91.823726027397271,24.926452261306537]}},{"type":"Feature","properties":{"stage":3,"elev":15,"name":"peak lowland water"},"geometry":{"type":"Point","coordinates":[91.984821917808219,24.926452261306537]}},{"type":"Feature","properties":{"stage":3,"elev":13.4,"name":"peak lowland water"},"geometry":{"type":"Point","coordinates":[91.781534246575347,24.930271356783919]}},{"type":"Feature","properties":{"stage":3,"elev":12.5,"name":"peak lowland water"},"geometry":{"type":"Point","coordinates":[91.7853698630137,24.930271356783919]}},{"type":"Feature","properties":{"stage":3,"elev":12.8,"name":"peak lowland water"},"geometry":{"type":"Point","coordinates":[91.789205479452065,24.930271356783919]}},{"type":"Feature","properties":{"stage":3,"elev":11.6,"name":"peak lowland water"},"geometry":{"type":"Point","coordinates":[91.7930410958904,24.930271356783919]}},{"type":"Feature","properties":{"stage":3,"elev":14.3,"name":"peak lowland water"},"geometry":{"type":"Point","coordinates":[91.800712328767148,24.930271356783919]}},{"type":"Feature","properties":{"stage":3,"elev":14.5,"name":"peak lowland water"},"geometry":{"type":"Point","coordinates":[91.816054794520554,24.930271356783919]}},{"type":"Feature","properties":{"stage":3,"elev":14.3,"name":"peak lowland water"},"geometry":{"type":"Point","coordinates":[91.819890410958891,24.930271356783919]}},{"type":"Feature","properties":{"stage":3,"elev":12,"name":"peak lowland water"},"geometry":{"type":"Point","coordinates":[91.823726027397271,24.930271356783919]}},{"type":"Feature","properties":{"stage":3,"elev":13.9,"name":"peak lowland water"},"geometry":{"type":"Point","coordinates":[91.827561643835637,24.930271356783919]}},{"type":"Feature","properties":{"stage":3,"elev":13.5,"name":"peak lowland water"},"geometry":{"type":"Point","coordinates":[91.781534246575347,24.934090452261305]}},{"type":"Feature","properties":{"stage":3,"elev":13.9,"name":"peak lowland water"},"geometry":{"type":"Point","coordinates":[91.789205479452065,24.934090452261305]}},{"type":"Feature","properties":{"stage":3,"elev":11.8,"name":"peak lowland water"},"geometry":{"type":"Point","coordinates":[91.7930410958904,24.934090452261305]}},{"type":"Feature","properties":{"stage":3,"elev":12.8,"name":"peak lowland water"},"geometry":{"type":"Point","coordinates":[91.796876712328782,24.934090452261305]}},{"type":"Feature","properties":{"stage":3,"elev":13.1,"name":"peak lowland water"},"geometry":{"type":"Point","coordinates":[91.800712328767148,24.934090452261305]}},{"type":"Feature","properties":{"stage":3,"elev":13.9,"name":"peak lowland water"},"geometry":{"type":"Point","coordinates":[91.804547945205471,24.934090452261305]}},{"type":"Feature","properties":{"stage":3,"elev":14.1,"name":"peak lowland water"},"geometry":{"type":"Point","coordinates":[91.808383561643822,24.934090452261305]}},{"type":"Feature","properties":{"stage":3,"elev":13.4,"name":"peak lowland water"},"geometry":{"type":"Point","coordinates":[91.819890410958891,24.934090452261305]}},{"type":"Feature","properties":{"stage":3,"elev":14.4,"name":"peak lowland water"},"geometry":{"type":"Point","coordinates":[91.823726027397271,24.934090452261305]}},{"type":"Feature","properties":{"stage":3,"elev":12.8,"name":"peak lowland water"},"geometry":{"type":"Point","coordinates":[91.781534246575347,24.937909547738691]}},{"type":"Feature","properties":{"stage":3,"elev":15,"name":"peak lowland water"},"geometry":{"type":"Point","coordinates":[91.7930410958904,24.937909547738691]}},{"type":"Feature","properties":{"stage":3,"elev":12.1,"name":"peak lowland water"},"geometry":{"type":"Point","coordinates":[91.796876712328782,24.937909547738691]}},{"type":"Feature","properties":{"stage":3,"elev":13.4,"name":"peak lowland water"},"geometry":{"type":"Point","coordinates":[91.800712328767148,24.937909547738691]}},{"type":"Feature","properties":{"stage":3,"elev":15,"name":"peak lowland water"},"geometry":{"type":"Point","coordinates":[91.804547945205471,24.937909547738691]}},{"type":"Feature","properties":{"stage":3,"elev":12.6,"name":"peak lowland water"},"geometry":{"type":"Point","coordinates":[91.808383561643822,24.937909547738691]}},{"type":"Feature","properties":{"stage":3,"elev":12.7,"name":"peak lowland water"},"geometry":{"type":"Point","coordinates":[91.812219178082188,24.937909547738691]}},{"type":"Feature","properties":{"stage":3,"elev":12.8,"name":"peak lowland water"},"geometry":{"type":"Point","coordinates":[91.819890410958891,24.937909547738691]}},{"type":"Feature","properties":{"stage":3,"elev":14.8,"name":"peak lowland water"},"geometry":{"type":"Point","coordinates":[91.827561643835637,24.937909547738691]}},{"type":"Feature","properties":{"stage":3,"elev":15,"name":"peak lowland water"},"geometry":{"type":"Point","coordinates":[91.839068493150677,24.937909547738691]}},{"type":"Feature","properties":{"stage":3,"elev":13.6,"name":"peak lowland water"},"geometry":{"type":"Point","coordinates":[91.781534246575347,24.941728643216084]}},{"type":"Feature","properties":{"stage":3,"elev":13.3,"name":"peak lowland water"},"geometry":{"type":"Point","coordinates":[91.7853698630137,24.941728643216084]}},{"type":"Feature","properties":{"stage":3,"elev":13.2,"name":"peak lowland water"},"geometry":{"type":"Point","coordinates":[91.789205479452065,24.941728643216084]}},{"type":"Feature","properties":{"stage":3,"elev":13.9,"name":"peak lowland water"},"geometry":{"type":"Point","coordinates":[91.7930410958904,24.941728643216084]}},{"type":"Feature","properties":{"stage":3,"elev":11.5,"name":"peak lowland water"},"geometry":{"type":"Point","coordinates":[91.796876712328782,24.941728643216084]}},{"type":"Feature","properties":{"stage":3,"elev":14.4,"name":"peak lowland water"},"geometry":{"type":"Point","coordinates":[91.800712328767148,24.941728643216084]}},{"type":"Feature","properties":{"stage":3,"elev":13.4,"name":"peak lowland water"},"geometry":{"type":"Point","coordinates":[91.804547945205471,24.941728643216084]}},{"type":"Feature","properties":{"stage":3,"elev":12.9,"name":"peak lowland water"},"geometry":{"type":"Point","coordinates":[91.808383561643822,24.941728643216084]}},{"type":"Feature","properties":{"stage":3,"elev":11.3,"name":"peak lowland water"},"geometry":{"type":"Point","coordinates":[91.812219178082188,24.941728643216084]}},{"type":"Feature","properties":{"stage":3,"elev":13.9,"name":"peak lowland water"},"geometry":{"type":"Point","coordinates":[91.816054794520554,24.941728643216084]}},{"type":"Feature","properties":{"stage":3,"elev":12.6,"name":"peak lowland water"},"geometry":{"type":"Point","coordinates":[91.819890410958891,24.941728643216084]}},{"type":"Feature","properties":{"stage":3,"elev":12.4,"name":"peak lowland water"},"geometry":{"type":"Point","coordinates":[91.827561643835637,24.941728643216084]}},{"type":"Feature","properties":{"stage":3,"elev":12.8,"name":"peak lowland water"},"geometry":{"type":"Point","coordinates":[91.831397260273974,24.941728643216084]}},{"type":"Feature","properties":{"stage":3,"elev":13.9,"name":"peak lowland water"},"geometry":{"type":"Point","coordinates":[91.835232876712325,24.941728643216084]}},{"type":"Feature","properties":{"stage":3,"elev":11.1,"name":"peak lowland water"},"geometry":{"type":"Point","coordinates":[91.7853698630137,24.945547738693467]}},{"type":"Feature","properties":{"stage":3,"elev":11.4,"name":"peak lowland water"},"geometry":{"type":"Point","coordinates":[91.789205479452065,24.945547738693467]}},{"type":"Feature","properties":{"stage":3,"elev":11.9,"name":"peak lowland water"},"geometry":{"type":"Point","coordinates":[91.7930410958904,24.945547738693467]}},{"type":"Feature","properties":{"stage":3,"elev":11.2,"name":"peak lowland water"},"geometry":{"type":"Point","coordinates":[91.796876712328782,24.945547738693467]}},{"type":"Feature","properties":{"stage":3,"elev":11.2,"name":"peak lowland water"},"geometry":{"type":"Point","coordinates":[91.800712328767148,24.945547738693467]}},{"type":"Feature","properties":{"stage":3,"elev":12,"name":"peak lowland water"},"geometry":{"type":"Point","coordinates":[91.804547945205471,24.945547738693467]}},{"type":"Feature","properties":{"stage":3,"elev":13.4,"name":"peak lowland water"},"geometry":{"type":"Point","coordinates":[91.808383561643822,24.945547738693467]}},{"type":"Feature","properties":{"stage":3,"elev":11.6,"name":"peak lowland water"},"geometry":{"type":"Point","coordinates":[91.812219178082188,24.945547738693467]}},{"type":"Feature","properties":{"stage":3,"elev":12.4,"name":"peak lowland water"},"geometry":{"type":"Point","coordinates":[91.816054794520554,24.945547738693467]}},{"type":"Feature","properties":{"stage":3,"elev":11.6,"name":"peak lowland water"},"geometry":{"type":"Point","coordinates":[91.819890410958891,24.945547738693467]}},{"type":"Feature","properties":{"stage":3,"elev":11.4,"name":"peak lowland water"},"geometry":{"type":"Point","coordinates":[91.823726027397271,24.945547738693467]}},{"type":"Feature","properties":{"stage":3,"elev":13.8,"name":"peak lowland water"},"geometry":{"type":"Point","coordinates":[91.827561643835637,24.945547738693467]}},{"type":"Feature","properties":{"stage":3,"elev":12.4,"name":"peak lowland water"},"geometry":{"type":"Point","coordinates":[91.831397260273974,24.945547738693467]}},{"type":"Feature","properties":{"stage":3,"elev":14.5,"name":"peak lowland water"},"geometry":{"type":"Point","coordinates":[91.835232876712325,24.945547738693467]}},{"type":"Feature","properties":{"stage":3,"elev":13.3,"name":"peak lowland water"},"geometry":{"type":"Point","coordinates":[91.781534246575347,24.949366834170853]}},{"type":"Feature","properties":{"stage":3,"elev":10.7,"name":"peak lowland water"},"geometry":{"type":"Point","coordinates":[91.7853698630137,24.949366834170853]}},{"type":"Feature","properties":{"stage":3,"elev":11.6,"name":"peak lowland water"},"geometry":{"type":"Point","coordinates":[91.789205479452065,24.949366834170853]}},{"type":"Feature","properties":{"stage":3,"elev":11.5,"name":"peak lowland water"},"geometry":{"type":"Point","coordinates":[91.7930410958904,24.949366834170853]}},{"type":"Feature","properties":{"stage":3,"elev":11.2,"name":"peak lowland water"},"geometry":{"type":"Point","coordinates":[91.796876712328782,24.949366834170853]}},{"type":"Feature","properties":{"stage":3,"elev":10.8,"name":"peak lowland water"},"geometry":{"type":"Point","coordinates":[91.800712328767148,24.949366834170853]}},{"type":"Feature","properties":{"stage":3,"elev":12.6,"name":"peak lowland water"},"geometry":{"type":"Point","coordinates":[91.804547945205471,24.949366834170853]}},{"type":"Feature","properties":{"stage":3,"elev":11.4,"name":"peak lowland water"},"geometry":{"type":"Point","coordinates":[91.808383561643822,24.949366834170853]}},{"type":"Feature","properties":{"stage":3,"elev":10.9,"name":"peak lowland water"},"geometry":{"type":"Point","coordinates":[91.812219178082188,24.949366834170853]}},{"type":"Feature","properties":{"stage":3,"elev":11.9,"name":"peak lowland water"},"geometry":{"type":"Point","coordinates":[91.816054794520554,24.949366834170853]}},{"type":"Feature","properties":{"stage":3,"elev":10.7,"name":"peak lowland water"},"geometry":{"type":"Point","coordinates":[91.819890410958891,24.949366834170853]}},{"type":"Feature","properties":{"stage":3,"elev":10.5,"name":"peak lowland water"},"geometry":{"type":"Point","coordinates":[91.823726027397271,24.949366834170853]}},{"type":"Feature","properties":{"stage":3,"elev":9.8,"name":"peak lowland water"},"geometry":{"type":"Point","coordinates":[91.827561643835637,24.949366834170853]}},{"type":"Feature","properties":{"stage":3,"elev":11.3,"name":"peak lowland water"},"geometry":{"type":"Point","coordinates":[91.835232876712325,24.949366834170853]}},{"type":"Feature","properties":{"stage":3,"elev":13.8,"name":"peak lowland water"},"geometry":{"type":"Point","coordinates":[91.839068493150677,24.949366834170853]}},{"type":"Feature","properties":{"stage":3,"elev":14.9,"name":"peak lowland water"},"geometry":{"type":"Point","coordinates":[91.842904109589043,24.949366834170853]}},{"type":"Feature","properties":{"stage":3,"elev":15,"name":"peak lowland water"},"geometry":{"type":"Point","coordinates":[91.789205479452065,24.953185929648242]}},{"type":"Feature","properties":{"stage":3,"elev":12.4,"name":"peak lowland water"},"geometry":{"type":"Point","coordinates":[91.7930410958904,24.953185929648242]}},{"type":"Feature","properties":{"stage":3,"elev":13.7,"name":"peak lowland water"},"geometry":{"type":"Point","coordinates":[91.796876712328782,24.953185929648242]}},{"type":"Feature","properties":{"stage":3,"elev":11.6,"name":"peak lowland water"},"geometry":{"type":"Point","coordinates":[91.800712328767148,24.953185929648242]}},{"type":"Feature","properties":{"stage":3,"elev":11.4,"name":"peak lowland water"},"geometry":{"type":"Point","coordinates":[91.804547945205471,24.953185929648242]}},{"type":"Feature","properties":{"stage":3,"elev":12.1,"name":"peak lowland water"},"geometry":{"type":"Point","coordinates":[91.808383561643822,24.953185929648242]}},{"type":"Feature","properties":{"stage":3,"elev":11.9,"name":"peak lowland water"},"geometry":{"type":"Point","coordinates":[91.812219178082188,24.953185929648242]}},{"type":"Feature","properties":{"stage":3,"elev":10.6,"name":"peak lowland water"},"geometry":{"type":"Point","coordinates":[91.816054794520554,24.953185929648242]}},{"type":"Feature","properties":{"stage":3,"elev":10.1,"name":"peak lowland water"},"geometry":{"type":"Point","coordinates":[91.819890410958891,24.953185929648242]}},{"type":"Feature","properties":{"stage":3,"elev":11.1,"name":"peak lowland water"},"geometry":{"type":"Point","coordinates":[91.823726027397271,24.953185929648242]}},{"type":"Feature","properties":{"stage":3,"elev":10.1,"name":"peak lowland water"},"geometry":{"type":"Point","coordinates":[91.827561643835637,24.953185929648242]}},{"type":"Feature","properties":{"stage":3,"elev":9,"name":"peak lowland water"},"geometry":{"type":"Point","coordinates":[91.831397260273974,24.953185929648242]}},{"type":"Feature","properties":{"stage":3,"elev":10.3,"name":"peak lowland water"},"geometry":{"type":"Point","coordinates":[91.835232876712325,24.953185929648242]}},{"type":"Feature","properties":{"stage":3,"elev":13.9,"name":"peak lowland water"},"geometry":{"type":"Point","coordinates":[91.839068493150677,24.953185929648242]}},{"type":"Feature","properties":{"stage":3,"elev":11.6,"name":"peak lowland water"},"geometry":{"type":"Point","coordinates":[91.842904109589043,24.953185929648242]}},{"type":"Feature","properties":{"stage":3,"elev":12.8,"name":"peak lowland water"},"geometry":{"type":"Point","coordinates":[91.781534246575347,24.957005025125628]}},{"type":"Feature","properties":{"stage":3,"elev":12.4,"name":"peak lowland water"},"geometry":{"type":"Point","coordinates":[91.7930410958904,24.957005025125628]}},{"type":"Feature","properties":{"stage":3,"elev":13.4,"name":"peak lowland water"},"geometry":{"type":"Point","coordinates":[91.796876712328782,24.957005025125628]}},{"type":"Feature","properties":{"stage":3,"elev":13.4,"name":"peak lowland water"},"geometry":{"type":"Point","coordinates":[91.800712328767148,24.957005025125628]}},{"type":"Feature","properties":{"stage":3,"elev":11.8,"name":"peak lowland water"},"geometry":{"type":"Point","coordinates":[91.804547945205471,24.957005025125628]}},{"type":"Feature","properties":{"stage":3,"elev":10.9,"name":"peak lowland water"},"geometry":{"type":"Point","coordinates":[91.808383561643822,24.957005025125628]}},{"type":"Feature","properties":{"stage":3,"elev":10.1,"name":"peak lowland water"},"geometry":{"type":"Point","coordinates":[91.812219178082188,24.957005025125628]}},{"type":"Feature","properties":{"stage":3,"elev":11.8,"name":"peak lowland water"},"geometry":{"type":"Point","coordinates":[91.816054794520554,24.957005025125628]}},{"type":"Feature","properties":{"stage":3,"elev":10.5,"name":"peak lowland water"},"geometry":{"type":"Point","coordinates":[91.819890410958891,24.957005025125628]}},{"type":"Feature","properties":{"stage":3,"elev":10.4,"name":"peak lowland water"},"geometry":{"type":"Point","coordinates":[91.823726027397271,24.957005025125628]}},{"type":"Feature","properties":{"stage":3,"elev":10.7,"name":"peak lowland water"},"geometry":{"type":"Point","coordinates":[91.827561643835637,24.957005025125628]}},{"type":"Feature","properties":{"stage":3,"elev":11.3,"name":"peak lowland water"},"geometry":{"type":"Point","coordinates":[91.831397260273974,24.957005025125628]}},{"type":"Feature","properties":{"stage":3,"elev":10.6,"name":"peak lowland water"},"geometry":{"type":"Point","coordinates":[91.835232876712325,24.957005025125628]}},{"type":"Feature","properties":{"stage":3,"elev":10.2,"name":"peak lowland water"},"geometry":{"type":"Point","coordinates":[91.839068493150677,24.957005025125628]}},{"type":"Feature","properties":{"stage":3,"elev":10.8,"name":"peak lowland water"},"geometry":{"type":"Point","coordinates":[91.842904109589043,24.957005025125628]}},{"type":"Feature","properties":{"stage":3,"elev":14.3,"name":"peak lowland water"},"geometry":{"type":"Point","coordinates":[91.84673972602738,24.957005025125628]}},{"type":"Feature","properties":{"stage":3,"elev":14.9,"name":"peak lowland water"},"geometry":{"type":"Point","coordinates":[91.85057534246576,24.957005025125628]}},{"type":"Feature","properties":{"stage":3,"elev":12.2,"name":"peak lowland water"},"geometry":{"type":"Point","coordinates":[91.781534246575347,24.960824120603014]}},{"type":"Feature","properties":{"stage":3,"elev":13.6,"name":"peak lowland water"},"geometry":{"type":"Point","coordinates":[91.7853698630137,24.960824120603014]}},{"type":"Feature","properties":{"stage":3,"elev":11.9,"name":"peak lowland water"},"geometry":{"type":"Point","coordinates":[91.7930410958904,24.960824120603014]}},{"type":"Feature","properties":{"stage":3,"elev":12.9,"name":"peak lowland water"},"geometry":{"type":"Point","coordinates":[91.796876712328782,24.960824120603014]}},{"type":"Feature","properties":{"stage":3,"elev":11.3,"name":"peak lowland water"},"geometry":{"type":"Point","coordinates":[91.800712328767148,24.960824120603014]}},{"type":"Feature","properties":{"stage":3,"elev":10.7,"name":"peak lowland water"},"geometry":{"type":"Point","coordinates":[91.804547945205471,24.960824120603014]}},{"type":"Feature","properties":{"stage":3,"elev":11.8,"name":"peak lowland water"},"geometry":{"type":"Point","coordinates":[91.808383561643822,24.960824120603014]}},{"type":"Feature","properties":{"stage":3,"elev":11.4,"name":"peak lowland water"},"geometry":{"type":"Point","coordinates":[91.812219178082188,24.960824120603014]}},{"type":"Feature","properties":{"stage":3,"elev":11.3,"name":"peak lowland water"},"geometry":{"type":"Point","coordinates":[91.816054794520554,24.960824120603014]}},{"type":"Feature","properties":{"stage":3,"elev":11.8,"name":"peak lowland water"},"geometry":{"type":"Point","coordinates":[91.819890410958891,24.960824120603014]}},{"type":"Feature","properties":{"stage":3,"elev":9.4,"name":"peak lowland water"},"geometry":{"type":"Point","coordinates":[91.823726027397271,24.960824120603014]}},{"type":"Feature","properties":{"stage":3,"elev":10.1,"name":"peak lowland water"},"geometry":{"type":"Point","coordinates":[91.827561643835637,24.960824120603014]}},{"type":"Feature","properties":{"stage":3,"elev":9.9,"name":"peak lowland water"},"geometry":{"type":"Point","coordinates":[91.831397260273974,24.960824120603014]}},{"type":"Feature","properties":{"stage":3,"elev":9.9,"name":"peak lowland water"},"geometry":{"type":"Point","coordinates":[91.835232876712325,24.960824120603014]}},{"type":"Feature","properties":{"stage":3,"elev":10.4,"name":"peak lowland water"},"geometry":{"type":"Point","coordinates":[91.839068493150677,24.960824120603014]}},{"type":"Feature","properties":{"stage":3,"elev":11.3,"name":"peak lowland water"},"geometry":{"type":"Point","coordinates":[91.842904109589043,24.960824120603014]}},{"type":"Feature","properties":{"stage":3,"elev":12.1,"name":"peak lowland water"},"geometry":{"type":"Point","coordinates":[91.84673972602738,24.960824120603014]}},{"type":"Feature","properties":{"stage":3,"elev":13.5,"name":"peak lowland water"},"geometry":{"type":"Point","coordinates":[91.85057534246576,24.960824120603014]}},{"type":"Feature","properties":{"stage":3,"elev":13.1,"name":"peak lowland water"},"geometry":{"type":"Point","coordinates":[91.781534246575347,24.9646432160804]}},{"type":"Feature","properties":{"stage":3,"elev":14.7,"name":"peak lowland water"},"geometry":{"type":"Point","coordinates":[91.7853698630137,24.9646432160804]}},{"type":"Feature","properties":{"stage":3,"elev":13.9,"name":"peak lowland water"},"geometry":{"type":"Point","coordinates":[91.7930410958904,24.9646432160804]}},{"type":"Feature","properties":{"stage":3,"elev":13.1,"name":"peak lowland water"},"geometry":{"type":"Point","coordinates":[91.796876712328782,24.9646432160804]}},{"type":"Feature","properties":{"stage":3,"elev":11.5,"name":"peak lowland water"},"geometry":{"type":"Point","coordinates":[91.800712328767148,24.9646432160804]}},{"type":"Feature","properties":{"stage":3,"elev":12.6,"name":"peak lowland water"},"geometry":{"type":"Point","coordinates":[91.804547945205471,24.9646432160804]}},{"type":"Feature","properties":{"stage":3,"elev":11.1,"name":"peak lowland water"},"geometry":{"type":"Point","coordinates":[91.808383561643822,24.9646432160804]}},{"type":"Feature","properties":{"stage":3,"elev":11.5,"name":"peak lowland water"},"geometry":{"type":"Point","coordinates":[91.812219178082188,24.9646432160804]}},{"type":"Feature","properties":{"stage":3,"elev":11.1,"name":"peak lowland water"},"geometry":{"type":"Point","coordinates":[91.816054794520554,24.9646432160804]}},{"type":"Feature","properties":{"stage":3,"elev":9.4,"name":"peak lowland water"},"geometry":{"type":"Point","coordinates":[91.819890410958891,24.9646432160804]}},{"type":"Feature","properties":{"stage":3,"elev":10.8,"name":"peak lowland water"},"geometry":{"type":"Point","coordinates":[91.823726027397271,24.9646432160804]}},{"type":"Feature","properties":{"stage":3,"elev":11,"name":"peak lowland water"},"geometry":{"type":"Point","coordinates":[91.827561643835637,24.9646432160804]}},{"type":"Feature","properties":{"stage":3,"elev":10.8,"name":"peak lowland water"},"geometry":{"type":"Point","coordinates":[91.831397260273974,24.9646432160804]}},{"type":"Feature","properties":{"stage":3,"elev":9.8,"name":"peak lowland water"},"geometry":{"type":"Point","coordinates":[91.835232876712325,24.9646432160804]}},{"type":"Feature","properties":{"stage":3,"elev":10.7,"name":"peak lowland water"},"geometry":{"type":"Point","coordinates":[91.839068493150677,24.9646432160804]}},{"type":"Feature","properties":{"stage":3,"elev":14.1,"name":"peak lowland water"},"geometry":{"type":"Point","coordinates":[91.842904109589043,24.9646432160804]}},{"type":"Feature","properties":{"stage":3,"elev":14.6,"name":"peak lowland water"},"geometry":{"type":"Point","coordinates":[91.865917808219166,24.9646432160804]}},{"type":"Feature","properties":{"stage":3,"elev":13.6,"name":"peak lowland water"},"geometry":{"type":"Point","coordinates":[91.781534246575347,24.96846231155779]}},{"type":"Feature","properties":{"stage":3,"elev":14.2,"name":"peak lowland water"},"geometry":{"type":"Point","coordinates":[91.7853698630137,24.96846231155779]}},{"type":"Feature","properties":{"stage":3,"elev":14.1,"name":"peak lowland water"},"geometry":{"type":"Point","coordinates":[91.7930410958904,24.96846231155779]}},{"type":"Feature","properties":{"stage":3,"elev":14.1,"name":"peak lowland water"},"geometry":{"type":"Point","coordinates":[91.796876712328782,24.96846231155779]}},{"type":"Feature","properties":{"stage":3,"elev":12.1,"name":"peak lowland water"},"geometry":{"type":"Point","coordinates":[91.800712328767148,24.96846231155779]}},{"type":"Feature","properties":{"stage":3,"elev":11.2,"name":"peak lowland water"},"geometry":{"type":"Point","coordinates":[91.804547945205471,24.96846231155779]}},{"type":"Feature","properties":{"stage":3,"elev":12,"name":"peak lowland water"},"geometry":{"type":"Point","coordinates":[91.808383561643822,24.96846231155779]}},{"type":"Feature","properties":{"stage":3,"elev":11.2,"name":"peak lowland water"},"geometry":{"type":"Point","coordinates":[91.812219178082188,24.96846231155779]}},{"type":"Feature","properties":{"stage":3,"elev":10.4,"name":"peak lowland water"},"geometry":{"type":"Point","coordinates":[91.816054794520554,24.96846231155779]}},{"type":"Feature","properties":{"stage":3,"elev":10.1,"name":"peak lowland water"},"geometry":{"type":"Point","coordinates":[91.819890410958891,24.96846231155779]}},{"type":"Feature","properties":{"stage":3,"elev":10.7,"name":"peak lowland water"},"geometry":{"type":"Point","coordinates":[91.823726027397271,24.96846231155779]}},{"type":"Feature","properties":{"stage":3,"elev":11.3,"name":"peak lowland water"},"geometry":{"type":"Point","coordinates":[91.827561643835637,24.96846231155779]}},{"type":"Feature","properties":{"stage":3,"elev":10,"name":"peak lowland water"},"geometry":{"type":"Point","coordinates":[91.831397260273974,24.96846231155779]}},{"type":"Feature","properties":{"stage":3,"elev":11.4,"name":"peak lowland water"},"geometry":{"type":"Point","coordinates":[91.835232876712325,24.96846231155779]}},{"type":"Feature","properties":{"stage":3,"elev":11.4,"name":"peak lowland water"},"geometry":{"type":"Point","coordinates":[91.839068493150677,24.96846231155779]}},{"type":"Feature","properties":{"stage":3,"elev":11.2,"name":"peak lowland water"},"geometry":{"type":"Point","coordinates":[91.842904109589043,24.96846231155779]}},{"type":"Feature","properties":{"stage":3,"elev":12.1,"name":"peak lowland water"},"geometry":{"type":"Point","coordinates":[91.84673972602738,24.96846231155779]}},{"type":"Feature","properties":{"stage":3,"elev":12,"name":"peak lowland water"},"geometry":{"type":"Point","coordinates":[91.85057534246576,24.96846231155779]}},{"type":"Feature","properties":{"stage":3,"elev":13.6,"name":"peak lowland water"},"geometry":{"type":"Point","coordinates":[91.854410958904126,24.96846231155779]}},{"type":"Feature","properties":{"stage":3,"elev":13.6,"name":"peak lowland water"},"geometry":{"type":"Point","coordinates":[91.858246575342463,24.96846231155779]}},{"type":"Feature","properties":{"stage":3,"elev":13.7,"name":"peak lowland water"},"geometry":{"type":"Point","coordinates":[91.862082191780829,24.96846231155779]}},{"type":"Feature","properties":{"stage":3,"elev":12.8,"name":"peak lowland water"},"geometry":{"type":"Point","coordinates":[91.781534246575347,24.972281407035176]}},{"type":"Feature","properties":{"stage":3,"elev":13.4,"name":"peak lowland water"},"geometry":{"type":"Point","coordinates":[91.7853698630137,24.972281407035176]}},{"type":"Feature","properties":{"stage":3,"elev":13.2,"name":"peak lowland water"},"geometry":{"type":"Point","coordinates":[91.796876712328782,24.972281407035176]}},{"type":"Feature","properties":{"stage":3,"elev":12.8,"name":"peak lowland water"},"geometry":{"type":"Point","coordinates":[91.800712328767148,24.972281407035176]}},{"type":"Feature","properties":{"stage":3,"elev":12.6,"name":"peak lowland water"},"geometry":{"type":"Point","coordinates":[91.804547945205471,24.972281407035176]}},{"type":"Feature","properties":{"stage":3,"elev":11.9,"name":"peak lowland water"},"geometry":{"type":"Point","coordinates":[91.808383561643822,24.972281407035176]}},{"type":"Feature","properties":{"stage":3,"elev":10.7,"name":"peak lowland water"},"geometry":{"type":"Point","coordinates":[91.812219178082188,24.972281407035176]}},{"type":"Feature","properties":{"stage":3,"elev":10.4,"name":"peak lowland water"},"geometry":{"type":"Point","coordinates":[91.816054794520554,24.972281407035176]}},{"type":"Feature","properties":{"stage":3,"elev":9.3,"name":"peak lowland water"},"geometry":{"type":"Point","coordinates":[91.819890410958891,24.972281407035176]}},{"type":"Feature","properties":{"stage":3,"elev":10.3,"name":"peak lowland water"},"geometry":{"type":"Point","coordinates":[91.823726027397271,24.972281407035176]}},{"type":"Feature","properties":{"stage":3,"elev":11.2,"name":"peak lowland water"},"geometry":{"type":"Point","coordinates":[91.827561643835637,24.972281407035176]}},{"type":"Feature","properties":{"stage":3,"elev":11.3,"name":"peak lowland water"},"geometry":{"type":"Point","coordinates":[91.831397260273974,24.972281407035176]}},{"type":"Feature","properties":{"stage":3,"elev":11.1,"name":"peak lowland water"},"geometry":{"type":"Point","coordinates":[91.835232876712325,24.972281407035176]}},{"type":"Feature","properties":{"stage":3,"elev":9.3,"name":"peak lowland water"},"geometry":{"type":"Point","coordinates":[91.839068493150677,24.972281407035176]}},{"type":"Feature","properties":{"stage":3,"elev":9.7,"name":"peak lowland water"},"geometry":{"type":"Point","coordinates":[91.842904109589043,24.972281407035176]}},{"type":"Feature","properties":{"stage":3,"elev":11.6,"name":"peak lowland water"},"geometry":{"type":"Point","coordinates":[91.84673972602738,24.972281407035176]}},{"type":"Feature","properties":{"stage":3,"elev":11.6,"name":"peak lowland water"},"geometry":{"type":"Point","coordinates":[91.85057534246576,24.972281407035176]}},{"type":"Feature","properties":{"stage":3,"elev":13.8,"name":"peak lowland water"},"geometry":{"type":"Point","coordinates":[91.854410958904126,24.972281407035176]}},{"type":"Feature","properties":{"stage":3,"elev":12.1,"name":"peak lowland water"},"geometry":{"type":"Point","coordinates":[91.858246575342463,24.972281407035176]}},{"type":"Feature","properties":{"stage":3,"elev":12.6,"name":"peak lowland water"},"geometry":{"type":"Point","coordinates":[91.862082191780829,24.972281407035176]}},{"type":"Feature","properties":{"stage":3,"elev":13.7,"name":"peak lowland water"},"geometry":{"type":"Point","coordinates":[91.865917808219166,24.972281407035176]}},{"type":"Feature","properties":{"stage":3,"elev":12.9,"name":"peak lowland water"},"geometry":{"type":"Point","coordinates":[91.781534246575347,24.976100502512558]}},{"type":"Feature","properties":{"stage":3,"elev":14,"name":"peak lowland water"},"geometry":{"type":"Point","coordinates":[91.789205479452065,24.976100502512558]}},{"type":"Feature","properties":{"stage":3,"elev":14.1,"name":"peak lowland water"},"geometry":{"type":"Point","coordinates":[91.796876712328782,24.976100502512558]}},{"type":"Feature","properties":{"stage":3,"elev":11.9,"name":"peak lowland water"},"geometry":{"type":"Point","coordinates":[91.800712328767148,24.976100502512558]}},{"type":"Feature","properties":{"stage":3,"elev":11.3,"name":"peak lowland water"},"geometry":{"type":"Point","coordinates":[91.804547945205471,24.976100502512558]}},{"type":"Feature","properties":{"stage":3,"elev":11.3,"name":"peak lowland water"},"geometry":{"type":"Point","coordinates":[91.808383561643822,24.976100502512558]}},{"type":"Feature","properties":{"stage":3,"elev":10.5,"name":"peak lowland water"},"geometry":{"type":"Point","coordinates":[91.812219178082188,24.976100502512558]}},{"type":"Feature","properties":{"stage":3,"elev":9.4,"name":"peak lowland water"},"geometry":{"type":"Point","coordinates":[91.816054794520554,24.976100502512558]}},{"type":"Feature","properties":{"stage":3,"elev":11.3,"name":"peak lowland water"},"geometry":{"type":"Point","coordinates":[91.819890410958891,24.976100502512558]}},{"type":"Feature","properties":{"stage":3,"elev":12.6,"name":"peak lowland water"},"geometry":{"type":"Point","coordinates":[91.823726027397271,24.976100502512558]}},{"type":"Feature","properties":{"stage":3,"elev":10.1,"name":"peak lowland water"},"geometry":{"type":"Point","coordinates":[91.827561643835637,24.976100502512558]}},{"type":"Feature","properties":{"stage":3,"elev":11.1,"name":"peak lowland water"},"geometry":{"type":"Point","coordinates":[91.831397260273974,24.976100502512558]}},{"type":"Feature","properties":{"stage":3,"elev":10.9,"name":"peak lowland water"},"geometry":{"type":"Point","coordinates":[91.835232876712325,24.976100502512558]}},{"type":"Feature","properties":{"stage":3,"elev":10.7,"name":"peak lowland water"},"geometry":{"type":"Point","coordinates":[91.839068493150677,24.976100502512558]}},{"type":"Feature","properties":{"stage":3,"elev":11.2,"name":"peak lowland water"},"geometry":{"type":"Point","coordinates":[91.842904109589043,24.976100502512558]}},{"type":"Feature","properties":{"stage":3,"elev":12.2,"name":"peak lowland water"},"geometry":{"type":"Point","coordinates":[91.84673972602738,24.976100502512558]}},{"type":"Feature","properties":{"stage":3,"elev":13.8,"name":"peak lowland water"},"geometry":{"type":"Point","coordinates":[91.854410958904126,24.976100502512558]}},{"type":"Feature","properties":{"stage":3,"elev":13.1,"name":"peak lowland water"},"geometry":{"type":"Point","coordinates":[91.858246575342463,24.976100502512558]}},{"type":"Feature","properties":{"stage":3,"elev":11.8,"name":"peak lowland water"},"geometry":{"type":"Point","coordinates":[91.862082191780829,24.976100502512558]}},{"type":"Feature","properties":{"stage":3,"elev":13.1,"name":"peak lowland water"},"geometry":{"type":"Point","coordinates":[91.865917808219166,24.976100502512558]}},{"type":"Feature","properties":{"stage":3,"elev":14.6,"name":"peak lowland water"},"geometry":{"type":"Point","coordinates":[91.877424657534235,24.976100502512558]}},{"type":"Feature","properties":{"stage":3,"elev":13.5,"name":"peak lowland water"},"geometry":{"type":"Point","coordinates":[91.781534246575347,24.979919597989948]}},{"type":"Feature","properties":{"stage":3,"elev":13.4,"name":"peak lowland water"},"geometry":{"type":"Point","coordinates":[91.789205479452065,24.979919597989948]}},{"type":"Feature","properties":{"stage":3,"elev":13.8,"name":"peak lowland water"},"geometry":{"type":"Point","coordinates":[91.796876712328782,24.979919597989948]}},{"type":"Feature","properties":{"stage":3,"elev":13.3,"name":"peak lowland water"},"geometry":{"type":"Point","coordinates":[91.800712328767148,24.979919597989948]}},{"type":"Feature","properties":{"stage":3,"elev":11.1,"name":"peak lowland water"},"geometry":{"type":"Point","coordinates":[91.804547945205471,24.979919597989948]}},{"type":"Feature","properties":{"stage":3,"elev":10.1,"name":"peak lowland water"},"geometry":{"type":"Point","coordinates":[91.808383561643822,24.979919597989948]}},{"type":"Feature","properties":{"stage":3,"elev":11.5,"name":"peak lowland water"},"geometry":{"type":"Point","coordinates":[91.812219178082188,24.979919597989948]}},{"type":"Feature","properties":{"stage":3,"elev":11.9,"name":"peak lowland water"},"geometry":{"type":"Point","coordinates":[91.816054794520554,24.979919597989948]}},{"type":"Feature","properties":{"stage":3,"elev":11.8,"name":"peak lowland water"},"geometry":{"type":"Point","coordinates":[91.819890410958891,24.979919597989948]}},{"type":"Feature","properties":{"stage":3,"elev":10.3,"name":"peak lowland water"},"geometry":{"type":"Point","coordinates":[91.823726027397271,24.979919597989948]}},{"type":"Feature","properties":{"stage":3,"elev":11.4,"name":"peak lowland water"},"geometry":{"type":"Point","coordinates":[91.827561643835637,24.979919597989948]}},{"type":"Feature","properties":{"stage":3,"elev":10.6,"name":"peak lowland water"},"geometry":{"type":"Point","coordinates":[91.831397260273974,24.979919597989948]}},{"type":"Feature","properties":{"stage":3,"elev":10.8,"name":"peak lowland water"},"geometry":{"type":"Point","coordinates":[91.835232876712325,24.979919597989948]}},{"type":"Feature","properties":{"stage":3,"elev":13.1,"name":"peak lowland water"},"geometry":{"type":"Point","coordinates":[91.839068493150677,24.979919597989948]}},{"type":"Feature","properties":{"stage":3,"elev":15,"name":"peak lowland water"},"geometry":{"type":"Point","coordinates":[91.858246575342463,24.979919597989948]}},{"type":"Feature","properties":{"stage":3,"elev":12.8,"name":"peak lowland water"},"geometry":{"type":"Point","coordinates":[91.862082191780829,24.979919597989948]}},{"type":"Feature","properties":{"stage":3,"elev":15,"name":"peak lowland water"},"geometry":{"type":"Point","coordinates":[91.873589041095912,24.979919597989948]}},{"type":"Feature","properties":{"stage":3,"elev":12.9,"name":"peak lowland water"},"geometry":{"type":"Point","coordinates":[91.877424657534235,24.979919597989948]}},{"type":"Feature","properties":{"stage":3,"elev":14.3,"name":"peak lowland water"},"geometry":{"type":"Point","coordinates":[91.881260273972586,24.979919597989948]}},{"type":"Feature","properties":{"stage":3,"elev":12.5,"name":"peak lowland water"},"geometry":{"type":"Point","coordinates":[91.789205479452065,24.983738693467338]}},{"type":"Feature","properties":{"stage":3,"elev":13,"name":"peak lowland water"},"geometry":{"type":"Point","coordinates":[91.7930410958904,24.983738693467338]}},{"type":"Feature","properties":{"stage":3,"elev":11.9,"name":"peak lowland water"},"geometry":{"type":"Point","coordinates":[91.796876712328782,24.983738693467338]}},{"type":"Feature","properties":{"stage":3,"elev":12.5,"name":"peak lowland water"},"geometry":{"type":"Point","coordinates":[91.800712328767148,24.983738693467338]}},{"type":"Feature","properties":{"stage":3,"elev":11.8,"name":"peak lowland water"},"geometry":{"type":"Point","coordinates":[91.804547945205471,24.983738693467338]}},{"type":"Feature","properties":{"stage":3,"elev":11.5,"name":"peak lowland water"},"geometry":{"type":"Point","coordinates":[91.808383561643822,24.983738693467338]}},{"type":"Feature","properties":{"stage":3,"elev":11.8,"name":"peak lowland water"},"geometry":{"type":"Point","coordinates":[91.812219178082188,24.983738693467338]}},{"type":"Feature","properties":{"stage":3,"elev":12.3,"name":"peak lowland water"},"geometry":{"type":"Point","coordinates":[91.816054794520554,24.983738693467338]}},{"type":"Feature","properties":{"stage":3,"elev":11.9,"name":"peak lowland water"},"geometry":{"type":"Point","coordinates":[91.819890410958891,24.983738693467338]}},{"type":"Feature","properties":{"stage":3,"elev":10.8,"name":"peak lowland water"},"geometry":{"type":"Point","coordinates":[91.823726027397271,24.983738693467338]}},{"type":"Feature","properties":{"stage":3,"elev":9.9,"name":"peak lowland water"},"geometry":{"type":"Point","coordinates":[91.827561643835637,24.983738693467338]}},{"type":"Feature","properties":{"stage":3,"elev":11.6,"name":"peak lowland water"},"geometry":{"type":"Point","coordinates":[91.831397260273974,24.983738693467338]}},{"type":"Feature","properties":{"stage":3,"elev":11,"name":"peak lowland water"},"geometry":{"type":"Point","coordinates":[91.835232876712325,24.983738693467338]}},{"type":"Feature","properties":{"stage":3,"elev":11.8,"name":"peak lowland water"},"geometry":{"type":"Point","coordinates":[91.839068493150677,24.983738693467338]}},{"type":"Feature","properties":{"stage":3,"elev":11.6,"name":"peak lowland water"},"geometry":{"type":"Point","coordinates":[91.842904109589043,24.983738693467338]}},{"type":"Feature","properties":{"stage":3,"elev":9.8,"name":"peak lowland water"},"geometry":{"type":"Point","coordinates":[91.84673972602738,24.983738693467338]}},{"type":"Feature","properties":{"stage":3,"elev":11.5,"name":"peak lowland water"},"geometry":{"type":"Point","coordinates":[91.85057534246576,24.983738693467338]}},{"type":"Feature","properties":{"stage":3,"elev":12.3,"name":"peak lowland water"},"geometry":{"type":"Point","coordinates":[91.854410958904126,24.983738693467338]}},{"type":"Feature","properties":{"stage":3,"elev":12.3,"name":"peak lowland water"},"geometry":{"type":"Point","coordinates":[91.858246575342463,24.983738693467338]}},{"type":"Feature","properties":{"stage":3,"elev":12.1,"name":"peak lowland water"},"geometry":{"type":"Point","coordinates":[91.862082191780829,24.983738693467338]}},{"type":"Feature","properties":{"stage":3,"elev":12.1,"name":"peak lowland water"},"geometry":{"type":"Point","coordinates":[91.865917808219166,24.983738693467338]}},{"type":"Feature","properties":{"stage":3,"elev":12.1,"name":"peak lowland water"},"geometry":{"type":"Point","coordinates":[91.869753424657546,24.983738693467338]}},{"type":"Feature","properties":{"stage":3,"elev":12.4,"name":"peak lowland water"},"geometry":{"type":"Point","coordinates":[91.873589041095912,24.983738693467338]}},{"type":"Feature","properties":{"stage":3,"elev":11.8,"name":"peak lowland water"},"geometry":{"type":"Point","coordinates":[91.877424657534235,24.983738693467338]}},{"type":"Feature","properties":{"stage":3,"elev":12,"name":"peak lowland water"},"geometry":{"type":"Point","coordinates":[91.881260273972586,24.983738693467338]}},{"type":"Feature","properties":{"stage":3,"elev":12.1,"name":"peak lowland water"},"geometry":{"type":"Point","coordinates":[91.885095890410952,24.983738693467338]}},{"type":"Feature","properties":{"stage":3,"elev":14.4,"name":"peak lowland water"},"geometry":{"type":"Point","coordinates":[91.8889315068493,24.983738693467338]}},{"type":"Feature","properties":{"stage":3,"elev":14.9,"name":"peak lowland water"},"geometry":{"type":"Point","coordinates":[91.896602739726021,24.983738693467338]}},{"type":"Feature","properties":{"stage":3,"elev":13.4,"name":"peak lowland water"},"geometry":{"type":"Point","coordinates":[91.7930410958904,24.987557788944724]}},{"type":"Feature","properties":{"stage":3,"elev":13.1,"name":"peak lowland water"},"geometry":{"type":"Point","coordinates":[91.804547945205471,24.987557788944724]}},{"type":"Feature","properties":{"stage":3,"elev":11.8,"name":"peak lowland water"},"geometry":{"type":"Point","coordinates":[91.808383561643822,24.987557788944724]}},{"type":"Feature","properties":{"stage":3,"elev":12.1,"name":"peak lowland water"},"geometry":{"type":"Point","coordinates":[91.812219178082188,24.987557788944724]}},{"type":"Feature","properties":{"stage":3,"elev":13,"name":"peak lowland water"},"geometry":{"type":"Point","coordinates":[91.816054794520554,24.987557788944724]}},{"type":"Feature","properties":{"stage":3,"elev":12.2,"name":"peak lowland water"},"geometry":{"type":"Point","coordinates":[91.819890410958891,24.987557788944724]}},{"type":"Feature","properties":{"stage":3,"elev":10.9,"name":"peak lowland water"},"geometry":{"type":"Point","coordinates":[91.823726027397271,24.987557788944724]}},{"type":"Feature","properties":{"stage":3,"elev":11.6,"name":"peak lowland water"},"geometry":{"type":"Point","coordinates":[91.827561643835637,24.987557788944724]}},{"type":"Feature","properties":{"stage":3,"elev":11.1,"name":"peak lowland water"},"geometry":{"type":"Point","coordinates":[91.831397260273974,24.987557788944724]}},{"type":"Feature","properties":{"stage":3,"elev":9.6,"name":"peak lowland water"},"geometry":{"type":"Point","coordinates":[91.835232876712325,24.987557788944724]}},{"type":"Feature","properties":{"stage":3,"elev":10.3,"name":"peak lowland water"},"geometry":{"type":"Point","coordinates":[91.839068493150677,24.987557788944724]}},{"type":"Feature","properties":{"stage":3,"elev":9.4,"name":"peak lowland water"},"geometry":{"type":"Point","coordinates":[91.842904109589043,24.987557788944724]}},{"type":"Feature","properties":{"stage":3,"elev":11.4,"name":"peak lowland water"},"geometry":{"type":"Point","coordinates":[91.84673972602738,24.987557788944724]}},{"type":"Feature","properties":{"stage":3,"elev":11.3,"name":"peak lowland water"},"geometry":{"type":"Point","coordinates":[91.85057534246576,24.987557788944724]}},{"type":"Feature","properties":{"stage":3,"elev":12.1,"name":"peak lowland water"},"geometry":{"type":"Point","coordinates":[91.854410958904126,24.987557788944724]}},{"type":"Feature","properties":{"stage":3,"elev":11.3,"name":"peak lowland water"},"geometry":{"type":"Point","coordinates":[91.858246575342463,24.987557788944724]}},{"type":"Feature","properties":{"stage":3,"elev":9.9,"name":"peak lowland water"},"geometry":{"type":"Point","coordinates":[91.862082191780829,24.987557788944724]}},{"type":"Feature","properties":{"stage":3,"elev":10.4,"name":"peak lowland water"},"geometry":{"type":"Point","coordinates":[91.865917808219166,24.987557788944724]}},{"type":"Feature","properties":{"stage":3,"elev":10.9,"name":"peak lowland water"},"geometry":{"type":"Point","coordinates":[91.869753424657546,24.987557788944724]}},{"type":"Feature","properties":{"stage":3,"elev":11.9,"name":"peak lowland water"},"geometry":{"type":"Point","coordinates":[91.873589041095912,24.987557788944724]}},{"type":"Feature","properties":{"stage":3,"elev":11.3,"name":"peak lowland water"},"geometry":{"type":"Point","coordinates":[91.877424657534235,24.987557788944724]}},{"type":"Feature","properties":{"stage":3,"elev":10.2,"name":"peak lowland water"},"geometry":{"type":"Point","coordinates":[91.881260273972586,24.987557788944724]}},{"type":"Feature","properties":{"stage":3,"elev":10.7,"name":"peak lowland water"},"geometry":{"type":"Point","coordinates":[91.885095890410952,24.987557788944724]}},{"type":"Feature","properties":{"stage":3,"elev":11.2,"name":"peak lowland water"},"geometry":{"type":"Point","coordinates":[91.8889315068493,24.987557788944724]}},{"type":"Feature","properties":{"stage":3,"elev":12.3,"name":"peak lowland water"},"geometry":{"type":"Point","coordinates":[91.892767123287655,24.987557788944724]}},{"type":"Feature","properties":{"stage":3,"elev":12.6,"name":"peak lowland water"},"geometry":{"type":"Point","coordinates":[91.896602739726021,24.987557788944724]}},{"type":"Feature","properties":{"stage":3,"elev":13.4,"name":"peak lowland water"},"geometry":{"type":"Point","coordinates":[91.900438356164386,24.987557788944724]}},{"type":"Feature","properties":{"stage":3,"elev":14.6,"name":"peak lowland water"},"geometry":{"type":"Point","coordinates":[91.781534246575347,24.991376884422113]}},{"type":"Feature","properties":{"stage":3,"elev":14.3,"name":"peak lowland water"},"geometry":{"type":"Point","coordinates":[91.7853698630137,24.991376884422113]}},{"type":"Feature","properties":{"stage":3,"elev":13.4,"name":"peak lowland water"},"geometry":{"type":"Point","coordinates":[91.7930410958904,24.991376884422113]}},{"type":"Feature","properties":{"stage":3,"elev":13.6,"name":"peak lowland water"},"geometry":{"type":"Point","coordinates":[91.796876712328782,24.991376884422113]}},{"type":"Feature","properties":{"stage":3,"elev":13.4,"name":"peak lowland water"},"geometry":{"type":"Point","coordinates":[91.800712328767148,24.991376884422113]}},{"type":"Feature","properties":{"stage":3,"elev":12.6,"name":"peak lowland water"},"geometry":{"type":"Point","coordinates":[91.819890410958891,24.991376884422113]}},{"type":"Feature","properties":{"stage":3,"elev":12.9,"name":"peak lowland water"},"geometry":{"type":"Point","coordinates":[91.823726027397271,24.991376884422113]}},{"type":"Feature","properties":{"stage":3,"elev":12.9,"name":"peak lowland water"},"geometry":{"type":"Point","coordinates":[91.827561643835637,24.991376884422113]}},{"type":"Feature","properties":{"stage":3,"elev":11.6,"name":"peak lowland water"},"geometry":{"type":"Point","coordinates":[91.831397260273974,24.991376884422113]}},{"type":"Feature","properties":{"stage":3,"elev":10.6,"name":"peak lowland water"},"geometry":{"type":"Point","coordinates":[91.835232876712325,24.991376884422113]}},{"type":"Feature","properties":{"stage":3,"elev":10.9,"name":"peak lowland water"},"geometry":{"type":"Point","coordinates":[91.839068493150677,24.991376884422113]}},{"type":"Feature","properties":{"stage":3,"elev":9.7,"name":"peak lowland water"},"geometry":{"type":"Point","coordinates":[91.842904109589043,24.991376884422113]}},{"type":"Feature","properties":{"stage":3,"elev":11.6,"name":"peak lowland water"},"geometry":{"type":"Point","coordinates":[91.84673972602738,24.991376884422113]}},{"type":"Feature","properties":{"stage":3,"elev":12.9,"name":"peak lowland water"},"geometry":{"type":"Point","coordinates":[91.85057534246576,24.991376884422113]}},{"type":"Feature","properties":{"stage":3,"elev":12.4,"name":"peak lowland water"},"geometry":{"type":"Point","coordinates":[91.854410958904126,24.991376884422113]}},{"type":"Feature","properties":{"stage":3,"elev":13.3,"name":"peak lowland water"},"geometry":{"type":"Point","coordinates":[91.858246575342463,24.991376884422113]}},{"type":"Feature","properties":{"stage":3,"elev":11.8,"name":"peak lowland water"},"geometry":{"type":"Point","coordinates":[91.862082191780829,24.991376884422113]}},{"type":"Feature","properties":{"stage":3,"elev":11.2,"name":"peak lowland water"},"geometry":{"type":"Point","coordinates":[91.865917808219166,24.991376884422113]}},{"type":"Feature","properties":{"stage":3,"elev":10.7,"name":"peak lowland water"},"geometry":{"type":"Point","coordinates":[91.869753424657546,24.991376884422113]}},{"type":"Feature","properties":{"stage":3,"elev":13.1,"name":"peak lowland water"},"geometry":{"type":"Point","coordinates":[91.873589041095912,24.991376884422113]}},{"type":"Feature","properties":{"stage":3,"elev":12.6,"name":"peak lowland water"},"geometry":{"type":"Point","coordinates":[91.877424657534235,24.991376884422113]}},{"type":"Feature","properties":{"stage":3,"elev":10.1,"name":"peak lowland water"},"geometry":{"type":"Point","coordinates":[91.881260273972586,24.991376884422113]}},{"type":"Feature","properties":{"stage":3,"elev":9.8,"name":"peak lowland water"},"geometry":{"type":"Point","coordinates":[91.885095890410952,24.991376884422113]}},{"type":"Feature","properties":{"stage":3,"elev":10,"name":"peak lowland water"},"geometry":{"type":"Point","coordinates":[91.8889315068493,24.991376884422113]}},{"type":"Feature","properties":{"stage":3,"elev":10.4,"name":"peak lowland water"},"geometry":{"type":"Point","coordinates":[91.892767123287655,24.991376884422113]}},{"type":"Feature","properties":{"stage":3,"elev":12.4,"name":"peak lowland water"},"geometry":{"type":"Point","coordinates":[91.896602739726021,24.991376884422113]}},{"type":"Feature","properties":{"stage":3,"elev":13.2,"name":"peak lowland water"},"geometry":{"type":"Point","coordinates":[91.900438356164386,24.991376884422113]}},{"type":"Feature","properties":{"stage":3,"elev":13.7,"name":"peak lowland water"},"geometry":{"type":"Point","coordinates":[91.904273972602738,24.991376884422113]}},{"type":"Feature","properties":{"stage":3,"elev":13.8,"name":"peak lowland water"},"geometry":{"type":"Point","coordinates":[91.9081095890411,24.991376884422113]}},{"type":"Feature","properties":{"stage":3,"elev":13.5,"name":"peak lowland water"},"geometry":{"type":"Point","coordinates":[91.781534246575347,24.9951959798995]}},{"type":"Feature","properties":{"stage":3,"elev":12.4,"name":"peak lowland water"},"geometry":{"type":"Point","coordinates":[91.7853698630137,24.9951959798995]}},{"type":"Feature","properties":{"stage":3,"elev":12.9,"name":"peak lowland water"},"geometry":{"type":"Point","coordinates":[91.789205479452065,24.9951959798995]}},{"type":"Feature","properties":{"stage":3,"elev":13.1,"name":"peak lowland water"},"geometry":{"type":"Point","coordinates":[91.7930410958904,24.9951959798995]}},{"type":"Feature","properties":{"stage":3,"elev":13.2,"name":"peak lowland water"},"geometry":{"type":"Point","coordinates":[91.796876712328782,24.9951959798995]}},{"type":"Feature","properties":{"stage":3,"elev":12.3,"name":"peak lowland water"},"geometry":{"type":"Point","coordinates":[91.800712328767148,24.9951959798995]}},{"type":"Feature","properties":{"stage":3,"elev":12.1,"name":"peak lowland water"},"geometry":{"type":"Point","coordinates":[91.804547945205471,24.9951959798995]}},{"type":"Feature","properties":{"stage":3,"elev":13.8,"name":"peak lowland water"},"geometry":{"type":"Point","coordinates":[91.808383561643822,24.9951959798995]}},{"type":"Feature","properties":{"stage":3,"elev":14.9,"name":"peak lowland water"},"geometry":{"type":"Point","coordinates":[91.816054794520554,24.9951959798995]}},{"type":"Feature","properties":{"stage":3,"elev":13,"name":"peak lowland water"},"geometry":{"type":"Point","coordinates":[91.819890410958891,24.9951959798995]}},{"type":"Feature","properties":{"stage":3,"elev":12.5,"name":"peak lowland water"},"geometry":{"type":"Point","coordinates":[91.823726027397271,24.9951959798995]}},{"type":"Feature","properties":{"stage":3,"elev":12.8,"name":"peak lowland water"},"geometry":{"type":"Point","coordinates":[91.827561643835637,24.9951959798995]}},{"type":"Feature","properties":{"stage":3,"elev":12.8,"name":"peak lowland water"},"geometry":{"type":"Point","coordinates":[91.831397260273974,24.9951959798995]}},{"type":"Feature","properties":{"stage":3,"elev":11.5,"name":"peak lowland water"},"geometry":{"type":"Point","coordinates":[91.835232876712325,24.9951959798995]}},{"type":"Feature","properties":{"stage":3,"elev":12.8,"name":"peak lowland water"},"geometry":{"type":"Point","coordinates":[91.839068493150677,24.9951959798995]}},{"type":"Feature","properties":{"stage":3,"elev":12.3,"name":"peak lowland water"},"geometry":{"type":"Point","coordinates":[91.842904109589043,24.9951959798995]}},{"type":"Feature","properties":{"stage":3,"elev":12.1,"name":"peak lowland water"},"geometry":{"type":"Point","coordinates":[91.84673972602738,24.9951959798995]}},{"type":"Feature","properties":{"stage":3,"elev":11.1,"name":"peak lowland water"},"geometry":{"type":"Point","coordinates":[91.85057534246576,24.9951959798995]}},{"type":"Feature","properties":{"stage":3,"elev":11.4,"name":"peak lowland water"},"geometry":{"type":"Point","coordinates":[91.854410958904126,24.9951959798995]}},{"type":"Feature","properties":{"stage":3,"elev":9.3,"name":"peak lowland water"},"geometry":{"type":"Point","coordinates":[91.858246575342463,24.9951959798995]}},{"type":"Feature","properties":{"stage":3,"elev":8.8,"name":"peak lowland water"},"geometry":{"type":"Point","coordinates":[91.862082191780829,24.9951959798995]}},{"type":"Feature","properties":{"stage":3,"elev":9,"name":"peak lowland water"},"geometry":{"type":"Point","coordinates":[91.865917808219166,24.9951959798995]}},{"type":"Feature","properties":{"stage":3,"elev":11.3,"name":"peak lowland water"},"geometry":{"type":"Point","coordinates":[91.869753424657546,24.9951959798995]}},{"type":"Feature","properties":{"stage":3,"elev":12.4,"name":"peak lowland water"},"geometry":{"type":"Point","coordinates":[91.873589041095912,24.9951959798995]}},{"type":"Feature","properties":{"stage":3,"elev":13.3,"name":"peak lowland water"},"geometry":{"type":"Point","coordinates":[91.877424657534235,24.9951959798995]}},{"type":"Feature","properties":{"stage":3,"elev":11.3,"name":"peak lowland water"},"geometry":{"type":"Point","coordinates":[91.881260273972586,24.9951959798995]}},{"type":"Feature","properties":{"stage":3,"elev":10.8,"name":"peak lowland water"},"geometry":{"type":"Point","coordinates":[91.885095890410952,24.9951959798995]}},{"type":"Feature","properties":{"stage":3,"elev":9.9,"name":"peak lowland water"},"geometry":{"type":"Point","coordinates":[91.8889315068493,24.9951959798995]}},{"type":"Feature","properties":{"stage":3,"elev":12.5,"name":"peak lowland water"},"geometry":{"type":"Point","coordinates":[91.892767123287655,24.9951959798995]}},{"type":"Feature","properties":{"stage":3,"elev":10.3,"name":"peak lowland water"},"geometry":{"type":"Point","coordinates":[91.896602739726021,24.9951959798995]}},{"type":"Feature","properties":{"stage":3,"elev":9.4,"name":"peak lowland water"},"geometry":{"type":"Point","coordinates":[91.900438356164386,24.9951959798995]}},{"type":"Feature","properties":{"stage":3,"elev":11,"name":"peak lowland water"},"geometry":{"type":"Point","coordinates":[91.904273972602738,24.9951959798995]}},{"type":"Feature","properties":{"stage":3,"elev":13.8,"name":"peak lowland water"},"geometry":{"type":"Point","coordinates":[91.9081095890411,24.9951959798995]}},{"type":"Feature","properties":{"stage":3,"elev":13.7,"name":"peak lowland water"},"geometry":{"type":"Point","coordinates":[91.911945205479441,24.9951959798995]}},{"type":"Feature","properties":{"stage":3,"elev":14.3,"name":"peak lowland water"},"geometry":{"type":"Point","coordinates":[91.915780821917821,24.9951959798995]}},{"type":"Feature","properties":{"stage":3,"elev":13.8,"name":"peak lowland water"},"geometry":{"type":"Point","coordinates":[91.781534246575347,24.999015075376889]}},{"type":"Feature","properties":{"stage":3,"elev":12.3,"name":"peak lowland water"},"geometry":{"type":"Point","coordinates":[91.7853698630137,24.999015075376889]}},{"type":"Feature","properties":{"stage":3,"elev":12.9,"name":"peak lowland water"},"geometry":{"type":"Point","coordinates":[91.789205479452065,24.999015075376889]}},{"type":"Feature","properties":{"stage":3,"elev":11.3,"name":"peak lowland water"},"geometry":{"type":"Point","coordinates":[91.7930410958904,24.999015075376889]}},{"type":"Feature","properties":{"stage":3,"elev":12.2,"name":"peak lowland water"},"geometry":{"type":"Point","coordinates":[91.796876712328782,24.999015075376889]}},{"type":"Feature","properties":{"stage":3,"elev":11.7,"name":"peak lowland water"},"geometry":{"type":"Point","coordinates":[91.800712328767148,24.999015075376889]}},{"type":"Feature","properties":{"stage":3,"elev":11.6,"name":"peak lowland water"},"geometry":{"type":"Point","coordinates":[91.804547945205471,24.999015075376889]}},{"type":"Feature","properties":{"stage":3,"elev":12.8,"name":"peak lowland water"},"geometry":{"type":"Point","coordinates":[91.808383561643822,24.999015075376889]}},{"type":"Feature","properties":{"stage":3,"elev":13.4,"name":"peak lowland water"},"geometry":{"type":"Point","coordinates":[91.816054794520554,24.999015075376889]}},{"type":"Feature","properties":{"stage":3,"elev":13.5,"name":"peak lowland water"},"geometry":{"type":"Point","coordinates":[91.819890410958891,24.999015075376889]}},{"type":"Feature","properties":{"stage":3,"elev":12.4,"name":"peak lowland water"},"geometry":{"type":"Point","coordinates":[91.823726027397271,24.999015075376889]}},{"type":"Feature","properties":{"stage":3,"elev":12.4,"name":"peak lowland water"},"geometry":{"type":"Point","coordinates":[91.827561643835637,24.999015075376889]}},{"type":"Feature","properties":{"stage":3,"elev":12.1,"name":"peak lowland water"},"geometry":{"type":"Point","coordinates":[91.839068493150677,24.999015075376889]}},{"type":"Feature","properties":{"stage":3,"elev":11.2,"name":"peak lowland water"},"geometry":{"type":"Point","coordinates":[91.842904109589043,24.999015075376889]}},{"type":"Feature","properties":{"stage":3,"elev":11.2,"name":"peak lowland water"},"geometry":{"type":"Point","coordinates":[91.84673972602738,24.999015075376889]}},{"type":"Feature","properties":{"stage":3,"elev":10.4,"name":"peak lowland water"},"geometry":{"type":"Point","coordinates":[91.85057534246576,24.999015075376889]}},{"type":"Feature","properties":{"stage":3,"elev":12.1,"name":"peak lowland water"},"geometry":{"type":"Point","coordinates":[91.854410958904126,24.999015075376889]}},{"type":"Feature","properties":{"stage":3,"elev":9.8,"name":"peak lowland water"},"geometry":{"type":"Point","coordinates":[91.858246575342463,24.999015075376889]}},{"type":"Feature","properties":{"stage":3,"elev":9.6,"name":"peak lowland water"},"geometry":{"type":"Point","coordinates":[91.862082191780829,24.999015075376889]}},{"type":"Feature","properties":{"stage":3,"elev":9.1,"name":"peak lowland water"},"geometry":{"type":"Point","coordinates":[91.865917808219166,24.999015075376889]}},{"type":"Feature","properties":{"stage":3,"elev":12.7,"name":"peak lowland water"},"geometry":{"type":"Point","coordinates":[91.869753424657546,24.999015075376889]}},{"type":"Feature","properties":{"stage":3,"elev":13.6,"name":"peak lowland water"},"geometry":{"type":"Point","coordinates":[91.873589041095912,24.999015075376889]}},{"type":"Feature","properties":{"stage":3,"elev":13.4,"name":"peak lowland water"},"geometry":{"type":"Point","coordinates":[91.877424657534235,24.999015075376889]}},{"type":"Feature","properties":{"stage":3,"elev":10.9,"name":"peak lowland water"},"geometry":{"type":"Point","coordinates":[91.881260273972586,24.999015075376889]}},{"type":"Feature","properties":{"stage":3,"elev":10.4,"name":"peak lowland water"},"geometry":{"type":"Point","coordinates":[91.885095890410952,24.999015075376889]}},{"type":"Feature","properties":{"stage":3,"elev":11.3,"name":"peak lowland water"},"geometry":{"type":"Point","coordinates":[91.8889315068493,24.999015075376889]}},{"type":"Feature","properties":{"stage":3,"elev":10.6,"name":"peak lowland water"},"geometry":{"type":"Point","coordinates":[91.892767123287655,24.999015075376889]}},{"type":"Feature","properties":{"stage":3,"elev":10,"name":"peak lowland water"},"geometry":{"type":"Point","coordinates":[91.896602739726021,24.999015075376889]}},{"type":"Feature","properties":{"stage":3,"elev":10.3,"name":"peak lowland water"},"geometry":{"type":"Point","coordinates":[91.900438356164386,24.999015075376889]}},{"type":"Feature","properties":{"stage":3,"elev":10.3,"name":"peak lowland water"},"geometry":{"type":"Point","coordinates":[91.904273972602738,24.999015075376889]}},{"type":"Feature","properties":{"stage":3,"elev":12.3,"name":"peak lowland water"},"geometry":{"type":"Point","coordinates":[91.9081095890411,24.999015075376889]}},{"type":"Feature","properties":{"stage":3,"elev":12.7,"name":"peak lowland water"},"geometry":{"type":"Point","coordinates":[91.911945205479441,24.999015075376889]}},{"type":"Feature","properties":{"stage":3,"elev":13.6,"name":"peak lowland water"},"geometry":{"type":"Point","coordinates":[91.915780821917821,24.999015075376889]}},{"type":"Feature","properties":{"stage":3,"elev":14.6,"name":"peak lowland water"},"geometry":{"type":"Point","coordinates":[91.919616438356186,24.999015075376889]}},{"type":"Feature","properties":{"stage":3,"elev":11.1,"name":"peak lowland water"},"geometry":{"type":"Point","coordinates":[91.781534246575347,25.002834170854271]}},{"type":"Feature","properties":{"stage":3,"elev":11.6,"name":"peak lowland water"},"geometry":{"type":"Point","coordinates":[91.7853698630137,25.002834170854271]}},{"type":"Feature","properties":{"stage":3,"elev":12.3,"name":"peak lowland water"},"geometry":{"type":"Point","coordinates":[91.789205479452065,25.002834170854271]}},{"type":"Feature","properties":{"stage":3,"elev":12.2,"name":"peak lowland water"},"geometry":{"type":"Point","coordinates":[91.7930410958904,25.002834170854271]}},{"type":"Feature","properties":{"stage":3,"elev":11.1,"name":"peak lowland water"},"geometry":{"type":"Point","coordinates":[91.796876712328782,25.002834170854271]}},{"type":"Feature","properties":{"stage":3,"elev":11.2,"name":"peak lowland water"},"geometry":{"type":"Point","coordinates":[91.800712328767148,25.002834170854271]}},{"type":"Feature","properties":{"stage":3,"elev":11.9,"name":"peak lowland water"},"geometry":{"type":"Point","coordinates":[91.804547945205471,25.002834170854271]}},{"type":"Feature","properties":{"stage":3,"elev":14.9,"name":"peak lowland water"},"geometry":{"type":"Point","coordinates":[91.816054794520554,25.002834170854271]}},{"type":"Feature","properties":{"stage":3,"elev":12.6,"name":"peak lowland water"},"geometry":{"type":"Point","coordinates":[91.819890410958891,25.002834170854271]}},{"type":"Feature","properties":{"stage":3,"elev":13.4,"name":"peak lowland water"},"geometry":{"type":"Point","coordinates":[91.823726027397271,25.002834170854271]}},{"type":"Feature","properties":{"stage":3,"elev":14.4,"name":"peak lowland water"},"geometry":{"type":"Point","coordinates":[91.827561643835637,25.002834170854271]}},{"type":"Feature","properties":{"stage":3,"elev":13.1,"name":"peak lowland water"},"geometry":{"type":"Point","coordinates":[91.839068493150677,25.002834170854271]}},{"type":"Feature","properties":{"stage":3,"elev":13.3,"name":"peak lowland water"},"geometry":{"type":"Point","coordinates":[91.842904109589043,25.002834170854271]}},{"type":"Feature","properties":{"stage":3,"elev":11.4,"name":"peak lowland water"},"geometry":{"type":"Point","coordinates":[91.84673972602738,25.002834170854271]}},{"type":"Feature","properties":{"stage":3,"elev":8.9,"name":"peak lowland water"},"geometry":{"type":"Point","coordinates":[91.85057534246576,25.002834170854271]}},{"type":"Feature","properties":{"stage":3,"elev":11.6,"name":"peak lowland water"},"geometry":{"type":"Point","coordinates":[91.854410958904126,25.002834170854271]}},{"type":"Feature","properties":{"stage":3,"elev":11.9,"name":"peak lowland water"},"geometry":{"type":"Point","coordinates":[91.858246575342463,25.002834170854271]}},{"type":"Feature","properties":{"stage":3,"elev":11.6,"name":"peak lowland water"},"geometry":{"type":"Point","coordinates":[91.862082191780829,25.002834170854271]}},{"type":"Feature","properties":{"stage":3,"elev":12.6,"name":"peak lowland water"},"geometry":{"type":"Point","coordinates":[91.865917808219166,25.002834170854271]}},{"type":"Feature","properties":{"stage":3,"elev":12.4,"name":"peak lowland water"},"geometry":{"type":"Point","coordinates":[91.869753424657546,25.002834170854271]}},{"type":"Feature","properties":{"stage":3,"elev":12.6,"name":"peak lowland water"},"geometry":{"type":"Point","coordinates":[91.873589041095912,25.002834170854271]}},{"type":"Feature","properties":{"stage":3,"elev":12.1,"name":"peak lowland water"},"geometry":{"type":"Point","coordinates":[91.877424657534235,25.002834170854271]}},{"type":"Feature","properties":{"stage":3,"elev":10.2,"name":"peak lowland water"},"geometry":{"type":"Point","coordinates":[91.881260273972586,25.002834170854271]}},{"type":"Feature","properties":{"stage":3,"elev":10.4,"name":"peak lowland water"},"geometry":{"type":"Point","coordinates":[91.885095890410952,25.002834170854271]}},{"type":"Feature","properties":{"stage":3,"elev":10.9,"name":"peak lowland water"},"geometry":{"type":"Point","coordinates":[91.8889315068493,25.002834170854271]}},{"type":"Feature","properties":{"stage":3,"elev":12,"name":"peak lowland water"},"geometry":{"type":"Point","coordinates":[91.892767123287655,25.002834170854271]}},{"type":"Feature","properties":{"stage":3,"elev":11.1,"name":"peak lowland water"},"geometry":{"type":"Point","coordinates":[91.896602739726021,25.002834170854271]}},{"type":"Feature","properties":{"stage":3,"elev":10.4,"name":"peak lowland water"},"geometry":{"type":"Point","coordinates":[91.900438356164386,25.002834170854271]}},{"type":"Feature","properties":{"stage":3,"elev":11.3,"name":"peak lowland water"},"geometry":{"type":"Point","coordinates":[91.904273972602738,25.002834170854271]}},{"type":"Feature","properties":{"stage":3,"elev":10.4,"name":"peak lowland water"},"geometry":{"type":"Point","coordinates":[91.9081095890411,25.002834170854271]}},{"type":"Feature","properties":{"stage":3,"elev":11.5,"name":"peak lowland water"},"geometry":{"type":"Point","coordinates":[91.911945205479441,25.002834170854271]}},{"type":"Feature","properties":{"stage":3,"elev":11.7,"name":"peak lowland water"},"geometry":{"type":"Point","coordinates":[91.915780821917821,25.002834170854271]}},{"type":"Feature","properties":{"stage":3,"elev":14.1,"name":"peak lowland water"},"geometry":{"type":"Point","coordinates":[91.919616438356186,25.002834170854271]}},{"type":"Feature","properties":{"stage":3,"elev":14.8,"name":"peak lowland water"},"geometry":{"type":"Point","coordinates":[91.94263013698631,25.002834170854271]}},{"type":"Feature","properties":{"stage":3,"elev":10.9,"name":"peak lowland water"},"geometry":{"type":"Point","coordinates":[91.781534246575347,25.006653266331657]}},{"type":"Feature","properties":{"stage":3,"elev":11.1,"name":"peak lowland water"},"geometry":{"type":"Point","coordinates":[91.7853698630137,25.006653266331657]}},{"type":"Feature","properties":{"stage":3,"elev":11.4,"name":"peak lowland water"},"geometry":{"type":"Point","coordinates":[91.789205479452065,25.006653266331657]}},{"type":"Feature","properties":{"stage":3,"elev":11.3,"name":"peak lowland water"},"geometry":{"type":"Point","coordinates":[91.7930410958904,25.006653266331657]}},{"type":"Feature","properties":{"stage":3,"elev":9.8,"name":"peak lowland water"},"geometry":{"type":"Point","coordinates":[91.796876712328782,25.006653266331657]}},{"type":"Feature","properties":{"stage":3,"elev":11.2,"name":"peak lowland water"},"geometry":{"type":"Point","coordinates":[91.800712328767148,25.006653266331657]}},{"type":"Feature","properties":{"stage":3,"elev":12.1,"name":"peak lowland water"},"geometry":{"type":"Point","coordinates":[91.804547945205471,25.006653266331657]}},{"type":"Feature","properties":{"stage":3,"elev":13.8,"name":"peak lowland water"},"geometry":{"type":"Point","coordinates":[91.808383561643822,25.006653266331657]}},{"type":"Feature","properties":{"stage":3,"elev":13.1,"name":"peak lowland water"},"geometry":{"type":"Point","coordinates":[91.812219178082188,25.006653266331657]}},{"type":"Feature","properties":{"stage":3,"elev":13.1,"name":"peak lowland water"},"geometry":{"type":"Point","coordinates":[91.831397260273974,25.006653266331657]}},{"type":"Feature","properties":{"stage":3,"elev":14.9,"name":"peak lowland water"},"geometry":{"type":"Point","coordinates":[91.835232876712325,25.006653266331657]}},{"type":"Feature","properties":{"stage":3,"elev":13.3,"name":"peak lowland water"},"geometry":{"type":"Point","coordinates":[91.839068493150677,25.006653266331657]}},{"type":"Feature","properties":{"stage":3,"elev":12.1,"name":"peak lowland water"},"geometry":{"type":"Point","coordinates":[91.842904109589043,25.006653266331657]}},{"type":"Feature","properties":{"stage":3,"elev":12.8,"name":"peak lowland water"},"geometry":{"type":"Point","coordinates":[91.84673972602738,25.006653266331657]}},{"type":"Feature","properties":{"stage":3,"elev":12.4,"name":"peak lowland water"},"geometry":{"type":"Point","coordinates":[91.85057534246576,25.006653266331657]}},{"type":"Feature","properties":{"stage":3,"elev":12.3,"name":"peak lowland water"},"geometry":{"type":"Point","coordinates":[91.854410958904126,25.006653266331657]}},{"type":"Feature","properties":{"stage":3,"elev":13.8,"name":"peak lowland water"},"geometry":{"type":"Point","coordinates":[91.858246575342463,25.006653266331657]}},{"type":"Feature","properties":{"stage":3,"elev":13.4,"name":"peak lowland water"},"geometry":{"type":"Point","coordinates":[91.862082191780829,25.006653266331657]}},{"type":"Feature","properties":{"stage":3,"elev":12.3,"name":"peak lowland water"},"geometry":{"type":"Point","coordinates":[91.865917808219166,25.006653266331657]}},{"type":"Feature","properties":{"stage":3,"elev":14.2,"name":"peak lowland water"},"geometry":{"type":"Point","coordinates":[91.869753424657546,25.006653266331657]}},{"type":"Feature","properties":{"stage":3,"elev":11.7,"name":"peak lowland water"},"geometry":{"type":"Point","coordinates":[91.873589041095912,25.006653266331657]}},{"type":"Feature","properties":{"stage":3,"elev":10,"name":"peak lowland water"},"geometry":{"type":"Point","coordinates":[91.877424657534235,25.006653266331657]}},{"type":"Feature","properties":{"stage":3,"elev":9.1,"name":"peak lowland water"},"geometry":{"type":"Point","coordinates":[91.881260273972586,25.006653266331657]}},{"type":"Feature","properties":{"stage":3,"elev":9.7,"name":"peak lowland water"},"geometry":{"type":"Point","coordinates":[91.885095890410952,25.006653266331657]}},{"type":"Feature","properties":{"stage":3,"elev":10.9,"name":"peak lowland water"},"geometry":{"type":"Point","coordinates":[91.8889315068493,25.006653266331657]}},{"type":"Feature","properties":{"stage":3,"elev":9.8,"name":"peak lowland water"},"geometry":{"type":"Point","coordinates":[91.892767123287655,25.006653266331657]}},{"type":"Feature","properties":{"stage":3,"elev":9.7,"name":"peak lowland water"},"geometry":{"type":"Point","coordinates":[91.896602739726021,25.006653266331657]}},{"type":"Feature","properties":{"stage":3,"elev":11,"name":"peak lowland water"},"geometry":{"type":"Point","coordinates":[91.900438356164386,25.006653266331657]}},{"type":"Feature","properties":{"stage":3,"elev":10.8,"name":"peak lowland water"},"geometry":{"type":"Point","coordinates":[91.904273972602738,25.006653266331657]}},{"type":"Feature","properties":{"stage":3,"elev":10.8,"name":"peak lowland water"},"geometry":{"type":"Point","coordinates":[91.9081095890411,25.006653266331657]}},{"type":"Feature","properties":{"stage":3,"elev":12.5,"name":"peak lowland water"},"geometry":{"type":"Point","coordinates":[91.911945205479441,25.006653266331657]}},{"type":"Feature","properties":{"stage":3,"elev":11.4,"name":"peak lowland water"},"geometry":{"type":"Point","coordinates":[91.915780821917821,25.006653266331657]}},{"type":"Feature","properties":{"stage":3,"elev":12.1,"name":"peak lowland water"},"geometry":{"type":"Point","coordinates":[91.919616438356186,25.006653266331657]}},{"type":"Feature","properties":{"stage":3,"elev":12.4,"name":"peak lowland water"},"geometry":{"type":"Point","coordinates":[91.92345205479451,25.006653266331657]}},{"type":"Feature","properties":{"stage":3,"elev":13.8,"name":"peak lowland water"},"geometry":{"type":"Point","coordinates":[91.927287671232847,25.006653266331657]}},{"type":"Feature","properties":{"stage":3,"elev":13.3,"name":"peak lowland water"},"geometry":{"type":"Point","coordinates":[91.931123287671227,25.006653266331657]}},{"type":"Feature","properties":{"stage":3,"elev":13.8,"name":"peak lowland water"},"geometry":{"type":"Point","coordinates":[91.934958904109592,25.006653266331657]}},{"type":"Feature","properties":{"stage":3,"elev":14,"name":"peak lowland water"},"geometry":{"type":"Point","coordinates":[91.93879452054793,25.006653266331657]}},{"type":"Feature","properties":{"stage":3,"elev":14.1,"name":"peak lowland water"},"geometry":{"type":"Point","coordinates":[91.94263013698631,25.006653266331657]}},{"type":"Feature","properties":{"stage":3,"elev":14.6,"name":"peak lowland water"},"geometry":{"type":"Point","coordinates":[91.946465753424675,25.006653266331657]}},{"type":"Feature","properties":{"stage":3,"elev":13.8,"name":"peak lowland water"},"geometry":{"type":"Point","coordinates":[91.950301369863013,25.006653266331657]}},{"type":"Feature","properties":{"stage":3,"elev":14.1,"name":"peak lowland water"},"geometry":{"type":"Point","coordinates":[91.954136986301364,25.006653266331657]}},{"type":"Feature","properties":{"stage":3,"elev":14,"name":"peak lowland water"},"geometry":{"type":"Point","coordinates":[91.957972602739716,25.006653266331657]}},{"type":"Feature","properties":{"stage":3,"elev":13.9,"name":"peak lowland water"},"geometry":{"type":"Point","coordinates":[91.961808219178081,25.006653266331657]}},{"type":"Feature","properties":{"stage":3,"elev":14.7,"name":"peak lowland water"},"geometry":{"type":"Point","coordinates":[91.965643835616419,25.006653266331657]}},{"type":"Feature","properties":{"stage":3,"elev":13.9,"name":"peak lowland water"},"geometry":{"type":"Point","coordinates":[91.9694794520548,25.006653266331657]}},{"type":"Feature","properties":{"stage":3,"elev":14.5,"name":"peak lowland water"},"geometry":{"type":"Point","coordinates":[91.973315068493164,25.006653266331657]}},{"type":"Feature","properties":{"stage":3,"elev":14.7,"name":"peak lowland water"},"geometry":{"type":"Point","coordinates":[91.980986301369882,25.006653266331657]}},{"type":"Feature","properties":{"stage":3,"elev":12.6,"name":"peak lowland water"},"geometry":{"type":"Point","coordinates":[91.781534246575347,25.010472361809043]}},{"type":"Feature","properties":{"stage":3,"elev":11.9,"name":"peak lowland water"},"geometry":{"type":"Point","coordinates":[91.7853698630137,25.010472361809043]}},{"type":"Feature","properties":{"stage":3,"elev":11.8,"name":"peak lowland water"},"geometry":{"type":"Point","coordinates":[91.789205479452065,25.010472361809043]}},{"type":"Feature","properties":{"stage":3,"elev":10.5,"name":"peak lowland water"},"geometry":{"type":"Point","coordinates":[91.7930410958904,25.010472361809043]}},{"type":"Feature","properties":{"stage":3,"elev":10.7,"name":"peak lowland water"},"geometry":{"type":"Point","coordinates":[91.796876712328782,25.010472361809043]}},{"type":"Feature","properties":{"stage":3,"elev":11.6,"name":"peak lowland water"},"geometry":{"type":"Point","coordinates":[91.800712328767148,25.010472361809043]}},{"type":"Feature","properties":{"stage":3,"elev":9.9,"name":"peak lowland water"},"geometry":{"type":"Point","coordinates":[91.804547945205471,25.010472361809043]}},{"type":"Feature","properties":{"stage":3,"elev":14.4,"name":"peak lowland water"},"geometry":{"type":"Point","coordinates":[91.808383561643822,25.010472361809043]}},{"type":"Feature","properties":{"stage":3,"elev":12.1,"name":"peak lowland water"},"geometry":{"type":"Point","coordinates":[91.812219178082188,25.010472361809043]}},{"type":"Feature","properties":{"stage":3,"elev":11.6,"name":"peak lowland water"},"geometry":{"type":"Point","coordinates":[91.816054794520554,25.010472361809043]}},{"type":"Feature","properties":{"stage":3,"elev":13.1,"name":"peak lowland water"},"geometry":{"type":"Point","coordinates":[91.819890410958891,25.010472361809043]}},{"type":"Feature","properties":{"stage":3,"elev":13.6,"name":"peak lowland water"},"geometry":{"type":"Point","coordinates":[91.823726027397271,25.010472361809043]}},{"type":"Feature","properties":{"stage":3,"elev":12.6,"name":"peak lowland water"},"geometry":{"type":"Point","coordinates":[91.827561643835637,25.010472361809043]}},{"type":"Feature","properties":{"stage":3,"elev":11.6,"name":"peak lowland water"},"geometry":{"type":"Point","coordinates":[91.831397260273974,25.010472361809043]}},{"type":"Feature","properties":{"stage":3,"elev":11.9,"name":"peak lowland water"},"geometry":{"type":"Point","coordinates":[91.835232876712325,25.010472361809043]}},{"type":"Feature","properties":{"stage":3,"elev":13.6,"name":"peak lowland water"},"geometry":{"type":"Point","coordinates":[91.839068493150677,25.010472361809043]}},{"type":"Feature","properties":{"stage":3,"elev":12.6,"name":"peak lowland water"},"geometry":{"type":"Point","coordinates":[91.842904109589043,25.010472361809043]}},{"type":"Feature","properties":{"stage":3,"elev":12.5,"name":"peak lowland water"},"geometry":{"type":"Point","coordinates":[91.84673972602738,25.010472361809043]}},{"type":"Feature","properties":{"stage":3,"elev":12.8,"name":"peak lowland water"},"geometry":{"type":"Point","coordinates":[91.85057534246576,25.010472361809043]}},{"type":"Feature","properties":{"stage":3,"elev":13.4,"name":"peak lowland water"},"geometry":{"type":"Point","coordinates":[91.854410958904126,25.010472361809043]}},{"type":"Feature","properties":{"stage":3,"elev":15,"name":"peak lowland water"},"geometry":{"type":"Point","coordinates":[91.858246575342463,25.010472361809043]}},{"type":"Feature","properties":{"stage":3,"elev":13.4,"name":"peak lowland water"},"geometry":{"type":"Point","coordinates":[91.862082191780829,25.010472361809043]}},{"type":"Feature","properties":{"stage":3,"elev":11.6,"name":"peak lowland water"},"geometry":{"type":"Point","coordinates":[91.865917808219166,25.010472361809043]}},{"type":"Feature","properties":{"stage":3,"elev":12.4,"name":"peak lowland water"},"geometry":{"type":"Point","coordinates":[91.869753424657546,25.010472361809043]}},{"type":"Feature","properties":{"stage":3,"elev":12.5,"name":"peak lowland water"},"geometry":{"type":"Point","coordinates":[91.873589041095912,25.010472361809043]}},{"type":"Feature","properties":{"stage":3,"elev":11.1,"name":"peak lowland water"},"geometry":{"type":"Point","coordinates":[91.877424657534235,25.010472361809043]}},{"type":"Feature","properties":{"stage":3,"elev":8.3,"name":"peak lowland water"},"geometry":{"type":"Point","coordinates":[91.881260273972586,25.010472361809043]}},{"type":"Feature","properties":{"stage":3,"elev":9.5,"name":"peak lowland water"},"geometry":{"type":"Point","coordinates":[91.885095890410952,25.010472361809043]}},{"type":"Feature","properties":{"stage":3,"elev":10.4,"name":"peak lowland water"},"geometry":{"type":"Point","coordinates":[91.8889315068493,25.010472361809043]}},{"type":"Feature","properties":{"stage":3,"elev":10.1,"name":"peak lowland water"},"geometry":{"type":"Point","coordinates":[91.892767123287655,25.010472361809043]}},{"type":"Feature","properties":{"stage":3,"elev":9.8,"name":"peak lowland water"},"geometry":{"type":"Point","coordinates":[91.896602739726021,25.010472361809043]}},{"type":"Feature","properties":{"stage":3,"elev":10.1,"name":"peak lowland water"},"geometry":{"type":"Point","coordinates":[91.900438356164386,25.010472361809043]}},{"type":"Feature","properties":{"stage":3,"elev":11.9,"name":"peak lowland water"},"geometry":{"type":"Point","coordinates":[91.904273972602738,25.010472361809043]}},{"type":"Feature","properties":{"stage":3,"elev":11.9,"name":"peak lowland water"},"geometry":{"type":"Point","coordinates":[91.9081095890411,25.010472361809043]}},{"type":"Feature","properties":{"stage":3,"elev":11.8,"name":"peak lowland water"},"geometry":{"type":"Point","coordinates":[91.911945205479441,25.010472361809043]}},{"type":"Feature","properties":{"stage":3,"elev":11.8,"name":"peak lowland water"},"geometry":{"type":"Point","coordinates":[91.915780821917821,25.010472361809043]}},{"type":"Feature","properties":{"stage":3,"elev":14.3,"name":"peak lowland water"},"geometry":{"type":"Point","coordinates":[91.919616438356186,25.010472361809043]}},{"type":"Feature","properties":{"stage":3,"elev":13.4,"name":"peak lowland water"},"geometry":{"type":"Point","coordinates":[91.92345205479451,25.010472361809043]}},{"type":"Feature","properties":{"stage":3,"elev":13.8,"name":"peak lowland water"},"geometry":{"type":"Point","coordinates":[91.927287671232847,25.010472361809043]}},{"type":"Feature","properties":{"stage":3,"elev":12.5,"name":"peak lowland water"},"geometry":{"type":"Point","coordinates":[91.931123287671227,25.010472361809043]}},{"type":"Feature","properties":{"stage":3,"elev":13,"name":"peak lowland water"},"geometry":{"type":"Point","coordinates":[91.934958904109592,25.010472361809043]}},{"type":"Feature","properties":{"stage":3,"elev":13.2,"name":"peak lowland water"},"geometry":{"type":"Point","coordinates":[91.93879452054793,25.010472361809043]}},{"type":"Feature","properties":{"stage":3,"elev":12.2,"name":"peak lowland water"},"geometry":{"type":"Point","coordinates":[91.94263013698631,25.010472361809043]}},{"type":"Feature","properties":{"stage":3,"elev":12.8,"name":"peak lowland water"},"geometry":{"type":"Point","coordinates":[91.946465753424675,25.010472361809043]}},{"type":"Feature","properties":{"stage":3,"elev":12.6,"name":"peak lowland water"},"geometry":{"type":"Point","coordinates":[91.950301369863013,25.010472361809043]}},{"type":"Feature","properties":{"stage":3,"elev":13.3,"name":"peak lowland water"},"geometry":{"type":"Point","coordinates":[91.954136986301364,25.010472361809043]}},{"type":"Feature","properties":{"stage":3,"elev":12.6,"name":"peak lowland water"},"geometry":{"type":"Point","coordinates":[91.957972602739716,25.010472361809043]}},{"type":"Feature","properties":{"stage":3,"elev":12.6,"name":"peak lowland water"},"geometry":{"type":"Point","coordinates":[91.961808219178081,25.010472361809043]}},{"type":"Feature","properties":{"stage":3,"elev":13.2,"name":"peak lowland water"},"geometry":{"type":"Point","coordinates":[91.965643835616419,25.010472361809043]}},{"type":"Feature","properties":{"stage":3,"elev":13.4,"name":"peak lowland water"},"geometry":{"type":"Point","coordinates":[91.9694794520548,25.010472361809043]}},{"type":"Feature","properties":{"stage":3,"elev":13.8,"name":"peak lowland water"},"geometry":{"type":"Point","coordinates":[91.973315068493164,25.010472361809043]}},{"type":"Feature","properties":{"stage":3,"elev":14.2,"name":"peak lowland water"},"geometry":{"type":"Point","coordinates":[91.9771506849315,25.010472361809043]}},{"type":"Feature","properties":{"stage":3,"elev":12.8,"name":"peak lowland water"},"geometry":{"type":"Point","coordinates":[91.980986301369882,25.010472361809043]}},{"type":"Feature","properties":{"stage":3,"elev":12.8,"name":"peak lowland water"},"geometry":{"type":"Point","coordinates":[91.984821917808219,25.010472361809043]}},{"type":"Feature","properties":{"stage":3,"elev":12.5,"name":"peak lowland water"},"geometry":{"type":"Point","coordinates":[91.781534246575347,25.014291457286436]}},{"type":"Feature","properties":{"stage":3,"elev":13.4,"name":"peak lowland water"},"geometry":{"type":"Point","coordinates":[91.7853698630137,25.014291457286436]}},{"type":"Feature","properties":{"stage":3,"elev":14.9,"name":"peak lowland water"},"geometry":{"type":"Point","coordinates":[91.7930410958904,25.014291457286436]}},{"type":"Feature","properties":{"stage":3,"elev":13.6,"name":"peak lowland water"},"geometry":{"type":"Point","coordinates":[91.796876712328782,25.014291457286436]}},{"type":"Feature","properties":{"stage":3,"elev":14.9,"name":"peak lowland water"},"geometry":{"type":"Point","coordinates":[91.800712328767148,25.014291457286436]}},{"type":"Feature","properties":{"stage":3,"elev":12.8,"name":"peak lowland water"},"geometry":{"type":"Point","coordinates":[91.804547945205471,25.014291457286436]}},{"type":"Feature","properties":{"stage":3,"elev":13.4,"name":"peak lowland water"},"geometry":{"type":"Point","coordinates":[91.808383561643822,25.014291457286436]}},{"type":"Feature","properties":{"stage":3,"elev":10.8,"name":"peak lowland water"},"geometry":{"type":"Point","coordinates":[91.812219178082188,25.014291457286436]}},{"type":"Feature","properties":{"stage":3,"elev":12.2,"name":"peak lowland water"},"geometry":{"type":"Point","coordinates":[91.816054794520554,25.014291457286436]}},{"type":"Feature","properties":{"stage":3,"elev":12.6,"name":"peak lowland water"},"geometry":{"type":"Point","coordinates":[91.819890410958891,25.014291457286436]}},{"type":"Feature","properties":{"stage":3,"elev":13,"name":"peak lowland water"},"geometry":{"type":"Point","coordinates":[91.823726027397271,25.014291457286436]}},{"type":"Feature","properties":{"stage":3,"elev":12.2,"name":"peak lowland water"},"geometry":{"type":"Point","coordinates":[91.827561643835637,25.014291457286436]}},{"type":"Feature","properties":{"stage":3,"elev":12.5,"name":"peak lowland water"},"geometry":{"type":"Point","coordinates":[91.831397260273974,25.014291457286436]}},{"type":"Feature","properties":{"stage":3,"elev":12.5,"name":"peak lowland water"},"geometry":{"type":"Point","coordinates":[91.839068493150677,25.014291457286436]}},{"type":"Feature","properties":{"stage":3,"elev":13.6,"name":"peak lowland water"},"geometry":{"type":"Point","coordinates":[91.842904109589043,25.014291457286436]}},{"type":"Feature","properties":{"stage":3,"elev":14.7,"name":"peak lowland water"},"geometry":{"type":"Point","coordinates":[91.84673972602738,25.014291457286436]}},{"type":"Feature","properties":{"stage":3,"elev":13.4,"name":"peak lowland water"},"geometry":{"type":"Point","coordinates":[91.862082191780829,25.014291457286436]}},{"type":"Feature","properties":{"stage":3,"elev":12.1,"name":"peak lowland water"},"geometry":{"type":"Point","coordinates":[91.865917808219166,25.014291457286436]}},{"type":"Feature","properties":{"stage":3,"elev":12.4,"name":"peak lowland water"},"geometry":{"type":"Point","coordinates":[91.869753424657546,25.014291457286436]}},{"type":"Feature","properties":{"stage":3,"elev":11.4,"name":"peak lowland water"},"geometry":{"type":"Point","coordinates":[91.873589041095912,25.014291457286436]}},{"type":"Feature","properties":{"stage":3,"elev":11.4,"name":"peak lowland water"},"geometry":{"type":"Point","coordinates":[91.877424657534235,25.014291457286436]}},{"type":"Feature","properties":{"stage":3,"elev":10.2,"name":"peak lowland water"},"geometry":{"type":"Point","coordinates":[91.881260273972586,25.014291457286436]}},{"type":"Feature","properties":{"stage":3,"elev":7,"name":"peak lowland water"},"geometry":{"type":"Point","coordinates":[91.885095890410952,25.014291457286436]}},{"type":"Feature","properties":{"stage":3,"elev":6.5,"name":"peak lowland water"},"geometry":{"type":"Point","coordinates":[91.8889315068493,25.014291457286436]}},{"type":"Feature","properties":{"stage":3,"elev":9.3,"name":"peak lowland water"},"geometry":{"type":"Point","coordinates":[91.892767123287655,25.014291457286436]}},{"type":"Feature","properties":{"stage":3,"elev":9.4,"name":"peak lowland water"},"geometry":{"type":"Point","coordinates":[91.896602739726021,25.014291457286436]}},{"type":"Feature","properties":{"stage":3,"elev":11.1,"name":"peak lowland water"},"geometry":{"type":"Point","coordinates":[91.900438356164386,25.014291457286436]}},{"type":"Feature","properties":{"stage":3,"elev":10.9,"name":"peak lowland water"},"geometry":{"type":"Point","coordinates":[91.904273972602738,25.014291457286436]}},{"type":"Feature","properties":{"stage":3,"elev":10.3,"name":"peak lowland water"},"geometry":{"type":"Point","coordinates":[91.9081095890411,25.014291457286436]}},{"type":"Feature","properties":{"stage":3,"elev":11.4,"name":"peak lowland water"},"geometry":{"type":"Point","coordinates":[91.911945205479441,25.014291457286436]}},{"type":"Feature","properties":{"stage":3,"elev":11.1,"name":"peak lowland water"},"geometry":{"type":"Point","coordinates":[91.915780821917821,25.014291457286436]}},{"type":"Feature","properties":{"stage":3,"elev":13.7,"name":"peak lowland water"},"geometry":{"type":"Point","coordinates":[91.919616438356186,25.014291457286436]}},{"type":"Feature","properties":{"stage":3,"elev":11.9,"name":"peak lowland water"},"geometry":{"type":"Point","coordinates":[91.92345205479451,25.014291457286436]}},{"type":"Feature","properties":{"stage":3,"elev":12.8,"name":"peak lowland water"},"geometry":{"type":"Point","coordinates":[91.931123287671227,25.014291457286436]}},{"type":"Feature","properties":{"stage":3,"elev":12.3,"name":"peak lowland water"},"geometry":{"type":"Point","coordinates":[91.934958904109592,25.014291457286436]}},{"type":"Feature","properties":{"stage":3,"elev":11.4,"name":"peak lowland water"},"geometry":{"type":"Point","coordinates":[91.93879452054793,25.014291457286436]}},{"type":"Feature","properties":{"stage":3,"elev":12.3,"name":"peak lowland water"},"geometry":{"type":"Point","coordinates":[91.94263013698631,25.014291457286436]}},{"type":"Feature","properties":{"stage":3,"elev":12.6,"name":"peak lowland water"},"geometry":{"type":"Point","coordinates":[91.946465753424675,25.014291457286436]}},{"type":"Feature","properties":{"stage":3,"elev":12.2,"name":"peak lowland water"},"geometry":{"type":"Point","coordinates":[91.950301369863013,25.014291457286436]}},{"type":"Feature","properties":{"stage":3,"elev":12.1,"name":"peak lowland water"},"geometry":{"type":"Point","coordinates":[91.954136986301364,25.014291457286436]}},{"type":"Feature","properties":{"stage":3,"elev":11.8,"name":"peak lowland water"},"geometry":{"type":"Point","coordinates":[91.957972602739716,25.014291457286436]}},{"type":"Feature","properties":{"stage":3,"elev":12.4,"name":"peak lowland water"},"geometry":{"type":"Point","coordinates":[91.961808219178081,25.014291457286436]}},{"type":"Feature","properties":{"stage":3,"elev":13.4,"name":"peak lowland water"},"geometry":{"type":"Point","coordinates":[91.965643835616419,25.014291457286436]}},{"type":"Feature","properties":{"stage":3,"elev":14.4,"name":"peak lowland water"},"geometry":{"type":"Point","coordinates":[91.973315068493164,25.014291457286436]}},{"type":"Feature","properties":{"stage":3,"elev":13.8,"name":"peak lowland water"},"geometry":{"type":"Point","coordinates":[91.9771506849315,25.014291457286436]}},{"type":"Feature","properties":{"stage":3,"elev":13.4,"name":"peak lowland water"},"geometry":{"type":"Point","coordinates":[91.980986301369882,25.014291457286436]}},{"type":"Feature","properties":{"stage":3,"elev":13.3,"name":"peak lowland water"},"geometry":{"type":"Point","coordinates":[91.984821917808219,25.014291457286436]}},{"type":"Feature","properties":{"stage":3,"elev":11.4,"name":"peak lowland water"},"geometry":{"type":"Point","coordinates":[91.781534246575347,25.018110552763819]}},{"type":"Feature","properties":{"stage":3,"elev":12.1,"name":"peak lowland water"},"geometry":{"type":"Point","coordinates":[91.7853698630137,25.018110552763819]}},{"type":"Feature","properties":{"stage":3,"elev":14.1,"name":"peak lowland water"},"geometry":{"type":"Point","coordinates":[91.804547945205471,25.018110552763819]}},{"type":"Feature","properties":{"stage":3,"elev":12.8,"name":"peak lowland water"},"geometry":{"type":"Point","coordinates":[91.808383561643822,25.018110552763819]}},{"type":"Feature","properties":{"stage":3,"elev":10.9,"name":"peak lowland water"},"geometry":{"type":"Point","coordinates":[91.812219178082188,25.018110552763819]}},{"type":"Feature","properties":{"stage":3,"elev":11.8,"name":"peak lowland water"},"geometry":{"type":"Point","coordinates":[91.816054794520554,25.018110552763819]}},{"type":"Feature","properties":{"stage":3,"elev":12.6,"name":"peak lowland water"},"geometry":{"type":"Point","coordinates":[91.819890410958891,25.018110552763819]}},{"type":"Feature","properties":{"stage":3,"elev":12.4,"name":"peak lowland water"},"geometry":{"type":"Point","coordinates":[91.823726027397271,25.018110552763819]}},{"type":"Feature","properties":{"stage":3,"elev":12.1,"name":"peak lowland water"},"geometry":{"type":"Point","coordinates":[91.827561643835637,25.018110552763819]}},{"type":"Feature","properties":{"stage":3,"elev":14.2,"name":"peak lowland water"},"geometry":{"type":"Point","coordinates":[91.831397260273974,25.018110552763819]}},{"type":"Feature","properties":{"stage":3,"elev":12.6,"name":"peak lowland water"},"geometry":{"type":"Point","coordinates":[91.835232876712325,25.018110552763819]}},{"type":"Feature","properties":{"stage":3,"elev":13.7,"name":"peak lowland water"},"geometry":{"type":"Point","coordinates":[91.839068493150677,25.018110552763819]}},{"type":"Feature","properties":{"stage":3,"elev":15,"name":"peak lowland water"},"geometry":{"type":"Point","coordinates":[91.85057534246576,25.018110552763819]}},{"type":"Feature","properties":{"stage":3,"elev":13.9,"name":"peak lowland water"},"geometry":{"type":"Point","coordinates":[91.854410958904126,25.018110552763819]}},{"type":"Feature","properties":{"stage":3,"elev":13.7,"name":"peak lowland water"},"geometry":{"type":"Point","coordinates":[91.862082191780829,25.018110552763819]}},{"type":"Feature","properties":{"stage":3,"elev":12.2,"name":"peak lowland water"},"geometry":{"type":"Point","coordinates":[91.865917808219166,25.018110552763819]}},{"type":"Feature","properties":{"stage":3,"elev":11.4,"name":"peak lowland water"},"geometry":{"type":"Point","coordinates":[91.869753424657546,25.018110552763819]}},{"type":"Feature","properties":{"stage":3,"elev":12,"name":"peak lowland water"},"geometry":{"type":"Point","coordinates":[91.873589041095912,25.018110552763819]}},{"type":"Feature","properties":{"stage":3,"elev":11.6,"name":"peak lowland water"},"geometry":{"type":"Point","coordinates":[91.877424657534235,25.018110552763819]}},{"type":"Feature","properties":{"stage":3,"elev":11.4,"name":"peak lowland water"},"geometry":{"type":"Point","coordinates":[91.881260273972586,25.018110552763819]}},{"type":"Feature","properties":{"stage":3,"elev":10.8,"name":"peak lowland water"},"geometry":{"type":"Point","coordinates":[91.885095890410952,25.018110552763819]}},{"type":"Feature","properties":{"stage":3,"elev":9.9,"name":"peak lowland water"},"geometry":{"type":"Point","coordinates":[91.8889315068493,25.018110552763819]}},{"type":"Feature","properties":{"stage":3,"elev":10.7,"name":"peak lowland water"},"geometry":{"type":"Point","coordinates":[91.892767123287655,25.018110552763819]}},{"type":"Feature","properties":{"stage":3,"elev":11.2,"name":"peak lowland water"},"geometry":{"type":"Point","coordinates":[91.896602739726021,25.018110552763819]}},{"type":"Feature","properties":{"stage":3,"elev":10.4,"name":"peak lowland water"},"geometry":{"type":"Point","coordinates":[91.900438356164386,25.018110552763819]}},{"type":"Feature","properties":{"stage":3,"elev":11.6,"name":"peak lowland water"},"geometry":{"type":"Point","coordinates":[91.904273972602738,25.018110552763819]}},{"type":"Feature","properties":{"stage":3,"elev":11.1,"name":"peak lowland water"},"geometry":{"type":"Point","coordinates":[91.9081095890411,25.018110552763819]}},{"type":"Feature","properties":{"stage":3,"elev":11.1,"name":"peak lowland water"},"geometry":{"type":"Point","coordinates":[91.911945205479441,25.018110552763819]}},{"type":"Feature","properties":{"stage":3,"elev":12.7,"name":"peak lowland water"},"geometry":{"type":"Point","coordinates":[91.915780821917821,25.018110552763819]}},{"type":"Feature","properties":{"stage":3,"elev":12.5,"name":"peak lowland water"},"geometry":{"type":"Point","coordinates":[91.919616438356186,25.018110552763819]}},{"type":"Feature","properties":{"stage":3,"elev":12.2,"name":"peak lowland water"},"geometry":{"type":"Point","coordinates":[91.92345205479451,25.018110552763819]}},{"type":"Feature","properties":{"stage":3,"elev":13.1,"name":"peak lowland water"},"geometry":{"type":"Point","coordinates":[91.927287671232847,25.018110552763819]}},{"type":"Feature","properties":{"stage":3,"elev":13.2,"name":"peak lowland water"},"geometry":{"type":"Point","coordinates":[91.931123287671227,25.018110552763819]}},{"type":"Feature","properties":{"stage":3,"elev":12.1,"name":"peak lowland water"},"geometry":{"type":"Point","coordinates":[91.934958904109592,25.018110552763819]}},{"type":"Feature","properties":{"stage":3,"elev":11.8,"name":"peak lowland water"},"geometry":{"type":"Point","coordinates":[91.93879452054793,25.018110552763819]}},{"type":"Feature","properties":{"stage":3,"elev":11.2,"name":"peak lowland water"},"geometry":{"type":"Point","coordinates":[91.94263013698631,25.018110552763819]}},{"type":"Feature","properties":{"stage":3,"elev":11.9,"name":"peak lowland water"},"geometry":{"type":"Point","coordinates":[91.946465753424675,25.018110552763819]}},{"type":"Feature","properties":{"stage":3,"elev":12.8,"name":"peak lowland water"},"geometry":{"type":"Point","coordinates":[91.950301369863013,25.018110552763819]}},{"type":"Feature","properties":{"stage":3,"elev":13.1,"name":"peak lowland water"},"geometry":{"type":"Point","coordinates":[91.954136986301364,25.018110552763819]}},{"type":"Feature","properties":{"stage":3,"elev":12.7,"name":"peak lowland water"},"geometry":{"type":"Point","coordinates":[91.957972602739716,25.018110552763819]}},{"type":"Feature","properties":{"stage":3,"elev":12.4,"name":"peak lowland water"},"geometry":{"type":"Point","coordinates":[91.961808219178081,25.018110552763819]}},{"type":"Feature","properties":{"stage":3,"elev":12.6,"name":"peak lowland water"},"geometry":{"type":"Point","coordinates":[91.965643835616419,25.018110552763819]}},{"type":"Feature","properties":{"stage":3,"elev":13.6,"name":"peak lowland water"},"geometry":{"type":"Point","coordinates":[91.9694794520548,25.018110552763819]}},{"type":"Feature","properties":{"stage":3,"elev":12.5,"name":"peak lowland water"},"geometry":{"type":"Point","coordinates":[91.973315068493164,25.018110552763819]}},{"type":"Feature","properties":{"stage":3,"elev":12.6,"name":"peak lowland water"},"geometry":{"type":"Point","coordinates":[91.9771506849315,25.018110552763819]}},{"type":"Feature","properties":{"stage":3,"elev":13.4,"name":"peak lowland water"},"geometry":{"type":"Point","coordinates":[91.980986301369882,25.018110552763819]}},{"type":"Feature","properties":{"stage":3,"elev":12.1,"name":"peak lowland water"},"geometry":{"type":"Point","coordinates":[91.984821917808219,25.018110552763819]}},{"type":"Feature","properties":{"stage":3,"elev":10.6,"name":"peak lowland water"},"geometry":{"type":"Point","coordinates":[91.781534246575347,25.021929648241205]}},{"type":"Feature","properties":{"stage":3,"elev":11.8,"name":"peak lowland water"},"geometry":{"type":"Point","coordinates":[91.7853698630137,25.021929648241205]}},{"type":"Feature","properties":{"stage":3,"elev":10.8,"name":"peak lowland water"},"geometry":{"type":"Point","coordinates":[91.789205479452065,25.021929648241205]}},{"type":"Feature","properties":{"stage":3,"elev":12.6,"name":"peak lowland water"},"geometry":{"type":"Point","coordinates":[91.7930410958904,25.021929648241205]}},{"type":"Feature","properties":{"stage":3,"elev":12.1,"name":"peak lowland water"},"geometry":{"type":"Point","coordinates":[91.796876712328782,25.021929648241205]}},{"type":"Feature","properties":{"stage":3,"elev":14.3,"name":"peak lowland water"},"geometry":{"type":"Point","coordinates":[91.800712328767148,25.021929648241205]}},{"type":"Feature","properties":{"stage":3,"elev":12.6,"name":"peak lowland water"},"geometry":{"type":"Point","coordinates":[91.808383561643822,25.021929648241205]}},{"type":"Feature","properties":{"stage":3,"elev":12.9,"name":"peak lowland water"},"geometry":{"type":"Point","coordinates":[91.812219178082188,25.021929648241205]}},{"type":"Feature","properties":{"stage":3,"elev":12.6,"name":"peak lowland water"},"geometry":{"type":"Point","coordinates":[91.816054794520554,25.021929648241205]}},{"type":"Feature","properties":{"stage":3,"elev":12.8,"name":"peak lowland water"},"geometry":{"type":"Point","coordinates":[91.819890410958891,25.021929648241205]}},{"type":"Feature","properties":{"stage":3,"elev":12.6,"name":"peak lowland water"},"geometry":{"type":"Point","coordinates":[91.823726027397271,25.021929648241205]}},{"type":"Feature","properties":{"stage":3,"elev":12.9,"name":"peak lowland water"},"geometry":{"type":"Point","coordinates":[91.831397260273974,25.021929648241205]}},{"type":"Feature","properties":{"stage":3,"elev":14.6,"name":"peak lowland water"},"geometry":{"type":"Point","coordinates":[91.835232876712325,25.021929648241205]}},{"type":"Feature","properties":{"stage":3,"elev":14,"name":"peak lowland water"},"geometry":{"type":"Point","coordinates":[91.839068493150677,25.021929648241205]}},{"type":"Feature","properties":{"stage":3,"elev":12.1,"name":"peak lowland water"},"geometry":{"type":"Point","coordinates":[91.842904109589043,25.021929648241205]}},{"type":"Feature","properties":{"stage":3,"elev":11.8,"name":"peak lowland water"},"geometry":{"type":"Point","coordinates":[91.84673972602738,25.021929648241205]}},{"type":"Feature","properties":{"stage":3,"elev":13,"name":"peak lowland water"},"geometry":{"type":"Point","coordinates":[91.85057534246576,25.021929648241205]}},{"type":"Feature","properties":{"stage":3,"elev":12.8,"name":"peak lowland water"},"geometry":{"type":"Point","coordinates":[91.854410958904126,25.021929648241205]}},{"type":"Feature","properties":{"stage":3,"elev":14.9,"name":"peak lowland water"},"geometry":{"type":"Point","coordinates":[91.858246575342463,25.021929648241205]}},{"type":"Feature","properties":{"stage":3,"elev":13.3,"name":"peak lowland water"},"geometry":{"type":"Point","coordinates":[91.862082191780829,25.021929648241205]}},{"type":"Feature","properties":{"stage":3,"elev":12.6,"name":"peak lowland water"},"geometry":{"type":"Point","coordinates":[91.865917808219166,25.021929648241205]}},{"type":"Feature","properties":{"stage":3,"elev":11.8,"name":"peak lowland water"},"geometry":{"type":"Point","coordinates":[91.869753424657546,25.021929648241205]}},{"type":"Feature","properties":{"stage":3,"elev":11.3,"name":"peak lowland water"},"geometry":{"type":"Point","coordinates":[91.873589041095912,25.021929648241205]}},{"type":"Feature","properties":{"stage":3,"elev":11.4,"name":"peak lowland water"},"geometry":{"type":"Point","coordinates":[91.877424657534235,25.021929648241205]}},{"type":"Feature","properties":{"stage":3,"elev":11.4,"name":"peak lowland water"},"geometry":{"type":"Point","coordinates":[91.881260273972586,25.021929648241205]}},{"type":"Feature","properties":{"stage":3,"elev":11.8,"name":"peak lowland water"},"geometry":{"type":"Point","coordinates":[91.885095890410952,25.021929648241205]}},{"type":"Feature","properties":{"stage":3,"elev":11.6,"name":"peak lowland water"},"geometry":{"type":"Point","coordinates":[91.8889315068493,25.021929648241205]}},{"type":"Feature","properties":{"stage":3,"elev":12.4,"name":"peak lowland water"},"geometry":{"type":"Point","coordinates":[91.892767123287655,25.021929648241205]}},{"type":"Feature","properties":{"stage":3,"elev":11.9,"name":"peak lowland water"},"geometry":{"type":"Point","coordinates":[91.896602739726021,25.021929648241205]}},{"type":"Feature","properties":{"stage":3,"elev":11.8,"name":"peak lowland water"},"geometry":{"type":"Point","coordinates":[91.900438356164386,25.021929648241205]}},{"type":"Feature","properties":{"stage":3,"elev":9.8,"name":"peak lowland water"},"geometry":{"type":"Point","coordinates":[91.904273972602738,25.021929648241205]}},{"type":"Feature","properties":{"stage":3,"elev":10.1,"name":"peak lowland water"},"geometry":{"type":"Point","coordinates":[91.9081095890411,25.021929648241205]}},{"type":"Feature","properties":{"stage":3,"elev":11.1,"name":"peak lowland water"},"geometry":{"type":"Point","coordinates":[91.911945205479441,25.021929648241205]}},{"type":"Feature","properties":{"stage":3,"elev":12.3,"name":"peak lowland water"},"geometry":{"type":"Point","coordinates":[91.915780821917821,25.021929648241205]}},{"type":"Feature","properties":{"stage":3,"elev":11.6,"name":"peak lowland water"},"geometry":{"type":"Point","coordinates":[91.919616438356186,25.021929648241205]}},{"type":"Feature","properties":{"stage":3,"elev":11.1,"name":"peak lowland water"},"geometry":{"type":"Point","coordinates":[91.92345205479451,25.021929648241205]}},{"type":"Feature","properties":{"stage":3,"elev":11.1,"name":"peak lowland water"},"geometry":{"type":"Point","coordinates":[91.927287671232847,25.021929648241205]}},{"type":"Feature","properties":{"stage":3,"elev":11,"name":"peak lowland water"},"geometry":{"type":"Point","coordinates":[91.931123287671227,25.021929648241205]}},{"type":"Feature","properties":{"stage":3,"elev":11.1,"name":"peak lowland water"},"geometry":{"type":"Point","coordinates":[91.934958904109592,25.021929648241205]}},{"type":"Feature","properties":{"stage":3,"elev":11.4,"name":"peak lowland water"},"geometry":{"type":"Point","coordinates":[91.93879452054793,25.021929648241205]}},{"type":"Feature","properties":{"stage":3,"elev":12.1,"name":"peak lowland water"},"geometry":{"type":"Point","coordinates":[91.94263013698631,25.021929648241205]}},{"type":"Feature","properties":{"stage":3,"elev":11.6,"name":"peak lowland water"},"geometry":{"type":"Point","coordinates":[91.946465753424675,25.021929648241205]}},{"type":"Feature","properties":{"stage":3,"elev":12.5,"name":"peak lowland water"},"geometry":{"type":"Point","coordinates":[91.950301369863013,25.021929648241205]}},{"type":"Feature","properties":{"stage":3,"elev":12.4,"name":"peak lowland water"},"geometry":{"type":"Point","coordinates":[91.954136986301364,25.021929648241205]}},{"type":"Feature","properties":{"stage":3,"elev":12.1,"name":"peak lowland water"},"geometry":{"type":"Point","coordinates":[91.957972602739716,25.021929648241205]}},{"type":"Feature","properties":{"stage":3,"elev":12.9,"name":"peak lowland water"},"geometry":{"type":"Point","coordinates":[91.961808219178081,25.021929648241205]}},{"type":"Feature","properties":{"stage":3,"elev":13.6,"name":"peak lowland water"},"geometry":{"type":"Point","coordinates":[91.965643835616419,25.021929648241205]}},{"type":"Feature","properties":{"stage":3,"elev":12.8,"name":"peak lowland water"},"geometry":{"type":"Point","coordinates":[91.9694794520548,25.021929648241205]}},{"type":"Feature","properties":{"stage":3,"elev":12.4,"name":"peak lowland water"},"geometry":{"type":"Point","coordinates":[91.973315068493164,25.021929648241205]}},{"type":"Feature","properties":{"stage":3,"elev":11.9,"name":"peak lowland water"},"geometry":{"type":"Point","coordinates":[91.9771506849315,25.021929648241205]}},{"type":"Feature","properties":{"stage":3,"elev":12.7,"name":"peak lowland water"},"geometry":{"type":"Point","coordinates":[91.980986301369882,25.021929648241205]}},{"type":"Feature","properties":{"stage":3,"elev":11.7,"name":"peak lowland water"},"geometry":{"type":"Point","coordinates":[91.984821917808219,25.021929648241205]}},{"type":"Feature","properties":{"stage":3,"elev":11.9,"name":"peak lowland water"},"geometry":{"type":"Point","coordinates":[91.781534246575347,25.025748743718594]}},{"type":"Feature","properties":{"stage":3,"elev":11.2,"name":"peak lowland water"},"geometry":{"type":"Point","coordinates":[91.7853698630137,25.025748743718594]}},{"type":"Feature","properties":{"stage":3,"elev":12,"name":"peak lowland water"},"geometry":{"type":"Point","coordinates":[91.789205479452065,25.025748743718594]}},{"type":"Feature","properties":{"stage":3,"elev":13.2,"name":"peak lowland water"},"geometry":{"type":"Point","coordinates":[91.7930410958904,25.025748743718594]}},{"type":"Feature","properties":{"stage":3,"elev":11.8,"name":"peak lowland water"},"geometry":{"type":"Point","coordinates":[91.796876712328782,25.025748743718594]}},{"type":"Feature","properties":{"stage":3,"elev":11.4,"name":"peak lowland water"},"geometry":{"type":"Point","coordinates":[91.800712328767148,25.025748743718594]}},{"type":"Feature","properties":{"stage":3,"elev":13,"name":"peak lowland water"},"geometry":{"type":"Point","coordinates":[91.804547945205471,25.025748743718594]}},{"type":"Feature","properties":{"stage":3,"elev":12.5,"name":"peak lowland water"},"geometry":{"type":"Point","coordinates":[91.808383561643822,25.025748743718594]}},{"type":"Feature","properties":{"stage":3,"elev":12.6,"name":"peak lowland water"},"geometry":{"type":"Point","coordinates":[91.812219178082188,25.025748743718594]}},{"type":"Feature","properties":{"stage":3,"elev":12.9,"name":"peak lowland water"},"geometry":{"type":"Point","coordinates":[91.816054794520554,25.025748743718594]}},{"type":"Feature","properties":{"stage":3,"elev":14.1,"name":"peak lowland water"},"geometry":{"type":"Point","coordinates":[91.819890410958891,25.025748743718594]}},{"type":"Feature","properties":{"stage":3,"elev":13.8,"name":"peak lowland water"},"geometry":{"type":"Point","coordinates":[91.831397260273974,25.025748743718594]}},{"type":"Feature","properties":{"stage":3,"elev":14.1,"name":"peak lowland water"},"geometry":{"type":"Point","coordinates":[91.835232876712325,25.025748743718594]}},{"type":"Feature","properties":{"stage":3,"elev":12.8,"name":"peak lowland water"},"geometry":{"type":"Point","coordinates":[91.839068493150677,25.025748743718594]}},{"type":"Feature","properties":{"stage":3,"elev":12.2,"name":"peak lowland water"},"geometry":{"type":"Point","coordinates":[91.842904109589043,25.025748743718594]}},{"type":"Feature","properties":{"stage":3,"elev":13.5,"name":"peak lowland water"},"geometry":{"type":"Point","coordinates":[91.84673972602738,25.025748743718594]}},{"type":"Feature","properties":{"stage":3,"elev":12.7,"name":"peak lowland water"},"geometry":{"type":"Point","coordinates":[91.85057534246576,25.025748743718594]}},{"type":"Feature","properties":{"stage":3,"elev":11.9,"name":"peak lowland water"},"geometry":{"type":"Point","coordinates":[91.854410958904126,25.025748743718594]}},{"type":"Feature","properties":{"stage":3,"elev":12.7,"name":"peak lowland water"},"geometry":{"type":"Point","coordinates":[91.858246575342463,25.025748743718594]}},{"type":"Feature","properties":{"stage":3,"elev":12.6,"name":"peak lowland water"},"geometry":{"type":"Point","coordinates":[91.862082191780829,25.025748743718594]}},{"type":"Feature","properties":{"stage":3,"elev":12.4,"name":"peak lowland water"},"geometry":{"type":"Point","coordinates":[91.865917808219166,25.025748743718594]}},{"type":"Feature","properties":{"stage":3,"elev":12.5,"name":"peak lowland water"},"geometry":{"type":"Point","coordinates":[91.869753424657546,25.025748743718594]}},{"type":"Feature","properties":{"stage":3,"elev":11.2,"name":"peak lowland water"},"geometry":{"type":"Point","coordinates":[91.873589041095912,25.025748743718594]}},{"type":"Feature","properties":{"stage":3,"elev":12,"name":"peak lowland water"},"geometry":{"type":"Point","coordinates":[91.877424657534235,25.025748743718594]}},{"type":"Feature","properties":{"stage":3,"elev":11.3,"name":"peak lowland water"},"geometry":{"type":"Point","coordinates":[91.881260273972586,25.025748743718594]}},{"type":"Feature","properties":{"stage":3,"elev":9.6,"name":"peak lowland water"},"geometry":{"type":"Point","coordinates":[91.885095890410952,25.025748743718594]}},{"type":"Feature","properties":{"stage":3,"elev":10.3,"name":"peak lowland water"},"geometry":{"type":"Point","coordinates":[91.8889315068493,25.025748743718594]}},{"type":"Feature","properties":{"stage":3,"elev":12.2,"name":"peak lowland water"},"geometry":{"type":"Point","coordinates":[91.892767123287655,25.025748743718594]}},{"type":"Feature","properties":{"stage":3,"elev":11.1,"name":"peak lowland water"},"geometry":{"type":"Point","coordinates":[91.896602739726021,25.025748743718594]}},{"type":"Feature","properties":{"stage":3,"elev":11,"name":"peak lowland water"},"geometry":{"type":"Point","coordinates":[91.900438356164386,25.025748743718594]}},{"type":"Feature","properties":{"stage":3,"elev":9.6,"name":"peak lowland water"},"geometry":{"type":"Point","coordinates":[91.904273972602738,25.025748743718594]}},{"type":"Feature","properties":{"stage":3,"elev":9.9,"name":"peak lowland water"},"geometry":{"type":"Point","coordinates":[91.9081095890411,25.025748743718594]}},{"type":"Feature","properties":{"stage":3,"elev":9.6,"name":"peak lowland water"},"geometry":{"type":"Point","coordinates":[91.911945205479441,25.025748743718594]}},{"type":"Feature","properties":{"stage":3,"elev":10.2,"name":"peak lowland water"},"geometry":{"type":"Point","coordinates":[91.915780821917821,25.025748743718594]}},{"type":"Feature","properties":{"stage":3,"elev":10.9,"name":"peak lowland water"},"geometry":{"type":"Point","coordinates":[91.919616438356186,25.025748743718594]}},{"type":"Feature","properties":{"stage":3,"elev":11,"name":"peak lowland water"},"geometry":{"type":"Point","coordinates":[91.92345205479451,25.025748743718594]}},{"type":"Feature","properties":{"stage":3,"elev":10.2,"name":"peak lowland water"},"geometry":{"type":"Point","coordinates":[91.927287671232847,25.025748743718594]}},{"type":"Feature","properties":{"stage":3,"elev":10.2,"name":"peak lowland water"},"geometry":{"type":"Point","coordinates":[91.931123287671227,25.025748743718594]}},{"type":"Feature","properties":{"stage":3,"elev":12,"name":"peak lowland water"},"geometry":{"type":"Point","coordinates":[91.934958904109592,25.025748743718594]}},{"type":"Feature","properties":{"stage":3,"elev":11.7,"name":"peak lowland water"},"geometry":{"type":"Point","coordinates":[91.93879452054793,25.025748743718594]}},{"type":"Feature","properties":{"stage":3,"elev":11,"name":"peak lowland water"},"geometry":{"type":"Point","coordinates":[91.94263013698631,25.025748743718594]}},{"type":"Feature","properties":{"stage":3,"elev":12.1,"name":"peak lowland water"},"geometry":{"type":"Point","coordinates":[91.946465753424675,25.025748743718594]}},{"type":"Feature","properties":{"stage":3,"elev":10.4,"name":"peak lowland water"},"geometry":{"type":"Point","coordinates":[91.950301369863013,25.025748743718594]}},{"type":"Feature","properties":{"stage":3,"elev":10.6,"name":"peak lowland water"},"geometry":{"type":"Point","coordinates":[91.954136986301364,25.025748743718594]}},{"type":"Feature","properties":{"stage":3,"elev":12,"name":"peak lowland water"},"geometry":{"type":"Point","coordinates":[91.957972602739716,25.025748743718594]}},{"type":"Feature","properties":{"stage":3,"elev":11.4,"name":"peak lowland water"},"geometry":{"type":"Point","coordinates":[91.961808219178081,25.025748743718594]}},{"type":"Feature","properties":{"stage":3,"elev":11.7,"name":"peak lowland water"},"geometry":{"type":"Point","coordinates":[91.965643835616419,25.025748743718594]}},{"type":"Feature","properties":{"stage":3,"elev":13,"name":"peak lowland water"},"geometry":{"type":"Point","coordinates":[91.9694794520548,25.025748743718594]}},{"type":"Feature","properties":{"stage":3,"elev":13.4,"name":"peak lowland water"},"geometry":{"type":"Point","coordinates":[91.973315068493164,25.025748743718594]}},{"type":"Feature","properties":{"stage":3,"elev":12,"name":"peak lowland water"},"geometry":{"type":"Point","coordinates":[91.9771506849315,25.025748743718594]}},{"type":"Feature","properties":{"stage":3,"elev":12.5,"name":"peak lowland water"},"geometry":{"type":"Point","coordinates":[91.980986301369882,25.025748743718594]}},{"type":"Feature","properties":{"stage":3,"elev":13.3,"name":"peak lowland water"},"geometry":{"type":"Point","coordinates":[91.984821917808219,25.025748743718594]}},{"type":"Feature","properties":{"stage":3,"elev":13,"name":"peak lowland water"},"geometry":{"type":"Point","coordinates":[91.781534246575347,25.02956783919598]}},{"type":"Feature","properties":{"stage":3,"elev":12,"name":"peak lowland water"},"geometry":{"type":"Point","coordinates":[91.7853698630137,25.02956783919598]}},{"type":"Feature","properties":{"stage":3,"elev":11.1,"name":"peak lowland water"},"geometry":{"type":"Point","coordinates":[91.789205479452065,25.02956783919598]}},{"type":"Feature","properties":{"stage":3,"elev":11.9,"name":"peak lowland water"},"geometry":{"type":"Point","coordinates":[91.7930410958904,25.02956783919598]}},{"type":"Feature","properties":{"stage":3,"elev":11.4,"name":"peak lowland water"},"geometry":{"type":"Point","coordinates":[91.796876712328782,25.02956783919598]}},{"type":"Feature","properties":{"stage":3,"elev":11.8,"name":"peak lowland water"},"geometry":{"type":"Point","coordinates":[91.800712328767148,25.02956783919598]}},{"type":"Feature","properties":{"stage":3,"elev":12.1,"name":"peak lowland water"},"geometry":{"type":"Point","coordinates":[91.804547945205471,25.02956783919598]}},{"type":"Feature","properties":{"stage":3,"elev":12.8,"name":"peak lowland water"},"geometry":{"type":"Point","coordinates":[91.808383561643822,25.02956783919598]}},{"type":"Feature","properties":{"stage":3,"elev":12.3,"name":"peak lowland water"},"geometry":{"type":"Point","coordinates":[91.812219178082188,25.02956783919598]}},{"type":"Feature","properties":{"stage":3,"elev":12.6,"name":"peak lowland water"},"geometry":{"type":"Point","coordinates":[91.816054794520554,25.02956783919598]}},{"type":"Feature","properties":{"stage":3,"elev":12.7,"name":"peak lowland water"},"geometry":{"type":"Point","coordinates":[91.819890410958891,25.02956783919598]}},{"type":"Feature","properties":{"stage":3,"elev":12.2,"name":"peak lowland water"},"geometry":{"type":"Point","coordinates":[91.823726027397271,25.02956783919598]}},{"type":"Feature","properties":{"stage":3,"elev":13.9,"name":"peak lowland water"},"geometry":{"type":"Point","coordinates":[91.827561643835637,25.02956783919598]}},{"type":"Feature","properties":{"stage":3,"elev":13.9,"name":"peak lowland water"},"geometry":{"type":"Point","coordinates":[91.831397260273974,25.02956783919598]}},{"type":"Feature","properties":{"stage":3,"elev":13.6,"name":"peak lowland water"},"geometry":{"type":"Point","coordinates":[91.835232876712325,25.02956783919598]}},{"type":"Feature","properties":{"stage":3,"elev":11.1,"name":"peak lowland water"},"geometry":{"type":"Point","coordinates":[91.839068493150677,25.02956783919598]}},{"type":"Feature","properties":{"stage":3,"elev":14.2,"name":"peak lowland water"},"geometry":{"type":"Point","coordinates":[91.84673972602738,25.02956783919598]}},{"type":"Feature","properties":{"stage":3,"elev":11.8,"name":"peak lowland water"},"geometry":{"type":"Point","coordinates":[91.85057534246576,25.02956783919598]}},{"type":"Feature","properties":{"stage":3,"elev":11.3,"name":"peak lowland water"},"geometry":{"type":"Point","coordinates":[91.854410958904126,25.02956783919598]}},{"type":"Feature","properties":{"stage":3,"elev":12.8,"name":"peak lowland water"},"geometry":{"type":"Point","coordinates":[91.858246575342463,25.02956783919598]}},{"type":"Feature","properties":{"stage":3,"elev":12.3,"name":"peak lowland water"},"geometry":{"type":"Point","coordinates":[91.862082191780829,25.02956783919598]}},{"type":"Feature","properties":{"stage":3,"elev":12.3,"name":"peak lowland water"},"geometry":{"type":"Point","coordinates":[91.865917808219166,25.02956783919598]}},{"type":"Feature","properties":{"stage":3,"elev":13.9,"name":"peak lowland water"},"geometry":{"type":"Point","coordinates":[91.869753424657546,25.02956783919598]}},{"type":"Feature","properties":{"stage":3,"elev":13.1,"name":"peak lowland water"},"geometry":{"type":"Point","coordinates":[91.873589041095912,25.02956783919598]}},{"type":"Feature","properties":{"stage":3,"elev":11.9,"name":"peak lowland water"},"geometry":{"type":"Point","coordinates":[91.877424657534235,25.02956783919598]}},{"type":"Feature","properties":{"stage":3,"elev":9.9,"name":"peak lowland water"},"geometry":{"type":"Point","coordinates":[91.881260273972586,25.02956783919598]}},{"type":"Feature","properties":{"stage":3,"elev":11.3,"name":"peak lowland water"},"geometry":{"type":"Point","coordinates":[91.885095890410952,25.02956783919598]}},{"type":"Feature","properties":{"stage":3,"elev":11.4,"name":"peak lowland water"},"geometry":{"type":"Point","coordinates":[91.8889315068493,25.02956783919598]}},{"type":"Feature","properties":{"stage":3,"elev":10.7,"name":"peak lowland water"},"geometry":{"type":"Point","coordinates":[91.892767123287655,25.02956783919598]}},{"type":"Feature","properties":{"stage":3,"elev":10.2,"name":"peak lowland water"},"geometry":{"type":"Point","coordinates":[91.896602739726021,25.02956783919598]}},{"type":"Feature","properties":{"stage":3,"elev":12.8,"name":"peak lowland water"},"geometry":{"type":"Point","coordinates":[91.900438356164386,25.02956783919598]}},{"type":"Feature","properties":{"stage":3,"elev":10.9,"name":"peak lowland water"},"geometry":{"type":"Point","coordinates":[91.904273972602738,25.02956783919598]}},{"type":"Feature","properties":{"stage":3,"elev":10.2,"name":"peak lowland water"},"geometry":{"type":"Point","coordinates":[91.9081095890411,25.02956783919598]}},{"type":"Feature","properties":{"stage":3,"elev":9.6,"name":"peak lowland water"},"geometry":{"type":"Point","coordinates":[91.911945205479441,25.02956783919598]}},{"type":"Feature","properties":{"stage":3,"elev":10.3,"name":"peak lowland water"},"geometry":{"type":"Point","coordinates":[91.915780821917821,25.02956783919598]}},{"type":"Feature","properties":{"stage":3,"elev":10.3,"name":"peak lowland water"},"geometry":{"type":"Point","coordinates":[91.919616438356186,25.02956783919598]}},{"type":"Feature","properties":{"stage":3,"elev":10,"name":"peak lowland water"},"geometry":{"type":"Point","coordinates":[91.92345205479451,25.02956783919598]}},{"type":"Feature","properties":{"stage":3,"elev":11,"name":"peak lowland water"},"geometry":{"type":"Point","coordinates":[91.927287671232847,25.02956783919598]}},{"type":"Feature","properties":{"stage":3,"elev":11.2,"name":"peak lowland water"},"geometry":{"type":"Point","coordinates":[91.931123287671227,25.02956783919598]}},{"type":"Feature","properties":{"stage":3,"elev":10.7,"name":"peak lowland water"},"geometry":{"type":"Point","coordinates":[91.934958904109592,25.02956783919598]}},{"type":"Feature","properties":{"stage":3,"elev":12.8,"name":"peak lowland water"},"geometry":{"type":"Point","coordinates":[91.93879452054793,25.02956783919598]}},{"type":"Feature","properties":{"stage":3,"elev":11.6,"name":"peak lowland water"},"geometry":{"type":"Point","coordinates":[91.94263013698631,25.02956783919598]}},{"type":"Feature","properties":{"stage":3,"elev":10.3,"name":"peak lowland water"},"geometry":{"type":"Point","coordinates":[91.946465753424675,25.02956783919598]}},{"type":"Feature","properties":{"stage":3,"elev":10.9,"name":"peak lowland water"},"geometry":{"type":"Point","coordinates":[91.950301369863013,25.02956783919598]}},{"type":"Feature","properties":{"stage":3,"elev":12.1,"name":"peak lowland water"},"geometry":{"type":"Point","coordinates":[91.954136986301364,25.02956783919598]}},{"type":"Feature","properties":{"stage":3,"elev":11.8,"name":"peak lowland water"},"geometry":{"type":"Point","coordinates":[91.957972602739716,25.02956783919598]}},{"type":"Feature","properties":{"stage":3,"elev":10.4,"name":"peak lowland water"},"geometry":{"type":"Point","coordinates":[91.961808219178081,25.02956783919598]}},{"type":"Feature","properties":{"stage":3,"elev":12.1,"name":"peak lowland water"},"geometry":{"type":"Point","coordinates":[91.965643835616419,25.02956783919598]}},{"type":"Feature","properties":{"stage":3,"elev":11.7,"name":"peak lowland water"},"geometry":{"type":"Point","coordinates":[91.9694794520548,25.02956783919598]}},{"type":"Feature","properties":{"stage":3,"elev":12.9,"name":"peak lowland water"},"geometry":{"type":"Point","coordinates":[91.973315068493164,25.02956783919598]}},{"type":"Feature","properties":{"stage":3,"elev":12.1,"name":"peak lowland water"},"geometry":{"type":"Point","coordinates":[91.9771506849315,25.02956783919598]}},{"type":"Feature","properties":{"stage":3,"elev":11.8,"name":"peak lowland water"},"geometry":{"type":"Point","coordinates":[91.980986301369882,25.02956783919598]}},{"type":"Feature","properties":{"stage":3,"elev":12.6,"name":"peak lowland water"},"geometry":{"type":"Point","coordinates":[91.984821917808219,25.02956783919598]}},{"type":"Feature","properties":{"stage":3,"elev":12.4,"name":"peak lowland water"},"geometry":{"type":"Point","coordinates":[91.781534246575347,25.033386934673366]}},{"type":"Feature","properties":{"stage":3,"elev":10.7,"name":"peak lowland water"},"geometry":{"type":"Point","coordinates":[91.7853698630137,25.033386934673366]}},{"type":"Feature","properties":{"stage":3,"elev":11.1,"name":"peak lowland water"},"geometry":{"type":"Point","coordinates":[91.789205479452065,25.033386934673366]}},{"type":"Feature","properties":{"stage":3,"elev":11.4,"name":"peak lowland water"},"geometry":{"type":"Point","coordinates":[91.7930410958904,25.033386934673366]}},{"type":"Feature","properties":{"stage":3,"elev":11.8,"name":"peak lowland water"},"geometry":{"type":"Point","coordinates":[91.796876712328782,25.033386934673366]}},{"type":"Feature","properties":{"stage":3,"elev":12.6,"name":"peak lowland water"},"geometry":{"type":"Point","coordinates":[91.800712328767148,25.033386934673366]}},{"type":"Feature","properties":{"stage":3,"elev":12.4,"name":"peak lowland water"},"geometry":{"type":"Point","coordinates":[91.804547945205471,25.033386934673366]}},{"type":"Feature","properties":{"stage":3,"elev":11.4,"name":"peak lowland water"},"geometry":{"type":"Point","coordinates":[91.808383561643822,25.033386934673366]}},{"type":"Feature","properties":{"stage":3,"elev":11.2,"name":"peak lowland water"},"geometry":{"type":"Point","coordinates":[91.812219178082188,25.033386934673366]}},{"type":"Feature","properties":{"stage":3,"elev":14.3,"name":"peak lowland water"},"geometry":{"type":"Point","coordinates":[91.816054794520554,25.033386934673366]}},{"type":"Feature","properties":{"stage":3,"elev":13.2,"name":"peak lowland water"},"geometry":{"type":"Point","coordinates":[91.819890410958891,25.033386934673366]}},{"type":"Feature","properties":{"stage":3,"elev":14,"name":"peak lowland water"},"geometry":{"type":"Point","coordinates":[91.823726027397271,25.033386934673366]}},{"type":"Feature","properties":{"stage":3,"elev":13.8,"name":"peak lowland water"},"geometry":{"type":"Point","coordinates":[91.831397260273974,25.033386934673366]}},{"type":"Feature","properties":{"stage":3,"elev":12.4,"name":"peak lowland water"},"geometry":{"type":"Point","coordinates":[91.835232876712325,25.033386934673366]}},{"type":"Feature","properties":{"stage":3,"elev":14.5,"name":"peak lowland water"},"geometry":{"type":"Point","coordinates":[91.839068493150677,25.033386934673366]}},{"type":"Feature","properties":{"stage":3,"elev":13.3,"name":"peak lowland water"},"geometry":{"type":"Point","coordinates":[91.84673972602738,25.033386934673366]}},{"type":"Feature","properties":{"stage":3,"elev":12.2,"name":"peak lowland water"},"geometry":{"type":"Point","coordinates":[91.85057534246576,25.033386934673366]}},{"type":"Feature","properties":{"stage":3,"elev":13.1,"name":"peak lowland water"},"geometry":{"type":"Point","coordinates":[91.854410958904126,25.033386934673366]}},{"type":"Feature","properties":{"stage":3,"elev":13.3,"name":"peak lowland water"},"geometry":{"type":"Point","coordinates":[91.858246575342463,25.033386934673366]}},{"type":"Feature","properties":{"stage":3,"elev":14.8,"name":"peak lowland water"},"geometry":{"type":"Point","coordinates":[91.862082191780829,25.033386934673366]}},{"type":"Feature","properties":{"stage":3,"elev":14.6,"name":"peak lowland water"},"geometry":{"type":"Point","coordinates":[91.869753424657546,25.033386934673366]}},{"type":"Feature","properties":{"stage":3,"elev":12.4,"name":"peak lowland water"},"geometry":{"type":"Point","coordinates":[91.873589041095912,25.033386934673366]}},{"type":"Feature","properties":{"stage":3,"elev":12.4,"name":"peak lowland water"},"geometry":{"type":"Point","coordinates":[91.877424657534235,25.033386934673366]}},{"type":"Feature","properties":{"stage":3,"elev":10.9,"name":"peak lowland water"},"geometry":{"type":"Point","coordinates":[91.881260273972586,25.033386934673366]}},{"type":"Feature","properties":{"stage":3,"elev":10.8,"name":"peak lowland water"},"geometry":{"type":"Point","coordinates":[91.885095890410952,25.033386934673366]}},{"type":"Feature","properties":{"stage":3,"elev":11.2,"name":"peak lowland water"},"geometry":{"type":"Point","coordinates":[91.8889315068493,25.033386934673366]}},{"type":"Feature","properties":{"stage":3,"elev":11.8,"name":"peak lowland water"},"geometry":{"type":"Point","coordinates":[91.892767123287655,25.033386934673366]}},{"type":"Feature","properties":{"stage":3,"elev":12.7,"name":"peak lowland water"},"geometry":{"type":"Point","coordinates":[91.896602739726021,25.033386934673366]}},{"type":"Feature","properties":{"stage":3,"elev":11.4,"name":"peak lowland water"},"geometry":{"type":"Point","coordinates":[91.900438356164386,25.033386934673366]}},{"type":"Feature","properties":{"stage":3,"elev":11.8,"name":"peak lowland water"},"geometry":{"type":"Point","coordinates":[91.904273972602738,25.033386934673366]}},{"type":"Feature","properties":{"stage":3,"elev":10.8,"name":"peak lowland water"},"geometry":{"type":"Point","coordinates":[91.9081095890411,25.033386934673366]}},{"type":"Feature","properties":{"stage":3,"elev":10.3,"name":"peak lowland water"},"geometry":{"type":"Point","coordinates":[91.911945205479441,25.033386934673366]}},{"type":"Feature","properties":{"stage":3,"elev":10.4,"name":"peak lowland water"},"geometry":{"type":"Point","coordinates":[91.915780821917821,25.033386934673366]}},{"type":"Feature","properties":{"stage":3,"elev":11.6,"name":"peak lowland water"},"geometry":{"type":"Point","coordinates":[91.919616438356186,25.033386934673366]}},{"type":"Feature","properties":{"stage":3,"elev":10.5,"name":"peak lowland water"},"geometry":{"type":"Point","coordinates":[91.92345205479451,25.033386934673366]}},{"type":"Feature","properties":{"stage":3,"elev":10.4,"name":"peak lowland water"},"geometry":{"type":"Point","coordinates":[91.927287671232847,25.033386934673366]}},{"type":"Feature","properties":{"stage":3,"elev":10.6,"name":"peak lowland water"},"geometry":{"type":"Point","coordinates":[91.931123287671227,25.033386934673366]}},{"type":"Feature","properties":{"stage":3,"elev":12,"name":"peak lowland water"},"geometry":{"type":"Point","coordinates":[91.934958904109592,25.033386934673366]}},{"type":"Feature","properties":{"stage":3,"elev":10.4,"name":"peak lowland water"},"geometry":{"type":"Point","coordinates":[91.93879452054793,25.033386934673366]}},{"type":"Feature","properties":{"stage":3,"elev":12.4,"name":"peak lowland water"},"geometry":{"type":"Point","coordinates":[91.94263013698631,25.033386934673366]}},{"type":"Feature","properties":{"stage":3,"elev":11.5,"name":"peak lowland water"},"geometry":{"type":"Point","coordinates":[91.946465753424675,25.033386934673366]}},{"type":"Feature","properties":{"stage":3,"elev":11.3,"name":"peak lowland water"},"geometry":{"type":"Point","coordinates":[91.950301369863013,25.033386934673366]}},{"type":"Feature","properties":{"stage":3,"elev":11.8,"name":"peak lowland water"},"geometry":{"type":"Point","coordinates":[91.954136986301364,25.033386934673366]}},{"type":"Feature","properties":{"stage":3,"elev":11.6,"name":"peak lowland water"},"geometry":{"type":"Point","coordinates":[91.957972602739716,25.033386934673366]}},{"type":"Feature","properties":{"stage":3,"elev":11.4,"name":"peak lowland water"},"geometry":{"type":"Point","coordinates":[91.961808219178081,25.033386934673366]}},{"type":"Feature","properties":{"stage":3,"elev":12,"name":"peak lowland water"},"geometry":{"type":"Point","coordinates":[91.965643835616419,25.033386934673366]}},{"type":"Feature","properties":{"stage":3,"elev":12.1,"name":"peak lowland water"},"geometry":{"type":"Point","coordinates":[91.9694794520548,25.033386934673366]}},{"type":"Feature","properties":{"stage":3,"elev":12.8,"name":"peak lowland water"},"geometry":{"type":"Point","coordinates":[91.973315068493164,25.033386934673366]}},{"type":"Feature","properties":{"stage":3,"elev":12.8,"name":"peak lowland water"},"geometry":{"type":"Point","coordinates":[91.9771506849315,25.033386934673366]}},{"type":"Feature","properties":{"stage":3,"elev":12.8,"name":"peak lowland water"},"geometry":{"type":"Point","coordinates":[91.980986301369882,25.033386934673366]}},{"type":"Feature","properties":{"stage":3,"elev":14.1,"name":"peak lowland water"},"geometry":{"type":"Point","coordinates":[91.984821917808219,25.033386934673366]}},{"type":"Feature","properties":{"stage":3,"elev":12.8,"name":"peak lowland water"},"geometry":{"type":"Point","coordinates":[91.781534246575347,25.037206030150752]}},{"type":"Feature","properties":{"stage":3,"elev":12.4,"name":"peak lowland water"},"geometry":{"type":"Point","coordinates":[91.7853698630137,25.037206030150752]}},{"type":"Feature","properties":{"stage":3,"elev":13,"name":"peak lowland water"},"geometry":{"type":"Point","coordinates":[91.789205479452065,25.037206030150752]}},{"type":"Feature","properties":{"stage":3,"elev":12.6,"name":"peak lowland water"},"geometry":{"type":"Point","coordinates":[91.7930410958904,25.037206030150752]}},{"type":"Feature","properties":{"stage":3,"elev":12.1,"name":"peak lowland water"},"geometry":{"type":"Point","coordinates":[91.796876712328782,25.037206030150752]}},{"type":"Feature","properties":{"stage":3,"elev":12.5,"name":"peak lowland water"},"geometry":{"type":"Point","coordinates":[91.800712328767148,25.037206030150752]}},{"type":"Feature","properties":{"stage":3,"elev":13,"name":"peak lowland water"},"geometry":{"type":"Point","coordinates":[91.804547945205471,25.037206030150752]}},{"type":"Feature","properties":{"stage":3,"elev":13.6,"name":"peak lowland water"},"geometry":{"type":"Point","coordinates":[91.808383561643822,25.037206030150752]}},{"type":"Feature","properties":{"stage":3,"elev":14.8,"name":"peak lowland water"},"geometry":{"type":"Point","coordinates":[91.816054794520554,25.037206030150752]}},{"type":"Feature","properties":{"stage":3,"elev":13.6,"name":"peak lowland water"},"geometry":{"type":"Point","coordinates":[91.819890410958891,25.037206030150752]}},{"type":"Feature","properties":{"stage":3,"elev":13.6,"name":"peak lowland water"},"geometry":{"type":"Point","coordinates":[91.823726027397271,25.037206030150752]}},{"type":"Feature","properties":{"stage":3,"elev":12.3,"name":"peak lowland water"},"geometry":{"type":"Point","coordinates":[91.827561643835637,25.037206030150752]}},{"type":"Feature","properties":{"stage":3,"elev":12.6,"name":"peak lowland water"},"geometry":{"type":"Point","coordinates":[91.831397260273974,25.037206030150752]}},{"type":"Feature","properties":{"stage":3,"elev":13.4,"name":"peak lowland water"},"geometry":{"type":"Point","coordinates":[91.835232876712325,25.037206030150752]}},{"type":"Feature","properties":{"stage":3,"elev":12.8,"name":"peak lowland water"},"geometry":{"type":"Point","coordinates":[91.842904109589043,25.037206030150752]}},{"type":"Feature","properties":{"stage":3,"elev":13.1,"name":"peak lowland water"},"geometry":{"type":"Point","coordinates":[91.84673972602738,25.037206030150752]}},{"type":"Feature","properties":{"stage":3,"elev":12.8,"name":"peak lowland water"},"geometry":{"type":"Point","coordinates":[91.85057534246576,25.037206030150752]}},{"type":"Feature","properties":{"stage":3,"elev":12.5,"name":"peak lowland water"},"geometry":{"type":"Point","coordinates":[91.854410958904126,25.037206030150752]}},{"type":"Feature","properties":{"stage":3,"elev":13.5,"name":"peak lowland water"},"geometry":{"type":"Point","coordinates":[91.858246575342463,25.037206030150752]}},{"type":"Feature","properties":{"stage":3,"elev":14.6,"name":"peak lowland water"},"geometry":{"type":"Point","coordinates":[91.862082191780829,25.037206030150752]}},{"type":"Feature","properties":{"stage":3,"elev":13.1,"name":"peak lowland water"},"geometry":{"type":"Point","coordinates":[91.865917808219166,25.037206030150752]}},{"type":"Feature","properties":{"stage":3,"elev":14.3,"name":"peak lowland water"},"geometry":{"type":"Point","coordinates":[91.873589041095912,25.037206030150752]}},{"type":"Feature","properties":{"stage":3,"elev":12.6,"name":"peak lowland water"},"geometry":{"type":"Point","coordinates":[91.877424657534235,25.037206030150752]}},{"type":"Feature","properties":{"stage":3,"elev":11.8,"name":"peak lowland water"},"geometry":{"type":"Point","coordinates":[91.881260273972586,25.037206030150752]}},{"type":"Feature","properties":{"stage":3,"elev":11.3,"name":"peak lowland water"},"geometry":{"type":"Point","coordinates":[91.885095890410952,25.037206030150752]}},{"type":"Feature","properties":{"stage":3,"elev":11.5,"name":"peak lowland water"},"geometry":{"type":"Point","coordinates":[91.8889315068493,25.037206030150752]}},{"type":"Feature","properties":{"stage":3,"elev":10.9,"name":"peak lowland water"},"geometry":{"type":"Point","coordinates":[91.892767123287655,25.037206030150752]}},{"type":"Feature","properties":{"stage":3,"elev":12,"name":"peak lowland water"},"geometry":{"type":"Point","coordinates":[91.896602739726021,25.037206030150752]}},{"type":"Feature","properties":{"stage":3,"elev":10.8,"name":"peak lowland water"},"geometry":{"type":"Point","coordinates":[91.900438356164386,25.037206030150752]}},{"type":"Feature","properties":{"stage":3,"elev":11.3,"name":"peak lowland water"},"geometry":{"type":"Point","coordinates":[91.904273972602738,25.037206030150752]}},{"type":"Feature","properties":{"stage":3,"elev":11.2,"name":"peak lowland water"},"geometry":{"type":"Point","coordinates":[91.9081095890411,25.037206030150752]}},{"type":"Feature","properties":{"stage":3,"elev":11.5,"name":"peak lowland water"},"geometry":{"type":"Point","coordinates":[91.911945205479441,25.037206030150752]}},{"type":"Feature","properties":{"stage":3,"elev":11.3,"name":"peak lowland water"},"geometry":{"type":"Point","coordinates":[91.915780821917821,25.037206030150752]}},{"type":"Feature","properties":{"stage":3,"elev":10.5,"name":"peak lowland water"},"geometry":{"type":"Point","coordinates":[91.919616438356186,25.037206030150752]}},{"type":"Feature","properties":{"stage":3,"elev":10.9,"name":"peak lowland water"},"geometry":{"type":"Point","coordinates":[91.92345205479451,25.037206030150752]}},{"type":"Feature","properties":{"stage":3,"elev":11.5,"name":"peak lowland water"},"geometry":{"type":"Point","coordinates":[91.927287671232847,25.037206030150752]}},{"type":"Feature","properties":{"stage":3,"elev":11.3,"name":"peak lowland water"},"geometry":{"type":"Point","coordinates":[91.931123287671227,25.037206030150752]}},{"type":"Feature","properties":{"stage":3,"elev":10.9,"name":"peak lowland water"},"geometry":{"type":"Point","coordinates":[91.934958904109592,25.037206030150752]}},{"type":"Feature","properties":{"stage":3,"elev":10.6,"name":"peak lowland water"},"geometry":{"type":"Point","coordinates":[91.93879452054793,25.037206030150752]}},{"type":"Feature","properties":{"stage":3,"elev":11.2,"name":"peak lowland water"},"geometry":{"type":"Point","coordinates":[91.94263013698631,25.037206030150752]}},{"type":"Feature","properties":{"stage":3,"elev":13.1,"name":"peak lowland water"},"geometry":{"type":"Point","coordinates":[91.946465753424675,25.037206030150752]}},{"type":"Feature","properties":{"stage":3,"elev":12,"name":"peak lowland water"},"geometry":{"type":"Point","coordinates":[91.950301369863013,25.037206030150752]}},{"type":"Feature","properties":{"stage":3,"elev":11.7,"name":"peak lowland water"},"geometry":{"type":"Point","coordinates":[91.954136986301364,25.037206030150752]}},{"type":"Feature","properties":{"stage":3,"elev":11.6,"name":"peak lowland water"},"geometry":{"type":"Point","coordinates":[91.957972602739716,25.037206030150752]}},{"type":"Feature","properties":{"stage":3,"elev":13.8,"name":"peak lowland water"},"geometry":{"type":"Point","coordinates":[91.961808219178081,25.037206030150752]}},{"type":"Feature","properties":{"stage":3,"elev":10.6,"name":"peak lowland water"},"geometry":{"type":"Point","coordinates":[91.965643835616419,25.037206030150752]}},{"type":"Feature","properties":{"stage":3,"elev":10.6,"name":"peak lowland water"},"geometry":{"type":"Point","coordinates":[91.9694794520548,25.037206030150752]}},{"type":"Feature","properties":{"stage":3,"elev":11.1,"name":"peak lowland water"},"geometry":{"type":"Point","coordinates":[91.973315068493164,25.037206030150752]}},{"type":"Feature","properties":{"stage":3,"elev":12.9,"name":"peak lowland water"},"geometry":{"type":"Point","coordinates":[91.9771506849315,25.037206030150752]}},{"type":"Feature","properties":{"stage":3,"elev":13.8,"name":"peak lowland water"},"geometry":{"type":"Point","coordinates":[91.980986301369882,25.037206030150752]}},{"type":"Feature","properties":{"stage":3,"elev":12.6,"name":"peak lowland water"},"geometry":{"type":"Point","coordinates":[91.781534246575347,25.041025125628142]}},{"type":"Feature","properties":{"stage":3,"elev":12.4,"name":"peak lowland water"},"geometry":{"type":"Point","coordinates":[91.7853698630137,25.041025125628142]}},{"type":"Feature","properties":{"stage":3,"elev":13.3,"name":"peak lowland water"},"geometry":{"type":"Point","coordinates":[91.789205479452065,25.041025125628142]}},{"type":"Feature","properties":{"stage":3,"elev":13,"name":"peak lowland water"},"geometry":{"type":"Point","coordinates":[91.7930410958904,25.041025125628142]}},{"type":"Feature","properties":{"stage":3,"elev":12.8,"name":"peak lowland water"},"geometry":{"type":"Point","coordinates":[91.796876712328782,25.041025125628142]}},{"type":"Feature","properties":{"stage":3,"elev":13.4,"name":"peak lowland water"},"geometry":{"type":"Point","coordinates":[91.800712328767148,25.041025125628142]}},{"type":"Feature","properties":{"stage":3,"elev":14.6,"name":"peak lowland water"},"geometry":{"type":"Point","coordinates":[91.804547945205471,25.041025125628142]}},{"type":"Feature","properties":{"stage":3,"elev":14.6,"name":"peak lowland water"},"geometry":{"type":"Point","coordinates":[91.808383561643822,25.041025125628142]}},{"type":"Feature","properties":{"stage":3,"elev":15,"name":"peak lowland water"},"geometry":{"type":"Point","coordinates":[91.816054794520554,25.041025125628142]}},{"type":"Feature","properties":{"stage":3,"elev":13.3,"name":"peak lowland water"},"geometry":{"type":"Point","coordinates":[91.819890410958891,25.041025125628142]}},{"type":"Feature","properties":{"stage":3,"elev":12.6,"name":"peak lowland water"},"geometry":{"type":"Point","coordinates":[91.823726027397271,25.041025125628142]}},{"type":"Feature","properties":{"stage":3,"elev":14.3,"name":"peak lowland water"},"geometry":{"type":"Point","coordinates":[91.827561643835637,25.041025125628142]}},{"type":"Feature","properties":{"stage":3,"elev":12.8,"name":"peak lowland water"},"geometry":{"type":"Point","coordinates":[91.842904109589043,25.041025125628142]}},{"type":"Feature","properties":{"stage":3,"elev":11.9,"name":"peak lowland water"},"geometry":{"type":"Point","coordinates":[91.84673972602738,25.041025125628142]}},{"type":"Feature","properties":{"stage":3,"elev":13.3,"name":"peak lowland water"},"geometry":{"type":"Point","coordinates":[91.85057534246576,25.041025125628142]}},{"type":"Feature","properties":{"stage":3,"elev":13.8,"name":"peak lowland water"},"geometry":{"type":"Point","coordinates":[91.854410958904126,25.041025125628142]}},{"type":"Feature","properties":{"stage":3,"elev":13.2,"name":"peak lowland water"},"geometry":{"type":"Point","coordinates":[91.858246575342463,25.041025125628142]}},{"type":"Feature","properties":{"stage":3,"elev":13.2,"name":"peak lowland water"},"geometry":{"type":"Point","coordinates":[91.862082191780829,25.041025125628142]}},{"type":"Feature","properties":{"stage":3,"elev":12.2,"name":"peak lowland water"},"geometry":{"type":"Point","coordinates":[91.865917808219166,25.041025125628142]}},{"type":"Feature","properties":{"stage":3,"elev":14.4,"name":"peak lowland water"},"geometry":{"type":"Point","coordinates":[91.869753424657546,25.041025125628142]}},{"type":"Feature","properties":{"stage":3,"elev":13.9,"name":"peak lowland water"},"geometry":{"type":"Point","coordinates":[91.873589041095912,25.041025125628142]}},{"type":"Feature","properties":{"stage":3,"elev":12.1,"name":"peak lowland water"},"geometry":{"type":"Point","coordinates":[91.877424657534235,25.041025125628142]}},{"type":"Feature","properties":{"stage":3,"elev":12.1,"name":"peak lowland water"},"geometry":{"type":"Point","coordinates":[91.881260273972586,25.041025125628142]}},{"type":"Feature","properties":{"stage":3,"elev":12.3,"name":"peak lowland water"},"geometry":{"type":"Point","coordinates":[91.885095890410952,25.041025125628142]}},{"type":"Feature","properties":{"stage":3,"elev":11.2,"name":"peak lowland water"},"geometry":{"type":"Point","coordinates":[91.8889315068493,25.041025125628142]}},{"type":"Feature","properties":{"stage":3,"elev":11.2,"name":"peak lowland water"},"geometry":{"type":"Point","coordinates":[91.892767123287655,25.041025125628142]}},{"type":"Feature","properties":{"stage":3,"elev":11,"name":"peak lowland water"},"geometry":{"type":"Point","coordinates":[91.896602739726021,25.041025125628142]}},{"type":"Feature","properties":{"stage":3,"elev":11.2,"name":"peak lowland water"},"geometry":{"type":"Point","coordinates":[91.900438356164386,25.041025125628142]}},{"type":"Feature","properties":{"stage":3,"elev":11.2,"name":"peak lowland water"},"geometry":{"type":"Point","coordinates":[91.904273972602738,25.041025125628142]}},{"type":"Feature","properties":{"stage":3,"elev":10.7,"name":"peak lowland water"},"geometry":{"type":"Point","coordinates":[91.9081095890411,25.041025125628142]}},{"type":"Feature","properties":{"stage":3,"elev":10.1,"name":"peak lowland water"},"geometry":{"type":"Point","coordinates":[91.911945205479441,25.041025125628142]}},{"type":"Feature","properties":{"stage":3,"elev":9.8,"name":"peak lowland water"},"geometry":{"type":"Point","coordinates":[91.915780821917821,25.041025125628142]}},{"type":"Feature","properties":{"stage":3,"elev":11.4,"name":"peak lowland water"},"geometry":{"type":"Point","coordinates":[91.919616438356186,25.041025125628142]}},{"type":"Feature","properties":{"stage":3,"elev":10.4,"name":"peak lowland water"},"geometry":{"type":"Point","coordinates":[91.92345205479451,25.041025125628142]}},{"type":"Feature","properties":{"stage":3,"elev":11.5,"name":"peak lowland water"},"geometry":{"type":"Point","coordinates":[91.927287671232847,25.041025125628142]}},{"type":"Feature","properties":{"stage":3,"elev":11.7,"name":"peak lowland water"},"geometry":{"type":"Point","coordinates":[91.931123287671227,25.041025125628142]}},{"type":"Feature","properties":{"stage":3,"elev":12.4,"name":"peak lowland water"},"geometry":{"type":"Point","coordinates":[91.934958904109592,25.041025125628142]}},{"type":"Feature","properties":{"stage":3,"elev":11.6,"name":"peak lowland water"},"geometry":{"type":"Point","coordinates":[91.93879452054793,25.041025125628142]}},{"type":"Feature","properties":{"stage":3,"elev":11,"name":"peak lowland water"},"geometry":{"type":"Point","coordinates":[91.94263013698631,25.041025125628142]}},{"type":"Feature","properties":{"stage":3,"elev":12.2,"name":"peak lowland water"},"geometry":{"type":"Point","coordinates":[91.946465753424675,25.041025125628142]}},{"type":"Feature","properties":{"stage":3,"elev":12.8,"name":"peak lowland water"},"geometry":{"type":"Point","coordinates":[91.950301369863013,25.041025125628142]}},{"type":"Feature","properties":{"stage":3,"elev":11.8,"name":"peak lowland water"},"geometry":{"type":"Point","coordinates":[91.954136986301364,25.041025125628142]}},{"type":"Feature","properties":{"stage":3,"elev":13.1,"name":"peak lowland water"},"geometry":{"type":"Point","coordinates":[91.957972602739716,25.041025125628142]}},{"type":"Feature","properties":{"stage":3,"elev":13.4,"name":"peak lowland water"},"geometry":{"type":"Point","coordinates":[91.961808219178081,25.041025125628142]}},{"type":"Feature","properties":{"stage":3,"elev":11.7,"name":"peak lowland water"},"geometry":{"type":"Point","coordinates":[91.965643835616419,25.041025125628142]}},{"type":"Feature","properties":{"stage":3,"elev":12.1,"name":"peak lowland water"},"geometry":{"type":"Point","coordinates":[91.9694794520548,25.041025125628142]}},{"type":"Feature","properties":{"stage":3,"elev":13,"name":"peak lowland water"},"geometry":{"type":"Point","coordinates":[91.973315068493164,25.041025125628142]}},{"type":"Feature","properties":{"stage":3,"elev":14.2,"name":"peak lowland water"},"geometry":{"type":"Point","coordinates":[91.9771506849315,25.041025125628142]}},{"type":"Feature","properties":{"stage":3,"elev":12.9,"name":"peak lowland water"},"geometry":{"type":"Point","coordinates":[91.781534246575347,25.044844221105528]}},{"type":"Feature","properties":{"stage":3,"elev":14.2,"name":"peak lowland water"},"geometry":{"type":"Point","coordinates":[91.7853698630137,25.044844221105528]}},{"type":"Feature","properties":{"stage":3,"elev":14.9,"name":"peak lowland water"},"geometry":{"type":"Point","coordinates":[91.789205479452065,25.044844221105528]}},{"type":"Feature","properties":{"stage":3,"elev":13.7,"name":"peak lowland water"},"geometry":{"type":"Point","coordinates":[91.7930410958904,25.044844221105528]}},{"type":"Feature","properties":{"stage":3,"elev":13.1,"name":"peak lowland water"},"geometry":{"type":"Point","coordinates":[91.796876712328782,25.044844221105528]}},{"type":"Feature","properties":{"stage":3,"elev":13.5,"name":"peak lowland water"},"geometry":{"type":"Point","coordinates":[91.800712328767148,25.044844221105528]}},{"type":"Feature","properties":{"stage":3,"elev":12.9,"name":"peak lowland water"},"geometry":{"type":"Point","coordinates":[91.804547945205471,25.044844221105528]}},{"type":"Feature","properties":{"stage":3,"elev":12.8,"name":"peak lowland water"},"geometry":{"type":"Point","coordinates":[91.808383561643822,25.044844221105528]}},{"type":"Feature","properties":{"stage":3,"elev":11.6,"name":"peak lowland water"},"geometry":{"type":"Point","coordinates":[91.812219178082188,25.044844221105528]}},{"type":"Feature","properties":{"stage":3,"elev":12.4,"name":"peak lowland water"},"geometry":{"type":"Point","coordinates":[91.816054794520554,25.044844221105528]}},{"type":"Feature","properties":{"stage":3,"elev":12.6,"name":"peak lowland water"},"geometry":{"type":"Point","coordinates":[91.819890410958891,25.044844221105528]}},{"type":"Feature","properties":{"stage":3,"elev":12.9,"name":"peak lowland water"},"geometry":{"type":"Point","coordinates":[91.823726027397271,25.044844221105528]}},{"type":"Feature","properties":{"stage":3,"elev":14,"name":"peak lowland water"},"geometry":{"type":"Point","coordinates":[91.835232876712325,25.044844221105528]}},{"type":"Feature","properties":{"stage":3,"elev":14.1,"name":"peak lowland water"},"geometry":{"type":"Point","coordinates":[91.839068493150677,25.044844221105528]}},{"type":"Feature","properties":{"stage":3,"elev":13.4,"name":"peak lowland water"},"geometry":{"type":"Point","coordinates":[91.842904109589043,25.044844221105528]}},{"type":"Feature","properties":{"stage":3,"elev":12.8,"name":"peak lowland water"},"geometry":{"type":"Point","coordinates":[91.84673972602738,25.044844221105528]}},{"type":"Feature","properties":{"stage":3,"elev":13.1,"name":"peak lowland water"},"geometry":{"type":"Point","coordinates":[91.85057534246576,25.044844221105528]}},{"type":"Feature","properties":{"stage":3,"elev":12.8,"name":"peak lowland water"},"geometry":{"type":"Point","coordinates":[91.854410958904126,25.044844221105528]}},{"type":"Feature","properties":{"stage":3,"elev":13.1,"name":"peak lowland water"},"geometry":{"type":"Point","coordinates":[91.858246575342463,25.044844221105528]}},{"type":"Feature","properties":{"stage":3,"elev":13.2,"name":"peak lowland water"},"geometry":{"type":"Point","coordinates":[91.862082191780829,25.044844221105528]}},{"type":"Feature","properties":{"stage":3,"elev":13.8,"name":"peak lowland water"},"geometry":{"type":"Point","coordinates":[91.865917808219166,25.044844221105528]}},{"type":"Feature","properties":{"stage":3,"elev":12.4,"name":"peak lowland water"},"geometry":{"type":"Point","coordinates":[91.869753424657546,25.044844221105528]}},{"type":"Feature","properties":{"stage":3,"elev":14.8,"name":"peak lowland water"},"geometry":{"type":"Point","coordinates":[91.877424657534235,25.044844221105528]}},{"type":"Feature","properties":{"stage":3,"elev":12.3,"name":"peak lowland water"},"geometry":{"type":"Point","coordinates":[91.881260273972586,25.044844221105528]}},{"type":"Feature","properties":{"stage":3,"elev":11.8,"name":"peak lowland water"},"geometry":{"type":"Point","coordinates":[91.885095890410952,25.044844221105528]}},{"type":"Feature","properties":{"stage":3,"elev":10.3,"name":"peak lowland water"},"geometry":{"type":"Point","coordinates":[91.8889315068493,25.044844221105528]}},{"type":"Feature","properties":{"stage":3,"elev":9,"name":"peak lowland water"},"geometry":{"type":"Point","coordinates":[91.892767123287655,25.044844221105528]}},{"type":"Feature","properties":{"stage":3,"elev":8.9,"name":"peak lowland water"},"geometry":{"type":"Point","coordinates":[91.896602739726021,25.044844221105528]}},{"type":"Feature","properties":{"stage":3,"elev":11,"name":"peak lowland water"},"geometry":{"type":"Point","coordinates":[91.900438356164386,25.044844221105528]}},{"type":"Feature","properties":{"stage":3,"elev":11.7,"name":"peak lowland water"},"geometry":{"type":"Point","coordinates":[91.904273972602738,25.044844221105528]}},{"type":"Feature","properties":{"stage":3,"elev":11.4,"name":"peak lowland water"},"geometry":{"type":"Point","coordinates":[91.9081095890411,25.044844221105528]}},{"type":"Feature","properties":{"stage":3,"elev":11.1,"name":"peak lowland water"},"geometry":{"type":"Point","coordinates":[91.911945205479441,25.044844221105528]}},{"type":"Feature","properties":{"stage":3,"elev":11.9,"name":"peak lowland water"},"geometry":{"type":"Point","coordinates":[91.915780821917821,25.044844221105528]}},{"type":"Feature","properties":{"stage":3,"elev":11.4,"name":"peak lowland water"},"geometry":{"type":"Point","coordinates":[91.919616438356186,25.044844221105528]}},{"type":"Feature","properties":{"stage":3,"elev":11.4,"name":"peak lowland water"},"geometry":{"type":"Point","coordinates":[91.92345205479451,25.044844221105528]}},{"type":"Feature","properties":{"stage":3,"elev":11.8,"name":"peak lowland water"},"geometry":{"type":"Point","coordinates":[91.927287671232847,25.044844221105528]}},{"type":"Feature","properties":{"stage":3,"elev":11.3,"name":"peak lowland water"},"geometry":{"type":"Point","coordinates":[91.931123287671227,25.044844221105528]}},{"type":"Feature","properties":{"stage":3,"elev":12.4,"name":"peak lowland water"},"geometry":{"type":"Point","coordinates":[91.934958904109592,25.044844221105528]}},{"type":"Feature","properties":{"stage":3,"elev":13.4,"name":"peak lowland water"},"geometry":{"type":"Point","coordinates":[91.93879452054793,25.044844221105528]}},{"type":"Feature","properties":{"stage":3,"elev":13.3,"name":"peak lowland water"},"geometry":{"type":"Point","coordinates":[91.94263013698631,25.044844221105528]}},{"type":"Feature","properties":{"stage":3,"elev":11.8,"name":"peak lowland water"},"geometry":{"type":"Point","coordinates":[91.946465753424675,25.044844221105528]}},{"type":"Feature","properties":{"stage":3,"elev":11.4,"name":"peak lowland water"},"geometry":{"type":"Point","coordinates":[91.950301369863013,25.044844221105528]}},{"type":"Feature","properties":{"stage":3,"elev":13.2,"name":"peak lowland water"},"geometry":{"type":"Point","coordinates":[91.954136986301364,25.044844221105528]}},{"type":"Feature","properties":{"stage":3,"elev":12.8,"name":"peak lowland water"},"geometry":{"type":"Point","coordinates":[91.957972602739716,25.044844221105528]}},{"type":"Feature","properties":{"stage":3,"elev":13.1,"name":"peak lowland water"},"geometry":{"type":"Point","coordinates":[91.961808219178081,25.044844221105528]}},{"type":"Feature","properties":{"stage":3,"elev":13.3,"name":"peak lowland water"},"geometry":{"type":"Point","coordinates":[91.965643835616419,25.044844221105528]}},{"type":"Feature","properties":{"stage":3,"elev":12.4,"name":"peak lowland water"},"geometry":{"type":"Point","coordinates":[91.9694794520548,25.044844221105528]}},{"type":"Feature","properties":{"stage":3,"elev":12.8,"name":"peak lowland water"},"geometry":{"type":"Point","coordinates":[91.973315068493164,25.044844221105528]}},{"type":"Feature","properties":{"stage":3,"elev":14.9,"name":"peak lowland water"},"geometry":{"type":"Point","coordinates":[91.9771506849315,25.044844221105528]}},{"type":"Feature","properties":{"stage":3,"elev":14.6,"name":"peak lowland water"},"geometry":{"type":"Point","coordinates":[91.984821917808219,25.044844221105528]}}]}
