{"type":"FeatureCollection","features":[{"type":"Feature","properties":{"stage":1,"elev":11.8,"name":"river surge water"},"geometry":{"type":"Polygon","coordinates":[[[91.78,24.86],[91.78383561643835,24.86],[91.78383561643835,24.863819095477385],[91.78,24.863819095477385],[91.78,24.86]]]}},{"type":"Feature","properties":{"stage":1,"elev":11.8,"name":"river surge water"},"geometry":{"type":"Polygon","coordinates":[[[91.90657534246576,24.86],[91.91041095890411,24.86],[91.91041095890411,24.863819095477385],[91.90657534246576,24.863819095477385],[91.90657534246576,24.86]]]}},{"type":"Feature","properties":{"stage":1,"elev":11.6,"name":"river surge water"},"geometry":{"type":"Polygon","coordinates":[[[91.78,24.863819095477385],[91.78383561643835,24.863819095477385],[91.78383561643835,24.867638190954775],[91.78,24.867638190954775],[91.78,24.863819095477385]]]}},{"type":"Feature","properties":{"stage":1,"elev":12,"name":"river surge water"},"geometry":{"type":"Polygon","coordinates":[[[91.86054794520548,24.863819095477385],[91.86438356164383,24.863819095477385],[91.86438356164383,24.867638190954775],[91.86054794520548,24.867638190954775],[91.86054794520548,24.863819095477385]]]}},{"type":"Feature","properties":{"stage":1,"elev":11.8,"name":"river surge water"},"geometry":{"type":"Polygon","coordinates":[[[91.88739726027397,24.863819095477385],[91.89123287671232,24.863819095477385],[91.89123287671232,24.867638190954775],[91.88739726027397,24.867638190954775],[91.88739726027397,24.863819095477385]]]}},{"type":"Feature","properties":{"stage":1,"elev":11.9,"name":"river surge water"},"geometry":{"type":"Polygon","coordinates":[[[91.78,24.867638190954775],[91.78383561643835,24.867638190954775],[91.78383561643835,24.87145728643216],[91.78,24.87145728643216],[91.78,24.867638190954775]]]}},{"type":"Feature","properties":{"stage":1,"elev":11.6,"name":"river surge water"},"geometry":{"type":"Polygon","coordinates":[[[91.82602739726028,24.867638190954775],[91.82986301369863,24.867638190954775],[91.82986301369863,24.87145728643216],[91.82602739726028,24.87145728643216],[91.82602739726028,24.867638190954775]]]}},{"type":"Feature","properties":{"stage":1,"elev":12,"name":"river surge water"},"geometry":{"type":"Polygon","coordinates":[[[91.78383561643835,24.87145728643216],[91.78767123287672,24.87145728643216],[91.78767123287672,24.875276381909547],[91.78383561643835,24.875276381909547],[91.78383561643835,24.87145728643216]]]}},{"type":"Feature","properties":{"stage":1,"elev":11.6,"name":"river surge water"},"geometry":{"type":"Polygon","coordinates":[[[91.94876712328767,24.87145728643216],[91.95260273972602,24.87145728643216],[91.95260273972602,24.875276381909547],[91.94876712328767,24.875276381909547],[91.94876712328767,24.87145728643216]]]}},{"type":"Feature","properties":{"stage":1,"elev":12,"name":"river surge water"},"geometry":{"type":"Polygon","coordinates":[[[91.78383561643835,24.875276381909547],[91.78767123287672,24.875276381909547],[91.78767123287672,24.879095477386933],[91.78383561643835,24.879095477386933],[91.78383561643835,24.875276381909547]]]}},{"type":"Feature","properties":{"stage":1,"elev":12,"name":"river surge water"},"geometry":{"type":"Polygon","coordinates":[[[91.95643835616438,24.875276381909547],[91.96027397260274,24.875276381909547],[91.96027397260274,24.879095477386933],[91.95643835616438,24.879095477386933],[91.95643835616438,24.875276381909547]]]}},{"type":"Feature","properties":{"stage":1,"elev":11.6,"name":"river surge water"},"geometry":{"type":"Polygon","coordinates":[[[91.96794520547945,24.875276381909547],[91.9717808219178,24.875276381909547],[91.9717808219178,24.879095477386933],[91.96794520547945,24.879095477386933],[91.96794520547945,24.875276381909547]]]}},{"type":"Feature","properties":{"stage":1,"elev":11.5,"name":"river surge water"},"geometry":{"type":"Polygon","coordinates":[[[91.95260273972602,24.879095477386933],[91.95643835616438,24.879095477386933],[91.95643835616438,24.882914572864323],[91.95260273972602,24.882914572864323],[91.95260273972602,24.879095477386933]]]}},{"type":"Feature","properties":{"stage":1,"elev":12,"name":"river surge water"},"geometry":{"type":"Polygon","coordinates":[[[91.95643835616438,24.879095477386933],[91.96027397260274,24.879095477386933],[91.96027397260274,24.882914572864323],[91.95643835616438,24.882914572864323],[91.95643835616438,24.879095477386933]]]}},{"type":"Feature","properties":{"stage":1,"elev":11.1,"name":"river surge water"},"geometry":{"type":"Polygon","coordinates":[[[91.98328767123287,24.890552763819095],[91.98712328767122,24.890552763819095],[91.98712328767122,24.89437185929648],[91.98328767123287,24.89437185929648],[91.98328767123287,24.890552763819095]]]}},{"type":"Feature","properties":{"stage":1,"elev":12,"name":"river surge water"},"geometry":{"type":"Polygon","coordinates":[[[91.98328767123287,24.89437185929648],[91.98712328767122,24.89437185929648],[91.98712328767122,24.89819095477387],[91.98328767123287,24.89819095477387],[91.98328767123287,24.89437185929648]]]}},{"type":"Feature","properties":{"stage":1,"elev":10.6,"name":"river surge water"},"geometry":{"type":"Polygon","coordinates":[[[91.97561643835616,24.902010050251256],[91.97945205479452,24.902010050251256],[91.97945205479452,24.905829145728642],[91.97561643835616,24.905829145728642],[91.97561643835616,24.902010050251256]]]}},{"type":"Feature","properties":{"stage":1,"elev":11.4,"name":"river surge water"},"geometry":{"type":"Polygon","coordinates":[[[91.97945205479452,24.902010050251256],[91.98328767123287,24.902010050251256],[91.98328767123287,24.905829145728642],[91.97945205479452,24.905829145728642],[91.97945205479452,24.902010050251256]]]}},{"type":"Feature","properties":{"stage":1,"elev":11.6,"name":"river surge water"},"geometry":{"type":"Polygon","coordinates":[[[91.97561643835616,24.905829145728642],[91.97945205479452,24.905829145728642],[91.97945205479452,24.90964824120603],[91.97561643835616,24.90964824120603],[91.97561643835616,24.905829145728642]]]}},{"type":"Feature","properties":{"stage":1,"elev":10,"name":"river surge water"},"geometry":{"type":"Polygon","coordinates":[[[91.97945205479452,24.905829145728642],[91.98328767123287,24.905829145728642],[91.98328767123287,24.90964824120603],[91.97945205479452,24.90964824120603],[91.97945205479452,24.905829145728642]]]}},{"type":"Feature","properties":{"stage":1,"elev":9.5,"name":"river surge water"},"geometry":{"type":"Polygon","coordinates":[[[91.98328767123287,24.905829145728642],[91.98712328767122,24.905829145728642],[91.98712328767122,24.90964824120603],[91.98328767123287,24.90964824120603],[91.98328767123287,24.905829145728642]]]}},{"type":"Feature","properties":{"stage":1,"elev":11.9,"name":"river surge water"},"geometry":{"type":"Polygon","coordinates":[[[91.79917808219179,24.90964824120603],[91.80301369863014,24.90964824120603],[91.80301369863014,24.913467336683418],[91.79917808219179,24.913467336683418],[91.79917808219179,24.90964824120603]]]}},{"type":"Feature","properties":{"stage":1,"elev":10.4,"name":"river surge water"},"geometry":{"type":"Polygon","coordinates":[[[91.97945205479452,24.90964824120603],[91.98328767123287,24.90964824120603],[91.98328767123287,24.913467336683418],[91.97945205479452,24.913467336683418],[91.97945205479452,24.90964824120603]]]}},{"type":"Feature","properties":{"stage":1,"elev":9.5,"name":"river surge water"},"geometry":{"type":"Polygon","coordinates":[[[91.98328767123287,24.90964824120603],[91.98712328767122,24.90964824120603],[91.98712328767122,24.913467336683418],[91.98328767123287,24.913467336683418],[91.98328767123287,24.90964824120603]]]}},{"type":"Feature","properties":{"stage":1,"elev":11.6,"name":"river surge water"},"geometry":{"type":"Polygon","coordinates":[[[91.79150684931507,24.928743718592965],[91.79534246575342,24.928743718592965],[91.79534246575342,24.93256281407035],[91.79150684931507,24.93256281407035],[91.79150684931507,24.928743718592965]]]}},{"type":"Feature","properties":{"stage":1,"elev":12,"name":"river surge water"},"geometry":{"type":"Polygon","coordinates":[[[91.82219178082192,24.928743718592965],[91.82602739726028,24.928743718592965],[91.82602739726028,24.93256281407035],[91.82219178082192,24.93256281407035],[91.82219178082192,24.928743718592965]]]}},{"type":"Feature","properties":{"stage":1,"elev":11.8,"name":"river surge water"},"geometry":{"type":"Polygon","coordinates":[[[91.79150684931507,24.93256281407035],[91.79534246575342,24.93256281407035],[91.79534246575342,24.936381909547737],[91.79150684931507,24.936381909547737],[91.79150684931507,24.93256281407035]]]}},{"type":"Feature","properties":{"stage":1,"elev":11.5,"name":"river surge water"},"geometry":{"type":"Polygon","coordinates":[[[91.79534246575342,24.940201005025127],[91.79917808219179,24.940201005025127],[91.79917808219179,24.944020100502513],[91.79534246575342,24.944020100502513],[91.79534246575342,24.940201005025127]]]}},{"type":"Feature","properties":{"stage":1,"elev":11.3,"name":"river surge water"},"geometry":{"type":"Polygon","coordinates":[[[91.81068493150686,24.940201005025127],[91.81452054794521,24.940201005025127],[91.81452054794521,24.944020100502513],[91.81068493150686,24.944020100502513],[91.81068493150686,24.940201005025127]]]}},{"type":"Feature","properties":{"stage":1,"elev":11.1,"name":"river surge water"},"geometry":{"type":"Polygon","coordinates":[[[91.78383561643835,24.944020100502513],[91.78767123287672,24.944020100502513],[91.78767123287672,24.9478391959799],[91.78383561643835,24.9478391959799],[91.78383561643835,24.944020100502513]]]}},{"type":"Feature","properties":{"stage":1,"elev":11.4,"name":"river surge water"},"geometry":{"type":"Polygon","coordinates":[[[91.78767123287672,24.944020100502513],[91.79150684931507,24.944020100502513],[91.79150684931507,24.9478391959799],[91.78767123287672,24.9478391959799],[91.78767123287672,24.944020100502513]]]}},{"type":"Feature","properties":{"stage":1,"elev":11.9,"name":"river surge water"},"geometry":{"type":"Polygon","coordinates":[[[91.79150684931507,24.944020100502513],[91.79534246575342,24.944020100502513],[91.79534246575342,24.9478391959799],[91.79150684931507,24.9478391959799],[91.79150684931507,24.944020100502513]]]}},{"type":"Feature","properties":{"stage":1,"elev":11.2,"name":"river surge water"},"geometry":{"type":"Polygon","coordinates":[[[91.79534246575342,24.944020100502513],[91.79917808219179,24.944020100502513],[91.79917808219179,24.9478391959799],[91.79534246575342,24.9478391959799],[91.79534246575342,24.944020100502513]]]}},{"type":"Feature","properties":{"stage":1,"elev":11.2,"name":"river surge water"},"geometry":{"type":"Polygon","coordinates":[[[91.79917808219179,24.944020100502513],[91.80301369863014,24.944020100502513],[91.80301369863014,24.9478391959799],[91.79917808219179,24.9478391959799],[91.79917808219179,24.944020100502513]]]}},{"type":"Feature","properties":{"stage":1,"elev":12,"name":"river surge water"},"geometry":{"type":"Polygon","coordinates":[[[91.80301369863014,24.944020100502513],[91.80684931506849,24.944020100502513],[91.80684931506849,24.9478391959799],[91.80301369863014,24.9478391959799],[91.80301369863014,24.944020100502513]]]}},{"type":"Feature","properties":{"stage":1,"elev":11.6,"name":"river surge water"},"geometry":{"type":"Polygon","coordinates":[[[91.81068493150686,24.944020100502513],[91.81452054794521,24.944020100502513],[91.81452054794521,24.9478391959799],[91.81068493150686,24.9478391959799],[91.81068493150686,24.944020100502513]]]}},{"type":"Feature","properties":{"stage":1,"elev":11.6,"name":"river surge water"},"geometry":{"type":"Polygon","coordinates":[[[91.81835616438356,24.944020100502513],[91.82219178082192,24.944020100502513],[91.82219178082192,24.9478391959799],[91.81835616438356,24.9478391959799],[91.81835616438356,24.944020100502513]]]}},{"type":"Feature","properties":{"stage":1,"elev":11.4,"name":"river surge water"},"geometry":{"type":"Polygon","coordinates":[[[91.82219178082192,24.944020100502513],[91.82602739726028,24.944020100502513],[91.82602739726028,24.9478391959799],[91.82219178082192,24.9478391959799],[91.82219178082192,24.944020100502513]]]}},{"type":"Feature","properties":{"stage":1,"elev":10.7,"name":"river surge water"},"geometry":{"type":"Polygon","coordinates":[[[91.78383561643835,24.9478391959799],[91.78767123287672,24.9478391959799],[91.78767123287672,24.951658291457285],[91.78383561643835,24.951658291457285],[91.78383561643835,24.9478391959799]]]}},{"type":"Feature","properties":{"stage":1,"elev":11.6,"name":"river surge water"},"geometry":{"type":"Polygon","coordinates":[[[91.78767123287672,24.9478391959799],[91.79150684931507,24.9478391959799],[91.79150684931507,24.951658291457285],[91.78767123287672,24.951658291457285],[91.78767123287672,24.9478391959799]]]}},{"type":"Feature","properties":{"stage":1,"elev":11.5,"name":"river surge water"},"geometry":{"type":"Polygon","coordinates":[[[91.79150684931507,24.9478391959799],[91.79534246575342,24.9478391959799],[91.79534246575342,24.951658291457285],[91.79150684931507,24.951658291457285],[91.79150684931507,24.9478391959799]]]}},{"type":"Feature","properties":{"stage":1,"elev":11.2,"name":"river surge water"},"geometry":{"type":"Polygon","coordinates":[[[91.79534246575342,24.9478391959799],[91.79917808219179,24.9478391959799],[91.79917808219179,24.951658291457285],[91.79534246575342,24.951658291457285],[91.79534246575342,24.9478391959799]]]}},{"type":"Feature","properties":{"stage":1,"elev":10.8,"name":"river surge water"},"geometry":{"type":"Polygon","coordinates":[[[91.79917808219179,24.9478391959799],[91.80301369863014,24.9478391959799],[91.80301369863014,24.951658291457285],[91.79917808219179,24.951658291457285],[91.79917808219179,24.9478391959799]]]}},{"type":"Feature","properties":{"stage":1,"elev":11.4,"name":"river surge water"},"geometry":{"type":"Polygon","coordinates":[[[91.80684931506849,24.9478391959799],[91.81068493150686,24.9478391959799],[91.81068493150686,24.951658291457285],[91.80684931506849,24.951658291457285],[91.80684931506849,24.9478391959799]]]}},{"type":"Feature","properties":{"stage":1,"elev":10.9,"name":"river surge water"},"geometry":{"type":"Polygon","coordinates":[[[91.81068493150686,24.9478391959799],[91.81452054794521,24.9478391959799],[91.81452054794521,24.951658291457285],[91.81068493150686,24.951658291457285],[91.81068493150686,24.9478391959799]]]}},{"type":"Feature","properties":{"stage":1,"elev":11.9,"name":"river surge water"},"geometry":{"type":"Polygon","coordinates":[[[91.81452054794521,24.9478391959799],[91.81835616438356,24.9478391959799],[91.81835616438356,24.951658291457285],[91.81452054794521,24.951658291457285],[91.81452054794521,24.9478391959799]]]}},{"type":"Feature","properties":{"stage":1,"elev":10.7,"name":"river surge water"},"geometry":{"type":"Polygon","coordinates":[[[91.81835616438356,24.9478391959799],[91.82219178082192,24.9478391959799],[91.82219178082192,24.951658291457285],[91.81835616438356,24.951658291457285],[91.81835616438356,24.9478391959799]]]}},{"type":"Feature","properties":{"stage":1,"elev":10.5,"name":"river surge water"},"geometry":{"type":"Polygon","coordinates":[[[91.82219178082192,24.9478391959799],[91.82602739726028,24.9478391959799],[91.82602739726028,24.951658291457285],[91.82219178082192,24.951658291457285],[91.82219178082192,24.9478391959799]]]}},{"type":"Feature","properties":{"stage":1,"elev":9.8,"name":"river surge water"},"geometry":{"type":"Polygon","coordinates":[[[91.82602739726028,24.9478391959799],[91.82986301369863,24.9478391959799],[91.82986301369863,24.951658291457285],[91.82602739726028,24.951658291457285],[91.82602739726028,24.9478391959799]]]}},{"type":"Feature","properties":{"stage":1,"elev":11.3,"name":"river surge water"},"geometry":{"type":"Polygon","coordinates":[[[91.83369863013698,24.9478391959799],[91.83753424657534,24.9478391959799],[91.83753424657534,24.951658291457285],[91.83369863013698,24.951658291457285],[91.83369863013698,24.9478391959799]]]}},{"type":"Feature","properties":{"stage":1,"elev":11.6,"name":"river surge water"},"geometry":{"type":"Polygon","coordinates":[[[91.79917808219179,24.951658291457285],[91.80301369863014,24.951658291457285],[91.80301369863014,24.955477386934675],[91.79917808219179,24.955477386934675],[91.79917808219179,24.951658291457285]]]}},{"type":"Feature","properties":{"stage":1,"elev":11.4,"name":"river surge water"},"geometry":{"type":"Polygon","coordinates":[[[91.80301369863014,24.951658291457285],[91.80684931506849,24.951658291457285],[91.80684931506849,24.955477386934675],[91.80301369863014,24.955477386934675],[91.80301369863014,24.951658291457285]]]}},{"type":"Feature","properties":{"stage":1,"elev":11.9,"name":"river surge water"},"geometry":{"type":"Polygon","coordinates":[[[91.81068493150686,24.951658291457285],[91.81452054794521,24.951658291457285],[91.81452054794521,24.955477386934675],[91.81068493150686,24.955477386934675],[91.81068493150686,24.951658291457285]]]}},{"type":"Feature","properties":{"stage":1,"elev":10.6,"name":"river surge water"},"geometry":{"type":"Polygon","coordinates":[[[91.81452054794521,24.951658291457285],[91.81835616438356,24.951658291457285],[91.81835616438356,24.955477386934675],[91.81452054794521,24.955477386934675],[91.81452054794521,24.951658291457285]]]}},{"type":"Feature","properties":{"stage":1,"elev":10.1,"name":"river surge water"},"geometry":{"type":"Polygon","coordinates":[[[91.81835616438356,24.951658291457285],[91.82219178082192,24.951658291457285],[91.82219178082192,24.955477386934675],[91.81835616438356,24.955477386934675],[91.81835616438356,24.951658291457285]]]}},{"type":"Feature","properties":{"stage":1,"elev":11.1,"name":"river surge water"},"geometry":{"type":"Polygon","coordinates":[[[91.82219178082192,24.951658291457285],[91.82602739726028,24.951658291457285],[91.82602739726028,24.955477386934675],[91.82219178082192,24.955477386934675],[91.82219178082192,24.951658291457285]]]}},{"type":"Feature","properties":{"stage":1,"elev":10.1,"name":"river surge water"},"geometry":{"type":"Polygon","coordinates":[[[91.82602739726028,24.951658291457285],[91.82986301369863,24.951658291457285],[91.82986301369863,24.955477386934675],[91.82602739726028,24.955477386934675],[91.82602739726028,24.951658291457285]]]}},{"type":"Feature","properties":{"stage":1,"elev":9,"name":"river surge water"},"geometry":{"type":"Polygon","coordinates":[[[91.82986301369863,24.951658291457285],[91.83369863013698,24.951658291457285],[91.83369863013698,24.955477386934675],[91.82986301369863,24.955477386934675],[91.82986301369863,24.951658291457285]]]}},{"type":"Feature","properties":{"stage":1,"elev":10.3,"name":"river surge water"},"geometry":{"type":"Polygon","coordinates":[[[91.83369863013698,24.951658291457285],[91.83753424657534,24.951658291457285],[91.83753424657534,24.955477386934675],[91.83369863013698,24.955477386934675],[91.83369863013698,24.951658291457285]]]}},{"type":"Feature","properties":{"stage":1,"elev":11.6,"name":"river surge water"},"geometry":{"type":"Polygon","coordinates":[[[91.8413698630137,24.951658291457285],[91.84520547945205,24.951658291457285],[91.84520547945205,24.955477386934675],[91.8413698630137,24.955477386934675],[91.8413698630137,24.951658291457285]]]}},{"type":"Feature","properties":{"stage":1,"elev":11.8,"name":"river surge water"},"geometry":{"type":"Polygon","coordinates":[[[91.80301369863014,24.955477386934675],[91.80684931506849,24.955477386934675],[91.80684931506849,24.95929648241206],[91.80301369863014,24.95929648241206],[91.80301369863014,24.955477386934675]]]}},{"type":"Feature","properties":{"stage":1,"elev":10.9,"name":"river surge water"},"geometry":{"type":"Polygon","coordinates":[[[91.80684931506849,24.955477386934675],[91.81068493150686,24.955477386934675],[91.81068493150686,24.95929648241206],[91.80684931506849,24.95929648241206],[91.80684931506849,24.955477386934675]]]}},{"type":"Feature","properties":{"stage":1,"elev":10.1,"name":"river surge water"},"geometry":{"type":"Polygon","coordinates":[[[91.81068493150686,24.955477386934675],[91.81452054794521,24.955477386934675],[91.81452054794521,24.95929648241206],[91.81068493150686,24.95929648241206],[91.81068493150686,24.955477386934675]]]}},{"type":"Feature","properties":{"stage":1,"elev":11.8,"name":"river surge water"},"geometry":{"type":"Polygon","coordinates":[[[91.81452054794521,24.955477386934675],[91.81835616438356,24.955477386934675],[91.81835616438356,24.95929648241206],[91.81452054794521,24.95929648241206],[91.81452054794521,24.955477386934675]]]}},{"type":"Feature","properties":{"stage":1,"elev":10.5,"name":"river surge water"},"geometry":{"type":"Polygon","coordinates":[[[91.81835616438356,24.955477386934675],[91.82219178082192,24.955477386934675],[91.82219178082192,24.95929648241206],[91.81835616438356,24.95929648241206],[91.81835616438356,24.955477386934675]]]}},{"type":"Feature","properties":{"stage":1,"elev":10.4,"name":"river surge water"},"geometry":{"type":"Polygon","coordinates":[[[91.82219178082192,24.955477386934675],[91.82602739726028,24.955477386934675],[91.82602739726028,24.95929648241206],[91.82219178082192,24.95929648241206],[91.82219178082192,24.955477386934675]]]}},{"type":"Feature","properties":{"stage":1,"elev":10.7,"name":"river surge water"},"geometry":{"type":"Polygon","coordinates":[[[91.82602739726028,24.955477386934675],[91.82986301369863,24.955477386934675],[91.82986301369863,24.95929648241206],[91.82602739726028,24.95929648241206],[91.82602739726028,24.955477386934675]]]}},{"type":"Feature","properties":{"stage":1,"elev":11.3,"name":"river surge water"},"geometry":{"type":"Polygon","coordinates":[[[91.82986301369863,24.955477386934675],[91.83369863013698,24.955477386934675],[91.83369863013698,24.95929648241206],[91.82986301369863,24.95929648241206],[91.82986301369863,24.955477386934675]]]}},{"type":"Feature","properties":{"stage":1,"elev":10.6,"name":"river surge water"},"geometry":{"type":"Polygon","coordinates":[[[91.83369863013698,24.955477386934675],[91.83753424657534,24.955477386934675],[91.83753424657534,24.95929648241206],[91.83369863013698,24.95929648241206],[91.83369863013698,24.955477386934675]]]}},{"type":"Feature","properties":{"stage":1,"elev":10.2,"name":"river surge water"},"geometry":{"type":"Polygon","coordinates":[[[91.83753424657534,24.955477386934675],[91.8413698630137,24.955477386934675],[91.8413698630137,24.95929648241206],[91.83753424657534,24.95929648241206],[91.83753424657534,24.955477386934675]]]}},{"type":"Feature","properties":{"stage":1,"elev":10.8,"name":"river surge water"},"geometry":{"type":"Polygon","coordinates":[[[91.8413698630137,24.955477386934675],[91.84520547945205,24.955477386934675],[91.84520547945205,24.95929648241206],[91.8413698630137,24.95929648241206],[91.8413698630137,24.955477386934675]]]}},{"type":"Feature","properties":{"stage":1,"elev":11.9,"name":"river surge water"},"geometry":{"type":"Polygon","coordinates":[[[91.79150684931507,24.95929648241206],[91.79534246575342,24.95929648241206],[91.79534246575342,24.963115577889447],[91.79150684931507,24.963115577889447],[91.79150684931507,24.95929648241206]]]}},{"type":"Feature","properties":{"stage":1,"elev":11.3,"name":"river surge water"},"geometry":{"type":"Polygon","coordinates":[[[91.79917808219179,24.95929648241206],[91.80301369863014,24.95929648241206],[91.80301369863014,24.963115577889447],[91.79917808219179,24.963115577889447],[91.79917808219179,24.95929648241206]]]}},{"type":"Feature","properties":{"stage":1,"elev":10.7,"name":"river surge water"},"geometry":{"type":"Polygon","coordinates":[[[91.80301369863014,24.95929648241206],[91.80684931506849,24.95929648241206],[91.80684931506849,24.963115577889447],[91.80301369863014,24.963115577889447],[91.80301369863014,24.95929648241206]]]}},{"type":"Feature","properties":{"stage":1,"elev":11.8,"name":"river surge water"},"geometry":{"type":"Polygon","coordinates":[[[91.80684931506849,24.95929648241206],[91.81068493150686,24.95929648241206],[91.81068493150686,24.963115577889447],[91.80684931506849,24.963115577889447],[91.80684931506849,24.95929648241206]]]}},{"type":"Feature","properties":{"stage":1,"elev":11.4,"name":"river surge water"},"geometry":{"type":"Polygon","coordinates":[[[91.81068493150686,24.95929648241206],[91.81452054794521,24.95929648241206],[91.81452054794521,24.963115577889447],[91.81068493150686,24.963115577889447],[91.81068493150686,24.95929648241206]]]}},{"type":"Feature","properties":{"stage":1,"elev":11.3,"name":"river surge water"},"geometry":{"type":"Polygon","coordinates":[[[91.81452054794521,24.95929648241206],[91.81835616438356,24.95929648241206],[91.81835616438356,24.963115577889447],[91.81452054794521,24.963115577889447],[91.81452054794521,24.95929648241206]]]}},{"type":"Feature","properties":{"stage":1,"elev":11.8,"name":"river surge water"},"geometry":{"type":"Polygon","coordinates":[[[91.81835616438356,24.95929648241206],[91.82219178082192,24.95929648241206],[91.82219178082192,24.963115577889447],[91.81835616438356,24.963115577889447],[91.81835616438356,24.95929648241206]]]}},{"type":"Feature","properties":{"stage":1,"elev":9.4,"name":"river surge water"},"geometry":{"type":"Polygon","coordinates":[[[91.82219178082192,24.95929648241206],[91.82602739726028,24.95929648241206],[91.82602739726028,24.963115577889447],[91.82219178082192,24.963115577889447],[91.82219178082192,24.95929648241206]]]}},{"type":"Feature","properties":{"stage":1,"elev":10.1,"name":"river surge water"},"geometry":{"type":"Polygon","coordinates":[[[91.82602739726028,24.95929648241206],[91.82986301369863,24.95929648241206],[91.82986301369863,24.963115577889447],[91.82602739726028,24.963115577889447],[91.82602739726028,24.95929648241206]]]}},{"type":"Feature","properties":{"stage":1,"elev":9.9,"name":"river surge water"},"geometry":{"type":"Polygon","coordinates":[[[91.82986301369863,24.95929648241206],[91.83369863013698,24.95929648241206],[91.83369863013698,24.963115577889447],[91.82986301369863,24.963115577889447],[91.82986301369863,24.95929648241206]]]}},{"type":"Feature","properties":{"stage":1,"elev":9.9,"name":"river surge water"},"geometry":{"type":"Polygon","coordinates":[[[91.83369863013698,24.95929648241206],[91.83753424657534,24.95929648241206],[91.83753424657534,24.963115577889447],[91.83369863013698,24.963115577889447],[91.83369863013698,24.95929648241206]]]}},{"type":"Feature","properties":{"stage":1,"elev":10.4,"name":"river surge water"},"geometry":{"type":"Polygon","coordinates":[[[91.83753424657534,24.95929648241206],[91.8413698630137,24.95929648241206],[91.8413698630137,24.963115577889447],[91.83753424657534,24.963115577889447],[91.83753424657534,24.95929648241206]]]}},{"type":"Feature","properties":{"stage":1,"elev":11.3,"name":"river surge water"},"geometry":{"type":"Polygon","coordinates":[[[91.8413698630137,24.95929648241206],[91.84520547945205,24.95929648241206],[91.84520547945205,24.963115577889447],[91.8413698630137,24.963115577889447],[91.8413698630137,24.95929648241206]]]}},{"type":"Feature","properties":{"stage":1,"elev":11.5,"name":"river surge water"},"geometry":{"type":"Polygon","coordinates":[[[91.79917808219179,24.963115577889447],[91.80301369863014,24.963115577889447],[91.80301369863014,24.966934673366833],[91.79917808219179,24.966934673366833],[91.79917808219179,24.963115577889447]]]}},{"type":"Feature","properties":{"stage":1,"elev":11.1,"name":"river surge water"},"geometry":{"type":"Polygon","coordinates":[[[91.80684931506849,24.963115577889447],[91.81068493150686,24.963115577889447],[91.81068493150686,24.966934673366833],[91.80684931506849,24.966934673366833],[91.80684931506849,24.963115577889447]]]}},{"type":"Feature","properties":{"stage":1,"elev":11.5,"name":"river surge water"},"geometry":{"type":"Polygon","coordinates":[[[91.81068493150686,24.963115577889447],[91.81452054794521,24.963115577889447],[91.81452054794521,24.966934673366833],[91.81068493150686,24.966934673366833],[91.81068493150686,24.963115577889447]]]}},{"type":"Feature","properties":{"stage":1,"elev":11.1,"name":"river surge water"},"geometry":{"type":"Polygon","coordinates":[[[91.81452054794521,24.963115577889447],[91.81835616438356,24.963115577889447],[91.81835616438356,24.966934673366833],[91.81452054794521,24.966934673366833],[91.81452054794521,24.963115577889447]]]}},{"type":"Feature","properties":{"stage":1,"elev":9.4,"name":"river surge water"},"geometry":{"type":"Polygon","coordinates":[[[91.81835616438356,24.963115577889447],[91.82219178082192,24.963115577889447],[91.82219178082192,24.966934673366833],[91.81835616438356,24.966934673366833],[91.81835616438356,24.963115577889447]]]}},{"type":"Feature","properties":{"stage":1,"elev":10.8,"name":"river surge water"},"geometry":{"type":"Polygon","coordinates":[[[91.82219178082192,24.963115577889447],[91.82602739726028,24.963115577889447],[91.82602739726028,24.966934673366833],[91.82219178082192,24.966934673366833],[91.82219178082192,24.963115577889447]]]}},{"type":"Feature","properties":{"stage":1,"elev":11,"name":"river surge water"},"geometry":{"type":"Polygon","coordinates":[[[91.82602739726028,24.963115577889447],[91.82986301369863,24.963115577889447],[91.82986301369863,24.966934673366833],[91.82602739726028,24.966934673366833],[91.82602739726028,24.963115577889447]]]}},{"type":"Feature","properties":{"stage":1,"elev":10.8,"name":"river surge water"},"geometry":{"type":"Polygon","coordinates":[[[91.82986301369863,24.963115577889447],[91.83369863013698,24.963115577889447],[91.83369863013698,24.966934673366833],[91.82986301369863,24.966934673366833],[91.82986301369863,24.963115577889447]]]}},{"type":"Feature","properties":{"stage":1,"elev":9.8,"name":"river surge water"},"geometry":{"type":"Polygon","coordinates":[[[91.83369863013698,24.963115577889447],[91.83753424657534,24.963115577889447],[91.83753424657534,24.966934673366833],[91.83369863013698,24.966934673366833],[91.83369863013698,24.963115577889447]]]}},{"type":"Feature","properties":{"stage":1,"elev":10.7,"name":"river surge water"},"geometry":{"type":"Polygon","coordinates":[[[91.83753424657534,24.963115577889447],[91.8413698630137,24.963115577889447],[91.8413698630137,24.966934673366833],[91.83753424657534,24.966934673366833],[91.83753424657534,24.963115577889447]]]}},{"type":"Feature","properties":{"stage":1,"elev":11.2,"name":"river surge water"},"geometry":{"type":"Polygon","coordinates":[[[91.80301369863014,24.966934673366833],[91.80684931506849,24.966934673366833],[91.80684931506849,24.970753768844222],[91.80301369863014,24.970753768844222],[91.80301369863014,24.966934673366833]]]}},{"type":"Feature","properties":{"stage":1,"elev":12,"name":"river surge water"},"geometry":{"type":"Polygon","coordinates":[[[91.80684931506849,24.966934673366833],[91.81068493150686,24.966934673366833],[91.81068493150686,24.970753768844222],[91.80684931506849,24.970753768844222],[91.80684931506849,24.966934673366833]]]}},{"type":"Feature","properties":{"stage":1,"elev":11.2,"name":"river surge water"},"geometry":{"type":"Polygon","coordinates":[[[91.81068493150686,24.966934673366833],[91.81452054794521,24.966934673366833],[91.81452054794521,24.970753768844222],[91.81068493150686,24.970753768844222],[91.81068493150686,24.966934673366833]]]}},{"type":"Feature","properties":{"stage":1,"elev":10.4,"name":"river surge water"},"geometry":{"type":"Polygon","coordinates":[[[91.81452054794521,24.966934673366833],[91.81835616438356,24.966934673366833],[91.81835616438356,24.970753768844222],[91.81452054794521,24.970753768844222],[91.81452054794521,24.966934673366833]]]}},{"type":"Feature","properties":{"stage":1,"elev":10.1,"name":"river surge water"},"geometry":{"type":"Polygon","coordinates":[[[91.81835616438356,24.966934673366833],[91.82219178082192,24.966934673366833],[91.82219178082192,24.970753768844222],[91.81835616438356,24.970753768844222],[91.81835616438356,24.966934673366833]]]}},{"type":"Feature","properties":{"stage":1,"elev":10.7,"name":"river surge water"},"geometry":{"type":"Polygon","coordinates":[[[91.82219178082192,24.966934673366833],[91.82602739726028,24.966934673366833],[91.82602739726028,24.970753768844222],[91.82219178082192,24.970753768844222],[91.82219178082192,24.966934673366833]]]}},{"type":"Feature","properties":{"stage":1,"elev":11.3,"name":"river surge water"},"geometry":{"type":"Polygon","coordinates":[[[91.82602739726028,24.966934673366833],[91.82986301369863,24.966934673366833],[91.82986301369863,24.970753768844222],[91.82602739726028,24.970753768844222],[91.82602739726028,24.966934673366833]]]}},{"type":"Feature","properties":{"stage":1,"elev":10,"name":"river surge water"},"geometry":{"type":"Polygon","coordinates":[[[91.82986301369863,24.966934673366833],[91.83369863013698,24.966934673366833],[91.83369863013698,24.970753768844222],[91.82986301369863,24.970753768844222],[91.82986301369863,24.966934673366833]]]}},{"type":"Feature","properties":{"stage":1,"elev":11.4,"name":"river surge water"},"geometry":{"type":"Polygon","coordinates":[[[91.83369863013698,24.966934673366833],[91.83753424657534,24.966934673366833],[91.83753424657534,24.970753768844222],[91.83369863013698,24.970753768844222],[91.83369863013698,24.966934673366833]]]}},{"type":"Feature","properties":{"stage":1,"elev":11.4,"name":"river surge water"},"geometry":{"type":"Polygon","coordinates":[[[91.83753424657534,24.966934673366833],[91.8413698630137,24.966934673366833],[91.8413698630137,24.970753768844222],[91.83753424657534,24.970753768844222],[91.83753424657534,24.966934673366833]]]}},{"type":"Feature","properties":{"stage":1,"elev":11.2,"name":"river surge water"},"geometry":{"type":"Polygon","coordinates":[[[91.8413698630137,24.966934673366833],[91.84520547945205,24.966934673366833],[91.84520547945205,24.970753768844222],[91.8413698630137,24.970753768844222],[91.8413698630137,24.966934673366833]]]}},{"type":"Feature","properties":{"stage":1,"elev":12,"name":"river surge water"},"geometry":{"type":"Polygon","coordinates":[[[91.84904109589041,24.966934673366833],[91.85287671232877,24.966934673366833],[91.85287671232877,24.970753768844222],[91.84904109589041,24.970753768844222],[91.84904109589041,24.966934673366833]]]}},{"type":"Feature","properties":{"stage":1,"elev":11.9,"name":"river surge water"},"geometry":{"type":"Polygon","coordinates":[[[91.80684931506849,24.970753768844222],[91.81068493150686,24.970753768844222],[91.81068493150686,24.97457286432161],[91.80684931506849,24.97457286432161],[91.80684931506849,24.970753768844222]]]}},{"type":"Feature","properties":{"stage":1,"elev":10.7,"name":"river surge water"},"geometry":{"type":"Polygon","coordinates":[[[91.81068493150686,24.970753768844222],[91.81452054794521,24.970753768844222],[91.81452054794521,24.97457286432161],[91.81068493150686,24.97457286432161],[91.81068493150686,24.970753768844222]]]}},{"type":"Feature","properties":{"stage":1,"elev":10.4,"name":"river surge water"},"geometry":{"type":"Polygon","coordinates":[[[91.81452054794521,24.970753768844222],[91.81835616438356,24.970753768844222],[91.81835616438356,24.97457286432161],[91.81452054794521,24.97457286432161],[91.81452054794521,24.970753768844222]]]}},{"type":"Feature","properties":{"stage":1,"elev":9.3,"name":"river surge water"},"geometry":{"type":"Polygon","coordinates":[[[91.81835616438356,24.970753768844222],[91.82219178082192,24.970753768844222],[91.82219178082192,24.97457286432161],[91.81835616438356,24.97457286432161],[91.81835616438356,24.970753768844222]]]}},{"type":"Feature","properties":{"stage":1,"elev":10.3,"name":"river surge water"},"geometry":{"type":"Polygon","coordinates":[[[91.82219178082192,24.970753768844222],[91.82602739726028,24.970753768844222],[91.82602739726028,24.97457286432161],[91.82219178082192,24.97457286432161],[91.82219178082192,24.970753768844222]]]}},{"type":"Feature","properties":{"stage":1,"elev":11.2,"name":"river surge water"},"geometry":{"type":"Polygon","coordinates":[[[91.82602739726028,24.970753768844222],[91.82986301369863,24.970753768844222],[91.82986301369863,24.97457286432161],[91.82602739726028,24.97457286432161],[91.82602739726028,24.970753768844222]]]}},{"type":"Feature","properties":{"stage":1,"elev":11.3,"name":"river surge water"},"geometry":{"type":"Polygon","coordinates":[[[91.82986301369863,24.970753768844222],[91.83369863013698,24.970753768844222],[91.83369863013698,24.97457286432161],[91.82986301369863,24.97457286432161],[91.82986301369863,24.970753768844222]]]}},{"type":"Feature","properties":{"stage":1,"elev":11.1,"name":"river surge water"},"geometry":{"type":"Polygon","coordinates":[[[91.83369863013698,24.970753768844222],[91.83753424657534,24.970753768844222],[91.83753424657534,24.97457286432161],[91.83369863013698,24.97457286432161],[91.83369863013698,24.970753768844222]]]}},{"type":"Feature","properties":{"stage":1,"elev":9.3,"name":"river surge water"},"geometry":{"type":"Polygon","coordinates":[[[91.83753424657534,24.970753768844222],[91.8413698630137,24.970753768844222],[91.8413698630137,24.97457286432161],[91.83753424657534,24.97457286432161],[91.83753424657534,24.970753768844222]]]}},{"type":"Feature","properties":{"stage":1,"elev":9.7,"name":"river surge water"},"geometry":{"type":"Polygon","coordinates":[[[91.8413698630137,24.970753768844222],[91.84520547945205,24.970753768844222],[91.84520547945205,24.97457286432161],[91.8413698630137,24.97457286432161],[91.8413698630137,24.970753768844222]]]}},{"type":"Feature","properties":{"stage":1,"elev":11.6,"name":"river surge water"},"geometry":{"type":"Polygon","coordinates":[[[91.84520547945205,24.970753768844222],[91.84904109589041,24.970753768844222],[91.84904109589041,24.97457286432161],[91.84520547945205,24.97457286432161],[91.84520547945205,24.970753768844222]]]}},{"type":"Feature","properties":{"stage":1,"elev":11.6,"name":"river surge water"},"geometry":{"type":"Polygon","coordinates":[[[91.84904109589041,24.970753768844222],[91.85287671232877,24.970753768844222],[91.85287671232877,24.97457286432161],[91.84904109589041,24.97457286432161],[91.84904109589041,24.970753768844222]]]}},{"type":"Feature","properties":{"stage":1,"elev":11.9,"name":"river surge water"},"geometry":{"type":"Polygon","coordinates":[[[91.79917808219179,24.97457286432161],[91.80301369863014,24.97457286432161],[91.80301369863014,24.978391959798994],[91.79917808219179,24.978391959798994],[91.79917808219179,24.97457286432161]]]}},{"type":"Feature","properties":{"stage":1,"elev":11.3,"name":"river surge water"},"geometry":{"type":"Polygon","coordinates":[[[91.80301369863014,24.97457286432161],[91.80684931506849,24.97457286432161],[91.80684931506849,24.978391959798994],[91.80301369863014,24.978391959798994],[91.80301369863014,24.97457286432161]]]}},{"type":"Feature","properties":{"stage":1,"elev":11.3,"name":"river surge water"},"geometry":{"type":"Polygon","coordinates":[[[91.80684931506849,24.97457286432161],[91.81068493150686,24.97457286432161],[91.81068493150686,24.978391959798994],[91.80684931506849,24.978391959798994],[91.80684931506849,24.97457286432161]]]}},{"type":"Feature","properties":{"stage":1,"elev":10.5,"name":"river surge water"},"geometry":{"type":"Polygon","coordinates":[[[91.81068493150686,24.97457286432161],[91.81452054794521,24.97457286432161],[91.81452054794521,24.978391959798994],[91.81068493150686,24.978391959798994],[91.81068493150686,24.97457286432161]]]}},{"type":"Feature","properties":{"stage":1,"elev":9.4,"name":"river surge water"},"geometry":{"type":"Polygon","coordinates":[[[91.81452054794521,24.97457286432161],[91.81835616438356,24.97457286432161],[91.81835616438356,24.978391959798994],[91.81452054794521,24.978391959798994],[91.81452054794521,24.97457286432161]]]}},{"type":"Feature","properties":{"stage":1,"elev":11.3,"name":"river surge water"},"geometry":{"type":"Polygon","coordinates":[[[91.81835616438356,24.97457286432161],[91.82219178082192,24.97457286432161],[91.82219178082192,24.978391959798994],[91.81835616438356,24.978391959798994],[91.81835616438356,24.97457286432161]]]}},{"type":"Feature","properties":{"stage":1,"elev":10.1,"name":"river surge water"},"geometry":{"type":"Polygon","coordinates":[[[91.82602739726028,24.97457286432161],[91.82986301369863,24.97457286432161],[91.82986301369863,24.978391959798994],[91.82602739726028,24.978391959798994],[91.82602739726028,24.97457286432161]]]}},{"type":"Feature","properties":{"stage":1,"elev":11.1,"name":"river surge water"},"geometry":{"type":"Polygon","coordinates":[[[91.82986301369863,24.97457286432161],[91.83369863013698,24.97457286432161],[91.83369863013698,24.978391959798994],[91.82986301369863,24.978391959798994],[91.82986301369863,24.97457286432161]]]}},{"type":"Feature","properties":{"stage":1,"elev":10.9,"name":"river surge water"},"geometry":{"type":"Polygon","coordinates":[[[91.83369863013698,24.97457286432161],[91.83753424657534,24.97457286432161],[91.83753424657534,24.978391959798994],[91.83369863013698,24.978391959798994],[91.83369863013698,24.97457286432161]]]}},{"type":"Feature","properties":{"stage":1,"elev":10.7,"name":"river surge water"},"geometry":{"type":"Polygon","coordinates":[[[91.83753424657534,24.97457286432161],[91.8413698630137,24.97457286432161],[91.8413698630137,24.978391959798994],[91.83753424657534,24.978391959798994],[91.83753424657534,24.97457286432161]]]}},{"type":"Feature","properties":{"stage":1,"elev":11.2,"name":"river surge water"},"geometry":{"type":"Polygon","coordinates":[[[91.8413698630137,24.97457286432161],[91.84520547945205,24.97457286432161],[91.84520547945205,24.978391959798994],[91.8413698630137,24.978391959798994],[91.8413698630137,24.97457286432161]]]}},{"type":"Feature","properties":{"stage":1,"elev":11.8,"name":"river surge water"},"geometry":{"type":"Polygon","coordinates":[[[91.86054794520548,24.97457286432161],[91.86438356164383,24.97457286432161],[91.86438356164383,24.978391959798994],[91.86054794520548,24.978391959798994],[91.86054794520548,24.97457286432161]]]}},{"type":"Feature","properties":{"stage":1,"elev":11.1,"name":"river surge water"},"geometry":{"type":"Polygon","coordinates":[[[91.80301369863014,24.978391959798994],[91.80684931506849,24.978391959798994],[91.80684931506849,24.982211055276384],[91.80301369863014,24.982211055276384],[91.80301369863014,24.978391959798994]]]}},{"type":"Feature","properties":{"stage":1,"elev":10.1,"name":"river surge water"},"geometry":{"type":"Polygon","coordinates":[[[91.80684931506849,24.978391959798994],[91.81068493150686,24.978391959798994],[91.81068493150686,24.982211055276384],[91.80684931506849,24.982211055276384],[91.80684931506849,24.978391959798994]]]}},{"type":"Feature","properties":{"stage":1,"elev":11.5,"name":"river surge water"},"geometry":{"type":"Polygon","coordinates":[[[91.81068493150686,24.978391959798994],[91.81452054794521,24.978391959798994],[91.81452054794521,24.982211055276384],[91.81068493150686,24.982211055276384],[91.81068493150686,24.978391959798994]]]}},{"type":"Feature","properties":{"stage":1,"elev":11.9,"name":"river surge water"},"geometry":{"type":"Polygon","coordinates":[[[91.81452054794521,24.978391959798994],[91.81835616438356,24.978391959798994],[91.81835616438356,24.982211055276384],[91.81452054794521,24.982211055276384],[91.81452054794521,24.978391959798994]]]}},{"type":"Feature","properties":{"stage":1,"elev":11.8,"name":"river surge water"},"geometry":{"type":"Polygon","coordinates":[[[91.81835616438356,24.978391959798994],[91.82219178082192,24.978391959798994],[91.82219178082192,24.982211055276384],[91.81835616438356,24.982211055276384],[91.81835616438356,24.978391959798994]]]}},{"type":"Feature","properties":{"stage":1,"elev":10.3,"name":"river surge water"},"geometry":{"type":"Polygon","coordinates":[[[91.82219178082192,24.978391959798994],[91.82602739726028,24.978391959798994],[91.82602739726028,24.982211055276384],[91.82219178082192,24.982211055276384],[91.82219178082192,24.978391959798994]]]}},{"type":"Feature","properties":{"stage":1,"elev":11.4,"name":"river surge water"},"geometry":{"type":"Polygon","coordinates":[[[91.82602739726028,24.978391959798994],[91.82986301369863,24.978391959798994],[91.82986301369863,24.982211055276384],[91.82602739726028,24.982211055276384],[91.82602739726028,24.978391959798994]]]}},{"type":"Feature","properties":{"stage":1,"elev":10.6,"name":"river surge water"},"geometry":{"type":"Polygon","coordinates":[[[91.82986301369863,24.978391959798994],[91.83369863013698,24.978391959798994],[91.83369863013698,24.982211055276384],[91.82986301369863,24.982211055276384],[91.82986301369863,24.978391959798994]]]}},{"type":"Feature","properties":{"stage":1,"elev":10.8,"name":"river surge water"},"geometry":{"type":"Polygon","coordinates":[[[91.83369863013698,24.978391959798994],[91.83753424657534,24.978391959798994],[91.83753424657534,24.982211055276384],[91.83369863013698,24.982211055276384],[91.83369863013698,24.978391959798994]]]}},{"type":"Feature","properties":{"stage":1,"elev":11.9,"name":"river surge water"},"geometry":{"type":"Polygon","coordinates":[[[91.79534246575342,24.982211055276384],[91.79917808219179,24.982211055276384],[91.79917808219179,24.98603015075377],[91.79534246575342,24.98603015075377],[91.79534246575342,24.982211055276384]]]}},{"type":"Feature","properties":{"stage":1,"elev":11.8,"name":"river surge water"},"geometry":{"type":"Polygon","coordinates":[[[91.80301369863014,24.982211055276384],[91.80684931506849,24.982211055276384],[91.80684931506849,24.98603015075377],[91.80301369863014,24.98603015075377],[91.80301369863014,24.982211055276384]]]}},{"type":"Feature","properties":{"stage":1,"elev":11.5,"name":"river surge water"},"geometry":{"type":"Polygon","coordinates":[[[91.80684931506849,24.982211055276384],[91.81068493150686,24.982211055276384],[91.81068493150686,24.98603015075377],[91.80684931506849,24.98603015075377],[91.80684931506849,24.982211055276384]]]}},{"type":"Feature","properties":{"stage":1,"elev":11.8,"name":"river surge water"},"geometry":{"type":"Polygon","coordinates":[[[91.81068493150686,24.982211055276384],[91.81452054794521,24.982211055276384],[91.81452054794521,24.98603015075377],[91.81068493150686,24.98603015075377],[91.81068493150686,24.982211055276384]]]}},{"type":"Feature","properties":{"stage":1,"elev":11.9,"name":"river surge water"},"geometry":{"type":"Polygon","coordinates":[[[91.81835616438356,24.982211055276384],[91.82219178082192,24.982211055276384],[91.82219178082192,24.98603015075377],[91.81835616438356,24.98603015075377],[91.81835616438356,24.982211055276384]]]}},{"type":"Feature","properties":{"stage":1,"elev":10.8,"name":"river surge water"},"geometry":{"type":"Polygon","coordinates":[[[91.82219178082192,24.982211055276384],[91.82602739726028,24.982211055276384],[91.82602739726028,24.98603015075377],[91.82219178082192,24.98603015075377],[91.82219178082192,24.982211055276384]]]}},{"type":"Feature","properties":{"stage":1,"elev":9.9,"name":"river surge water"},"geometry":{"type":"Polygon","coordinates":[[[91.82602739726028,24.982211055276384],[91.82986301369863,24.982211055276384],[91.82986301369863,24.98603015075377],[91.82602739726028,24.98603015075377],[91.82602739726028,24.982211055276384]]]}},{"type":"Feature","properties":{"stage":1,"elev":11.6,"name":"river surge water"},"geometry":{"type":"Polygon","coordinates":[[[91.82986301369863,24.982211055276384],[91.83369863013698,24.982211055276384],[91.83369863013698,24.98603015075377],[91.82986301369863,24.98603015075377],[91.82986301369863,24.982211055276384]]]}},{"type":"Feature","properties":{"stage":1,"elev":11,"name":"river surge water"},"geometry":{"type":"Polygon","coordinates":[[[91.83369863013698,24.982211055276384],[91.83753424657534,24.982211055276384],[91.83753424657534,24.98603015075377],[91.83369863013698,24.98603015075377],[91.83369863013698,24.982211055276384]]]}},{"type":"Feature","properties":{"stage":1,"elev":11.8,"name":"river surge water"},"geometry":{"type":"Polygon","coordinates":[[[91.83753424657534,24.982211055276384],[91.8413698630137,24.982211055276384],[91.8413698630137,24.98603015075377],[91.83753424657534,24.98603015075377],[91.83753424657534,24.982211055276384]]]}},{"type":"Feature","properties":{"stage":1,"elev":11.6,"name":"river surge water"},"geometry":{"type":"Polygon","coordinates":[[[91.8413698630137,24.982211055276384],[91.84520547945205,24.982211055276384],[91.84520547945205,24.98603015075377],[91.8413698630137,24.98603015075377],[91.8413698630137,24.982211055276384]]]}},{"type":"Feature","properties":{"stage":1,"elev":9.8,"name":"river surge water"},"geometry":{"type":"Polygon","coordinates":[[[91.84520547945205,24.982211055276384],[91.84904109589041,24.982211055276384],[91.84904109589041,24.98603015075377],[91.84520547945205,24.98603015075377],[91.84520547945205,24.982211055276384]]]}},{"type":"Feature","properties":{"stage":1,"elev":11.5,"name":"river surge water"},"geometry":{"type":"Polygon","coordinates":[[[91.84904109589041,24.982211055276384],[91.85287671232877,24.982211055276384],[91.85287671232877,24.98603015075377],[91.84904109589041,24.98603015075377],[91.84904109589041,24.982211055276384]]]}},{"type":"Feature","properties":{"stage":1,"elev":11.8,"name":"river surge water"},"geometry":{"type":"Polygon","coordinates":[[[91.8758904109589,24.982211055276384],[91.87972602739725,24.982211055276384],[91.87972602739725,24.98603015075377],[91.8758904109589,24.98603015075377],[91.8758904109589,24.982211055276384]]]}},{"type":"Feature","properties":{"stage":1,"elev":12,"name":"river surge water"},"geometry":{"type":"Polygon","coordinates":[[[91.87972602739725,24.982211055276384],[91.88356164383562,24.982211055276384],[91.88356164383562,24.98603015075377],[91.87972602739725,24.98603015075377],[91.87972602739725,24.982211055276384]]]}},{"type":"Feature","properties":{"stage":1,"elev":11.8,"name":"river surge water"},"geometry":{"type":"Polygon","coordinates":[[[91.80684931506849,24.98603015075377],[91.81068493150686,24.98603015075377],[91.81068493150686,24.989849246231156],[91.80684931506849,24.989849246231156],[91.80684931506849,24.98603015075377]]]}},{"type":"Feature","properties":{"stage":1,"elev":10.9,"name":"river surge water"},"geometry":{"type":"Polygon","coordinates":[[[91.82219178082192,24.98603015075377],[91.82602739726028,24.98603015075377],[91.82602739726028,24.989849246231156],[91.82219178082192,24.989849246231156],[91.82219178082192,24.98603015075377]]]}},{"type":"Feature","properties":{"stage":1,"elev":11.6,"name":"river surge water"},"geometry":{"type":"Polygon","coordinates":[[[91.82602739726028,24.98603015075377],[91.82986301369863,24.98603015075377],[91.82986301369863,24.989849246231156],[91.82602739726028,24.989849246231156],[91.82602739726028,24.98603015075377]]]}},{"type":"Feature","properties":{"stage":1,"elev":11.1,"name":"river surge water"},"geometry":{"type":"Polygon","coordinates":[[[91.82986301369863,24.98603015075377],[91.83369863013698,24.98603015075377],[91.83369863013698,24.989849246231156],[91.82986301369863,24.989849246231156],[91.82986301369863,24.98603015075377]]]}},{"type":"Feature","properties":{"stage":1,"elev":9.6,"name":"river surge water"},"geometry":{"type":"Polygon","coordinates":[[[91.83369863013698,24.98603015075377],[91.83753424657534,24.98603015075377],[91.83753424657534,24.989849246231156],[91.83369863013698,24.989849246231156],[91.83369863013698,24.98603015075377]]]}},{"type":"Feature","properties":{"stage":1,"elev":10.3,"name":"river surge water"},"geometry":{"type":"Polygon","coordinates":[[[91.83753424657534,24.98603015075377],[91.8413698630137,24.98603015075377],[91.8413698630137,24.989849246231156],[91.83753424657534,24.989849246231156],[91.83753424657534,24.98603015075377]]]}},{"type":"Feature","properties":{"stage":1,"elev":9.4,"name":"river surge water"},"geometry":{"type":"Polygon","coordinates":[[[91.8413698630137,24.98603015075377],[91.84520547945205,24.98603015075377],[91.84520547945205,24.989849246231156],[91.8413698630137,24.989849246231156],[91.8413698630137,24.98603015075377]]]}},{"type":"Feature","properties":{"stage":1,"elev":11.4,"name":"river surge water"},"geometry":{"type":"Polygon","coordinates":[[[91.84520547945205,24.98603015075377],[91.84904109589041,24.98603015075377],[91.84904109589041,24.989849246231156],[91.84520547945205,24.989849246231156],[91.84520547945205,24.98603015075377]]]}},{"type":"Feature","properties":{"stage":1,"elev":11.3,"name":"river surge water"},"geometry":{"type":"Polygon","coordinates":[[[91.84904109589041,24.98603015075377],[91.85287671232877,24.98603015075377],[91.85287671232877,24.989849246231156],[91.84904109589041,24.989849246231156],[91.84904109589041,24.98603015075377]]]}},{"type":"Feature","properties":{"stage":1,"elev":11.3,"name":"river surge water"},"geometry":{"type":"Polygon","coordinates":[[[91.85671232876712,24.98603015075377],[91.86054794520548,24.98603015075377],[91.86054794520548,24.989849246231156],[91.85671232876712,24.989849246231156],[91.85671232876712,24.98603015075377]]]}},{"type":"Feature","properties":{"stage":1,"elev":9.9,"name":"river surge water"},"geometry":{"type":"Polygon","coordinates":[[[91.86054794520548,24.98603015075377],[91.86438356164383,24.98603015075377],[91.86438356164383,24.989849246231156],[91.86054794520548,24.989849246231156],[91.86054794520548,24.98603015075377]]]}},{"type":"Feature","properties":{"stage":1,"elev":10.4,"name":"river surge water"},"geometry":{"type":"Polygon","coordinates":[[[91.86438356164383,24.98603015075377],[91.86821917808219,24.98603015075377],[91.86821917808219,24.989849246231156],[91.86438356164383,24.989849246231156],[91.86438356164383,24.98603015075377]]]}},{"type":"Feature","properties":{"stage":1,"elev":10.9,"name":"river surge water"},"geometry":{"type":"Polygon","coordinates":[[[91.86821917808219,24.98603015075377],[91.87205479452055,24.98603015075377],[91.87205479452055,24.989849246231156],[91.86821917808219,24.989849246231156],[91.86821917808219,24.98603015075377]]]}},{"type":"Feature","properties":{"stage":1,"elev":11.9,"name":"river surge water"},"geometry":{"type":"Polygon","coordinates":[[[91.87205479452055,24.98603015075377],[91.8758904109589,24.98603015075377],[91.8758904109589,24.989849246231156],[91.87205479452055,24.989849246231156],[91.87205479452055,24.98603015075377]]]}},{"type":"Feature","properties":{"stage":1,"elev":11.3,"name":"river surge water"},"geometry":{"type":"Polygon","coordinates":[[[91.8758904109589,24.98603015075377],[91.87972602739725,24.98603015075377],[91.87972602739725,24.989849246231156],[91.8758904109589,24.989849246231156],[91.8758904109589,24.98603015075377]]]}},{"type":"Feature","properties":{"stage":1,"elev":10.2,"name":"river surge water"},"geometry":{"type":"Polygon","coordinates":[[[91.87972602739725,24.98603015075377],[91.88356164383562,24.98603015075377],[91.88356164383562,24.989849246231156],[91.87972602739725,24.989849246231156],[91.87972602739725,24.98603015075377]]]}},{"type":"Feature","properties":{"stage":1,"elev":10.7,"name":"river surge water"},"geometry":{"type":"Polygon","coordinates":[[[91.88356164383562,24.98603015075377],[91.88739726027397,24.98603015075377],[91.88739726027397,24.989849246231156],[91.88356164383562,24.989849246231156],[91.88356164383562,24.98603015075377]]]}},{"type":"Feature","properties":{"stage":1,"elev":11.2,"name":"river surge water"},"geometry":{"type":"Polygon","coordinates":[[[91.88739726027397,24.98603015075377],[91.89123287671232,24.98603015075377],[91.89123287671232,24.989849246231156],[91.88739726027397,24.989849246231156],[91.88739726027397,24.98603015075377]]]}},{"type":"Feature","properties":{"stage":1,"elev":11.6,"name":"river surge water"},"geometry":{"type":"Polygon","coordinates":[[[91.82986301369863,24.989849246231156],[91.83369863013698,24.989849246231156],[91.83369863013698,24.993668341708542],[91.82986301369863,24.993668341708542],[91.82986301369863,24.989849246231156]]]}},{"type":"Feature","properties":{"stage":1,"elev":10.6,"name":"river surge water"},"geometry":{"type":"Polygon","coordinates":[[[91.83369863013698,24.989849246231156],[91.83753424657534,24.989849246231156],[91.83753424657534,24.993668341708542],[91.83369863013698,24.993668341708542],[91.83369863013698,24.989849246231156]]]}},{"type":"Feature","properties":{"stage":1,"elev":10.9,"name":"river surge water"},"geometry":{"type":"Polygon","coordinates":[[[91.83753424657534,24.989849246231156],[91.8413698630137,24.989849246231156],[91.8413698630137,24.993668341708542],[91.83753424657534,24.993668341708542],[91.83753424657534,24.989849246231156]]]}},{"type":"Feature","properties":{"stage":1,"elev":9.7,"name":"river surge water"},"geometry":{"type":"Polygon","coordinates":[[[91.8413698630137,24.989849246231156],[91.84520547945205,24.989849246231156],[91.84520547945205,24.993668341708542],[91.8413698630137,24.993668341708542],[91.8413698630137,24.989849246231156]]]}},{"type":"Feature","properties":{"stage":1,"elev":11.6,"name":"river surge water"},"geometry":{"type":"Polygon","coordinates":[[[91.84520547945205,24.989849246231156],[91.84904109589041,24.989849246231156],[91.84904109589041,24.993668341708542],[91.84520547945205,24.993668341708542],[91.84520547945205,24.989849246231156]]]}},{"type":"Feature","properties":{"stage":1,"elev":11.8,"name":"river surge water"},"geometry":{"type":"Polygon","coordinates":[[[91.86054794520548,24.989849246231156],[91.86438356164383,24.989849246231156],[91.86438356164383,24.993668341708542],[91.86054794520548,24.993668341708542],[91.86054794520548,24.989849246231156]]]}},{"type":"Feature","properties":{"stage":1,"elev":11.2,"name":"river surge water"},"geometry":{"type":"Polygon","coordinates":[[[91.86438356164383,24.989849246231156],[91.86821917808219,24.989849246231156],[91.86821917808219,24.993668341708542],[91.86438356164383,24.993668341708542],[91.86438356164383,24.989849246231156]]]}},{"type":"Feature","properties":{"stage":1,"elev":10.7,"name":"river surge water"},"geometry":{"type":"Polygon","coordinates":[[[91.86821917808219,24.989849246231156],[91.87205479452055,24.989849246231156],[91.87205479452055,24.993668341708542],[91.86821917808219,24.993668341708542],[91.86821917808219,24.989849246231156]]]}},{"type":"Feature","properties":{"stage":1,"elev":10.1,"name":"river surge water"},"geometry":{"type":"Polygon","coordinates":[[[91.87972602739725,24.989849246231156],[91.88356164383562,24.989849246231156],[91.88356164383562,24.993668341708542],[91.87972602739725,24.993668341708542],[91.87972602739725,24.989849246231156]]]}},{"type":"Feature","properties":{"stage":1,"elev":9.8,"name":"river surge water"},"geometry":{"type":"Polygon","coordinates":[[[91.88356164383562,24.989849246231156],[91.88739726027397,24.989849246231156],[91.88739726027397,24.993668341708542],[91.88356164383562,24.993668341708542],[91.88356164383562,24.989849246231156]]]}},{"type":"Feature","properties":{"stage":1,"elev":10,"name":"river surge water"},"geometry":{"type":"Polygon","coordinates":[[[91.88739726027397,24.989849246231156],[91.89123287671232,24.989849246231156],[91.89123287671232,24.993668341708542],[91.88739726027397,24.993668341708542],[91.88739726027397,24.989849246231156]]]}},{"type":"Feature","properties":{"stage":1,"elev":10.4,"name":"river surge water"},"geometry":{"type":"Polygon","coordinates":[[[91.89123287671232,24.989849246231156],[91.89506849315069,24.989849246231156],[91.89506849315069,24.993668341708542],[91.89123287671232,24.993668341708542],[91.89123287671232,24.989849246231156]]]}},{"type":"Feature","properties":{"stage":1,"elev":11.5,"name":"river surge water"},"geometry":{"type":"Polygon","coordinates":[[[91.83369863013698,24.993668341708542],[91.83753424657534,24.993668341708542],[91.83753424657534,24.99748743718593],[91.83369863013698,24.99748743718593],[91.83369863013698,24.993668341708542]]]}},{"type":"Feature","properties":{"stage":1,"elev":11.1,"name":"river surge water"},"geometry":{"type":"Polygon","coordinates":[[[91.84904109589041,24.993668341708542],[91.85287671232877,24.993668341708542],[91.85287671232877,24.99748743718593],[91.84904109589041,24.99748743718593],[91.84904109589041,24.993668341708542]]]}},{"type":"Feature","properties":{"stage":1,"elev":11.4,"name":"river surge water"},"geometry":{"type":"Polygon","coordinates":[[[91.85287671232877,24.993668341708542],[91.85671232876712,24.993668341708542],[91.85671232876712,24.99748743718593],[91.85287671232877,24.99748743718593],[91.85287671232877,24.993668341708542]]]}},{"type":"Feature","properties":{"stage":1,"elev":9.3,"name":"river surge water"},"geometry":{"type":"Polygon","coordinates":[[[91.85671232876712,24.993668341708542],[91.86054794520548,24.993668341708542],[91.86054794520548,24.99748743718593],[91.85671232876712,24.99748743718593],[91.85671232876712,24.993668341708542]]]}},{"type":"Feature","properties":{"stage":1,"elev":8.8,"name":"river surge water"},"geometry":{"type":"Polygon","coordinates":[[[91.86054794520548,24.993668341708542],[91.86438356164383,24.993668341708542],[91.86438356164383,24.99748743718593],[91.86054794520548,24.99748743718593],[91.86054794520548,24.993668341708542]]]}},{"type":"Feature","properties":{"stage":1,"elev":9,"name":"river surge water"},"geometry":{"type":"Polygon","coordinates":[[[91.86438356164383,24.993668341708542],[91.86821917808219,24.993668341708542],[91.86821917808219,24.99748743718593],[91.86438356164383,24.99748743718593],[91.86438356164383,24.993668341708542]]]}},{"type":"Feature","properties":{"stage":1,"elev":11.3,"name":"river surge water"},"geometry":{"type":"Polygon","coordinates":[[[91.86821917808219,24.993668341708542],[91.87205479452055,24.993668341708542],[91.87205479452055,24.99748743718593],[91.86821917808219,24.99748743718593],[91.86821917808219,24.993668341708542]]]}},{"type":"Feature","properties":{"stage":1,"elev":11.3,"name":"river surge water"},"geometry":{"type":"Polygon","coordinates":[[[91.87972602739725,24.993668341708542],[91.88356164383562,24.993668341708542],[91.88356164383562,24.99748743718593],[91.87972602739725,24.99748743718593],[91.87972602739725,24.993668341708542]]]}},{"type":"Feature","properties":{"stage":1,"elev":10.8,"name":"river surge water"},"geometry":{"type":"Polygon","coordinates":[[[91.88356164383562,24.993668341708542],[91.88739726027397,24.993668341708542],[91.88739726027397,24.99748743718593],[91.88356164383562,24.99748743718593],[91.88356164383562,24.993668341708542]]]}},{"type":"Feature","properties":{"stage":1,"elev":9.9,"name":"river surge water"},"geometry":{"type":"Polygon","coordinates":[[[91.88739726027397,24.993668341708542],[91.89123287671232,24.993668341708542],[91.89123287671232,24.99748743718593],[91.88739726027397,24.99748743718593],[91.88739726027397,24.993668341708542]]]}},{"type":"Feature","properties":{"stage":1,"elev":10.3,"name":"river surge water"},"geometry":{"type":"Polygon","coordinates":[[[91.89506849315069,24.993668341708542],[91.89890410958904,24.993668341708542],[91.89890410958904,24.99748743718593],[91.89506849315069,24.99748743718593],[91.89506849315069,24.993668341708542]]]}},{"type":"Feature","properties":{"stage":1,"elev":9.4,"name":"river surge water"},"geometry":{"type":"Polygon","coordinates":[[[91.89890410958904,24.993668341708542],[91.90273972602739,24.993668341708542],[91.90273972602739,24.99748743718593],[91.89890410958904,24.99748743718593],[91.89890410958904,24.993668341708542]]]}},{"type":"Feature","properties":{"stage":1,"elev":11,"name":"river surge water"},"geometry":{"type":"Polygon","coordinates":[[[91.90273972602739,24.993668341708542],[91.90657534246576,24.993668341708542],[91.90657534246576,24.99748743718593],[91.90273972602739,24.99748743718593],[91.90273972602739,24.993668341708542]]]}},{"type":"Feature","properties":{"stage":1,"elev":11.3,"name":"river surge water"},"geometry":{"type":"Polygon","coordinates":[[[91.79150684931507,24.99748743718593],[91.79534246575342,24.99748743718593],[91.79534246575342,25.001306532663317],[91.79150684931507,25.001306532663317],[91.79150684931507,24.99748743718593]]]}},{"type":"Feature","properties":{"stage":1,"elev":11.7,"name":"river surge water"},"geometry":{"type":"Polygon","coordinates":[[[91.79917808219179,24.99748743718593],[91.80301369863014,24.99748743718593],[91.80301369863014,25.001306532663317],[91.79917808219179,25.001306532663317],[91.79917808219179,24.99748743718593]]]}},{"type":"Feature","properties":{"stage":1,"elev":11.6,"name":"river surge water"},"geometry":{"type":"Polygon","coordinates":[[[91.80301369863014,24.99748743718593],[91.80684931506849,24.99748743718593],[91.80684931506849,25.001306532663317],[91.80301369863014,25.001306532663317],[91.80301369863014,24.99748743718593]]]}},{"type":"Feature","properties":{"stage":1,"elev":11.2,"name":"river surge water"},"geometry":{"type":"Polygon","coordinates":[[[91.8413698630137,24.99748743718593],[91.84520547945205,24.99748743718593],[91.84520547945205,25.001306532663317],[91.8413698630137,25.001306532663317],[91.8413698630137,24.99748743718593]]]}},{"type":"Feature","properties":{"stage":1,"elev":11.2,"name":"river surge water"},"geometry":{"type":"Polygon","coordinates":[[[91.84520547945205,24.99748743718593],[91.84904109589041,24.99748743718593],[91.84904109589041,25.001306532663317],[91.84520547945205,25.001306532663317],[91.84520547945205,24.99748743718593]]]}},{"type":"Feature","properties":{"stage":1,"elev":10.4,"name":"river surge water"},"geometry":{"type":"Polygon","coordinates":[[[91.84904109589041,24.99748743718593],[91.85287671232877,24.99748743718593],[91.85287671232877,25.001306532663317],[91.84904109589041,25.001306532663317],[91.84904109589041,24.99748743718593]]]}},{"type":"Feature","properties":{"stage":1,"elev":9.8,"name":"river surge water"},"geometry":{"type":"Polygon","coordinates":[[[91.85671232876712,24.99748743718593],[91.86054794520548,24.99748743718593],[91.86054794520548,25.001306532663317],[91.85671232876712,25.001306532663317],[91.85671232876712,24.99748743718593]]]}},{"type":"Feature","properties":{"stage":1,"elev":9.6,"name":"river surge water"},"geometry":{"type":"Polygon","coordinates":[[[91.86054794520548,24.99748743718593],[91.86438356164383,24.99748743718593],[91.86438356164383,25.001306532663317],[91.86054794520548,25.001306532663317],[91.86054794520548,24.99748743718593]]]}},{"type":"Feature","properties":{"stage":1,"elev":9.1,"name":"river surge water"},"geometry":{"type":"Polygon","coordinates":[[[91.86438356164383,24.99748743718593],[91.86821917808219,24.99748743718593],[91.86821917808219,25.001306532663317],[91.86438356164383,25.001306532663317],[91.86438356164383,24.99748743718593]]]}},{"type":"Feature","properties":{"stage":1,"elev":10.9,"name":"river surge water"},"geometry":{"type":"Polygon","coordinates":[[[91.87972602739725,24.99748743718593],[91.88356164383562,24.99748743718593],[91.88356164383562,25.001306532663317],[91.87972602739725,25.001306532663317],[91.87972602739725,24.99748743718593]]]}},{"type":"Feature","properties":{"stage":1,"elev":10.4,"name":"river surge water"},"geometry":{"type":"Polygon","coordinates":[[[91.88356164383562,24.99748743718593],[91.88739726027397,24.99748743718593],[91.88739726027397,25.001306532663317],[91.88356164383562,25.001306532663317],[91.88356164383562,24.99748743718593]]]}},{"type":"Feature","properties":{"stage":1,"elev":11.3,"name":"river surge water"},"geometry":{"type":"Polygon","coordinates":[[[91.88739726027397,24.99748743718593],[91.89123287671232,24.99748743718593],[91.89123287671232,25.001306532663317],[91.88739726027397,25.001306532663317],[91.88739726027397,24.99748743718593]]]}},{"type":"Feature","properties":{"stage":1,"elev":10.6,"name":"river surge water"},"geometry":{"type":"Polygon","coordinates":[[[91.89123287671232,24.99748743718593],[91.89506849315069,24.99748743718593],[91.89506849315069,25.001306532663317],[91.89123287671232,25.001306532663317],[91.89123287671232,24.99748743718593]]]}},{"type":"Feature","properties":{"stage":1,"elev":10,"name":"river surge water"},"geometry":{"type":"Polygon","coordinates":[[[91.89506849315069,24.99748743718593],[91.89890410958904,24.99748743718593],[91.89890410958904,25.001306532663317],[91.89506849315069,25.001306532663317],[91.89506849315069,24.99748743718593]]]}},{"type":"Feature","properties":{"stage":1,"elev":10.3,"name":"river surge water"},"geometry":{"type":"Polygon","coordinates":[[[91.89890410958904,24.99748743718593],[91.90273972602739,24.99748743718593],[91.90273972602739,25.001306532663317],[91.89890410958904,25.001306532663317],[91.89890410958904,24.99748743718593]]]}},{"type":"Feature","properties":{"stage":1,"elev":10.3,"name":"river surge water"},"geometry":{"type":"Polygon","coordinates":[[[91.90273972602739,24.99748743718593],[91.90657534246576,24.99748743718593],[91.90657534246576,25.001306532663317],[91.90273972602739,25.001306532663317],[91.90273972602739,24.99748743718593]]]}},{"type":"Feature","properties":{"stage":1,"elev":11.1,"name":"river surge water"},"geometry":{"type":"Polygon","coordinates":[[[91.78,25.001306532663317],[91.78383561643835,25.001306532663317],[91.78383561643835,25.005125628140703],[91.78,25.005125628140703],[91.78,25.001306532663317]]]}},{"type":"Feature","properties":{"stage":1,"elev":11.6,"name":"river surge water"},"geometry":{"type":"Polygon","coordinates":[[[91.78383561643835,25.001306532663317],[91.78767123287672,25.001306532663317],[91.78767123287672,25.005125628140703],[91.78383561643835,25.005125628140703],[91.78383561643835,25.001306532663317]]]}},{"type":"Feature","properties":{"stage":1,"elev":11.1,"name":"river surge water"},"geometry":{"type":"Polygon","coordinates":[[[91.79534246575342,25.001306532663317],[91.79917808219179,25.001306532663317],[91.79917808219179,25.005125628140703],[91.79534246575342,25.005125628140703],[91.79534246575342,25.001306532663317]]]}},{"type":"Feature","properties":{"stage":1,"elev":11.2,"name":"river surge water"},"geometry":{"type":"Polygon","coordinates":[[[91.79917808219179,25.001306532663317],[91.80301369863014,25.001306532663317],[91.80301369863014,25.005125628140703],[91.79917808219179,25.005125628140703],[91.79917808219179,25.001306532663317]]]}},{"type":"Feature","properties":{"stage":1,"elev":11.9,"name":"river surge water"},"geometry":{"type":"Polygon","coordinates":[[[91.80301369863014,25.001306532663317],[91.80684931506849,25.001306532663317],[91.80684931506849,25.005125628140703],[91.80301369863014,25.005125628140703],[91.80301369863014,25.001306532663317]]]}},{"type":"Feature","properties":{"stage":1,"elev":11.4,"name":"river surge water"},"geometry":{"type":"Polygon","coordinates":[[[91.84520547945205,25.001306532663317],[91.84904109589041,25.001306532663317],[91.84904109589041,25.005125628140703],[91.84520547945205,25.005125628140703],[91.84520547945205,25.001306532663317]]]}},{"type":"Feature","properties":{"stage":1,"elev":8.9,"name":"river surge water"},"geometry":{"type":"Polygon","coordinates":[[[91.84904109589041,25.001306532663317],[91.85287671232877,25.001306532663317],[91.85287671232877,25.005125628140703],[91.84904109589041,25.005125628140703],[91.84904109589041,25.001306532663317]]]}},{"type":"Feature","properties":{"stage":1,"elev":11.6,"name":"river surge water"},"geometry":{"type":"Polygon","coordinates":[[[91.85287671232877,25.001306532663317],[91.85671232876712,25.001306532663317],[91.85671232876712,25.005125628140703],[91.85287671232877,25.005125628140703],[91.85287671232877,25.001306532663317]]]}},{"type":"Feature","properties":{"stage":1,"elev":11.9,"name":"river surge water"},"geometry":{"type":"Polygon","coordinates":[[[91.85671232876712,25.001306532663317],[91.86054794520548,25.001306532663317],[91.86054794520548,25.005125628140703],[91.85671232876712,25.005125628140703],[91.85671232876712,25.001306532663317]]]}},{"type":"Feature","properties":{"stage":1,"elev":11.6,"name":"river surge water"},"geometry":{"type":"Polygon","coordinates":[[[91.86054794520548,25.001306532663317],[91.86438356164383,25.001306532663317],[91.86438356164383,25.005125628140703],[91.86054794520548,25.005125628140703],[91.86054794520548,25.001306532663317]]]}},{"type":"Feature","properties":{"stage":1,"elev":10.2,"name":"river surge water"},"geometry":{"type":"Polygon","coordinates":[[[91.87972602739725,25.001306532663317],[91.88356164383562,25.001306532663317],[91.88356164383562,25.005125628140703],[91.87972602739725,25.005125628140703],[91.87972602739725,25.001306532663317]]]}},{"type":"Feature","properties":{"stage":1,"elev":10.4,"name":"river surge water"},"geometry":{"type":"Polygon","coordinates":[[[91.88356164383562,25.001306532663317],[91.88739726027397,25.001306532663317],[91.88739726027397,25.005125628140703],[91.88356164383562,25.005125628140703],[91.88356164383562,25.001306532663317]]]}},{"type":"Feature","properties":{"stage":1,"elev":10.9,"name":"river surge water"},"geometry":{"type":"Polygon","coordinates":[[[91.88739726027397,25.001306532663317],[91.89123287671232,25.001306532663317],[91.89123287671232,25.005125628140703],[91.88739726027397,25.005125628140703],[91.88739726027397,25.001306532663317]]]}},{"type":"Feature","properties":{"stage":1,"elev":12,"name":"river surge water"},"geometry":{"type":"Polygon","coordinates":[[[91.89123287671232,25.001306532663317],[91.89506849315069,25.001306532663317],[91.89506849315069,25.005125628140703],[91.89123287671232,25.005125628140703],[91.89123287671232,25.001306532663317]]]}},{"type":"Feature","properties":{"stage":1,"elev":11.1,"name":"river surge water"},"geometry":{"type":"Polygon","coordinates":[[[91.89506849315069,25.001306532663317],[91.89890410958904,25.001306532663317],[91.89890410958904,25.005125628140703],[91.89506849315069,25.005125628140703],[91.89506849315069,25.001306532663317]]]}},{"type":"Feature","properties":{"stage":1,"elev":10.4,"name":"river surge water"},"geometry":{"type":"Polygon","coordinates":[[[91.89890410958904,25.001306532663317],[91.90273972602739,25.001306532663317],[91.90273972602739,25.005125628140703],[91.89890410958904,25.005125628140703],[91.89890410958904,25.001306532663317]]]}},{"type":"Feature","properties":{"stage":1,"elev":11.3,"name":"river surge water"},"geometry":{"type":"Polygon","coordinates":[[[91.90273972602739,25.001306532663317],[91.90657534246576,25.001306532663317],[91.90657534246576,25.005125628140703],[91.90273972602739,25.005125628140703],[91.90273972602739,25.001306532663317]]]}},{"type":"Feature","properties":{"stage":1,"elev":10.4,"name":"river surge water"},"geometry":{"type":"Polygon","coordinates":[[[91.90657534246576,25.001306532663317],[91.91041095890411,25.001306532663317],[91.91041095890411,25.005125628140703],[91.90657534246576,25.005125628140703],[91.90657534246576,25.001306532663317]]]}},{"type":"Feature","properties":{"stage":1,"elev":11.5,"name":"river surge water"},"geometry":{"type":"Polygon","coordinates":[[[91.91041095890411,25.001306532663317],[91.91424657534246,25.001306532663317],[91.91424657534246,25.005125628140703],[91.91041095890411,25.005125628140703],[91.91041095890411,25.001306532663317]]]}},{"type":"Feature","properties":{"stage":1,"elev":11.7,"name":"river surge water"},"geometry":{"type":"Polygon","coordinates":[[[91.91424657534246,25.001306532663317],[91.91808219178083,25.001306532663317],[91.91808219178083,25.005125628140703],[91.91424657534246,25.005125628140703],[91.91424657534246,25.001306532663317]]]}},{"type":"Feature","properties":{"stage":1,"elev":10.9,"name":"river surge water"},"geometry":{"type":"Polygon","coordinates":[[[91.78,25.005125628140703],[91.78383561643835,25.005125628140703],[91.78383561643835,25.00894472361809],[91.78,25.00894472361809],[91.78,25.005125628140703]]]}},{"type":"Feature","properties":{"stage":1,"elev":11.1,"name":"river surge water"},"geometry":{"type":"Polygon","coordinates":[[[91.78383561643835,25.005125628140703],[91.78767123287672,25.005125628140703],[91.78767123287672,25.00894472361809],[91.78383561643835,25.00894472361809],[91.78383561643835,25.005125628140703]]]}},{"type":"Feature","properties":{"stage":1,"elev":11.4,"name":"river surge water"},"geometry":{"type":"Polygon","coordinates":[[[91.78767123287672,25.005125628140703],[91.79150684931507,25.005125628140703],[91.79150684931507,25.00894472361809],[91.78767123287672,25.00894472361809],[91.78767123287672,25.005125628140703]]]}},{"type":"Feature","properties":{"stage":1,"elev":11.3,"name":"river surge water"},"geometry":{"type":"Polygon","coordinates":[[[91.79150684931507,25.005125628140703],[91.79534246575342,25.005125628140703],[91.79534246575342,25.00894472361809],[91.79150684931507,25.00894472361809],[91.79150684931507,25.005125628140703]]]}},{"type":"Feature","properties":{"stage":1,"elev":9.8,"name":"river surge water"},"geometry":{"type":"Polygon","coordinates":[[[91.79534246575342,25.005125628140703],[91.79917808219179,25.005125628140703],[91.79917808219179,25.00894472361809],[91.79534246575342,25.00894472361809],[91.79534246575342,25.005125628140703]]]}},{"type":"Feature","properties":{"stage":1,"elev":11.2,"name":"river surge water"},"geometry":{"type":"Polygon","coordinates":[[[91.79917808219179,25.005125628140703],[91.80301369863014,25.005125628140703],[91.80301369863014,25.00894472361809],[91.79917808219179,25.00894472361809],[91.79917808219179,25.005125628140703]]]}},{"type":"Feature","properties":{"stage":1,"elev":11.7,"name":"river surge water"},"geometry":{"type":"Polygon","coordinates":[[[91.87205479452055,25.005125628140703],[91.8758904109589,25.005125628140703],[91.8758904109589,25.00894472361809],[91.87205479452055,25.00894472361809],[91.87205479452055,25.005125628140703]]]}},{"type":"Feature","properties":{"stage":1,"elev":10,"name":"river surge water"},"geometry":{"type":"Polygon","coordinates":[[[91.8758904109589,25.005125628140703],[91.87972602739725,25.005125628140703],[91.87972602739725,25.00894472361809],[91.8758904109589,25.00894472361809],[91.8758904109589,25.005125628140703]]]}},{"type":"Feature","properties":{"stage":1,"elev":9.1,"name":"river surge water"},"geometry":{"type":"Polygon","coordinates":[[[91.87972602739725,25.005125628140703],[91.88356164383562,25.005125628140703],[91.88356164383562,25.00894472361809],[91.87972602739725,25.00894472361809],[91.87972602739725,25.005125628140703]]]}},{"type":"Feature","properties":{"stage":1,"elev":9.7,"name":"river surge water"},"geometry":{"type":"Polygon","coordinates":[[[91.88356164383562,25.005125628140703],[91.88739726027397,25.005125628140703],[91.88739726027397,25.00894472361809],[91.88356164383562,25.00894472361809],[91.88356164383562,25.005125628140703]]]}},{"type":"Feature","properties":{"stage":1,"elev":10.9,"name":"river surge water"},"geometry":{"type":"Polygon","coordinates":[[[91.88739726027397,25.005125628140703],[91.89123287671232,25.005125628140703],[91.89123287671232,25.00894472361809],[91.88739726027397,25.00894472361809],[91.88739726027397,25.005125628140703]]]}},{"type":"Feature","properties":{"stage":1,"elev":9.8,"name":"river surge water"},"geometry":{"type":"Polygon","coordinates":[[[91.89123287671232,25.005125628140703],[91.89506849315069,25.005125628140703],[91.89506849315069,25.00894472361809],[91.89123287671232,25.00894472361809],[91.89123287671232,25.005125628140703]]]}},{"type":"Feature","properties":{"stage":1,"elev":9.7,"name":"river surge water"},"geometry":{"type":"Polygon","coordinates":[[[91.89506849315069,25.005125628140703],[91.89890410958904,25.005125628140703],[91.89890410958904,25.00894472361809],[91.89506849315069,25.00894472361809],[91.89506849315069,25.005125628140703]]]}},{"type":"Feature","properties":{"stage":1,"elev":11,"name":"river surge water"},"geometry":{"type":"Polygon","coordinates":[[[91.89890410958904,25.005125628140703],[91.90273972602739,25.005125628140703],[91.90273972602739,25.00894472361809],[91.89890410958904,25.00894472361809],[91.89890410958904,25.005125628140703]]]}},{"type":"Feature","properties":{"stage":1,"elev":10.8,"name":"river surge water"},"geometry":{"type":"Polygon","coordinates":[[[91.90273972602739,25.005125628140703],[91.90657534246576,25.005125628140703],[91.90657534246576,25.00894472361809],[91.90273972602739,25.00894472361809],[91.90273972602739,25.005125628140703]]]}},{"type":"Feature","properties":{"stage":1,"elev":10.8,"name":"river surge water"},"geometry":{"type":"Polygon","coordinates":[[[91.90657534246576,25.005125628140703],[91.91041095890411,25.005125628140703],[91.91041095890411,25.00894472361809],[91.90657534246576,25.00894472361809],[91.90657534246576,25.005125628140703]]]}},{"type":"Feature","properties":{"stage":1,"elev":11.4,"name":"river surge water"},"geometry":{"type":"Polygon","coordinates":[[[91.91424657534246,25.005125628140703],[91.91808219178083,25.005125628140703],[91.91808219178083,25.00894472361809],[91.91424657534246,25.00894472361809],[91.91424657534246,25.005125628140703]]]}},{"type":"Feature","properties":{"stage":1,"elev":11.9,"name":"river surge water"},"geometry":{"type":"Polygon","coordinates":[[[91.78383561643835,25.00894472361809],[91.78767123287672,25.00894472361809],[91.78767123287672,25.01276381909548],[91.78383561643835,25.01276381909548],[91.78383561643835,25.00894472361809]]]}},{"type":"Feature","properties":{"stage":1,"elev":11.8,"name":"river surge water"},"geometry":{"type":"Polygon","coordinates":[[[91.78767123287672,25.00894472361809],[91.79150684931507,25.00894472361809],[91.79150684931507,25.01276381909548],[91.78767123287672,25.01276381909548],[91.78767123287672,25.00894472361809]]]}},{"type":"Feature","properties":{"stage":1,"elev":10.5,"name":"river surge water"},"geometry":{"type":"Polygon","coordinates":[[[91.79150684931507,25.00894472361809],[91.79534246575342,25.00894472361809],[91.79534246575342,25.01276381909548],[91.79150684931507,25.01276381909548],[91.79150684931507,25.00894472361809]]]}},{"type":"Feature","properties":{"stage":1,"elev":10.7,"name":"river surge water"},"geometry":{"type":"Polygon","coordinates":[[[91.79534246575342,25.00894472361809],[91.79917808219179,25.00894472361809],[91.79917808219179,25.01276381909548],[91.79534246575342,25.01276381909548],[91.79534246575342,25.00894472361809]]]}},{"type":"Feature","properties":{"stage":1,"elev":11.6,"name":"river surge water"},"geometry":{"type":"Polygon","coordinates":[[[91.79917808219179,25.00894472361809],[91.80301369863014,25.00894472361809],[91.80301369863014,25.01276381909548],[91.79917808219179,25.01276381909548],[91.79917808219179,25.00894472361809]]]}},{"type":"Feature","properties":{"stage":1,"elev":9.9,"name":"river surge water"},"geometry":{"type":"Polygon","coordinates":[[[91.80301369863014,25.00894472361809],[91.80684931506849,25.00894472361809],[91.80684931506849,25.01276381909548],[91.80301369863014,25.01276381909548],[91.80301369863014,25.00894472361809]]]}},{"type":"Feature","properties":{"stage":1,"elev":11.6,"name":"river surge water"},"geometry":{"type":"Polygon","coordinates":[[[91.81452054794521,25.00894472361809],[91.81835616438356,25.00894472361809],[91.81835616438356,25.01276381909548],[91.81452054794521,25.01276381909548],[91.81452054794521,25.00894472361809]]]}},{"type":"Feature","properties":{"stage":1,"elev":11.6,"name":"river surge water"},"geometry":{"type":"Polygon","coordinates":[[[91.82986301369863,25.00894472361809],[91.83369863013698,25.00894472361809],[91.83369863013698,25.01276381909548],[91.82986301369863,25.01276381909548],[91.82986301369863,25.00894472361809]]]}},{"type":"Feature","properties":{"stage":1,"elev":11.9,"name":"river surge water"},"geometry":{"type":"Polygon","coordinates":[[[91.83369863013698,25.00894472361809],[91.83753424657534,25.00894472361809],[91.83753424657534,25.01276381909548],[91.83369863013698,25.01276381909548],[91.83369863013698,25.00894472361809]]]}},{"type":"Feature","properties":{"stage":1,"elev":11.6,"name":"river surge water"},"geometry":{"type":"Polygon","coordinates":[[[91.86438356164383,25.00894472361809],[91.86821917808219,25.00894472361809],[91.86821917808219,25.01276381909548],[91.86438356164383,25.01276381909548],[91.86438356164383,25.00894472361809]]]}},{"type":"Feature","properties":{"stage":1,"elev":11.1,"name":"river surge water"},"geometry":{"type":"Polygon","coordinates":[[[91.8758904109589,25.00894472361809],[91.87972602739725,25.00894472361809],[91.87972602739725,25.01276381909548],[91.8758904109589,25.01276381909548],[91.8758904109589,25.00894472361809]]]}},{"type":"Feature","properties":{"stage":1,"elev":8.3,"name":"river surge water"},"geometry":{"type":"Polygon","coordinates":[[[91.87972602739725,25.00894472361809],[91.88356164383562,25.00894472361809],[91.88356164383562,25.01276381909548],[91.87972602739725,25.01276381909548],[91.87972602739725,25.00894472361809]]]}},{"type":"Feature","properties":{"stage":1,"elev":9.5,"name":"river surge water"},"geometry":{"type":"Polygon","coordinates":[[[91.88356164383562,25.00894472361809],[91.88739726027397,25.00894472361809],[91.88739726027397,25.01276381909548],[91.88356164383562,25.01276381909548],[91.88356164383562,25.00894472361809]]]}},{"type":"Feature","properties":{"stage":1,"elev":10.4,"name":"river surge water"},"geometry":{"type":"Polygon","coordinates":[[[91.88739726027397,25.00894472361809],[91.89123287671232,25.00894472361809],[91.89123287671232,25.01276381909548],[91.88739726027397,25.01276381909548],[91.88739726027397,25.00894472361809]]]}},{"type":"Feature","properties":{"stage":1,"elev":10.1,"name":"river surge water"},"geometry":{"type":"Polygon","coordinates":[[[91.89123287671232,25.00894472361809],[91.89506849315069,25.00894472361809],[91.89506849315069,25.01276381909548],[91.89123287671232,25.01276381909548],[91.89123287671232,25.00894472361809]]]}},{"type":"Feature","properties":{"stage":1,"elev":9.8,"name":"river surge water"},"geometry":{"type":"Polygon","coordinates":[[[91.89506849315069,25.00894472361809],[91.89890410958904,25.00894472361809],[91.89890410958904,25.01276381909548],[91.89506849315069,25.01276381909548],[91.89506849315069,25.00894472361809]]]}},{"type":"Feature","properties":{"stage":1,"elev":10.1,"name":"river surge water"},"geometry":{"type":"Polygon","coordinates":[[[91.89890410958904,25.00894472361809],[91.90273972602739,25.00894472361809],[91.90273972602739,25.01276381909548],[91.89890410958904,25.01276381909548],[91.89890410958904,25.00894472361809]]]}},{"type":"Feature","properties":{"stage":1,"elev":11.9,"name":"river surge water"},"geometry":{"type":"Polygon","coordinates":[[[91.90273972602739,25.00894472361809],[91.90657534246576,25.00894472361809],[91.90657534246576,25.01276381909548],[91.90273972602739,25.01276381909548],[91.90273972602739,25.00894472361809]]]}},{"type":"Feature","properties":{"stage":1,"elev":11.9,"name":"river surge water"},"geometry":{"type":"Polygon","coordinates":[[[91.90657534246576,25.00894472361809],[91.91041095890411,25.00894472361809],[91.91041095890411,25.01276381909548],[91.90657534246576,25.01276381909548],[91.90657534246576,25.00894472361809]]]}},{"type":"Feature","properties":{"stage":1,"elev":11.8,"name":"river surge water"},"geometry":{"type":"Polygon","coordinates":[[[91.91041095890411,25.00894472361809],[91.91424657534246,25.00894472361809],[91.91424657534246,25.01276381909548],[91.91041095890411,25.01276381909548],[91.91041095890411,25.00894472361809]]]}},{"type":"Feature","properties":{"stage":1,"elev":11.8,"name":"river surge water"},"geometry":{"type":"Polygon","coordinates":[[[91.91424657534246,25.00894472361809],[91.91808219178083,25.00894472361809],[91.91808219178083,25.01276381909548],[91.91424657534246,25.01276381909548],[91.91424657534246,25.00894472361809]]]}},{"type":"Feature","properties":{"stage":1,"elev":10.8,"name":"river surge water"},"geometry":{"type":"Polygon","coordinates":[[[91.81068493150686,25.01276381909548],[91.81452054794521,25.01276381909548],[91.81452054794521,25.016582914572865],[91.81068493150686,25.016582914572865],[91.81068493150686,25.01276381909548]]]}},{"type":"Feature","properties":{"stage":1,"elev":11.4,"name":"river surge water"},"geometry":{"type":"Polygon","coordinates":[[[91.87205479452055,25.01276381909548],[91.8758904109589,25.01276381909548],[91.8758904109589,25.016582914572865],[91.87205479452055,25.016582914572865],[91.87205479452055,25.01276381909548]]]}},{"type":"Feature","properties":{"stage":1,"elev":11.4,"name":"river surge water"},"geometry":{"type":"Polygon","coordinates":[[[91.8758904109589,25.01276381909548],[91.87972602739725,25.01276381909548],[91.87972602739725,25.016582914572865],[91.8758904109589,25.016582914572865],[91.8758904109589,25.01276381909548]]]}},{"type":"Feature","properties":{"stage":1,"elev":10.2,"name":"river surge water"},"geometry":{"type":"Polygon","coordinates":[[[91.87972602739725,25.01276381909548],[91.88356164383562,25.01276381909548],[91.88356164383562,25.016582914572865],[91.87972602739725,25.016582914572865],[91.87972602739725,25.01276381909548]]]}},{"type":"Feature","properties":{"stage":1,"elev":7,"name":"river surge water"},"geometry":{"type":"Polygon","coordinates":[[[91.88356164383562,25.01276381909548],[91.88739726027397,25.01276381909548],[91.88739726027397,25.016582914572865],[91.88356164383562,25.016582914572865],[91.88356164383562,25.01276381909548]]]}},{"type":"Feature","properties":{"stage":1,"elev":6.5,"name":"river surge water"},"geometry":{"type":"Polygon","coordinates":[[[91.88739726027397,25.01276381909548],[91.89123287671232,25.01276381909548],[91.89123287671232,25.016582914572865],[91.88739726027397,25.016582914572865],[91.88739726027397,25.01276381909548]]]}},{"type":"Feature","properties":{"stage":1,"elev":9.3,"name":"river surge water"},"geometry":{"type":"Polygon","coordinates":[[[91.89123287671232,25.01276381909548],[91.89506849315069,25.01276381909548],[91.89506849315069,25.016582914572865],[91.89123287671232,25.016582914572865],[91.89123287671232,25.01276381909548]]]}},{"type":"Feature","properties":{"stage":1,"elev":9.4,"name":"river surge water"},"geometry":{"type":"Polygon","coordinates":[[[91.89506849315069,25.01276381909548],[91.89890410958904,25.01276381909548],[91.89890410958904,25.016582914572865],[91.89506849315069,25.016582914572865],[91.89506849315069,25.01276381909548]]]}},{"type":"Feature","properties":{"stage":1,"elev":11.1,"name":"river surge water"},"geometry":{"type":"Polygon","coordinates":[[[91.89890410958904,25.01276381909548],[91.90273972602739,25.01276381909548],[91.90273972602739,25.016582914572865],[91.89890410958904,25.016582914572865],[91.89890410958904,25.01276381909548]]]}},{"type":"Feature","properties":{"stage":1,"elev":10.9,"name":"river surge water"},"geometry":{"type":"Polygon","coordinates":[[[91.90273972602739,25.01276381909548],[91.90657534246576,25.01276381909548],[91.90657534246576,25.016582914572865],[91.90273972602739,25.016582914572865],[91.90273972602739,25.01276381909548]]]}},{"type":"Feature","properties":{"stage":1,"elev":10.3,"name":"river surge water"},"geometry":{"type":"Polygon","coordinates":[[[91.90657534246576,25.01276381909548],[91.91041095890411,25.01276381909548],[91.91041095890411,25.016582914572865],[91.90657534246576,25.016582914572865],[91.90657534246576,25.01276381909548]]]}},{"type":"Feature","properties":{"stage":1,"elev":11.4,"name":"river surge water"},"geometry":{"type":"Polygon","coordinates":[[[91.91041095890411,25.01276381909548],[91.91424657534246,25.01276381909548],[91.91424657534246,25.016582914572865],[91.91041095890411,25.016582914572865],[91.91041095890411,25.01276381909548]]]}},{"type":"Feature","properties":{"stage":1,"elev":11.1,"name":"river surge water"},"geometry":{"type":"Polygon","coordinates":[[[91.91424657534246,25.01276381909548],[91.91808219178083,25.01276381909548],[91.91808219178083,25.016582914572865],[91.91424657534246,25.016582914572865],[91.91424657534246,25.01276381909548]]]}},{"type":"Feature","properties":{"stage":1,"elev":11.9,"name":"river surge water"},"geometry":{"type":"Polygon","coordinates":[[[91.92191780821918,25.01276381909548],[91.92575342465753,25.01276381909548],[91.92575342465753,25.016582914572865],[91.92191780821918,25.016582914572865],[91.92191780821918,25.01276381909548]]]}},{"type":"Feature","properties":{"stage":1,"elev":11.4,"name":"river surge water"},"geometry":{"type":"Polygon","coordinates":[[[91.9372602739726,25.01276381909548],[91.94109589041095,25.01276381909548],[91.94109589041095,25.016582914572865],[91.9372602739726,25.016582914572865],[91.9372602739726,25.01276381909548]]]}},{"type":"Feature","properties":{"stage":1,"elev":11.8,"name":"river surge water"},"geometry":{"type":"Polygon","coordinates":[[[91.95643835616438,25.01276381909548],[91.96027397260274,25.01276381909548],[91.96027397260274,25.016582914572865],[91.95643835616438,25.016582914572865],[91.95643835616438,25.01276381909548]]]}},{"type":"Feature","properties":{"stage":1,"elev":11.4,"name":"river surge water"},"geometry":{"type":"Polygon","coordinates":[[[91.78,25.016582914572865],[91.78383561643835,25.016582914572865],[91.78383561643835,25.02040201005025],[91.78,25.02040201005025],[91.78,25.016582914572865]]]}},{"type":"Feature","properties":{"stage":1,"elev":10.9,"name":"river surge water"},"geometry":{"type":"Polygon","coordinates":[[[91.81068493150686,25.016582914572865],[91.81452054794521,25.016582914572865],[91.81452054794521,25.02040201005025],[91.81068493150686,25.02040201005025],[91.81068493150686,25.016582914572865]]]}},{"type":"Feature","properties":{"stage":1,"elev":11.8,"name":"river surge water"},"geometry":{"type":"Polygon","coordinates":[[[91.81452054794521,25.016582914572865],[91.81835616438356,25.016582914572865],[91.81835616438356,25.02040201005025],[91.81452054794521,25.02040201005025],[91.81452054794521,25.016582914572865]]]}},{"type":"Feature","properties":{"stage":1,"elev":11.4,"name":"river surge water"},"geometry":{"type":"Polygon","coordinates":[[[91.86821917808219,25.016582914572865],[91.87205479452055,25.016582914572865],[91.87205479452055,25.02040201005025],[91.86821917808219,25.02040201005025],[91.86821917808219,25.016582914572865]]]}},{"type":"Feature","properties":{"stage":1,"elev":12,"name":"river surge water"},"geometry":{"type":"Polygon","coordinates":[[[91.87205479452055,25.016582914572865],[91.8758904109589,25.016582914572865],[91.8758904109589,25.02040201005025],[91.87205479452055,25.02040201005025],[91.87205479452055,25.016582914572865]]]}},{"type":"Feature","properties":{"stage":1,"elev":11.6,"name":"river surge water"},"geometry":{"type":"Polygon","coordinates":[[[91.8758904109589,25.016582914572865],[91.87972602739725,25.016582914572865],[91.87972602739725,25.02040201005025],[91.8758904109589,25.02040201005025],[91.8758904109589,25.016582914572865]]]}},{"type":"Feature","properties":{"stage":1,"elev":11.4,"name":"river surge water"},"geometry":{"type":"Polygon","coordinates":[[[91.87972602739725,25.016582914572865],[91.88356164383562,25.016582914572865],[91.88356164383562,25.02040201005025],[91.87972602739725,25.02040201005025],[91.87972602739725,25.016582914572865]]]}},{"type":"Feature","properties":{"stage":1,"elev":10.8,"name":"river surge water"},"geometry":{"type":"Polygon","coordinates":[[[91.88356164383562,25.016582914572865],[91.88739726027397,25.016582914572865],[91.88739726027397,25.02040201005025],[91.88356164383562,25.02040201005025],[91.88356164383562,25.016582914572865]]]}},{"type":"Feature","properties":{"stage":1,"elev":9.9,"name":"river surge water"},"geometry":{"type":"Polygon","coordinates":[[[91.88739726027397,25.016582914572865],[91.89123287671232,25.016582914572865],[91.89123287671232,25.02040201005025],[91.88739726027397,25.02040201005025],[91.88739726027397,25.016582914572865]]]}},{"type":"Feature","properties":{"stage":1,"elev":10.7,"name":"river surge water"},"geometry":{"type":"Polygon","coordinates":[[[91.89123287671232,25.016582914572865],[91.89506849315069,25.016582914572865],[91.89506849315069,25.02040201005025],[91.89123287671232,25.02040201005025],[91.89123287671232,25.016582914572865]]]}},{"type":"Feature","properties":{"stage":1,"elev":11.2,"name":"river surge water"},"geometry":{"type":"Polygon","coordinates":[[[91.89506849315069,25.016582914572865],[91.89890410958904,25.016582914572865],[91.89890410958904,25.02040201005025],[91.89506849315069,25.02040201005025],[91.89506849315069,25.016582914572865]]]}},{"type":"Feature","properties":{"stage":1,"elev":10.4,"name":"river surge water"},"geometry":{"type":"Polygon","coordinates":[[[91.89890410958904,25.016582914572865],[91.90273972602739,25.016582914572865],[91.90273972602739,25.02040201005025],[91.89890410958904,25.02040201005025],[91.89890410958904,25.016582914572865]]]}},{"type":"Feature","properties":{"stage":1,"elev":11.6,"name":"river surge water"},"geometry":{"type":"Polygon","coordinates":[[[91.90273972602739,25.016582914572865],[91.90657534246576,25.016582914572865],[91.90657534246576,25.02040201005025],[91.90273972602739,25.02040201005025],[91.90273972602739,25.016582914572865]]]}},{"type":"Feature","properties":{"stage":1,"elev":11.1,"name":"river surge water"},"geometry":{"type":"Polygon","coordinates":[[[91.90657534246576,25.016582914572865],[91.91041095890411,25.016582914572865],[91.91041095890411,25.02040201005025],[91.90657534246576,25.02040201005025],[91.90657534246576,25.016582914572865]]]}},{"type":"Feature","properties":{"stage":1,"elev":11.1,"name":"river surge water"},"geometry":{"type":"Polygon","coordinates":[[[91.91041095890411,25.016582914572865],[91.91424657534246,25.016582914572865],[91.91424657534246,25.02040201005025],[91.91041095890411,25.02040201005025],[91.91041095890411,25.016582914572865]]]}},{"type":"Feature","properties":{"stage":1,"elev":11.8,"name":"river surge water"},"geometry":{"type":"Polygon","coordinates":[[[91.9372602739726,25.016582914572865],[91.94109589041095,25.016582914572865],[91.94109589041095,25.02040201005025],[91.9372602739726,25.02040201005025],[91.9372602739726,25.016582914572865]]]}},{"type":"Feature","properties":{"stage":1,"elev":11.2,"name":"river surge water"},"geometry":{"type":"Polygon","coordinates":[[[91.94109589041095,25.016582914572865],[91.94493150684931,25.016582914572865],[91.94493150684931,25.02040201005025],[91.94109589041095,25.02040201005025],[91.94109589041095,25.016582914572865]]]}},{"type":"Feature","properties":{"stage":1,"elev":11.9,"name":"river surge water"},"geometry":{"type":"Polygon","coordinates":[[[91.94493150684931,25.016582914572865],[91.94876712328767,25.016582914572865],[91.94876712328767,25.02040201005025],[91.94493150684931,25.02040201005025],[91.94493150684931,25.016582914572865]]]}},{"type":"Feature","properties":{"stage":1,"elev":10.6,"name":"river surge water"},"geometry":{"type":"Polygon","coordinates":[[[91.78,25.02040201005025],[91.78383561643835,25.02040201005025],[91.78383561643835,25.024221105527637],[91.78,25.024221105527637],[91.78,25.02040201005025]]]}},{"type":"Feature","properties":{"stage":1,"elev":11.8,"name":"river surge water"},"geometry":{"type":"Polygon","coordinates":[[[91.78383561643835,25.02040201005025],[91.78767123287672,25.02040201005025],[91.78767123287672,25.024221105527637],[91.78383561643835,25.024221105527637],[91.78383561643835,25.02040201005025]]]}},{"type":"Feature","properties":{"stage":1,"elev":10.8,"name":"river surge water"},"geometry":{"type":"Polygon","coordinates":[[[91.78767123287672,25.02040201005025],[91.79150684931507,25.02040201005025],[91.79150684931507,25.024221105527637],[91.78767123287672,25.024221105527637],[91.78767123287672,25.02040201005025]]]}},{"type":"Feature","properties":{"stage":1,"elev":11.8,"name":"river surge water"},"geometry":{"type":"Polygon","coordinates":[[[91.84520547945205,25.02040201005025],[91.84904109589041,25.02040201005025],[91.84904109589041,25.024221105527637],[91.84520547945205,25.024221105527637],[91.84520547945205,25.02040201005025]]]}},{"type":"Feature","properties":{"stage":1,"elev":11.8,"name":"river surge water"},"geometry":{"type":"Polygon","coordinates":[[[91.86821917808219,25.02040201005025],[91.87205479452055,25.02040201005025],[91.87205479452055,25.024221105527637],[91.86821917808219,25.024221105527637],[91.86821917808219,25.02040201005025]]]}},{"type":"Feature","properties":{"stage":1,"elev":11.3,"name":"river surge water"},"geometry":{"type":"Polygon","coordinates":[[[91.87205479452055,25.02040201005025],[91.8758904109589,25.02040201005025],[91.8758904109589,25.024221105527637],[91.87205479452055,25.024221105527637],[91.87205479452055,25.02040201005025]]]}},{"type":"Feature","properties":{"stage":1,"elev":11.4,"name":"river surge water"},"geometry":{"type":"Polygon","coordinates":[[[91.8758904109589,25.02040201005025],[91.87972602739725,25.02040201005025],[91.87972602739725,25.024221105527637],[91.8758904109589,25.024221105527637],[91.8758904109589,25.02040201005025]]]}},{"type":"Feature","properties":{"stage":1,"elev":11.4,"name":"river surge water"},"geometry":{"type":"Polygon","coordinates":[[[91.87972602739725,25.02040201005025],[91.88356164383562,25.02040201005025],[91.88356164383562,25.024221105527637],[91.87972602739725,25.024221105527637],[91.87972602739725,25.02040201005025]]]}},{"type":"Feature","properties":{"stage":1,"elev":11.8,"name":"river surge water"},"geometry":{"type":"Polygon","coordinates":[[[91.88356164383562,25.02040201005025],[91.88739726027397,25.02040201005025],[91.88739726027397,25.024221105527637],[91.88356164383562,25.024221105527637],[91.88356164383562,25.02040201005025]]]}},{"type":"Feature","properties":{"stage":1,"elev":11.6,"name":"river surge water"},"geometry":{"type":"Polygon","coordinates":[[[91.88739726027397,25.02040201005025],[91.89123287671232,25.02040201005025],[91.89123287671232,25.024221105527637],[91.88739726027397,25.024221105527637],[91.88739726027397,25.02040201005025]]]}},{"type":"Feature","properties":{"stage":1,"elev":11.9,"name":"river surge water"},"geometry":{"type":"Polygon","coordinates":[[[91.89506849315069,25.02040201005025],[91.89890410958904,25.02040201005025],[91.89890410958904,25.024221105527637],[91.89506849315069,25.024221105527637],[91.89506849315069,25.02040201005025]]]}},{"type":"Feature","properties":{"stage":1,"elev":11.8,"name":"river surge water"},"geometry":{"type":"Polygon","coordinates":[[[91.89890410958904,25.02040201005025],[91.90273972602739,25.02040201005025],[91.90273972602739,25.024221105527637],[91.89890410958904,25.024221105527637],[91.89890410958904,25.02040201005025]]]}},{"type":"Feature","properties":{"stage":1,"elev":9.8,"name":"river surge water"},"geometry":{"type":"Polygon","coordinates":[[[91.90273972602739,25.02040201005025],[91.90657534246576,25.02040201005025],[91.90657534246576,25.024221105527637],[91.90273972602739,25.024221105527637],[91.90273972602739,25.02040201005025]]]}},{"type":"Feature","properties":{"stage":1,"elev":10.1,"name":"river surge water"},"geometry":{"type":"Polygon","coordinates":[[[91.90657534246576,25.02040201005025],[91.91041095890411,25.02040201005025],[91.91041095890411,25.024221105527637],[91.90657534246576,25.024221105527637],[91.90657534246576,25.02040201005025]]]}},{"type":"Feature","properties":{"stage":1,"elev":11.1,"name":"river surge water"},"geometry":{"type":"Polygon","coordinates":[[[91.91041095890411,25.02040201005025],[91.91424657534246,25.02040201005025],[91.91424657534246,25.024221105527637],[91.91041095890411,25.024221105527637],[91.91041095890411,25.02040201005025]]]}},{"type":"Feature","properties":{"stage":1,"elev":11.6,"name":"river surge water"},"geometry":{"type":"Polygon","coordinates":[[[91.91808219178083,25.02040201005025],[91.92191780821918,25.02040201005025],[91.92191780821918,25.024221105527637],[91.91808219178083,25.024221105527637],[91.91808219178083,25.02040201005025]]]}},{"type":"Feature","properties":{"stage":1,"elev":11.1,"name":"river surge water"},"geometry":{"type":"Polygon","coordinates":[[[91.92191780821918,25.02040201005025],[91.92575342465753,25.02040201005025],[91.92575342465753,25.024221105527637],[91.92191780821918,25.024221105527637],[91.92191780821918,25.02040201005025]]]}},{"type":"Feature","properties":{"stage":1,"elev":11.1,"name":"river surge water"},"geometry":{"type":"Polygon","coordinates":[[[91.92575342465753,25.02040201005025],[91.92958904109588,25.02040201005025],[91.92958904109588,25.024221105527637],[91.92575342465753,25.024221105527637],[91.92575342465753,25.02040201005025]]]}},{"type":"Feature","properties":{"stage":1,"elev":11,"name":"river surge water"},"geometry":{"type":"Polygon","coordinates":[[[91.92958904109588,25.02040201005025],[91.93342465753425,25.02040201005025],[91.93342465753425,25.024221105527637],[91.92958904109588,25.024221105527637],[91.92958904109588,25.02040201005025]]]}},{"type":"Feature","properties":{"stage":1,"elev":11.1,"name":"river surge water"},"geometry":{"type":"Polygon","coordinates":[[[91.93342465753425,25.02040201005025],[91.9372602739726,25.02040201005025],[91.9372602739726,25.024221105527637],[91.93342465753425,25.024221105527637],[91.93342465753425,25.02040201005025]]]}},{"type":"Feature","properties":{"stage":1,"elev":11.4,"name":"river surge water"},"geometry":{"type":"Polygon","coordinates":[[[91.9372602739726,25.02040201005025],[91.94109589041095,25.02040201005025],[91.94109589041095,25.024221105527637],[91.9372602739726,25.024221105527637],[91.9372602739726,25.02040201005025]]]}},{"type":"Feature","properties":{"stage":1,"elev":11.6,"name":"river surge water"},"geometry":{"type":"Polygon","coordinates":[[[91.94493150684931,25.02040201005025],[91.94876712328767,25.02040201005025],[91.94876712328767,25.024221105527637],[91.94493150684931,25.024221105527637],[91.94493150684931,25.02040201005025]]]}},{"type":"Feature","properties":{"stage":1,"elev":11.9,"name":"river surge water"},"geometry":{"type":"Polygon","coordinates":[[[91.97561643835616,25.02040201005025],[91.97945205479452,25.02040201005025],[91.97945205479452,25.024221105527637],[91.97561643835616,25.024221105527637],[91.97561643835616,25.02040201005025]]]}},{"type":"Feature","properties":{"stage":1,"elev":11.7,"name":"river surge water"},"geometry":{"type":"Polygon","coordinates":[[[91.98328767123287,25.02040201005025],[91.98712328767122,25.02040201005025],[91.98712328767122,25.024221105527637],[91.98328767123287,25.024221105527637],[91.98328767123287,25.02040201005025]]]}},{"type":"Feature","properties":{"stage":1,"elev":11.9,"name":"river surge water"},"geometry":{"type":"Polygon","coordinates":[[[91.78,25.024221105527637],[91.78383561643835,25.024221105527637],[91.78383561643835,25.028040201005027],[91.78,25.028040201005027],[91.78,25.024221105527637]]]}},{"type":"Feature","properties":{"stage":1,"elev":11.2,"name":"river surge water"},"geometry":{"type":"Polygon","coordinates":[[[91.78383561643835,25.024221105527637],[91.78767123287672,25.024221105527637],[91.78767123287672,25.028040201005027],[91.78383561643835,25.028040201005027],[91.78383561643835,25.024221105527637]]]}},{"type":"Feature","properties":{"stage":1,"elev":12,"name":"river surge water"},"geometry":{"type":"Polygon","coordinates":[[[91.78767123287672,25.024221105527637],[91.79150684931507,25.024221105527637],[91.79150684931507,25.028040201005027],[91.78767123287672,25.028040201005027],[91.78767123287672,25.024221105527637]]]}},{"type":"Feature","properties":{"stage":1,"elev":11.8,"name":"river surge water"},"geometry":{"type":"Polygon","coordinates":[[[91.79534246575342,25.024221105527637],[91.79917808219179,25.024221105527637],[91.79917808219179,25.028040201005027],[91.79534246575342,25.028040201005027],[91.79534246575342,25.024221105527637]]]}},{"type":"Feature","properties":{"stage":1,"elev":11.4,"name":"river surge water"},"geometry":{"type":"Polygon","coordinates":[[[91.79917808219179,25.024221105527637],[91.80301369863014,25.024221105527637],[91.80301369863014,25.028040201005027],[91.79917808219179,25.028040201005027],[91.79917808219179,25.024221105527637]]]}},{"type":"Feature","properties":{"stage":1,"elev":11.9,"name":"river surge water"},"geometry":{"type":"Polygon","coordinates":[[[91.85287671232877,25.024221105527637],[91.85671232876712,25.024221105527637],[91.85671232876712,25.028040201005027],[91.85287671232877,25.028040201005027],[91.85287671232877,25.024221105527637]]]}},{"type":"Feature","properties":{"stage":1,"elev":11.2,"name":"river surge water"},"geometry":{"type":"Polygon","coordinates":[[[91.87205479452055,25.024221105527637],[91.8758904109589,25.024221105527637],[91.8758904109589,25.028040201005027],[91.87205479452055,25.028040201005027],[91.87205479452055,25.024221105527637]]]}},{"type":"Feature","properties":{"stage":1,"elev":12,"name":"river surge water"},"geometry":{"type":"Polygon","coordinates":[[[91.8758904109589,25.024221105527637],[91.87972602739725,25.024221105527637],[91.87972602739725,25.028040201005027],[91.8758904109589,25.028040201005027],[91.8758904109589,25.024221105527637]]]}},{"type":"Feature","properties":{"stage":1,"elev":11.3,"name":"river surge water"},"geometry":{"type":"Polygon","coordinates":[[[91.87972602739725,25.024221105527637],[91.88356164383562,25.024221105527637],[91.88356164383562,25.028040201005027],[91.87972602739725,25.028040201005027],[91.87972602739725,25.024221105527637]]]}},{"type":"Feature","properties":{"stage":1,"elev":9.6,"name":"river surge water"},"geometry":{"type":"Polygon","coordinates":[[[91.88356164383562,25.024221105527637],[91.88739726027397,25.024221105527637],[91.88739726027397,25.028040201005027],[91.88356164383562,25.028040201005027],[91.88356164383562,25.024221105527637]]]}},{"type":"Feature","properties":{"stage":1,"elev":10.3,"name":"river surge water"},"geometry":{"type":"Polygon","coordinates":[[[91.88739726027397,25.024221105527637],[91.89123287671232,25.024221105527637],[91.89123287671232,25.028040201005027],[91.88739726027397,25.028040201005027],[91.88739726027397,25.024221105527637]]]}},{"type":"Feature","properties":{"stage":1,"elev":11.1,"name":"river surge water"},"geometry":{"type":"Polygon","coordinates":[[[91.89506849315069,25.024221105527637],[91.89890410958904,25.024221105527637],[91.89890410958904,25.028040201005027],[91.89506849315069,25.028040201005027],[91.89506849315069,25.024221105527637]]]}},{"type":"Feature","properties":{"stage":1,"elev":11,"name":"river surge water"},"geometry":{"type":"Polygon","coordinates":[[[91.89890410958904,25.024221105527637],[91.90273972602739,25.024221105527637],[91.90273972602739,25.028040201005027],[91.89890410958904,25.028040201005027],[91.89890410958904,25.024221105527637]]]}},{"type":"Feature","properties":{"stage":1,"elev":9.6,"name":"river surge water"},"geometry":{"type":"Polygon","coordinates":[[[91.90273972602739,25.024221105527637],[91.90657534246576,25.024221105527637],[91.90657534246576,25.028040201005027],[91.90273972602739,25.028040201005027],[91.90273972602739,25.024221105527637]]]}},{"type":"Feature","properties":{"stage":1,"elev":9.9,"name":"river surge water"},"geometry":{"type":"Polygon","coordinates":[[[91.90657534246576,25.024221105527637],[91.91041095890411,25.024221105527637],[91.91041095890411,25.028040201005027],[91.90657534246576,25.028040201005027],[91.90657534246576,25.024221105527637]]]}},{"type":"Feature","properties":{"stage":1,"elev":9.6,"name":"river surge water"},"geometry":{"type":"Polygon","coordinates":[[[91.91041095890411,25.024221105527637],[91.91424657534246,25.024221105527637],[91.91424657534246,25.028040201005027],[91.91041095890411,25.028040201005027],[91.91041095890411,25.024221105527637]]]}},{"type":"Feature","properties":{"stage":1,"elev":10.2,"name":"river surge water"},"geometry":{"type":"Polygon","coordinates":[[[91.91424657534246,25.024221105527637],[91.91808219178083,25.024221105527637],[91.91808219178083,25.028040201005027],[91.91424657534246,25.028040201005027],[91.91424657534246,25.024221105527637]]]}},{"type":"Feature","properties":{"stage":1,"elev":10.9,"name":"river surge water"},"geometry":{"type":"Polygon","coordinates":[[[91.91808219178083,25.024221105527637],[91.92191780821918,25.024221105527637],[91.92191780821918,25.028040201005027],[91.91808219178083,25.028040201005027],[91.91808219178083,25.024221105527637]]]}},{"type":"Feature","properties":{"stage":1,"elev":11,"name":"river surge water"},"geometry":{"type":"Polygon","coordinates":[[[91.92191780821918,25.024221105527637],[91.92575342465753,25.024221105527637],[91.92575342465753,25.028040201005027],[91.92191780821918,25.028040201005027],[91.92191780821918,25.024221105527637]]]}},{"type":"Feature","properties":{"stage":1,"elev":10.2,"name":"river surge water"},"geometry":{"type":"Polygon","coordinates":[[[91.92575342465753,25.024221105527637],[91.92958904109588,25.024221105527637],[91.92958904109588,25.028040201005027],[91.92575342465753,25.028040201005027],[91.92575342465753,25.024221105527637]]]}},{"type":"Feature","properties":{"stage":1,"elev":10.2,"name":"river surge water"},"geometry":{"type":"Polygon","coordinates":[[[91.92958904109588,25.024221105527637],[91.93342465753425,25.024221105527637],[91.93342465753425,25.028040201005027],[91.92958904109588,25.028040201005027],[91.92958904109588,25.024221105527637]]]}},{"type":"Feature","properties":{"stage":1,"elev":12,"name":"river surge water"},"geometry":{"type":"Polygon","coordinates":[[[91.93342465753425,25.024221105527637],[91.9372602739726,25.024221105527637],[91.9372602739726,25.028040201005027],[91.93342465753425,25.028040201005027],[91.93342465753425,25.024221105527637]]]}},{"type":"Feature","properties":{"stage":1,"elev":11.7,"name":"river surge water"},"geometry":{"type":"Polygon","coordinates":[[[91.9372602739726,25.024221105527637],[91.94109589041095,25.024221105527637],[91.94109589041095,25.028040201005027],[91.9372602739726,25.028040201005027],[91.9372602739726,25.024221105527637]]]}},{"type":"Feature","properties":{"stage":1,"elev":11,"name":"river surge water"},"geometry":{"type":"Polygon","coordinates":[[[91.94109589041095,25.024221105527637],[91.94493150684931,25.024221105527637],[91.94493150684931,25.028040201005027],[91.94109589041095,25.028040201005027],[91.94109589041095,25.024221105527637]]]}},{"type":"Feature","properties":{"stage":1,"elev":10.4,"name":"river surge water"},"geometry":{"type":"Polygon","coordinates":[[[91.94876712328767,25.024221105527637],[91.95260273972602,25.024221105527637],[91.95260273972602,25.028040201005027],[91.94876712328767,25.028040201005027],[91.94876712328767,25.024221105527637]]]}},{"type":"Feature","properties":{"stage":1,"elev":10.6,"name":"river surge water"},"geometry":{"type":"Polygon","coordinates":[[[91.95260273972602,25.024221105527637],[91.95643835616438,25.024221105527637],[91.95643835616438,25.028040201005027],[91.95260273972602,25.028040201005027],[91.95260273972602,25.024221105527637]]]}},{"type":"Feature","properties":{"stage":1,"elev":12,"name":"river surge water"},"geometry":{"type":"Polygon","coordinates":[[[91.95643835616438,25.024221105527637],[91.96027397260274,25.024221105527637],[91.96027397260274,25.028040201005027],[91.95643835616438,25.028040201005027],[91.95643835616438,25.024221105527637]]]}},{"type":"Feature","properties":{"stage":1,"elev":11.4,"name":"river surge water"},"geometry":{"type":"Polygon","coordinates":[[[91.96027397260274,25.024221105527637],[91.96410958904109,25.024221105527637],[91.96410958904109,25.028040201005027],[91.96027397260274,25.028040201005027],[91.96027397260274,25.024221105527637]]]}},{"type":"Feature","properties":{"stage":1,"elev":11.7,"name":"river surge water"},"geometry":{"type":"Polygon","coordinates":[[[91.96410958904109,25.024221105527637],[91.96794520547945,25.024221105527637],[91.96794520547945,25.028040201005027],[91.96410958904109,25.028040201005027],[91.96410958904109,25.024221105527637]]]}},{"type":"Feature","properties":{"stage":1,"elev":12,"name":"river surge water"},"geometry":{"type":"Polygon","coordinates":[[[91.97561643835616,25.024221105527637],[91.97945205479452,25.024221105527637],[91.97945205479452,25.028040201005027],[91.97561643835616,25.028040201005027],[91.97561643835616,25.024221105527637]]]}},{"type":"Feature","properties":{"stage":1,"elev":12,"name":"river surge water"},"geometry":{"type":"Polygon","coordinates":[[[91.78383561643835,25.028040201005027],[91.78767123287672,25.028040201005027],[91.78767123287672,25.031859296482413],[91.78383561643835,25.031859296482413],[91.78383561643835,25.028040201005027]]]}},{"type":"Feature","properties":{"stage":1,"elev":11.1,"name":"river surge water"},"geometry":{"type":"Polygon","coordinates":[[[91.78767123287672,25.028040201005027],[91.79150684931507,25.028040201005027],[91.79150684931507,25.031859296482413],[91.78767123287672,25.031859296482413],[91.78767123287672,25.028040201005027]]]}},{"type":"Feature","properties":{"stage":1,"elev":11.9,"name":"river surge water"},"geometry":{"type":"Polygon","coordinates":[[[91.79150684931507,25.028040201005027],[91.79534246575342,25.028040201005027],[91.79534246575342,25.031859296482413],[91.79150684931507,25.031859296482413],[91.79150684931507,25.028040201005027]]]}},{"type":"Feature","properties":{"stage":1,"elev":11.4,"name":"river surge water"},"geometry":{"type":"Polygon","coordinates":[[[91.79534246575342,25.028040201005027],[91.79917808219179,25.028040201005027],[91.79917808219179,25.031859296482413],[91.79534246575342,25.031859296482413],[91.79534246575342,25.028040201005027]]]}},{"type":"Feature","properties":{"stage":1,"elev":11.8,"name":"river surge water"},"geometry":{"type":"Polygon","coordinates":[[[91.79917808219179,25.028040201005027],[91.80301369863014,25.028040201005027],[91.80301369863014,25.031859296482413],[91.79917808219179,25.031859296482413],[91.79917808219179,25.028040201005027]]]}},{"type":"Feature","properties":{"stage":1,"elev":11.1,"name":"river surge water"},"geometry":{"type":"Polygon","coordinates":[[[91.83753424657534,25.028040201005027],[91.8413698630137,25.028040201005027],[91.8413698630137,25.031859296482413],[91.83753424657534,25.031859296482413],[91.83753424657534,25.028040201005027]]]}},{"type":"Feature","properties":{"stage":1,"elev":11.8,"name":"river surge water"},"geometry":{"type":"Polygon","coordinates":[[[91.84904109589041,25.028040201005027],[91.85287671232877,25.028040201005027],[91.85287671232877,25.031859296482413],[91.84904109589041,25.031859296482413],[91.84904109589041,25.028040201005027]]]}},{"type":"Feature","properties":{"stage":1,"elev":11.3,"name":"river surge water"},"geometry":{"type":"Polygon","coordinates":[[[91.85287671232877,25.028040201005027],[91.85671232876712,25.028040201005027],[91.85671232876712,25.031859296482413],[91.85287671232877,25.031859296482413],[91.85287671232877,25.028040201005027]]]}},{"type":"Feature","properties":{"stage":1,"elev":11.9,"name":"river surge water"},"geometry":{"type":"Polygon","coordinates":[[[91.8758904109589,25.028040201005027],[91.87972602739725,25.028040201005027],[91.87972602739725,25.031859296482413],[91.8758904109589,25.031859296482413],[91.8758904109589,25.028040201005027]]]}},{"type":"Feature","properties":{"stage":1,"elev":9.9,"name":"river surge water"},"geometry":{"type":"Polygon","coordinates":[[[91.87972602739725,25.028040201005027],[91.88356164383562,25.028040201005027],[91.88356164383562,25.031859296482413],[91.87972602739725,25.031859296482413],[91.87972602739725,25.028040201005027]]]}},{"type":"Feature","properties":{"stage":1,"elev":11.3,"name":"river surge water"},"geometry":{"type":"Polygon","coordinates":[[[91.88356164383562,25.028040201005027],[91.88739726027397,25.028040201005027],[91.88739726027397,25.031859296482413],[91.88356164383562,25.031859296482413],[91.88356164383562,25.028040201005027]]]}},{"type":"Feature","properties":{"stage":1,"elev":11.4,"name":"river surge water"},"geometry":{"type":"Polygon","coordinates":[[[91.88739726027397,25.028040201005027],[91.89123287671232,25.028040201005027],[91.89123287671232,25.031859296482413],[91.88739726027397,25.031859296482413],[91.88739726027397,25.028040201005027]]]}},{"type":"Feature","properties":{"stage":1,"elev":10.7,"name":"river surge water"},"geometry":{"type":"Polygon","coordinates":[[[91.89123287671232,25.028040201005027],[91.89506849315069,25.028040201005027],[91.89506849315069,25.031859296482413],[91.89123287671232,25.031859296482413],[91.89123287671232,25.028040201005027]]]}},{"type":"Feature","properties":{"stage":1,"elev":10.2,"name":"river surge water"},"geometry":{"type":"Polygon","coordinates":[[[91.89506849315069,25.028040201005027],[91.89890410958904,25.028040201005027],[91.89890410958904,25.031859296482413],[91.89506849315069,25.031859296482413],[91.89506849315069,25.028040201005027]]]}},{"type":"Feature","properties":{"stage":1,"elev":10.9,"name":"river surge water"},"geometry":{"type":"Polygon","coordinates":[[[91.90273972602739,25.028040201005027],[91.90657534246576,25.028040201005027],[91.90657534246576,25.031859296482413],[91.90273972602739,25.031859296482413],[91.90273972602739,25.028040201005027]]]}},{"type":"Feature","properties":{"stage":1,"elev":10.2,"name":"river surge water"},"geometry":{"type":"Polygon","coordinates":[[[91.90657534246576,25.028040201005027],[91.91041095890411,25.028040201005027],[91.91041095890411,25.031859296482413],[91.90657534246576,25.031859296482413],[91.90657534246576,25.028040201005027]]]}},{"type":"Feature","properties":{"stage":1,"elev":9.6,"name":"river surge water"},"geometry":{"type":"Polygon","coordinates":[[[91.91041095890411,25.028040201005027],[91.91424657534246,25.028040201005027],[91.91424657534246,25.031859296482413],[91.91041095890411,25.031859296482413],[91.91041095890411,25.028040201005027]]]}},{"type":"Feature","properties":{"stage":1,"elev":10.3,"name":"river surge water"},"geometry":{"type":"Polygon","coordinates":[[[91.91424657534246,25.028040201005027],[91.91808219178083,25.028040201005027],[91.91808219178083,25.031859296482413],[91.91424657534246,25.031859296482413],[91.91424657534246,25.028040201005027]]]}},{"type":"Feature","properties":{"stage":1,"elev":10.3,"name":"river surge water"},"geometry":{"type":"Polygon","coordinates":[[[91.91808219178083,25.028040201005027],[91.92191780821918,25.028040201005027],[91.92191780821918,25.031859296482413],[91.91808219178083,25.031859296482413],[91.91808219178083,25.028040201005027]]]}},{"type":"Feature","properties":{"stage":1,"elev":10,"name":"river surge water"},"geometry":{"type":"Polygon","coordinates":[[[91.92191780821918,25.028040201005027],[91.92575342465753,25.028040201005027],[91.92575342465753,25.031859296482413],[91.92191780821918,25.031859296482413],[91.92191780821918,25.028040201005027]]]}},{"type":"Feature","properties":{"stage":1,"elev":11,"name":"river surge water"},"geometry":{"type":"Polygon","coordinates":[[[91.92575342465753,25.028040201005027],[91.92958904109588,25.028040201005027],[91.92958904109588,25.031859296482413],[91.92575342465753,25.031859296482413],[91.92575342465753,25.028040201005027]]]}},{"type":"Feature","properties":{"stage":1,"elev":11.2,"name":"river surge water"},"geometry":{"type":"Polygon","coordinates":[[[91.92958904109588,25.028040201005027],[91.93342465753425,25.028040201005027],[91.93342465753425,25.031859296482413],[91.92958904109588,25.031859296482413],[91.92958904109588,25.028040201005027]]]}},{"type":"Feature","properties":{"stage":1,"elev":10.7,"name":"river surge water"},"geometry":{"type":"Polygon","coordinates":[[[91.93342465753425,25.028040201005027],[91.9372602739726,25.028040201005027],[91.9372602739726,25.031859296482413],[91.93342465753425,25.031859296482413],[91.93342465753425,25.028040201005027]]]}},{"type":"Feature","properties":{"stage":1,"elev":11.6,"name":"river surge water"},"geometry":{"type":"Polygon","coordinates":[[[91.94109589041095,25.028040201005027],[91.94493150684931,25.028040201005027],[91.94493150684931,25.031859296482413],[91.94109589041095,25.031859296482413],[91.94109589041095,25.028040201005027]]]}},{"type":"Feature","properties":{"stage":1,"elev":10.3,"name":"river surge water"},"geometry":{"type":"Polygon","coordinates":[[[91.94493150684931,25.028040201005027],[91.94876712328767,25.028040201005027],[91.94876712328767,25.031859296482413],[91.94493150684931,25.031859296482413],[91.94493150684931,25.028040201005027]]]}},{"type":"Feature","properties":{"stage":1,"elev":10.9,"name":"river surge water"},"geometry":{"type":"Polygon","coordinates":[[[91.94876712328767,25.028040201005027],[91.95260273972602,25.028040201005027],[91.95260273972602,25.031859296482413],[91.94876712328767,25.031859296482413],[91.94876712328767,25.028040201005027]]]}},{"type":"Feature","properties":{"stage":1,"elev":11.8,"name":"river surge water"},"geometry":{"type":"Polygon","coordinates":[[[91.95643835616438,25.028040201005027],[91.96027397260274,25.028040201005027],[91.96027397260274,25.031859296482413],[91.95643835616438,25.031859296482413],[91.95643835616438,25.028040201005027]]]}},{"type":"Feature","properties":{"stage":1,"elev":10.4,"name":"river surge water"},"geometry":{"type":"Polygon","coordinates":[[[91.96027397260274,25.028040201005027],[91.96410958904109,25.028040201005027],[91.96410958904109,25.031859296482413],[91.96027397260274,25.031859296482413],[91.96027397260274,25.028040201005027]]]}},{"type":"Feature","properties":{"stage":1,"elev":11.7,"name":"river surge water"},"geometry":{"type":"Polygon","coordinates":[[[91.96794520547945,25.028040201005027],[91.9717808219178,25.028040201005027],[91.9717808219178,25.031859296482413],[91.96794520547945,25.031859296482413],[91.96794520547945,25.028040201005027]]]}},{"type":"Feature","properties":{"stage":1,"elev":11.8,"name":"river surge water"},"geometry":{"type":"Polygon","coordinates":[[[91.97945205479452,25.028040201005027],[91.98328767123287,25.028040201005027],[91.98328767123287,25.031859296482413],[91.97945205479452,25.031859296482413],[91.97945205479452,25.028040201005027]]]}},{"type":"Feature","properties":{"stage":1,"elev":10.7,"name":"river surge water"},"geometry":{"type":"Polygon","coordinates":[[[91.78383561643835,25.031859296482413],[91.78767123287672,25.031859296482413],[91.78767123287672,25.0356783919598],[91.78383561643835,25.0356783919598],[91.78383561643835,25.031859296482413]]]}},{"type":"Feature","properties":{"stage":1,"elev":11.1,"name":"river surge water"},"geometry":{"type":"Polygon","coordinates":[[[91.78767123287672,25.031859296482413],[91.79150684931507,25.031859296482413],[91.79150684931507,25.0356783919598],[91.78767123287672,25.0356783919598],[91.78767123287672,25.031859296482413]]]}},{"type":"Feature","properties":{"stage":1,"elev":11.4,"name":"river surge water"},"geometry":{"type":"Polygon","coordinates":[[[91.79150684931507,25.031859296482413],[91.79534246575342,25.031859296482413],[91.79534246575342,25.0356783919598],[91.79150684931507,25.0356783919598],[91.79150684931507,25.031859296482413]]]}},{"type":"Feature","properties":{"stage":1,"elev":11.8,"name":"river surge water"},"geometry":{"type":"Polygon","coordinates":[[[91.79534246575342,25.031859296482413],[91.79917808219179,25.031859296482413],[91.79917808219179,25.0356783919598],[91.79534246575342,25.0356783919598],[91.79534246575342,25.031859296482413]]]}},{"type":"Feature","properties":{"stage":1,"elev":11.4,"name":"river surge water"},"geometry":{"type":"Polygon","coordinates":[[[91.80684931506849,25.031859296482413],[91.81068493150686,25.031859296482413],[91.81068493150686,25.0356783919598],[91.80684931506849,25.0356783919598],[91.80684931506849,25.031859296482413]]]}},{"type":"Feature","properties":{"stage":1,"elev":11.2,"name":"river surge water"},"geometry":{"type":"Polygon","coordinates":[[[91.81068493150686,25.031859296482413],[91.81452054794521,25.031859296482413],[91.81452054794521,25.0356783919598],[91.81068493150686,25.0356783919598],[91.81068493150686,25.031859296482413]]]}},{"type":"Feature","properties":{"stage":1,"elev":10.9,"name":"river surge water"},"geometry":{"type":"Polygon","coordinates":[[[91.87972602739725,25.031859296482413],[91.88356164383562,25.031859296482413],[91.88356164383562,25.0356783919598],[91.87972602739725,25.0356783919598],[91.87972602739725,25.031859296482413]]]}},{"type":"Feature","properties":{"stage":1,"elev":10.8,"name":"river surge water"},"geometry":{"type":"Polygon","coordinates":[[[91.88356164383562,25.031859296482413],[91.88739726027397,25.031859296482413],[91.88739726027397,25.0356783919598],[91.88356164383562,25.0356783919598],[91.88356164383562,25.031859296482413]]]}},{"type":"Feature","properties":{"stage":1,"elev":11.2,"name":"river surge water"},"geometry":{"type":"Polygon","coordinates":[[[91.88739726027397,25.031859296482413],[91.89123287671232,25.031859296482413],[91.89123287671232,25.0356783919598],[91.88739726027397,25.0356783919598],[91.88739726027397,25.031859296482413]]]}},{"type":"Feature","properties":{"stage":1,"elev":11.8,"name":"river surge water"},"geometry":{"type":"Polygon","coordinates":[[[91.89123287671232,25.031859296482413],[91.89506849315069,25.031859296482413],[91.89506849315069,25.0356783919598],[91.89123287671232,25.0356783919598],[91.89123287671232,25.031859296482413]]]}},{"type":"Feature","properties":{"stage":1,"elev":11.4,"name":"river surge water"},"geometry":{"type":"Polygon","coordinates":[[[91.89890410958904,25.031859296482413],[91.90273972602739,25.031859296482413],[91.90273972602739,25.0356783919598],[91.89890410958904,25.0356783919598],[91.89890410958904,25.031859296482413]]]}},{"type":"Feature","properties":{"stage":1,"elev":11.8,"name":"river surge water"},"geometry":{"type":"Polygon","coordinates":[[[91.90273972602739,25.031859296482413],[91.90657534246576,25.031859296482413],[91.90657534246576,25.0356783919598],[91.90273972602739,25.0356783919598],[91.90273972602739,25.031859296482413]]]}},{"type":"Feature","properties":{"stage":1,"elev":10.8,"name":"river surge water"},"geometry":{"type":"Polygon","coordinates":[[[91.90657534246576,25.031859296482413],[91.91041095890411,25.031859296482413],[91.91041095890411,25.0356783919598],[91.90657534246576,25.0356783919598],[91.90657534246576,25.031859296482413]]]}},{"type":"Feature","properties":{"stage":1,"elev":10.3,"name":"river surge water"},"geometry":{"type":"Polygon","coordinates":[[[91.91041095890411,25.031859296482413],[91.91424657534246,25.031859296482413],[91.91424657534246,25.0356783919598],[91.91041095890411,25.0356783919598],[91.91041095890411,25.031859296482413]]]}},{"type":"Feature","properties":{"stage":1,"elev":10.4,"name":"river surge water"},"geometry":{"type":"Polygon","coordinates":[[[91.91424657534246,25.031859296482413],[91.91808219178083,25.031859296482413],[91.91808219178083,25.0356783919598],[91.91424657534246,25.0356783919598],[91.91424657534246,25.031859296482413]]]}},{"type":"Feature","properties":{"stage":1,"elev":11.6,"name":"river surge water"},"geometry":{"type":"Polygon","coordinates":[[[91.91808219178083,25.031859296482413],[91.92191780821918,25.031859296482413],[91.92191780821918,25.0356783919598],[91.91808219178083,25.0356783919598],[91.91808219178083,25.031859296482413]]]}},{"type":"Feature","properties":{"stage":1,"elev":10.5,"name":"river surge water"},"geometry":{"type":"Polygon","coordinates":[[[91.92191780821918,25.031859296482413],[91.92575342465753,25.031859296482413],[91.92575342465753,25.0356783919598],[91.92191780821918,25.0356783919598],[91.92191780821918,25.031859296482413]]]}},{"type":"Feature","properties":{"stage":1,"elev":10.4,"name":"river surge water"},"geometry":{"type":"Polygon","coordinates":[[[91.92575342465753,25.031859296482413],[91.92958904109588,25.031859296482413],[91.92958904109588,25.0356783919598],[91.92575342465753,25.0356783919598],[91.92575342465753,25.031859296482413]]]}},{"type":"Feature","properties":{"stage":1,"elev":10.6,"name":"river surge water"},"geometry":{"type":"Polygon","coordinates":[[[91.92958904109588,25.031859296482413],[91.93342465753425,25.031859296482413],[91.93342465753425,25.0356783919598],[91.92958904109588,25.0356783919598],[91.92958904109588,25.031859296482413]]]}},{"type":"Feature","properties":{"stage":1,"elev":12,"name":"river surge water"},"geometry":{"type":"Polygon","coordinates":[[[91.93342465753425,25.031859296482413],[91.9372602739726,25.031859296482413],[91.9372602739726,25.0356783919598],[91.93342465753425,25.0356783919598],[91.93342465753425,25.031859296482413]]]}},{"type":"Feature","properties":{"stage":1,"elev":10.4,"name":"river surge water"},"geometry":{"type":"Polygon","coordinates":[[[91.9372602739726,25.031859296482413],[91.94109589041095,25.031859296482413],[91.94109589041095,25.0356783919598],[91.9372602739726,25.0356783919598],[91.9372602739726,25.031859296482413]]]}},{"type":"Feature","properties":{"stage":1,"elev":11.5,"name":"river surge water"},"geometry":{"type":"Polygon","coordinates":[[[91.94493150684931,25.031859296482413],[91.94876712328767,25.031859296482413],[91.94876712328767,25.0356783919598],[91.94493150684931,25.0356783919598],[91.94493150684931,25.031859296482413]]]}},{"type":"Feature","properties":{"stage":1,"elev":11.3,"name":"river surge water"},"geometry":{"type":"Polygon","coordinates":[[[91.94876712328767,25.031859296482413],[91.95260273972602,25.031859296482413],[91.95260273972602,25.0356783919598],[91.94876712328767,25.0356783919598],[91.94876712328767,25.031859296482413]]]}},{"type":"Feature","properties":{"stage":1,"elev":11.8,"name":"river surge water"},"geometry":{"type":"Polygon","coordinates":[[[91.95260273972602,25.031859296482413],[91.95643835616438,25.031859296482413],[91.95643835616438,25.0356783919598],[91.95260273972602,25.0356783919598],[91.95260273972602,25.031859296482413]]]}},{"type":"Feature","properties":{"stage":1,"elev":11.6,"name":"river surge water"},"geometry":{"type":"Polygon","coordinates":[[[91.95643835616438,25.031859296482413],[91.96027397260274,25.031859296482413],[91.96027397260274,25.0356783919598],[91.95643835616438,25.0356783919598],[91.95643835616438,25.031859296482413]]]}},{"type":"Feature","properties":{"stage":1,"elev":11.4,"name":"river surge water"},"geometry":{"type":"Polygon","coordinates":[[[91.96027397260274,25.031859296482413],[91.96410958904109,25.031859296482413],[91.96410958904109,25.0356783919598],[91.96027397260274,25.0356783919598],[91.96027397260274,25.031859296482413]]]}},{"type":"Feature","properties":{"stage":1,"elev":12,"name":"river surge water"},"geometry":{"type":"Polygon","coordinates":[[[91.96410958904109,25.031859296482413],[91.96794520547945,25.031859296482413],[91.96794520547945,25.0356783919598],[91.96410958904109,25.0356783919598],[91.96410958904109,25.031859296482413]]]}},{"type":"Feature","properties":{"stage":1,"elev":11.8,"name":"river surge water"},"geometry":{"type":"Polygon","coordinates":[[[91.87972602739725,25.0356783919598],[91.88356164383562,25.0356783919598],[91.88356164383562,25.03949748743719],[91.87972602739725,25.03949748743719],[91.87972602739725,25.0356783919598]]]}},{"type":"Feature","properties":{"stage":1,"elev":11.3,"name":"river surge water"},"geometry":{"type":"Polygon","coordinates":[[[91.88356164383562,25.0356783919598],[91.88739726027397,25.0356783919598],[91.88739726027397,25.03949748743719],[91.88356164383562,25.03949748743719],[91.88356164383562,25.0356783919598]]]}},{"type":"Feature","properties":{"stage":1,"elev":11.5,"name":"river surge water"},"geometry":{"type":"Polygon","coordinates":[[[91.88739726027397,25.0356783919598],[91.89123287671232,25.0356783919598],[91.89123287671232,25.03949748743719],[91.88739726027397,25.03949748743719],[91.88739726027397,25.0356783919598]]]}},{"type":"Feature","properties":{"stage":1,"elev":10.9,"name":"river surge water"},"geometry":{"type":"Polygon","coordinates":[[[91.89123287671232,25.0356783919598],[91.89506849315069,25.0356783919598],[91.89506849315069,25.03949748743719],[91.89123287671232,25.03949748743719],[91.89123287671232,25.0356783919598]]]}},{"type":"Feature","properties":{"stage":1,"elev":12,"name":"river surge water"},"geometry":{"type":"Polygon","coordinates":[[[91.89506849315069,25.0356783919598],[91.89890410958904,25.0356783919598],[91.89890410958904,25.03949748743719],[91.89506849315069,25.03949748743719],[91.89506849315069,25.0356783919598]]]}},{"type":"Feature","properties":{"stage":1,"elev":10.8,"name":"river surge water"},"geometry":{"type":"Polygon","coordinates":[[[91.89890410958904,25.0356783919598],[91.90273972602739,25.0356783919598],[91.90273972602739,25.03949748743719],[91.89890410958904,25.03949748743719],[91.89890410958904,25.0356783919598]]]}},{"type":"Feature","properties":{"stage":1,"elev":11.3,"name":"river surge water"},"geometry":{"type":"Polygon","coordinates":[[[91.90273972602739,25.0356783919598],[91.90657534246576,25.0356783919598],[91.90657534246576,25.03949748743719],[91.90273972602739,25.03949748743719],[91.90273972602739,25.0356783919598]]]}},{"type":"Feature","properties":{"stage":1,"elev":11.2,"name":"river surge water"},"geometry":{"type":"Polygon","coordinates":[[[91.90657534246576,25.0356783919598],[91.91041095890411,25.0356783919598],[91.91041095890411,25.03949748743719],[91.90657534246576,25.03949748743719],[91.90657534246576,25.0356783919598]]]}},{"type":"Feature","properties":{"stage":1,"elev":11.5,"name":"river surge water"},"geometry":{"type":"Polygon","coordinates":[[[91.91041095890411,25.0356783919598],[91.91424657534246,25.0356783919598],[91.91424657534246,25.03949748743719],[91.91041095890411,25.03949748743719],[91.91041095890411,25.0356783919598]]]}},{"type":"Feature","properties":{"stage":1,"elev":11.3,"name":"river surge water"},"geometry":{"type":"Polygon","coordinates":[[[91.91424657534246,25.0356783919598],[91.91808219178083,25.0356783919598],[91.91808219178083,25.03949748743719],[91.91424657534246,25.03949748743719],[91.91424657534246,25.0356783919598]]]}},{"type":"Feature","properties":{"stage":1,"elev":10.5,"name":"river surge water"},"geometry":{"type":"Polygon","coordinates":[[[91.91808219178083,25.0356783919598],[91.92191780821918,25.0356783919598],[91.92191780821918,25.03949748743719],[91.91808219178083,25.03949748743719],[91.91808219178083,25.0356783919598]]]}},{"type":"Feature","properties":{"stage":1,"elev":10.9,"name":"river surge water"},"geometry":{"type":"Polygon","coordinates":[[[91.92191780821918,25.0356783919598],[91.92575342465753,25.0356783919598],[91.92575342465753,25.03949748743719],[91.92191780821918,25.03949748743719],[91.92191780821918,25.0356783919598]]]}},{"type":"Feature","properties":{"stage":1,"elev":11.5,"name":"river surge water"},"geometry":{"type":"Polygon","coordinates":[[[91.92575342465753,25.0356783919598],[91.92958904109588,25.0356783919598],[91.92958904109588,25.03949748743719],[91.92575342465753,25.03949748743719],[91.92575342465753,25.0356783919598]]]}},{"type":"Feature","properties":{"stage":1,"elev":11.3,"name":"river surge water"},"geometry":{"type":"Polygon","coordinates":[[[91.92958904109588,25.0356783919598],[91.93342465753425,25.0356783919598],[91.93342465753425,25.03949748743719],[91.92958904109588,25.03949748743719],[91.92958904109588,25.0356783919598]]]}},{"type":"Feature","properties":{"stage":1,"elev":10.9,"name":"river surge water"},"geometry":{"type":"Polygon","coordinates":[[[91.93342465753425,25.0356783919598],[91.9372602739726,25.0356783919598],[91.9372602739726,25.03949748743719],[91.93342465753425,25.03949748743719],[91.93342465753425,25.0356783919598]]]}},{"type":"Feature","properties":{"stage":1,"elev":10.6,"name":"river surge water"},"geometry":{"type":"Polygon","coordinates":[[[91.9372602739726,25.0356783919598],[91.94109589041095,25.0356783919598],[91.94109589041095,25.03949748743719],[91.9372602739726,25.03949748743719],[91.9372602739726,25.0356783919598]]]}},{"type":"Feature","properties":{"stage":1,"elev":11.2,"name":"river surge water"},"geometry":{"type":"Polygon","coordinates":[[[91.94109589041095,25.0356783919598],[91.94493150684931,25.0356783919598],[91.94493150684931,25.03949748743719],[91.94109589041095,25.03949748743719],[91.94109589041095,25.0356783919598]]]}},{"type":"Feature","properties":{"stage":1,"elev":12,"name":"river surge water"},"geometry":{"type":"Polygon","coordinates":[[[91.94876712328767,25.0356783919598],[91.95260273972602,25.0356783919598],[91.95260273972602,25.03949748743719],[91.94876712328767,25.03949748743719],[91.94876712328767,25.0356783919598]]]}},{"type":"Feature","properties":{"stage":1,"elev":11.7,"name":"river surge water"},"geometry":{"type":"Polygon","coordinates":[[[91.95260273972602,25.0356783919598],[91.95643835616438,25.0356783919598],[91.95643835616438,25.03949748743719],[91.95260273972602,25.03949748743719],[91.95260273972602,25.0356783919598]]]}},{"type":"Feature","properties":{"stage":1,"elev":11.6,"name":"river surge water"},"geometry":{"type":"Polygon","coordinates":[[[91.95643835616438,25.0356783919598],[91.96027397260274,25.0356783919598],[91.96027397260274,25.03949748743719],[91.95643835616438,25.03949748743719],[91.95643835616438,25.0356783919598]]]}},{"type":"Feature","properties":{"stage":1,"elev":10.6,"name":"river surge water"},"geometry":{"type":"Polygon","coordinates":[[[91.96410958904109,25.0356783919598],[91.96794520547945,25.0356783919598],[91.96794520547945,25.03949748743719],[91.96410958904109,25.03949748743719],[91.96410958904109,25.0356783919598]]]}},{"type":"Feature","properties":{"stage":1,"elev":10.6,"name":"river surge water"},"geometry":{"type":"Polygon","coordinates":[[[91.96794520547945,25.0356783919598],[91.9717808219178,25.0356783919598],[91.9717808219178,25.03949748743719],[91.96794520547945,25.03949748743719],[91.96794520547945,25.0356783919598]]]}},{"type":"Feature","properties":{"stage":1,"elev":11.1,"name":"river surge water"},"geometry":{"type":"Polygon","coordinates":[[[91.9717808219178,25.0356783919598],[91.97561643835616,25.0356783919598],[91.97561643835616,25.03949748743719],[91.9717808219178,25.03949748743719],[91.9717808219178,25.0356783919598]]]}},{"type":"Feature","properties":{"stage":1,"elev":11.9,"name":"river surge water"},"geometry":{"type":"Polygon","coordinates":[[[91.84520547945205,25.03949748743719],[91.84904109589041,25.03949748743719],[91.84904109589041,25.043316582914574],[91.84520547945205,25.043316582914574],[91.84520547945205,25.03949748743719]]]}},{"type":"Feature","properties":{"stage":1,"elev":11.2,"name":"river surge water"},"geometry":{"type":"Polygon","coordinates":[[[91.88739726027397,25.03949748743719],[91.89123287671232,25.03949748743719],[91.89123287671232,25.043316582914574],[91.88739726027397,25.043316582914574],[91.88739726027397,25.03949748743719]]]}},{"type":"Feature","properties":{"stage":1,"elev":11.2,"name":"river surge water"},"geometry":{"type":"Polygon","coordinates":[[[91.89123287671232,25.03949748743719],[91.89506849315069,25.03949748743719],[91.89506849315069,25.043316582914574],[91.89123287671232,25.043316582914574],[91.89123287671232,25.03949748743719]]]}},{"type":"Feature","properties":{"stage":1,"elev":11,"name":"river surge water"},"geometry":{"type":"Polygon","coordinates":[[[91.89506849315069,25.03949748743719],[91.89890410958904,25.03949748743719],[91.89890410958904,25.043316582914574],[91.89506849315069,25.043316582914574],[91.89506849315069,25.03949748743719]]]}},{"type":"Feature","properties":{"stage":1,"elev":11.2,"name":"river surge water"},"geometry":{"type":"Polygon","coordinates":[[[91.89890410958904,25.03949748743719],[91.90273972602739,25.03949748743719],[91.90273972602739,25.043316582914574],[91.89890410958904,25.043316582914574],[91.89890410958904,25.03949748743719]]]}},{"type":"Feature","properties":{"stage":1,"elev":11.2,"name":"river surge water"},"geometry":{"type":"Polygon","coordinates":[[[91.90273972602739,25.03949748743719],[91.90657534246576,25.03949748743719],[91.90657534246576,25.043316582914574],[91.90273972602739,25.043316582914574],[91.90273972602739,25.03949748743719]]]}},{"type":"Feature","properties":{"stage":1,"elev":10.7,"name":"river surge water"},"geometry":{"type":"Polygon","coordinates":[[[91.90657534246576,25.03949748743719],[91.91041095890411,25.03949748743719],[91.91041095890411,25.043316582914574],[91.90657534246576,25.043316582914574],[91.90657534246576,25.03949748743719]]]}},{"type":"Feature","properties":{"stage":1,"elev":10.1,"name":"river surge water"},"geometry":{"type":"Polygon","coordinates":[[[91.91041095890411,25.03949748743719],[91.91424657534246,25.03949748743719],[91.91424657534246,25.043316582914574],[91.91041095890411,25.043316582914574],[91.91041095890411,25.03949748743719]]]}},{"type":"Feature","properties":{"stage":1,"elev":9.8,"name":"river surge water"},"geometry":{"type":"Polygon","coordinates":[[[91.91424657534246,25.03949748743719],[91.91808219178083,25.03949748743719],[91.91808219178083,25.043316582914574],[91.91424657534246,25.043316582914574],[91.91424657534246,25.03949748743719]]]}},{"type":"Feature","properties":{"stage":1,"elev":11.4,"name":"river surge water"},"geometry":{"type":"Polygon","coordinates":[[[91.91808219178083,25.03949748743719],[91.92191780821918,25.03949748743719],[91.92191780821918,25.043316582914574],[91.91808219178083,25.043316582914574],[91.91808219178083,25.03949748743719]]]}},{"type":"Feature","properties":{"stage":1,"elev":10.4,"name":"river surge water"},"geometry":{"type":"Polygon","coordinates":[[[91.92191780821918,25.03949748743719],[91.92575342465753,25.03949748743719],[91.92575342465753,25.043316582914574],[91.92191780821918,25.043316582914574],[91.92191780821918,25.03949748743719]]]}},{"type":"Feature","properties":{"stage":1,"elev":11.5,"name":"river surge water"},"geometry":{"type":"Polygon","coordinates":[[[91.92575342465753,25.03949748743719],[91.92958904109588,25.03949748743719],[91.92958904109588,25.043316582914574],[91.92575342465753,25.043316582914574],[91.92575342465753,25.03949748743719]]]}},{"type":"Feature","properties":{"stage":1,"elev":11.7,"name":"river surge water"},"geometry":{"type":"Polygon","coordinates":[[[91.92958904109588,25.03949748743719],[91.93342465753425,25.03949748743719],[91.93342465753425,25.043316582914574],[91.92958904109588,25.043316582914574],[91.92958904109588,25.03949748743719]]]}},{"type":"Feature","properties":{"stage":1,"elev":11.6,"name":"river surge water"},"geometry":{"type":"Polygon","coordinates":[[[91.9372602739726,25.03949748743719],[91.94109589041095,25.03949748743719],[91.94109589041095,25.043316582914574],[91.9372602739726,25.043316582914574],[91.9372602739726,25.03949748743719]]]}},{"type":"Feature","properties":{"stage":1,"elev":11,"name":"river surge water"},"geometry":{"type":"Polygon","coordinates":[[[91.94109589041095,25.03949748743719],[91.94493150684931,25.03949748743719],[91.94493150684931,25.043316582914574],[91.94109589041095,25.043316582914574],[91.94109589041095,25.03949748743719]]]}},{"type":"Feature","properties":{"stage":1,"elev":11.8,"name":"river surge water"},"geometry":{"type":"Polygon","coordinates":[[[91.95260273972602,25.03949748743719],[91.95643835616438,25.03949748743719],[91.95643835616438,25.043316582914574],[91.95260273972602,25.043316582914574],[91.95260273972602,25.03949748743719]]]}},{"type":"Feature","properties":{"stage":1,"elev":11.7,"name":"river surge water"},"geometry":{"type":"Polygon","coordinates":[[[91.96410958904109,25.03949748743719],[91.96794520547945,25.03949748743719],[91.96794520547945,25.043316582914574],[91.96410958904109,25.043316582914574],[91.96410958904109,25.03949748743719]]]}},{"type":"Feature","properties":{"stage":1,"elev":11.6,"name":"river surge water"},"geometry":{"type":"Polygon","coordinates":[[[91.81068493150686,25.043316582914574],[91.81452054794521,25.043316582914574],[91.81452054794521,25.04713567839196],[91.81068493150686,25.04713567839196],[91.81068493150686,25.043316582914574]]]}},{"type":"Feature","properties":{"stage":1,"elev":11.8,"name":"river surge water"},"geometry":{"type":"Polygon","coordinates":[[[91.88356164383562,25.043316582914574],[91.88739726027397,25.043316582914574],[91.88739726027397,25.04713567839196],[91.88356164383562,25.04713567839196],[91.88356164383562,25.043316582914574]]]}},{"type":"Feature","properties":{"stage":1,"elev":10.3,"name":"river surge water"},"geometry":{"type":"Polygon","coordinates":[[[91.88739726027397,25.043316582914574],[91.89123287671232,25.043316582914574],[91.89123287671232,25.04713567839196],[91.88739726027397,25.04713567839196],[91.88739726027397,25.043316582914574]]]}},{"type":"Feature","properties":{"stage":1,"elev":9,"name":"river surge water"},"geometry":{"type":"Polygon","coordinates":[[[91.89123287671232,25.043316582914574],[91.89506849315069,25.043316582914574],[91.89506849315069,25.04713567839196],[91.89123287671232,25.04713567839196],[91.89123287671232,25.043316582914574]]]}},{"type":"Feature","properties":{"stage":1,"elev":8.9,"name":"river surge water"},"geometry":{"type":"Polygon","coordinates":[[[91.89506849315069,25.043316582914574],[91.89890410958904,25.043316582914574],[91.89890410958904,25.04713567839196],[91.89506849315069,25.04713567839196],[91.89506849315069,25.043316582914574]]]}},{"type":"Feature","properties":{"stage":1,"elev":11,"name":"river surge water"},"geometry":{"type":"Polygon","coordinates":[[[91.89890410958904,25.043316582914574],[91.90273972602739,25.043316582914574],[91.90273972602739,25.04713567839196],[91.89890410958904,25.04713567839196],[91.89890410958904,25.043316582914574]]]}},{"type":"Feature","properties":{"stage":1,"elev":11.7,"name":"river surge water"},"geometry":{"type":"Polygon","coordinates":[[[91.90273972602739,25.043316582914574],[91.90657534246576,25.043316582914574],[91.90657534246576,25.04713567839196],[91.90273972602739,25.04713567839196],[91.90273972602739,25.043316582914574]]]}},{"type":"Feature","properties":{"stage":1,"elev":11.4,"name":"river surge water"},"geometry":{"type":"Polygon","coordinates":[[[91.90657534246576,25.043316582914574],[91.91041095890411,25.043316582914574],[91.91041095890411,25.04713567839196],[91.90657534246576,25.04713567839196],[91.90657534246576,25.043316582914574]]]}},{"type":"Feature","properties":{"stage":1,"elev":11.1,"name":"river surge water"},"geometry":{"type":"Polygon","coordinates":[[[91.91041095890411,25.043316582914574],[91.91424657534246,25.043316582914574],[91.91424657534246,25.04713567839196],[91.91041095890411,25.04713567839196],[91.91041095890411,25.043316582914574]]]}},{"type":"Feature","properties":{"stage":1,"elev":11.9,"name":"river surge water"},"geometry":{"type":"Polygon","coordinates":[[[91.91424657534246,25.043316582914574],[91.91808219178083,25.043316582914574],[91.91808219178083,25.04713567839196],[91.91424657534246,25.04713567839196],[91.91424657534246,25.043316582914574]]]}},{"type":"Feature","properties":{"stage":1,"elev":11.4,"name":"river surge water"},"geometry":{"type":"Polygon","coordinates":[[[91.91808219178083,25.043316582914574],[91.92191780821918,25.043316582914574],[91.92191780821918,25.04713567839196],[91.91808219178083,25.04713567839196],[91.91808219178083,25.043316582914574]]]}},{"type":"Feature","properties":{"stage":1,"elev":11.4,"name":"river surge water"},"geometry":{"type":"Polygon","coordinates":[[[91.92191780821918,25.043316582914574],[91.92575342465753,25.043316582914574],[91.92575342465753,25.04713567839196],[91.92191780821918,25.04713567839196],[91.92191780821918,25.043316582914574]]]}},{"type":"Feature","properties":{"stage":1,"elev":11.8,"name":"river surge water"},"geometry":{"type":"Polygon","coordinates":[[[91.92575342465753,25.043316582914574],[91.92958904109588,25.043316582914574],[91.92958904109588,25.04713567839196],[91.92575342465753,25.04713567839196],[91.92575342465753,25.043316582914574]]]}},{"type":"Feature","properties":{"stage":1,"elev":11.3,"name":"river surge water"},"geometry":{"type":"Polygon","coordinates":[[[91.92958904109588,25.043316582914574],[91.93342465753425,25.043316582914574],[91.93342465753425,25.04713567839196],[91.92958904109588,25.04713567839196],[91.92958904109588,25.043316582914574]]]}},{"type":"Feature","properties":{"stage":1,"elev":11.8,"name":"river surge water"},"geometry":{"type":"Polygon","coordinates":[[[91.94493150684931,25.043316582914574],[91.94876712328767,25.043316582914574],[91.94876712328767,25.04713567839196],[91.94493150684931,25.04713567839196],[91.94493150684931,25.043316582914574]]]}},{"type":"Feature","properties":{"stage":1,"elev":11.4,"name":"river surge water"},"geometry":{"type":"Polygon","coordinates":[[[91.94876712328767,25.043316582914574],[91.95260273972602,25.043316582914574],[91.95260273972602,25.04713567839196],[91.94876712328767,25.04713567839196],[91.94876712328767,25.043316582914574]]]}},{"type":"Feature","properties":{"stage":2,"elev":11.8,"name":"haor basin fill"},"geometry":{"type":"Polygon","coordinates":[[[91.78,24.86],[91.78383561643835,24.86],[91.78383561643835,24.863819095477385],[91.78,24.863819095477385],[91.78,24.86]]]}},{"type":"Feature","properties":{"stage":2,"elev":12.4,"name":"haor basin fill"},"geometry":{"type":"Polygon","coordinates":[[[91.88356164383562,24.86],[91.88739726027397,24.86],[91.88739726027397,24.863819095477385],[91.88356164383562,24.863819095477385],[91.88356164383562,24.86]]]}},{"type":"Feature","properties":{"stage":2,"elev":12.3,"name":"haor basin fill"},"geometry":{"type":"Polygon","coordinates":[[[91.88739726027397,24.86],[91.89123287671232,24.86],[91.89123287671232,24.863819095477385],[91.88739726027397,24.863819095477385],[91.88739726027397,24.86]]]}},{"type":"Feature","properties":{"stage":2,"elev":12.6,"name":"haor basin fill"},"geometry":{"type":"Polygon","coordinates":[[[91.90273972602739,24.86],[91.90657534246576,24.86],[91.90657534246576,24.863819095477385],[91.90273972602739,24.863819095477385],[91.90273972602739,24.86]]]}},{"type":"Feature","properties":{"stage":2,"elev":11.8,"name":"haor basin fill"},"geometry":{"type":"Polygon","coordinates":[[[91.90657534246576,24.86],[91.91041095890411,24.86],[91.91041095890411,24.863819095477385],[91.90657534246576,24.863819095477385],[91.90657534246576,24.86]]]}},{"type":"Feature","properties":{"stage":2,"elev":11.6,"name":"haor basin fill"},"geometry":{"type":"Polygon","coordinates":[[[91.78,24.863819095477385],[91.78383561643835,24.863819095477385],[91.78383561643835,24.867638190954775],[91.78,24.867638190954775],[91.78,24.863819095477385]]]}},{"type":"Feature","properties":{"stage":2,"elev":12.7,"name":"haor basin fill"},"geometry":{"type":"Polygon","coordinates":[[[91.78383561643835,24.863819095477385],[91.78767123287672,24.863819095477385],[91.78767123287672,24.867638190954775],[91.78383561643835,24.867638190954775],[91.78383561643835,24.863819095477385]]]}},{"type":"Feature","properties":{"stage":2,"elev":12.9,"name":"haor basin fill"},"geometry":{"type":"Polygon","coordinates":[[[91.78767123287672,24.863819095477385],[91.79150684931507,24.863819095477385],[91.79150684931507,24.867638190954775],[91.78767123287672,24.867638190954775],[91.78767123287672,24.863819095477385]]]}},{"type":"Feature","properties":{"stage":2,"elev":12.3,"name":"haor basin fill"},"geometry":{"type":"Polygon","coordinates":[[[91.79150684931507,24.863819095477385],[91.79534246575342,24.863819095477385],[91.79534246575342,24.867638190954775],[91.79150684931507,24.867638190954775],[91.79150684931507,24.863819095477385]]]}},{"type":"Feature","properties":{"stage":2,"elev":12.5,"name":"haor basin fill"},"geometry":{"type":"Polygon","coordinates":[[[91.80684931506849,24.863819095477385],[91.81068493150686,24.863819095477385],[91.81068493150686,24.867638190954775],[91.80684931506849,24.867638190954775],[91.80684931506849,24.863819095477385]]]}},{"type":"Feature","properties":{"stage":2,"elev":12.4,"name":"haor basin fill"},"geometry":{"type":"Polygon","coordinates":[[[91.85671232876712,24.863819095477385],[91.86054794520548,24.863819095477385],[91.86054794520548,24.867638190954775],[91.85671232876712,24.867638190954775],[91.85671232876712,24.863819095477385]]]}},{"type":"Feature","properties":{"stage":2,"elev":12,"name":"haor basin fill"},"geometry":{"type":"Polygon","coordinates":[[[91.86054794520548,24.863819095477385],[91.86438356164383,24.863819095477385],[91.86438356164383,24.867638190954775],[91.86054794520548,24.867638190954775],[91.86054794520548,24.863819095477385]]]}},{"type":"Feature","properties":{"stage":2,"elev":11.8,"name":"haor basin fill"},"geometry":{"type":"Polygon","coordinates":[[[91.88739726027397,24.863819095477385],[91.89123287671232,24.863819095477385],[91.89123287671232,24.867638190954775],[91.88739726027397,24.867638190954775],[91.88739726027397,24.863819095477385]]]}},{"type":"Feature","properties":{"stage":2,"elev":11.9,"name":"haor basin fill"},"geometry":{"type":"Polygon","coordinates":[[[91.78,24.867638190954775],[91.78383561643835,24.867638190954775],[91.78383561643835,24.87145728643216],[91.78,24.87145728643216],[91.78,24.867638190954775]]]}},{"type":"Feature","properties":{"stage":2,"elev":12.8,"name":"haor basin fill"},"geometry":{"type":"Polygon","coordinates":[[[91.79150684931507,24.867638190954775],[91.79534246575342,24.867638190954775],[91.79534246575342,24.87145728643216],[91.79150684931507,24.87145728643216],[91.79150684931507,24.867638190954775]]]}},{"type":"Feature","properties":{"stage":2,"elev":12.5,"name":"haor basin fill"},"geometry":{"type":"Polygon","coordinates":[[[91.79917808219179,24.867638190954775],[91.80301369863014,24.867638190954775],[91.80301369863014,24.87145728643216],[91.79917808219179,24.87145728643216],[91.79917808219179,24.867638190954775]]]}},{"type":"Feature","properties":{"stage":2,"elev":12.8,"name":"haor basin fill"},"geometry":{"type":"Polygon","coordinates":[[[91.80301369863014,24.867638190954775],[91.80684931506849,24.867638190954775],[91.80684931506849,24.87145728643216],[91.80301369863014,24.87145728643216],[91.80301369863014,24.867638190954775]]]}},{"type":"Feature","properties":{"stage":2,"elev":11.6,"name":"haor basin fill"},"geometry":{"type":"Polygon","coordinates":[[[91.82602739726028,24.867638190954775],[91.82986301369863,24.867638190954775],[91.82986301369863,24.87145728643216],[91.82602739726028,24.87145728643216],[91.82602739726028,24.867638190954775]]]}},{"type":"Feature","properties":{"stage":2,"elev":12.5,"name":"haor basin fill"},"geometry":{"type":"Polygon","coordinates":[[[91.94876712328767,24.867638190954775],[91.95260273972602,24.867638190954775],[91.95260273972602,24.87145728643216],[91.94876712328767,24.87145728643216],[91.94876712328767,24.867638190954775]]]}},{"type":"Feature","properties":{"stage":2,"elev":12.9,"name":"haor basin fill"},"geometry":{"type":"Polygon","coordinates":[[[91.78,24.87145728643216],[91.78383561643835,24.87145728643216],[91.78383561643835,24.875276381909547],[91.78,24.875276381909547],[91.78,24.87145728643216]]]}},{"type":"Feature","properties":{"stage":2,"elev":12,"name":"haor basin fill"},"geometry":{"type":"Polygon","coordinates":[[[91.78383561643835,24.87145728643216],[91.78767123287672,24.87145728643216],[91.78767123287672,24.875276381909547],[91.78383561643835,24.875276381909547],[91.78383561643835,24.87145728643216]]]}},{"type":"Feature","properties":{"stage":2,"elev":12.6,"name":"haor basin fill"},"geometry":{"type":"Polygon","coordinates":[[[91.94109589041095,24.87145728643216],[91.94493150684931,24.87145728643216],[91.94493150684931,24.875276381909547],[91.94109589041095,24.875276381909547],[91.94109589041095,24.87145728643216]]]}},{"type":"Feature","properties":{"stage":2,"elev":12.1,"name":"haor basin fill"},"geometry":{"type":"Polygon","coordinates":[[[91.94493150684931,24.87145728643216],[91.94876712328767,24.87145728643216],[91.94876712328767,24.875276381909547],[91.94493150684931,24.875276381909547],[91.94493150684931,24.87145728643216]]]}},{"type":"Feature","properties":{"stage":2,"elev":11.6,"name":"haor basin fill"},"geometry":{"type":"Polygon","coordinates":[[[91.94876712328767,24.87145728643216],[91.95260273972602,24.87145728643216],[91.95260273972602,24.875276381909547],[91.94876712328767,24.875276381909547],[91.94876712328767,24.87145728643216]]]}},{"type":"Feature","properties":{"stage":2,"elev":12.6,"name":"haor basin fill"},"geometry":{"type":"Polygon","coordinates":[[[91.95260273972602,24.87145728643216],[91.95643835616438,24.87145728643216],[91.95643835616438,24.875276381909547],[91.95260273972602,24.875276381909547],[91.95260273972602,24.87145728643216]]]}},{"type":"Feature","properties":{"stage":2,"elev":12.9,"name":"haor basin fill"},"geometry":{"type":"Polygon","coordinates":[[[91.96794520547945,24.87145728643216],[91.9717808219178,24.87145728643216],[91.9717808219178,24.875276381909547],[91.96794520547945,24.875276381909547],[91.96794520547945,24.87145728643216]]]}},{"type":"Feature","properties":{"stage":2,"elev":12,"name":"haor basin fill"},"geometry":{"type":"Polygon","coordinates":[[[91.78383561643835,24.875276381909547],[91.78767123287672,24.875276381909547],[91.78767123287672,24.879095477386933],[91.78383561643835,24.879095477386933],[91.78383561643835,24.875276381909547]]]}},{"type":"Feature","properties":{"stage":2,"elev":12.1,"name":"haor basin fill"},"geometry":{"type":"Polygon","coordinates":[[[91.81835616438356,24.875276381909547],[91.82219178082192,24.875276381909547],[91.82219178082192,24.879095477386933],[91.81835616438356,24.879095477386933],[91.81835616438356,24.875276381909547]]]}},{"type":"Feature","properties":{"stage":2,"elev":12.8,"name":"haor basin fill"},"geometry":{"type":"Polygon","coordinates":[[[91.82219178082192,24.875276381909547],[91.82602739726028,24.875276381909547],[91.82602739726028,24.879095477386933],[91.82219178082192,24.879095477386933],[91.82219178082192,24.875276381909547]]]}},{"type":"Feature","properties":{"stage":2,"elev":12.9,"name":"haor basin fill"},"geometry":{"type":"Polygon","coordinates":[[[91.84520547945205,24.875276381909547],[91.84904109589041,24.875276381909547],[91.84904109589041,24.879095477386933],[91.84520547945205,24.879095477386933],[91.84520547945205,24.875276381909547]]]}},{"type":"Feature","properties":{"stage":2,"elev":12.7,"name":"haor basin fill"},"geometry":{"type":"Polygon","coordinates":[[[91.88739726027397,24.875276381909547],[91.89123287671232,24.875276381909547],[91.89123287671232,24.879095477386933],[91.88739726027397,24.879095477386933],[91.88739726027397,24.875276381909547]]]}},{"type":"Feature","properties":{"stage":2,"elev":12.1,"name":"haor basin fill"},"geometry":{"type":"Polygon","coordinates":[[[91.92958904109588,24.875276381909547],[91.93342465753425,24.875276381909547],[91.93342465753425,24.879095477386933],[91.92958904109588,24.879095477386933],[91.92958904109588,24.875276381909547]]]}},{"type":"Feature","properties":{"stage":2,"elev":12.8,"name":"haor basin fill"},"geometry":{"type":"Polygon","coordinates":[[[91.9372602739726,24.875276381909547],[91.94109589041095,24.875276381909547],[91.94109589041095,24.879095477386933],[91.9372602739726,24.879095477386933],[91.9372602739726,24.875276381909547]]]}},{"type":"Feature","properties":{"stage":2,"elev":12.6,"name":"haor basin fill"},"geometry":{"type":"Polygon","coordinates":[[[91.94493150684931,24.875276381909547],[91.94876712328767,24.875276381909547],[91.94876712328767,24.879095477386933],[91.94493150684931,24.879095477386933],[91.94493150684931,24.875276381909547]]]}},{"type":"Feature","properties":{"stage":2,"elev":12.6,"name":"haor basin fill"},"geometry":{"type":"Polygon","coordinates":[[[91.94876712328767,24.875276381909547],[91.95260273972602,24.875276381909547],[91.95260273972602,24.879095477386933],[91.94876712328767,24.879095477386933],[91.94876712328767,24.875276381909547]]]}},{"type":"Feature","properties":{"stage":2,"elev":12.3,"name":"haor basin fill"},"geometry":{"type":"Polygon","coordinates":[[[91.95260273972602,24.875276381909547],[91.95643835616438,24.875276381909547],[91.95643835616438,24.879095477386933],[91.95260273972602,24.879095477386933],[91.95260273972602,24.875276381909547]]]}},{"type":"Feature","properties":{"stage":2,"elev":12,"name":"haor basin fill"},"geometry":{"type":"Polygon","coordinates":[[[91.95643835616438,24.875276381909547],[91.96027397260274,24.875276381909547],[91.96027397260274,24.879095477386933],[91.95643835616438,24.879095477386933],[91.95643835616438,24.875276381909547]]]}},{"type":"Feature","properties":{"stage":2,"elev":11.6,"name":"haor basin fill"},"geometry":{"type":"Polygon","coordinates":[[[91.96794520547945,24.875276381909547],[91.9717808219178,24.875276381909547],[91.9717808219178,24.879095477386933],[91.96794520547945,24.879095477386933],[91.96794520547945,24.875276381909547]]]}},{"type":"Feature","properties":{"stage":2,"elev":12.8,"name":"haor basin fill"},"geometry":{"type":"Polygon","coordinates":[[[91.97561643835616,24.875276381909547],[91.97945205479452,24.875276381909547],[91.97945205479452,24.879095477386933],[91.97561643835616,24.879095477386933],[91.97561643835616,24.875276381909547]]]}},{"type":"Feature","properties":{"stage":2,"elev":12.2,"name":"haor basin fill"},"geometry":{"type":"Polygon","coordinates":[[[91.79534246575342,24.879095477386933],[91.79917808219179,24.879095477386933],[91.79917808219179,24.882914572864323],[91.79534246575342,24.882914572864323],[91.79534246575342,24.879095477386933]]]}},{"type":"Feature","properties":{"stage":2,"elev":12.8,"name":"haor basin fill"},"geometry":{"type":"Polygon","coordinates":[[[91.81835616438356,24.879095477386933],[91.82219178082192,24.879095477386933],[91.82219178082192,24.882914572864323],[91.81835616438356,24.882914572864323],[91.81835616438356,24.879095477386933]]]}},{"type":"Feature","properties":{"stage":2,"elev":12.1,"name":"haor basin fill"},"geometry":{"type":"Polygon","coordinates":[[[91.92958904109588,24.879095477386933],[91.93342465753425,24.879095477386933],[91.93342465753425,24.882914572864323],[91.92958904109588,24.882914572864323],[91.92958904109588,24.879095477386933]]]}},{"type":"Feature","properties":{"stage":2,"elev":12.9,"name":"haor basin fill"},"geometry":{"type":"Polygon","coordinates":[[[91.93342465753425,24.879095477386933],[91.9372602739726,24.879095477386933],[91.9372602739726,24.882914572864323],[91.93342465753425,24.882914572864323],[91.93342465753425,24.879095477386933]]]}},{"type":"Feature","properties":{"stage":2,"elev":12.9,"name":"haor basin fill"},"geometry":{"type":"Polygon","coordinates":[[[91.9372602739726,24.879095477386933],[91.94109589041095,24.879095477386933],[91.94109589041095,24.882914572864323],[91.9372602739726,24.882914572864323],[91.9372602739726,24.879095477386933]]]}},{"type":"Feature","properties":{"stage":2,"elev":12.6,"name":"haor basin fill"},"geometry":{"type":"Polygon","coordinates":[[[91.94876712328767,24.879095477386933],[91.95260273972602,24.879095477386933],[91.95260273972602,24.882914572864323],[91.94876712328767,24.882914572864323],[91.94876712328767,24.879095477386933]]]}},{"type":"Feature","properties":{"stage":2,"elev":11.5,"name":"haor basin fill"},"geometry":{"type":"Polygon","coordinates":[[[91.95260273972602,24.879095477386933],[91.95643835616438,24.879095477386933],[91.95643835616438,24.882914572864323],[91.95260273972602,24.882914572864323],[91.95260273972602,24.879095477386933]]]}},{"type":"Feature","properties":{"stage":2,"elev":12,"name":"haor basin fill"},"geometry":{"type":"Polygon","coordinates":[[[91.95643835616438,24.879095477386933],[91.96027397260274,24.879095477386933],[91.96027397260274,24.882914572864323],[91.95643835616438,24.882914572864323],[91.95643835616438,24.879095477386933]]]}},{"type":"Feature","properties":{"stage":2,"elev":12.8,"name":"haor basin fill"},"geometry":{"type":"Polygon","coordinates":[[[91.96027397260274,24.879095477386933],[91.96410958904109,24.879095477386933],[91.96410958904109,24.882914572864323],[91.96027397260274,24.882914572864323],[91.96027397260274,24.879095477386933]]]}},{"type":"Feature","properties":{"stage":2,"elev":12.9,"name":"haor basin fill"},"geometry":{"type":"Polygon","coordinates":[[[91.96794520547945,24.879095477386933],[91.9717808219178,24.879095477386933],[91.9717808219178,24.882914572864323],[91.96794520547945,24.882914572864323],[91.96794520547945,24.879095477386933]]]}},{"type":"Feature","properties":{"stage":2,"elev":12.7,"name":"haor basin fill"},"geometry":{"type":"Polygon","coordinates":[[[91.9717808219178,24.879095477386933],[91.97561643835616,24.879095477386933],[91.97561643835616,24.882914572864323],[91.9717808219178,24.882914572864323],[91.9717808219178,24.879095477386933]]]}},{"type":"Feature","properties":{"stage":2,"elev":12.6,"name":"haor basin fill"},"geometry":{"type":"Polygon","coordinates":[[[91.97561643835616,24.879095477386933],[91.97945205479452,24.879095477386933],[91.97945205479452,24.882914572864323],[91.97561643835616,24.882914572864323],[91.97561643835616,24.879095477386933]]]}},{"type":"Feature","properties":{"stage":2,"elev":12.7,"name":"haor basin fill"},"geometry":{"type":"Polygon","coordinates":[[[91.97945205479452,24.879095477386933],[91.98328767123287,24.879095477386933],[91.98328767123287,24.882914572864323],[91.97945205479452,24.882914572864323],[91.97945205479452,24.879095477386933]]]}},{"type":"Feature","properties":{"stage":2,"elev":12.8,"name":"haor basin fill"},"geometry":{"type":"Polygon","coordinates":[[[91.90657534246576,24.882914572864323],[91.91041095890411,24.882914572864323],[91.91041095890411,24.88673366834171],[91.90657534246576,24.88673366834171],[91.90657534246576,24.882914572864323]]]}},{"type":"Feature","properties":{"stage":2,"elev":12.6,"name":"haor basin fill"},"geometry":{"type":"Polygon","coordinates":[[[91.92575342465753,24.882914572864323],[91.92958904109588,24.882914572864323],[91.92958904109588,24.88673366834171],[91.92575342465753,24.88673366834171],[91.92575342465753,24.882914572864323]]]}},{"type":"Feature","properties":{"stage":2,"elev":12.1,"name":"haor basin fill"},"geometry":{"type":"Polygon","coordinates":[[[91.94109589041095,24.882914572864323],[91.94493150684931,24.882914572864323],[91.94493150684931,24.88673366834171],[91.94109589041095,24.88673366834171],[91.94109589041095,24.882914572864323]]]}},{"type":"Feature","properties":{"stage":2,"elev":12.4,"name":"haor basin fill"},"geometry":{"type":"Polygon","coordinates":[[[91.95260273972602,24.882914572864323],[91.95643835616438,24.882914572864323],[91.95643835616438,24.88673366834171],[91.95260273972602,24.88673366834171],[91.95260273972602,24.882914572864323]]]}},{"type":"Feature","properties":{"stage":2,"elev":12.4,"name":"haor basin fill"},"geometry":{"type":"Polygon","coordinates":[[[91.95643835616438,24.882914572864323],[91.96027397260274,24.882914572864323],[91.96027397260274,24.88673366834171],[91.95643835616438,24.88673366834171],[91.95643835616438,24.882914572864323]]]}},{"type":"Feature","properties":{"stage":2,"elev":12.4,"name":"haor basin fill"},"geometry":{"type":"Polygon","coordinates":[[[91.9717808219178,24.882914572864323],[91.97561643835616,24.882914572864323],[91.97561643835616,24.88673366834171],[91.9717808219178,24.88673366834171],[91.9717808219178,24.882914572864323]]]}},{"type":"Feature","properties":{"stage":2,"elev":13,"name":"haor basin fill"},"geometry":{"type":"Polygon","coordinates":[[[91.97945205479452,24.882914572864323],[91.98328767123287,24.882914572864323],[91.98328767123287,24.88673366834171],[91.97945205479452,24.88673366834171],[91.97945205479452,24.882914572864323]]]}},{"type":"Feature","properties":{"stage":2,"elev":12.7,"name":"haor basin fill"},"geometry":{"type":"Polygon","coordinates":[[[91.92575342465753,24.88673366834171],[91.92958904109588,24.88673366834171],[91.92958904109588,24.890552763819095],[91.92575342465753,24.890552763819095],[91.92575342465753,24.88673366834171]]]}},{"type":"Feature","properties":{"stage":2,"elev":12.8,"name":"haor basin fill"},"geometry":{"type":"Polygon","coordinates":[[[91.92958904109588,24.88673366834171],[91.93342465753425,24.88673366834171],[91.93342465753425,24.890552763819095],[91.92958904109588,24.890552763819095],[91.92958904109588,24.88673366834171]]]}},{"type":"Feature","properties":{"stage":2,"elev":12.6,"name":"haor basin fill"},"geometry":{"type":"Polygon","coordinates":[[[91.93342465753425,24.88673366834171],[91.9372602739726,24.88673366834171],[91.9372602739726,24.890552763819095],[91.93342465753425,24.890552763819095],[91.93342465753425,24.88673366834171]]]}},{"type":"Feature","properties":{"stage":2,"elev":12.4,"name":"haor basin fill"},"geometry":{"type":"Polygon","coordinates":[[[91.94876712328767,24.88673366834171],[91.95260273972602,24.88673366834171],[91.95260273972602,24.890552763819095],[91.94876712328767,24.890552763819095],[91.94876712328767,24.88673366834171]]]}},{"type":"Feature","properties":{"stage":2,"elev":12.1,"name":"haor basin fill"},"geometry":{"type":"Polygon","coordinates":[[[91.95260273972602,24.88673366834171],[91.95643835616438,24.88673366834171],[91.95643835616438,24.890552763819095],[91.95260273972602,24.890552763819095],[91.95260273972602,24.88673366834171]]]}},{"type":"Feature","properties":{"stage":2,"elev":12.2,"name":"haor basin fill"},"geometry":{"type":"Polygon","coordinates":[[[91.97945205479452,24.88673366834171],[91.98328767123287,24.88673366834171],[91.98328767123287,24.890552763819095],[91.97945205479452,24.890552763819095],[91.97945205479452,24.88673366834171]]]}},{"type":"Feature","properties":{"stage":2,"elev":12.1,"name":"haor basin fill"},"geometry":{"type":"Polygon","coordinates":[[[91.98328767123287,24.88673366834171],[91.98712328767122,24.88673366834171],[91.98712328767122,24.890552763819095],[91.98328767123287,24.890552763819095],[91.98328767123287,24.88673366834171]]]}},{"type":"Feature","properties":{"stage":2,"elev":12.9,"name":"haor basin fill"},"geometry":{"type":"Polygon","coordinates":[[[91.78,24.890552763819095],[91.78383561643835,24.890552763819095],[91.78383561643835,24.89437185929648],[91.78,24.89437185929648],[91.78,24.890552763819095]]]}},{"type":"Feature","properties":{"stage":2,"elev":12.9,"name":"haor basin fill"},"geometry":{"type":"Polygon","coordinates":[[[91.79917808219179,24.890552763819095],[91.80301369863014,24.890552763819095],[91.80301369863014,24.89437185929648],[91.79917808219179,24.89437185929648],[91.79917808219179,24.890552763819095]]]}},{"type":"Feature","properties":{"stage":2,"elev":12.7,"name":"haor basin fill"},"geometry":{"type":"Polygon","coordinates":[[[91.82602739726028,24.890552763819095],[91.82986301369863,24.890552763819095],[91.82986301369863,24.89437185929648],[91.82602739726028,24.89437185929648],[91.82602739726028,24.890552763819095]]]}},{"type":"Feature","properties":{"stage":2,"elev":12.9,"name":"haor basin fill"},"geometry":{"type":"Polygon","coordinates":[[[91.92958904109588,24.890552763819095],[91.93342465753425,24.890552763819095],[91.93342465753425,24.89437185929648],[91.92958904109588,24.89437185929648],[91.92958904109588,24.890552763819095]]]}},{"type":"Feature","properties":{"stage":2,"elev":13,"name":"haor basin fill"},"geometry":{"type":"Polygon","coordinates":[[[91.93342465753425,24.890552763819095],[91.9372602739726,24.890552763819095],[91.9372602739726,24.89437185929648],[91.93342465753425,24.89437185929648],[91.93342465753425,24.890552763819095]]]}},{"type":"Feature","properties":{"stage":2,"elev":12.9,"name":"haor basin fill"},"geometry":{"type":"Polygon","coordinates":[[[91.9372602739726,24.890552763819095],[91.94109589041095,24.890552763819095],[91.94109589041095,24.89437185929648],[91.9372602739726,24.89437185929648],[91.9372602739726,24.890552763819095]]]}},{"type":"Feature","properties":{"stage":2,"elev":12.9,"name":"haor basin fill"},"geometry":{"type":"Polygon","coordinates":[[[91.94109589041095,24.890552763819095],[91.94493150684931,24.890552763819095],[91.94493150684931,24.89437185929648],[91.94109589041095,24.89437185929648],[91.94109589041095,24.890552763819095]]]}},{"type":"Feature","properties":{"stage":2,"elev":12.9,"name":"haor basin fill"},"geometry":{"type":"Polygon","coordinates":[[[91.96410958904109,24.890552763819095],[91.96794520547945,24.890552763819095],[91.96794520547945,24.89437185929648],[91.96410958904109,24.89437185929648],[91.96410958904109,24.890552763819095]]]}},{"type":"Feature","properties":{"stage":2,"elev":11.1,"name":"haor basin fill"},"geometry":{"type":"Polygon","coordinates":[[[91.98328767123287,24.890552763819095],[91.98712328767122,24.890552763819095],[91.98712328767122,24.89437185929648],[91.98328767123287,24.89437185929648],[91.98328767123287,24.890552763819095]]]}},{"type":"Feature","properties":{"stage":2,"elev":12.9,"name":"haor basin fill"},"geometry":{"type":"Polygon","coordinates":[[[91.78,24.89437185929648],[91.78383561643835,24.89437185929648],[91.78383561643835,24.89819095477387],[91.78,24.89819095477387],[91.78,24.89437185929648]]]}},{"type":"Feature","properties":{"stage":2,"elev":12,"name":"haor basin fill"},"geometry":{"type":"Polygon","coordinates":[[[91.98328767123287,24.89437185929648],[91.98712328767122,24.89437185929648],[91.98712328767122,24.89819095477387],[91.98328767123287,24.89819095477387],[91.98328767123287,24.89437185929648]]]}},{"type":"Feature","properties":{"stage":2,"elev":12.9,"name":"haor basin fill"},"geometry":{"type":"Polygon","coordinates":[[[91.78767123287672,24.89819095477387],[91.79150684931507,24.89819095477387],[91.79150684931507,24.902010050251256],[91.78767123287672,24.902010050251256],[91.78767123287672,24.89819095477387]]]}},{"type":"Feature","properties":{"stage":2,"elev":13,"name":"haor basin fill"},"geometry":{"type":"Polygon","coordinates":[[[91.97561643835616,24.89819095477387],[91.97945205479452,24.89819095477387],[91.97945205479452,24.902010050251256],[91.97561643835616,24.902010050251256],[91.97561643835616,24.89819095477387]]]}},{"type":"Feature","properties":{"stage":2,"elev":10.6,"name":"haor basin fill"},"geometry":{"type":"Polygon","coordinates":[[[91.97561643835616,24.902010050251256],[91.97945205479452,24.902010050251256],[91.97945205479452,24.905829145728642],[91.97561643835616,24.905829145728642],[91.97561643835616,24.902010050251256]]]}},{"type":"Feature","properties":{"stage":2,"elev":11.4,"name":"haor basin fill"},"geometry":{"type":"Polygon","coordinates":[[[91.97945205479452,24.902010050251256],[91.98328767123287,24.902010050251256],[91.98328767123287,24.905829145728642],[91.97945205479452,24.905829145728642],[91.97945205479452,24.902010050251256]]]}},{"type":"Feature","properties":{"stage":2,"elev":12.1,"name":"haor basin fill"},"geometry":{"type":"Polygon","coordinates":[[[91.81068493150686,24.905829145728642],[91.81452054794521,24.905829145728642],[91.81452054794521,24.90964824120603],[91.81068493150686,24.90964824120603],[91.81068493150686,24.905829145728642]]]}},{"type":"Feature","properties":{"stage":2,"elev":11.6,"name":"haor basin fill"},"geometry":{"type":"Polygon","coordinates":[[[91.97561643835616,24.905829145728642],[91.97945205479452,24.905829145728642],[91.97945205479452,24.90964824120603],[91.97561643835616,24.90964824120603],[91.97561643835616,24.905829145728642]]]}},{"type":"Feature","properties":{"stage":2,"elev":10,"name":"haor basin fill"},"geometry":{"type":"Polygon","coordinates":[[[91.97945205479452,24.905829145728642],[91.98328767123287,24.905829145728642],[91.98328767123287,24.90964824120603],[91.97945205479452,24.90964824120603],[91.97945205479452,24.905829145728642]]]}},{"type":"Feature","properties":{"stage":2,"elev":9.5,"name":"haor basin fill"},"geometry":{"type":"Polygon","coordinates":[[[91.98328767123287,24.905829145728642],[91.98712328767122,24.905829145728642],[91.98712328767122,24.90964824120603],[91.98328767123287,24.90964824120603],[91.98328767123287,24.905829145728642]]]}},{"type":"Feature","properties":{"stage":2,"elev":11.9,"name":"haor basin fill"},"geometry":{"type":"Polygon","coordinates":[[[91.79917808219179,24.90964824120603],[91.80301369863014,24.90964824120603],[91.80301369863014,24.913467336683418],[91.79917808219179,24.913467336683418],[91.79917808219179,24.90964824120603]]]}},{"type":"Feature","properties":{"stage":2,"elev":13,"name":"haor basin fill"},"geometry":{"type":"Polygon","coordinates":[[[91.81452054794521,24.90964824120603],[91.81835616438356,24.90964824120603],[91.81835616438356,24.913467336683418],[91.81452054794521,24.913467336683418],[91.81452054794521,24.90964824120603]]]}},{"type":"Feature","properties":{"stage":2,"elev":10.4,"name":"haor basin fill"},"geometry":{"type":"Polygon","coordinates":[[[91.97945205479452,24.90964824120603],[91.98328767123287,24.90964824120603],[91.98328767123287,24.913467336683418],[91.97945205479452,24.913467336683418],[91.97945205479452,24.90964824120603]]]}},{"type":"Feature","properties":{"stage":2,"elev":9.5,"name":"haor basin fill"},"geometry":{"type":"Polygon","coordinates":[[[91.98328767123287,24.90964824120603],[91.98712328767122,24.90964824120603],[91.98712328767122,24.913467336683418],[91.98328767123287,24.913467336683418],[91.98328767123287,24.90964824120603]]]}},{"type":"Feature","properties":{"stage":2,"elev":12.9,"name":"haor basin fill"},"geometry":{"type":"Polygon","coordinates":[[[91.78767123287672,24.913467336683418],[91.79150684931507,24.913467336683418],[91.79150684931507,24.917286432160804],[91.78767123287672,24.917286432160804],[91.78767123287672,24.913467336683418]]]}},{"type":"Feature","properties":{"stage":2,"elev":12.6,"name":"haor basin fill"},"geometry":{"type":"Polygon","coordinates":[[[91.79150684931507,24.913467336683418],[91.79534246575342,24.913467336683418],[91.79534246575342,24.917286432160804],[91.79150684931507,24.917286432160804],[91.79150684931507,24.913467336683418]]]}},{"type":"Feature","properties":{"stage":2,"elev":12.2,"name":"haor basin fill"},"geometry":{"type":"Polygon","coordinates":[[[91.78383561643835,24.92110552763819],[91.78767123287672,24.92110552763819],[91.78767123287672,24.92492462311558],[91.78383561643835,24.92492462311558],[91.78383561643835,24.92110552763819]]]}},{"type":"Feature","properties":{"stage":2,"elev":12.1,"name":"haor basin fill"},"geometry":{"type":"Polygon","coordinates":[[[91.78,24.92492462311558],[91.78383561643835,24.92492462311558],[91.78383561643835,24.928743718592965],[91.78,24.928743718592965],[91.78,24.92492462311558]]]}},{"type":"Feature","properties":{"stage":2,"elev":12.6,"name":"haor basin fill"},"geometry":{"type":"Polygon","coordinates":[[[91.78383561643835,24.92492462311558],[91.78767123287672,24.92492462311558],[91.78767123287672,24.928743718592965],[91.78383561643835,24.928743718592965],[91.78383561643835,24.92492462311558]]]}},{"type":"Feature","properties":{"stage":2,"elev":12.5,"name":"haor basin fill"},"geometry":{"type":"Polygon","coordinates":[[[91.78383561643835,24.928743718592965],[91.78767123287672,24.928743718592965],[91.78767123287672,24.93256281407035],[91.78383561643835,24.93256281407035],[91.78383561643835,24.928743718592965]]]}},{"type":"Feature","properties":{"stage":2,"elev":12.8,"name":"haor basin fill"},"geometry":{"type":"Polygon","coordinates":[[[91.78767123287672,24.928743718592965],[91.79150684931507,24.928743718592965],[91.79150684931507,24.93256281407035],[91.78767123287672,24.93256281407035],[91.78767123287672,24.928743718592965]]]}},{"type":"Feature","properties":{"stage":2,"elev":11.6,"name":"haor basin fill"},"geometry":{"type":"Polygon","coordinates":[[[91.79150684931507,24.928743718592965],[91.79534246575342,24.928743718592965],[91.79534246575342,24.93256281407035],[91.79150684931507,24.93256281407035],[91.79150684931507,24.928743718592965]]]}},{"type":"Feature","properties":{"stage":2,"elev":12,"name":"haor basin fill"},"geometry":{"type":"Polygon","coordinates":[[[91.82219178082192,24.928743718592965],[91.82602739726028,24.928743718592965],[91.82602739726028,24.93256281407035],[91.82219178082192,24.93256281407035],[91.82219178082192,24.928743718592965]]]}},{"type":"Feature","properties":{"stage":2,"elev":11.8,"name":"haor basin fill"},"geometry":{"type":"Polygon","coordinates":[[[91.79150684931507,24.93256281407035],[91.79534246575342,24.93256281407035],[91.79534246575342,24.936381909547737],[91.79150684931507,24.936381909547737],[91.79150684931507,24.93256281407035]]]}},{"type":"Feature","properties":{"stage":2,"elev":12.8,"name":"haor basin fill"},"geometry":{"type":"Polygon","coordinates":[[[91.79534246575342,24.93256281407035],[91.79917808219179,24.93256281407035],[91.79917808219179,24.936381909547737],[91.79534246575342,24.936381909547737],[91.79534246575342,24.93256281407035]]]}},{"type":"Feature","properties":{"stage":2,"elev":12.8,"name":"haor basin fill"},"geometry":{"type":"Polygon","coordinates":[[[91.78,24.936381909547737],[91.78383561643835,24.936381909547737],[91.78383561643835,24.940201005025127],[91.78,24.940201005025127],[91.78,24.936381909547737]]]}},{"type":"Feature","properties":{"stage":2,"elev":12.1,"name":"haor basin fill"},"geometry":{"type":"Polygon","coordinates":[[[91.79534246575342,24.936381909547737],[91.79917808219179,24.936381909547737],[91.79917808219179,24.940201005025127],[91.79534246575342,24.940201005025127],[91.79534246575342,24.936381909547737]]]}},{"type":"Feature","properties":{"stage":2,"elev":12.6,"name":"haor basin fill"},"geometry":{"type":"Polygon","coordinates":[[[91.80684931506849,24.936381909547737],[91.81068493150686,24.936381909547737],[91.81068493150686,24.940201005025127],[91.80684931506849,24.940201005025127],[91.80684931506849,24.936381909547737]]]}},{"type":"Feature","properties":{"stage":2,"elev":12.7,"name":"haor basin fill"},"geometry":{"type":"Polygon","coordinates":[[[91.81068493150686,24.936381909547737],[91.81452054794521,24.936381909547737],[91.81452054794521,24.940201005025127],[91.81068493150686,24.940201005025127],[91.81068493150686,24.936381909547737]]]}},{"type":"Feature","properties":{"stage":2,"elev":12.8,"name":"haor basin fill"},"geometry":{"type":"Polygon","coordinates":[[[91.81835616438356,24.936381909547737],[91.82219178082192,24.936381909547737],[91.82219178082192,24.940201005025127],[91.81835616438356,24.940201005025127],[91.81835616438356,24.936381909547737]]]}},{"type":"Feature","properties":{"stage":2,"elev":11.5,"name":"haor basin fill"},"geometry":{"type":"Polygon","coordinates":[[[91.79534246575342,24.940201005025127],[91.79917808219179,24.940201005025127],[91.79917808219179,24.944020100502513],[91.79534246575342,24.944020100502513],[91.79534246575342,24.940201005025127]]]}},{"type":"Feature","properties":{"stage":2,"elev":12.9,"name":"haor basin fill"},"geometry":{"type":"Polygon","coordinates":[[[91.80684931506849,24.940201005025127],[91.81068493150686,24.940201005025127],[91.81068493150686,24.944020100502513],[91.80684931506849,24.944020100502513],[91.80684931506849,24.940201005025127]]]}},{"type":"Feature","properties":{"stage":2,"elev":11.3,"name":"haor basin fill"},"geometry":{"type":"Polygon","coordinates":[[[91.81068493150686,24.940201005025127],[91.81452054794521,24.940201005025127],[91.81452054794521,24.944020100502513],[91.81068493150686,24.944020100502513],[91.81068493150686,24.940201005025127]]]}},{"type":"Feature","properties":{"stage":2,"elev":12.6,"name":"haor basin fill"},"geometry":{"type":"Polygon","coordinates":[[[91.81835616438356,24.940201005025127],[91.82219178082192,24.940201005025127],[91.82219178082192,24.944020100502513],[91.81835616438356,24.944020100502513],[91.81835616438356,24.940201005025127]]]}},{"type":"Feature","properties":{"stage":2,"elev":12.4,"name":"haor basin fill"},"geometry":{"type":"Polygon","coordinates":[[[91.82602739726028,24.940201005025127],[91.82986301369863,24.940201005025127],[91.82986301369863,24.944020100502513],[91.82602739726028,24.944020100502513],[91.82602739726028,24.940201005025127]]]}},{"type":"Feature","properties":{"stage":2,"elev":12.8,"name":"haor basin fill"},"geometry":{"type":"Polygon","coordinates":[[[91.82986301369863,24.940201005025127],[91.83369863013698,24.940201005025127],[91.83369863013698,24.944020100502513],[91.82986301369863,24.944020100502513],[91.82986301369863,24.940201005025127]]]}},{"type":"Feature","properties":{"stage":2,"elev":11.1,"name":"haor basin fill"},"geometry":{"type":"Polygon","coordinates":[[[91.78383561643835,24.944020100502513],[91.78767123287672,24.944020100502513],[91.78767123287672,24.9478391959799],[91.78383561643835,24.9478391959799],[91.78383561643835,24.944020100502513]]]}},{"type":"Feature","properties":{"stage":2,"elev":11.4,"name":"haor basin fill"},"geometry":{"type":"Polygon","coordinates":[[[91.78767123287672,24.944020100502513],[91.79150684931507,24.944020100502513],[91.79150684931507,24.9478391959799],[91.78767123287672,24.9478391959799],[91.78767123287672,24.944020100502513]]]}},{"type":"Feature","properties":{"stage":2,"elev":11.9,"name":"haor basin fill"},"geometry":{"type":"Polygon","coordinates":[[[91.79150684931507,24.944020100502513],[91.79534246575342,24.944020100502513],[91.79534246575342,24.9478391959799],[91.79150684931507,24.9478391959799],[91.79150684931507,24.944020100502513]]]}},{"type":"Feature","properties":{"stage":2,"elev":11.2,"name":"haor basin fill"},"geometry":{"type":"Polygon","coordinates":[[[91.79534246575342,24.944020100502513],[91.79917808219179,24.944020100502513],[91.79917808219179,24.9478391959799],[91.79534246575342,24.9478391959799],[91.79534246575342,24.944020100502513]]]}},{"type":"Feature","properties":{"stage":2,"elev":11.2,"name":"haor basin fill"},"geometry":{"type":"Polygon","coordinates":[[[91.79917808219179,24.944020100502513],[91.80301369863014,24.944020100502513],[91.80301369863014,24.9478391959799],[91.79917808219179,24.9478391959799],[91.79917808219179,24.944020100502513]]]}},{"type":"Feature","properties":{"stage":2,"elev":12,"name":"haor basin fill"},"geometry":{"type":"Polygon","coordinates":[[[91.80301369863014,24.944020100502513],[91.80684931506849,24.944020100502513],[91.80684931506849,24.9478391959799],[91.80301369863014,24.9478391959799],[91.80301369863014,24.944020100502513]]]}},{"type":"Feature","properties":{"stage":2,"elev":11.6,"name":"haor basin fill"},"geometry":{"type":"Polygon","coordinates":[[[91.81068493150686,24.944020100502513],[91.81452054794521,24.944020100502513],[91.81452054794521,24.9478391959799],[91.81068493150686,24.9478391959799],[91.81068493150686,24.944020100502513]]]}},{"type":"Feature","properties":{"stage":2,"elev":12.4,"name":"haor basin fill"},"geometry":{"type":"Polygon","coordinates":[[[91.81452054794521,24.944020100502513],[91.81835616438356,24.944020100502513],[91.81835616438356,24.9478391959799],[91.81452054794521,24.9478391959799],[91.81452054794521,24.944020100502513]]]}},{"type":"Feature","properties":{"stage":2,"elev":11.6,"name":"haor basin fill"},"geometry":{"type":"Polygon","coordinates":[[[91.81835616438356,24.944020100502513],[91.82219178082192,24.944020100502513],[91.82219178082192,24.9478391959799],[91.81835616438356,24.9478391959799],[91.81835616438356,24.944020100502513]]]}},{"type":"Feature","properties":{"stage":2,"elev":11.4,"name":"haor basin fill"},"geometry":{"type":"Polygon","coordinates":[[[91.82219178082192,24.944020100502513],[91.82602739726028,24.944020100502513],[91.82602739726028,24.9478391959799],[91.82219178082192,24.9478391959799],[91.82219178082192,24.944020100502513]]]}},{"type":"Feature","properties":{"stage":2,"elev":12.4,"name":"haor basin fill"},"geometry":{"type":"Polygon","coordinates":[[[91.82986301369863,24.944020100502513],[91.83369863013698,24.944020100502513],[91.83369863013698,24.9478391959799],[91.82986301369863,24.9478391959799],[91.82986301369863,24.944020100502513]]]}},{"type":"Feature","properties":{"stage":2,"elev":10.7,"name":"haor basin fill"},"geometry":{"type":"Polygon","coordinates":[[[91.78383561643835,24.9478391959799],[91.78767123287672,24.9478391959799],[91.78767123287672,24.951658291457285],[91.78383561643835,24.951658291457285],[91.78383561643835,24.9478391959799]]]}},{"type":"Feature","properties":{"stage":2,"elev":11.6,"name":"haor basin fill"},"geometry":{"type":"Polygon","coordinates":[[[91.78767123287672,24.9478391959799],[91.79150684931507,24.9478391959799],[91.79150684931507,24.951658291457285],[91.78767123287672,24.951658291457285],[91.78767123287672,24.9478391959799]]]}},{"type":"Feature","properties":{"stage":2,"elev":11.5,"name":"haor basin fill"},"geometry":{"type":"Polygon","coordinates":[[[91.79150684931507,24.9478391959799],[91.79534246575342,24.9478391959799],[91.79534246575342,24.951658291457285],[91.79150684931507,24.951658291457285],[91.79150684931507,24.9478391959799]]]}},{"type":"Feature","properties":{"stage":2,"elev":11.2,"name":"haor basin fill"},"geometry":{"type":"Polygon","coordinates":[[[91.79534246575342,24.9478391959799],[91.79917808219179,24.9478391959799],[91.79917808219179,24.951658291457285],[91.79534246575342,24.951658291457285],[91.79534246575342,24.9478391959799]]]}},{"type":"Feature","properties":{"stage":2,"elev":10.8,"name":"haor basin fill"},"geometry":{"type":"Polygon","coordinates":[[[91.79917808219179,24.9478391959799],[91.80301369863014,24.9478391959799],[91.80301369863014,24.951658291457285],[91.79917808219179,24.951658291457285],[91.79917808219179,24.9478391959799]]]}},{"type":"Feature","properties":{"stage":2,"elev":12.6,"name":"haor basin fill"},"geometry":{"type":"Polygon","coordinates":[[[91.80301369863014,24.9478391959799],[91.80684931506849,24.9478391959799],[91.80684931506849,24.951658291457285],[91.80301369863014,24.951658291457285],[91.80301369863014,24.9478391959799]]]}},{"type":"Feature","properties":{"stage":2,"elev":11.4,"name":"haor basin fill"},"geometry":{"type":"Polygon","coordinates":[[[91.80684931506849,24.9478391959799],[91.81068493150686,24.9478391959799],[91.81068493150686,24.951658291457285],[91.80684931506849,24.951658291457285],[91.80684931506849,24.9478391959799]]]}},{"type":"Feature","properties":{"stage":2,"elev":10.9,"name":"haor basin fill"},"geometry":{"type":"Polygon","coordinates":[[[91.81068493150686,24.9478391959799],[91.81452054794521,24.9478391959799],[91.81452054794521,24.951658291457285],[91.81068493150686,24.951658291457285],[91.81068493150686,24.9478391959799]]]}},{"type":"Feature","properties":{"stage":2,"elev":11.9,"name":"haor basin fill"},"geometry":{"type":"Polygon","coordinates":[[[91.81452054794521,24.9478391959799],[91.81835616438356,24.9478391959799],[91.81835616438356,24.951658291457285],[91.81452054794521,24.951658291457285],[91.81452054794521,24.9478391959799]]]}},{"type":"Feature","properties":{"stage":2,"elev":10.7,"name":"haor basin fill"},"geometry":{"type":"Polygon","coordinates":[[[91.81835616438356,24.9478391959799],[91.82219178082192,24.9478391959799],[91.82219178082192,24.951658291457285],[91.81835616438356,24.951658291457285],[91.81835616438356,24.9478391959799]]]}},{"type":"Feature","properties":{"stage":2,"elev":10.5,"name":"haor basin fill"},"geometry":{"type":"Polygon","coordinates":[[[91.82219178082192,24.9478391959799],[91.82602739726028,24.9478391959799],[91.82602739726028,24.951658291457285],[91.82219178082192,24.951658291457285],[91.82219178082192,24.9478391959799]]]}},{"type":"Feature","properties":{"stage":2,"elev":9.8,"name":"haor basin fill"},"geometry":{"type":"Polygon","coordinates":[[[91.82602739726028,24.9478391959799],[91.82986301369863,24.9478391959799],[91.82986301369863,24.951658291457285],[91.82602739726028,24.951658291457285],[91.82602739726028,24.9478391959799]]]}},{"type":"Feature","properties":{"stage":2,"elev":11.3,"name":"haor basin fill"},"geometry":{"type":"Polygon","coordinates":[[[91.83369863013698,24.9478391959799],[91.83753424657534,24.9478391959799],[91.83753424657534,24.951658291457285],[91.83369863013698,24.951658291457285],[91.83369863013698,24.9478391959799]]]}},{"type":"Feature","properties":{"stage":2,"elev":12.4,"name":"haor basin fill"},"geometry":{"type":"Polygon","coordinates":[[[91.79150684931507,24.951658291457285],[91.79534246575342,24.951658291457285],[91.79534246575342,24.955477386934675],[91.79150684931507,24.955477386934675],[91.79150684931507,24.951658291457285]]]}},{"type":"Feature","properties":{"stage":2,"elev":11.6,"name":"haor basin fill"},"geometry":{"type":"Polygon","coordinates":[[[91.79917808219179,24.951658291457285],[91.80301369863014,24.951658291457285],[91.80301369863014,24.955477386934675],[91.79917808219179,24.955477386934675],[91.79917808219179,24.951658291457285]]]}},{"type":"Feature","properties":{"stage":2,"elev":11.4,"name":"haor basin fill"},"geometry":{"type":"Polygon","coordinates":[[[91.80301369863014,24.951658291457285],[91.80684931506849,24.951658291457285],[91.80684931506849,24.955477386934675],[91.80301369863014,24.955477386934675],[91.80301369863014,24.951658291457285]]]}},{"type":"Feature","properties":{"stage":2,"elev":12.1,"name":"haor basin fill"},"geometry":{"type":"Polygon","coordinates":[[[91.80684931506849,24.951658291457285],[91.81068493150686,24.951658291457285],[91.81068493150686,24.955477386934675],[91.80684931506849,24.955477386934675],[91.80684931506849,24.951658291457285]]]}},{"type":"Feature","properties":{"stage":2,"elev":11.9,"name":"haor basin fill"},"geometry":{"type":"Polygon","coordinates":[[[91.81068493150686,24.951658291457285],[91.81452054794521,24.951658291457285],[91.81452054794521,24.955477386934675],[91.81068493150686,24.955477386934675],[91.81068493150686,24.951658291457285]]]}},{"type":"Feature","properties":{"stage":2,"elev":10.6,"name":"haor basin fill"},"geometry":{"type":"Polygon","coordinates":[[[91.81452054794521,24.951658291457285],[91.81835616438356,24.951658291457285],[91.81835616438356,24.955477386934675],[91.81452054794521,24.955477386934675],[91.81452054794521,24.951658291457285]]]}},{"type":"Feature","properties":{"stage":2,"elev":10.1,"name":"haor basin fill"},"geometry":{"type":"Polygon","coordinates":[[[91.81835616438356,24.951658291457285],[91.82219178082192,24.951658291457285],[91.82219178082192,24.955477386934675],[91.81835616438356,24.955477386934675],[91.81835616438356,24.951658291457285]]]}},{"type":"Feature","properties":{"stage":2,"elev":11.1,"name":"haor basin fill"},"geometry":{"type":"Polygon","coordinates":[[[91.82219178082192,24.951658291457285],[91.82602739726028,24.951658291457285],[91.82602739726028,24.955477386934675],[91.82219178082192,24.955477386934675],[91.82219178082192,24.951658291457285]]]}},{"type":"Feature","properties":{"stage":2,"elev":10.1,"name":"haor basin fill"},"geometry":{"type":"Polygon","coordinates":[[[91.82602739726028,24.951658291457285],[91.82986301369863,24.951658291457285],[91.82986301369863,24.955477386934675],[91.82602739726028,24.955477386934675],[91.82602739726028,24.951658291457285]]]}},{"type":"Feature","properties":{"stage":2,"elev":9,"name":"haor basin fill"},"geometry":{"type":"Polygon","coordinates":[[[91.82986301369863,24.951658291457285],[91.83369863013698,24.951658291457285],[91.83369863013698,24.955477386934675],[91.82986301369863,24.955477386934675],[91.82986301369863,24.951658291457285]]]}},{"type":"Feature","properties":{"stage":2,"elev":10.3,"name":"haor basin fill"},"geometry":{"type":"Polygon","coordinates":[[[91.83369863013698,24.951658291457285],[91.83753424657534,24.951658291457285],[91.83753424657534,24.955477386934675],[91.83369863013698,24.955477386934675],[91.83369863013698,24.951658291457285]]]}},{"type":"Feature","properties":{"stage":2,"elev":11.6,"name":"haor basin fill"},"geometry":{"type":"Polygon","coordinates":[[[91.8413698630137,24.951658291457285],[91.84520547945205,24.951658291457285],[91.84520547945205,24.955477386934675],[91.8413698630137,24.955477386934675],[91.8413698630137,24.951658291457285]]]}},{"type":"Feature","properties":{"stage":2,"elev":12.8,"name":"haor basin fill"},"geometry":{"type":"Polygon","coordinates":[[[91.78,24.955477386934675],[91.78383561643835,24.955477386934675],[91.78383561643835,24.95929648241206],[91.78,24.95929648241206],[91.78,24.955477386934675]]]}},{"type":"Feature","properties":{"stage":2,"elev":12.4,"name":"haor basin fill"},"geometry":{"type":"Polygon","coordinates":[[[91.79150684931507,24.955477386934675],[91.79534246575342,24.955477386934675],[91.79534246575342,24.95929648241206],[91.79150684931507,24.95929648241206],[91.79150684931507,24.955477386934675]]]}},{"type":"Feature","properties":{"stage":2,"elev":11.8,"name":"haor basin fill"},"geometry":{"type":"Polygon","coordinates":[[[91.80301369863014,24.955477386934675],[91.80684931506849,24.955477386934675],[91.80684931506849,24.95929648241206],[91.80301369863014,24.95929648241206],[91.80301369863014,24.955477386934675]]]}},{"type":"Feature","properties":{"stage":2,"elev":10.9,"name":"haor basin fill"},"geometry":{"type":"Polygon","coordinates":[[[91.80684931506849,24.955477386934675],[91.81068493150686,24.955477386934675],[91.81068493150686,24.95929648241206],[91.80684931506849,24.95929648241206],[91.80684931506849,24.955477386934675]]]}},{"type":"Feature","properties":{"stage":2,"elev":10.1,"name":"haor basin fill"},"geometry":{"type":"Polygon","coordinates":[[[91.81068493150686,24.955477386934675],[91.81452054794521,24.955477386934675],[91.81452054794521,24.95929648241206],[91.81068493150686,24.95929648241206],[91.81068493150686,24.955477386934675]]]}},{"type":"Feature","properties":{"stage":2,"elev":11.8,"name":"haor basin fill"},"geometry":{"type":"Polygon","coordinates":[[[91.81452054794521,24.955477386934675],[91.81835616438356,24.955477386934675],[91.81835616438356,24.95929648241206],[91.81452054794521,24.95929648241206],[91.81452054794521,24.955477386934675]]]}},{"type":"Feature","properties":{"stage":2,"elev":10.5,"name":"haor basin fill"},"geometry":{"type":"Polygon","coordinates":[[[91.81835616438356,24.955477386934675],[91.82219178082192,24.955477386934675],[91.82219178082192,24.95929648241206],[91.81835616438356,24.95929648241206],[91.81835616438356,24.955477386934675]]]}},{"type":"Feature","properties":{"stage":2,"elev":10.4,"name":"haor basin fill"},"geometry":{"type":"Polygon","coordinates":[[[91.82219178082192,24.955477386934675],[91.82602739726028,24.955477386934675],[91.82602739726028,24.95929648241206],[91.82219178082192,24.95929648241206],[91.82219178082192,24.955477386934675]]]}},{"type":"Feature","properties":{"stage":2,"elev":10.7,"name":"haor basin fill"},"geometry":{"type":"Polygon","coordinates":[[[91.82602739726028,24.955477386934675],[91.82986301369863,24.955477386934675],[91.82986301369863,24.95929648241206],[91.82602739726028,24.95929648241206],[91.82602739726028,24.955477386934675]]]}},{"type":"Feature","properties":{"stage":2,"elev":11.3,"name":"haor basin fill"},"geometry":{"type":"Polygon","coordinates":[[[91.82986301369863,24.955477386934675],[91.83369863013698,24.955477386934675],[91.83369863013698,24.95929648241206],[91.82986301369863,24.95929648241206],[91.82986301369863,24.955477386934675]]]}},{"type":"Feature","properties":{"stage":2,"elev":10.6,"name":"haor basin fill"},"geometry":{"type":"Polygon","coordinates":[[[91.83369863013698,24.955477386934675],[91.83753424657534,24.955477386934675],[91.83753424657534,24.95929648241206],[91.83369863013698,24.95929648241206],[91.83369863013698,24.955477386934675]]]}},{"type":"Feature","properties":{"stage":2,"elev":10.2,"name":"haor basin fill"},"geometry":{"type":"Polygon","coordinates":[[[91.83753424657534,24.955477386934675],[91.8413698630137,24.955477386934675],[91.8413698630137,24.95929648241206],[91.83753424657534,24.95929648241206],[91.83753424657534,24.955477386934675]]]}},{"type":"Feature","properties":{"stage":2,"elev":10.8,"name":"haor basin fill"},"geometry":{"type":"Polygon","coordinates":[[[91.8413698630137,24.955477386934675],[91.84520547945205,24.955477386934675],[91.84520547945205,24.95929648241206],[91.8413698630137,24.95929648241206],[91.8413698630137,24.955477386934675]]]}},{"type":"Feature","properties":{"stage":2,"elev":12.2,"name":"haor basin fill"},"geometry":{"type":"Polygon","coordinates":[[[91.78,24.95929648241206],[91.78383561643835,24.95929648241206],[91.78383561643835,24.963115577889447],[91.78,24.963115577889447],[91.78,24.95929648241206]]]}},{"type":"Feature","properties":{"stage":2,"elev":11.9,"name":"haor basin fill"},"geometry":{"type":"Polygon","coordinates":[[[91.79150684931507,24.95929648241206],[91.79534246575342,24.95929648241206],[91.79534246575342,24.963115577889447],[91.79150684931507,24.963115577889447],[91.79150684931507,24.95929648241206]]]}},{"type":"Feature","properties":{"stage":2,"elev":12.9,"name":"haor basin fill"},"geometry":{"type":"Polygon","coordinates":[[[91.79534246575342,24.95929648241206],[91.79917808219179,24.95929648241206],[91.79917808219179,24.963115577889447],[91.79534246575342,24.963115577889447],[91.79534246575342,24.95929648241206]]]}},{"type":"Feature","properties":{"stage":2,"elev":11.3,"name":"haor basin fill"},"geometry":{"type":"Polygon","coordinates":[[[91.79917808219179,24.95929648241206],[91.80301369863014,24.95929648241206],[91.80301369863014,24.963115577889447],[91.79917808219179,24.963115577889447],[91.79917808219179,24.95929648241206]]]}},{"type":"Feature","properties":{"stage":2,"elev":10.7,"name":"haor basin fill"},"geometry":{"type":"Polygon","coordinates":[[[91.80301369863014,24.95929648241206],[91.80684931506849,24.95929648241206],[91.80684931506849,24.963115577889447],[91.80301369863014,24.963115577889447],[91.80301369863014,24.95929648241206]]]}},{"type":"Feature","properties":{"stage":2,"elev":11.8,"name":"haor basin fill"},"geometry":{"type":"Polygon","coordinates":[[[91.80684931506849,24.95929648241206],[91.81068493150686,24.95929648241206],[91.81068493150686,24.963115577889447],[91.80684931506849,24.963115577889447],[91.80684931506849,24.95929648241206]]]}},{"type":"Feature","properties":{"stage":2,"elev":11.4,"name":"haor basin fill"},"geometry":{"type":"Polygon","coordinates":[[[91.81068493150686,24.95929648241206],[91.81452054794521,24.95929648241206],[91.81452054794521,24.963115577889447],[91.81068493150686,24.963115577889447],[91.81068493150686,24.95929648241206]]]}},{"type":"Feature","properties":{"stage":2,"elev":11.3,"name":"haor basin fill"},"geometry":{"type":"Polygon","coordinates":[[[91.81452054794521,24.95929648241206],[91.81835616438356,24.95929648241206],[91.81835616438356,24.963115577889447],[91.81452054794521,24.963115577889447],[91.81452054794521,24.95929648241206]]]}},{"type":"Feature","properties":{"stage":2,"elev":11.8,"name":"haor basin fill"},"geometry":{"type":"Polygon","coordinates":[[[91.81835616438356,24.95929648241206],[91.82219178082192,24.95929648241206],[91.82219178082192,24.963115577889447],[91.81835616438356,24.963115577889447],[91.81835616438356,24.95929648241206]]]}},{"type":"Feature","properties":{"stage":2,"elev":9.4,"name":"haor basin fill"},"geometry":{"type":"Polygon","coordinates":[[[91.82219178082192,24.95929648241206],[91.82602739726028,24.95929648241206],[91.82602739726028,24.963115577889447],[91.82219178082192,24.963115577889447],[91.82219178082192,24.95929648241206]]]}},{"type":"Feature","properties":{"stage":2,"elev":10.1,"name":"haor basin fill"},"geometry":{"type":"Polygon","coordinates":[[[91.82602739726028,24.95929648241206],[91.82986301369863,24.95929648241206],[91.82986301369863,24.963115577889447],[91.82602739726028,24.963115577889447],[91.82602739726028,24.95929648241206]]]}},{"type":"Feature","properties":{"stage":2,"elev":9.9,"name":"haor basin fill"},"geometry":{"type":"Polygon","coordinates":[[[91.82986301369863,24.95929648241206],[91.83369863013698,24.95929648241206],[91.83369863013698,24.963115577889447],[91.82986301369863,24.963115577889447],[91.82986301369863,24.95929648241206]]]}},{"type":"Feature","properties":{"stage":2,"elev":9.9,"name":"haor basin fill"},"geometry":{"type":"Polygon","coordinates":[[[91.83369863013698,24.95929648241206],[91.83753424657534,24.95929648241206],[91.83753424657534,24.963115577889447],[91.83369863013698,24.963115577889447],[91.83369863013698,24.95929648241206]]]}},{"type":"Feature","properties":{"stage":2,"elev":10.4,"name":"haor basin fill"},"geometry":{"type":"Polygon","coordinates":[[[91.83753424657534,24.95929648241206],[91.8413698630137,24.95929648241206],[91.8413698630137,24.963115577889447],[91.83753424657534,24.963115577889447],[91.83753424657534,24.95929648241206]]]}},{"type":"Feature","properties":{"stage":2,"elev":11.3,"name":"haor basin fill"},"geometry":{"type":"Polygon","coordinates":[[[91.8413698630137,24.95929648241206],[91.84520547945205,24.95929648241206],[91.84520547945205,24.963115577889447],[91.8413698630137,24.963115577889447],[91.8413698630137,24.95929648241206]]]}},{"type":"Feature","properties":{"stage":2,"elev":12.1,"name":"haor basin fill"},"geometry":{"type":"Polygon","coordinates":[[[91.84520547945205,24.95929648241206],[91.84904109589041,24.95929648241206],[91.84904109589041,24.963115577889447],[91.84520547945205,24.963115577889447],[91.84520547945205,24.95929648241206]]]}},{"type":"Feature","properties":{"stage":2,"elev":11.5,"name":"haor basin fill"},"geometry":{"type":"Polygon","coordinates":[[[91.79917808219179,24.963115577889447],[91.80301369863014,24.963115577889447],[91.80301369863014,24.966934673366833],[91.79917808219179,24.966934673366833],[91.79917808219179,24.963115577889447]]]}},{"type":"Feature","properties":{"stage":2,"elev":12.6,"name":"haor basin fill"},"geometry":{"type":"Polygon","coordinates":[[[91.80301369863014,24.963115577889447],[91.80684931506849,24.963115577889447],[91.80684931506849,24.966934673366833],[91.80301369863014,24.966934673366833],[91.80301369863014,24.963115577889447]]]}},{"type":"Feature","properties":{"stage":2,"elev":11.1,"name":"haor basin fill"},"geometry":{"type":"Polygon","coordinates":[[[91.80684931506849,24.963115577889447],[91.81068493150686,24.963115577889447],[91.81068493150686,24.966934673366833],[91.80684931506849,24.966934673366833],[91.80684931506849,24.963115577889447]]]}},{"type":"Feature","properties":{"stage":2,"elev":11.5,"name":"haor basin fill"},"geometry":{"type":"Polygon","coordinates":[[[91.81068493150686,24.963115577889447],[91.81452054794521,24.963115577889447],[91.81452054794521,24.966934673366833],[91.81068493150686,24.966934673366833],[91.81068493150686,24.963115577889447]]]}},{"type":"Feature","properties":{"stage":2,"elev":11.1,"name":"haor basin fill"},"geometry":{"type":"Polygon","coordinates":[[[91.81452054794521,24.963115577889447],[91.81835616438356,24.963115577889447],[91.81835616438356,24.966934673366833],[91.81452054794521,24.966934673366833],[91.81452054794521,24.963115577889447]]]}},{"type":"Feature","properties":{"stage":2,"elev":9.4,"name":"haor basin fill"},"geometry":{"type":"Polygon","coordinates":[[[91.81835616438356,24.963115577889447],[91.82219178082192,24.963115577889447],[91.82219178082192,24.966934673366833],[91.81835616438356,24.966934673366833],[91.81835616438356,24.963115577889447]]]}},{"type":"Feature","properties":{"stage":2,"elev":10.8,"name":"haor basin fill"},"geometry":{"type":"Polygon","coordinates":[[[91.82219178082192,24.963115577889447],[91.82602739726028,24.963115577889447],[91.82602739726028,24.966934673366833],[91.82219178082192,24.966934673366833],[91.82219178082192,24.963115577889447]]]}},{"type":"Feature","properties":{"stage":2,"elev":11,"name":"haor basin fill"},"geometry":{"type":"Polygon","coordinates":[[[91.82602739726028,24.963115577889447],[91.82986301369863,24.963115577889447],[91.82986301369863,24.966934673366833],[91.82602739726028,24.966934673366833],[91.82602739726028,24.963115577889447]]]}},{"type":"Feature","properties":{"stage":2,"elev":10.8,"name":"haor basin fill"},"geometry":{"type":"Polygon","coordinates":[[[91.82986301369863,24.963115577889447],[91.83369863013698,24.963115577889447],[91.83369863013698,24.966934673366833],[91.82986301369863,24.966934673366833],[91.82986301369863,24.963115577889447]]]}},{"type":"Feature","properties":{"stage":2,"elev":9.8,"name":"haor basin fill"},"geometry":{"type":"Polygon","coordinates":[[[91.83369863013698,24.963115577889447],[91.83753424657534,24.963115577889447],[91.83753424657534,24.966934673366833],[91.83369863013698,24.966934673366833],[91.83369863013698,24.963115577889447]]]}},{"type":"Feature","properties":{"stage":2,"elev":10.7,"name":"haor basin fill"},"geometry":{"type":"Polygon","coordinates":[[[91.83753424657534,24.963115577889447],[91.8413698630137,24.963115577889447],[91.8413698630137,24.966934673366833],[91.83753424657534,24.966934673366833],[91.83753424657534,24.963115577889447]]]}},{"type":"Feature","properties":{"stage":2,"elev":12.1,"name":"haor basin fill"},"geometry":{"type":"Polygon","coordinates":[[[91.79917808219179,24.966934673366833],[91.80301369863014,24.966934673366833],[91.80301369863014,24.970753768844222],[91.79917808219179,24.970753768844222],[91.79917808219179,24.966934673366833]]]}},{"type":"Feature","properties":{"stage":2,"elev":11.2,"name":"haor basin fill"},"geometry":{"type":"Polygon","coordinates":[[[91.80301369863014,24.966934673366833],[91.80684931506849,24.966934673366833],[91.80684931506849,24.970753768844222],[91.80301369863014,24.970753768844222],[91.80301369863014,24.966934673366833]]]}},{"type":"Feature","properties":{"stage":2,"elev":12,"name":"haor basin fill"},"geometry":{"type":"Polygon","coordinates":[[[91.80684931506849,24.966934673366833],[91.81068493150686,24.966934673366833],[91.81068493150686,24.970753768844222],[91.80684931506849,24.970753768844222],[91.80684931506849,24.966934673366833]]]}},{"type":"Feature","properties":{"stage":2,"elev":11.2,"name":"haor basin fill"},"geometry":{"type":"Polygon","coordinates":[[[91.81068493150686,24.966934673366833],[91.81452054794521,24.966934673366833],[91.81452054794521,24.970753768844222],[91.81068493150686,24.970753768844222],[91.81068493150686,24.966934673366833]]]}},{"type":"Feature","properties":{"stage":2,"elev":10.4,"name":"haor basin fill"},"geometry":{"type":"Polygon","coordinates":[[[91.81452054794521,24.966934673366833],[91.81835616438356,24.966934673366833],[91.81835616438356,24.970753768844222],[91.81452054794521,24.970753768844222],[91.81452054794521,24.966934673366833]]]}},{"type":"Feature","properties":{"stage":2,"elev":10.1,"name":"haor basin fill"},"geometry":{"type":"Polygon","coordinates":[[[91.81835616438356,24.966934673366833],[91.82219178082192,24.966934673366833],[91.82219178082192,24.970753768844222],[91.81835616438356,24.970753768844222],[91.81835616438356,24.966934673366833]]]}},{"type":"Feature","properties":{"stage":2,"elev":10.7,"name":"haor basin fill"},"geometry":{"type":"Polygon","coordinates":[[[91.82219178082192,24.966934673366833],[91.82602739726028,24.966934673366833],[91.82602739726028,24.970753768844222],[91.82219178082192,24.970753768844222],[91.82219178082192,24.966934673366833]]]}},{"type":"Feature","properties":{"stage":2,"elev":11.3,"name":"haor basin fill"},"geometry":{"type":"Polygon","coordinates":[[[91.82602739726028,24.966934673366833],[91.82986301369863,24.966934673366833],[91.82986301369863,24.970753768844222],[91.82602739726028,24.970753768844222],[91.82602739726028,24.966934673366833]]]}},{"type":"Feature","properties":{"stage":2,"elev":10,"name":"haor basin fill"},"geometry":{"type":"Polygon","coordinates":[[[91.82986301369863,24.966934673366833],[91.83369863013698,24.966934673366833],[91.83369863013698,24.970753768844222],[91.82986301369863,24.970753768844222],[91.82986301369863,24.966934673366833]]]}},{"type":"Feature","properties":{"stage":2,"elev":11.4,"name":"haor basin fill"},"geometry":{"type":"Polygon","coordinates":[[[91.83369863013698,24.966934673366833],[91.83753424657534,24.966934673366833],[91.83753424657534,24.970753768844222],[91.83369863013698,24.970753768844222],[91.83369863013698,24.966934673366833]]]}},{"type":"Feature","properties":{"stage":2,"elev":11.4,"name":"haor basin fill"},"geometry":{"type":"Polygon","coordinates":[[[91.83753424657534,24.966934673366833],[91.8413698630137,24.966934673366833],[91.8413698630137,24.970753768844222],[91.83753424657534,24.970753768844222],[91.83753424657534,24.966934673366833]]]}},{"type":"Feature","properties":{"stage":2,"elev":11.2,"name":"haor basin fill"},"geometry":{"type":"Polygon","coordinates":[[[91.8413698630137,24.966934673366833],[91.84520547945205,24.966934673366833],[91.84520547945205,24.970753768844222],[91.8413698630137,24.970753768844222],[91.8413698630137,24.966934673366833]]]}},{"type":"Feature","properties":{"stage":2,"elev":12.1,"name":"haor basin fill"},"geometry":{"type":"Polygon","coordinates":[[[91.84520547945205,24.966934673366833],[91.84904109589041,24.966934673366833],[91.84904109589041,24.970753768844222],[91.84520547945205,24.970753768844222],[91.84520547945205,24.966934673366833]]]}},{"type":"Feature","properties":{"stage":2,"elev":12,"name":"haor basin fill"},"geometry":{"type":"Polygon","coordinates":[[[91.84904109589041,24.966934673366833],[91.85287671232877,24.966934673366833],[91.85287671232877,24.970753768844222],[91.84904109589041,24.970753768844222],[91.84904109589041,24.966934673366833]]]}},{"type":"Feature","properties":{"stage":2,"elev":12.8,"name":"haor basin fill"},"geometry":{"type":"Polygon","coordinates":[[[91.78,24.970753768844222],[91.78383561643835,24.970753768844222],[91.78383561643835,24.97457286432161],[91.78,24.97457286432161],[91.78,24.970753768844222]]]}},{"type":"Feature","properties":{"stage":2,"elev":12.8,"name":"haor basin fill"},"geometry":{"type":"Polygon","coordinates":[[[91.79917808219179,24.970753768844222],[91.80301369863014,24.970753768844222],[91.80301369863014,24.97457286432161],[91.79917808219179,24.97457286432161],[91.79917808219179,24.970753768844222]]]}},{"type":"Feature","properties":{"stage":2,"elev":12.6,"name":"haor basin fill"},"geometry":{"type":"Polygon","coordinates":[[[91.80301369863014,24.970753768844222],[91.80684931506849,24.970753768844222],[91.80684931506849,24.97457286432161],[91.80301369863014,24.97457286432161],[91.80301369863014,24.970753768844222]]]}},{"type":"Feature","properties":{"stage":2,"elev":11.9,"name":"haor basin fill"},"geometry":{"type":"Polygon","coordinates":[[[91.80684931506849,24.970753768844222],[91.81068493150686,24.970753768844222],[91.81068493150686,24.97457286432161],[91.80684931506849,24.97457286432161],[91.80684931506849,24.970753768844222]]]}},{"type":"Feature","properties":{"stage":2,"elev":10.7,"name":"haor basin fill"},"geometry":{"type":"Polygon","coordinates":[[[91.81068493150686,24.970753768844222],[91.81452054794521,24.970753768844222],[91.81452054794521,24.97457286432161],[91.81068493150686,24.97457286432161],[91.81068493150686,24.970753768844222]]]}},{"type":"Feature","properties":{"stage":2,"elev":10.4,"name":"haor basin fill"},"geometry":{"type":"Polygon","coordinates":[[[91.81452054794521,24.970753768844222],[91.81835616438356,24.970753768844222],[91.81835616438356,24.97457286432161],[91.81452054794521,24.97457286432161],[91.81452054794521,24.970753768844222]]]}},{"type":"Feature","properties":{"stage":2,"elev":9.3,"name":"haor basin fill"},"geometry":{"type":"Polygon","coordinates":[[[91.81835616438356,24.970753768844222],[91.82219178082192,24.970753768844222],[91.82219178082192,24.97457286432161],[91.81835616438356,24.97457286432161],[91.81835616438356,24.970753768844222]]]}},{"type":"Feature","properties":{"stage":2,"elev":10.3,"name":"haor basin fill"},"geometry":{"type":"Polygon","coordinates":[[[91.82219178082192,24.970753768844222],[91.82602739726028,24.970753768844222],[91.82602739726028,24.97457286432161],[91.82219178082192,24.97457286432161],[91.82219178082192,24.970753768844222]]]}},{"type":"Feature","properties":{"stage":2,"elev":11.2,"name":"haor basin fill"},"geometry":{"type":"Polygon","coordinates":[[[91.82602739726028,24.970753768844222],[91.82986301369863,24.970753768844222],[91.82986301369863,24.97457286432161],[91.82602739726028,24.97457286432161],[91.82602739726028,24.970753768844222]]]}},{"type":"Feature","properties":{"stage":2,"elev":11.3,"name":"haor basin fill"},"geometry":{"type":"Polygon","coordinates":[[[91.82986301369863,24.970753768844222],[91.83369863013698,24.970753768844222],[91.83369863013698,24.97457286432161],[91.82986301369863,24.97457286432161],[91.82986301369863,24.970753768844222]]]}},{"type":"Feature","properties":{"stage":2,"elev":11.1,"name":"haor basin fill"},"geometry":{"type":"Polygon","coordinates":[[[91.83369863013698,24.970753768844222],[91.83753424657534,24.970753768844222],[91.83753424657534,24.97457286432161],[91.83369863013698,24.97457286432161],[91.83369863013698,24.970753768844222]]]}},{"type":"Feature","properties":{"stage":2,"elev":9.3,"name":"haor basin fill"},"geometry":{"type":"Polygon","coordinates":[[[91.83753424657534,24.970753768844222],[91.8413698630137,24.970753768844222],[91.8413698630137,24.97457286432161],[91.83753424657534,24.97457286432161],[91.83753424657534,24.970753768844222]]]}},{"type":"Feature","properties":{"stage":2,"elev":9.7,"name":"haor basin fill"},"geometry":{"type":"Polygon","coordinates":[[[91.8413698630137,24.970753768844222],[91.84520547945205,24.970753768844222],[91.84520547945205,24.97457286432161],[91.8413698630137,24.97457286432161],[91.8413698630137,24.970753768844222]]]}},{"type":"Feature","properties":{"stage":2,"elev":11.6,"name":"haor basin fill"},"geometry":{"type":"Polygon","coordinates":[[[91.84520547945205,24.970753768844222],[91.84904109589041,24.970753768844222],[91.84904109589041,24.97457286432161],[91.84520547945205,24.97457286432161],[91.84520547945205,24.970753768844222]]]}},{"type":"Feature","properties":{"stage":2,"elev":11.6,"name":"haor basin fill"},"geometry":{"type":"Polygon","coordinates":[[[91.84904109589041,24.970753768844222],[91.85287671232877,24.970753768844222],[91.85287671232877,24.97457286432161],[91.84904109589041,24.97457286432161],[91.84904109589041,24.970753768844222]]]}},{"type":"Feature","properties":{"stage":2,"elev":12.1,"name":"haor basin fill"},"geometry":{"type":"Polygon","coordinates":[[[91.85671232876712,24.970753768844222],[91.86054794520548,24.970753768844222],[91.86054794520548,24.97457286432161],[91.85671232876712,24.97457286432161],[91.85671232876712,24.970753768844222]]]}},{"type":"Feature","properties":{"stage":2,"elev":12.6,"name":"haor basin fill"},"geometry":{"type":"Polygon","coordinates":[[[91.86054794520548,24.970753768844222],[91.86438356164383,24.970753768844222],[91.86438356164383,24.97457286432161],[91.86054794520548,24.97457286432161],[91.86054794520548,24.970753768844222]]]}},{"type":"Feature","properties":{"stage":2,"elev":12.9,"name":"haor basin fill"},"geometry":{"type":"Polygon","coordinates":[[[91.78,24.97457286432161],[91.78383561643835,24.97457286432161],[91.78383561643835,24.978391959798994],[91.78,24.978391959798994],[91.78,24.97457286432161]]]}},{"type":"Feature","properties":{"stage":2,"elev":11.9,"name":"haor basin fill"},"geometry":{"type":"Polygon","coordinates":[[[91.79917808219179,24.97457286432161],[91.80301369863014,24.97457286432161],[91.80301369863014,24.978391959798994],[91.79917808219179,24.978391959798994],[91.79917808219179,24.97457286432161]]]}},{"type":"Feature","properties":{"stage":2,"elev":11.3,"name":"haor basin fill"},"geometry":{"type":"Polygon","coordinates":[[[91.80301369863014,24.97457286432161],[91.80684931506849,24.97457286432161],[91.80684931506849,24.978391959798994],[91.80301369863014,24.978391959798994],[91.80301369863014,24.97457286432161]]]}},{"type":"Feature","properties":{"stage":2,"elev":11.3,"name":"haor basin fill"},"geometry":{"type":"Polygon","coordinates":[[[91.80684931506849,24.97457286432161],[91.81068493150686,24.97457286432161],[91.81068493150686,24.978391959798994],[91.80684931506849,24.978391959798994],[91.80684931506849,24.97457286432161]]]}},{"type":"Feature","properties":{"stage":2,"elev":10.5,"name":"haor basin fill"},"geometry":{"type":"Polygon","coordinates":[[[91.81068493150686,24.97457286432161],[91.81452054794521,24.97457286432161],[91.81452054794521,24.978391959798994],[91.81068493150686,24.978391959798994],[91.81068493150686,24.97457286432161]]]}},{"type":"Feature","properties":{"stage":2,"elev":9.4,"name":"haor basin fill"},"geometry":{"type":"Polygon","coordinates":[[[91.81452054794521,24.97457286432161],[91.81835616438356,24.97457286432161],[91.81835616438356,24.978391959798994],[91.81452054794521,24.978391959798994],[91.81452054794521,24.97457286432161]]]}},{"type":"Feature","properties":{"stage":2,"elev":11.3,"name":"haor basin fill"},"geometry":{"type":"Polygon","coordinates":[[[91.81835616438356,24.97457286432161],[91.82219178082192,24.97457286432161],[91.82219178082192,24.978391959798994],[91.81835616438356,24.978391959798994],[91.81835616438356,24.97457286432161]]]}},{"type":"Feature","properties":{"stage":2,"elev":12.6,"name":"haor basin fill"},"geometry":{"type":"Polygon","coordinates":[[[91.82219178082192,24.97457286432161],[91.82602739726028,24.97457286432161],[91.82602739726028,24.978391959798994],[91.82219178082192,24.978391959798994],[91.82219178082192,24.97457286432161]]]}},{"type":"Feature","properties":{"stage":2,"elev":10.1,"name":"haor basin fill"},"geometry":{"type":"Polygon","coordinates":[[[91.82602739726028,24.97457286432161],[91.82986301369863,24.97457286432161],[91.82986301369863,24.978391959798994],[91.82602739726028,24.978391959798994],[91.82602739726028,24.97457286432161]]]}},{"type":"Feature","properties":{"stage":2,"elev":11.1,"name":"haor basin fill"},"geometry":{"type":"Polygon","coordinates":[[[91.82986301369863,24.97457286432161],[91.83369863013698,24.97457286432161],[91.83369863013698,24.978391959798994],[91.82986301369863,24.978391959798994],[91.82986301369863,24.97457286432161]]]}},{"type":"Feature","properties":{"stage":2,"elev":10.9,"name":"haor basin fill"},"geometry":{"type":"Polygon","coordinates":[[[91.83369863013698,24.97457286432161],[91.83753424657534,24.97457286432161],[91.83753424657534,24.978391959798994],[91.83369863013698,24.978391959798994],[91.83369863013698,24.97457286432161]]]}},{"type":"Feature","properties":{"stage":2,"elev":10.7,"name":"haor basin fill"},"geometry":{"type":"Polygon","coordinates":[[[91.83753424657534,24.97457286432161],[91.8413698630137,24.97457286432161],[91.8413698630137,24.978391959798994],[91.83753424657534,24.978391959798994],[91.83753424657534,24.97457286432161]]]}},{"type":"Feature","properties":{"stage":2,"elev":11.2,"name":"haor basin fill"},"geometry":{"type":"Polygon","coordinates":[[[91.8413698630137,24.97457286432161],[91.84520547945205,24.97457286432161],[91.84520547945205,24.978391959798994],[91.8413698630137,24.978391959798994],[91.8413698630137,24.97457286432161]]]}},{"type":"Feature","properties":{"stage":2,"elev":12.2,"name":"haor basin fill"},"geometry":{"type":"Polygon","coordinates":[[[91.84520547945205,24.97457286432161],[91.84904109589041,24.97457286432161],[91.84904109589041,24.978391959798994],[91.84520547945205,24.978391959798994],[91.84520547945205,24.97457286432161]]]}},{"type":"Feature","properties":{"stage":2,"elev":11.8,"name":"haor basin fill"},"geometry":{"type":"Polygon","coordinates":[[[91.86054794520548,24.97457286432161],[91.86438356164383,24.97457286432161],[91.86438356164383,24.978391959798994],[91.86054794520548,24.978391959798994],[91.86054794520548,24.97457286432161]]]}},{"type":"Feature","properties":{"stage":2,"elev":11.1,"name":"haor basin fill"},"geometry":{"type":"Polygon","coordinates":[[[91.80301369863014,24.978391959798994],[91.80684931506849,24.978391959798994],[91.80684931506849,24.982211055276384],[91.80301369863014,24.982211055276384],[91.80301369863014,24.978391959798994]]]}},{"type":"Feature","properties":{"stage":2,"elev":10.1,"name":"haor basin fill"},"geometry":{"type":"Polygon","coordinates":[[[91.80684931506849,24.978391959798994],[91.81068493150686,24.978391959798994],[91.81068493150686,24.982211055276384],[91.80684931506849,24.982211055276384],[91.80684931506849,24.978391959798994]]]}},{"type":"Feature","properties":{"stage":2,"elev":11.5,"name":"haor basin fill"},"geometry":{"type":"Polygon","coordinates":[[[91.81068493150686,24.978391959798994],[91.81452054794521,24.978391959798994],[91.81452054794521,24.982211055276384],[91.81068493150686,24.982211055276384],[91.81068493150686,24.978391959798994]]]}},{"type":"Feature","properties":{"stage":2,"elev":11.9,"name":"haor basin fill"},"geometry":{"type":"Polygon","coordinates":[[[91.81452054794521,24.978391959798994],[91.81835616438356,24.978391959798994],[91.81835616438356,24.982211055276384],[91.81452054794521,24.982211055276384],[91.81452054794521,24.978391959798994]]]}},{"type":"Feature","properties":{"stage":2,"elev":11.8,"name":"haor basin fill"},"geometry":{"type":"Polygon","coordinates":[[[91.81835616438356,24.978391959798994],[91.82219178082192,24.978391959798994],[91.82219178082192,24.982211055276384],[91.81835616438356,24.982211055276384],[91.81835616438356,24.978391959798994]]]}},{"type":"Feature","properties":{"stage":2,"elev":10.3,"name":"haor basin fill"},"geometry":{"type":"Polygon","coordinates":[[[91.82219178082192,24.978391959798994],[91.82602739726028,24.978391959798994],[91.82602739726028,24.982211055276384],[91.82219178082192,24.982211055276384],[91.82219178082192,24.978391959798994]]]}},{"type":"Feature","properties":{"stage":2,"elev":11.4,"name":"haor basin fill"},"geometry":{"type":"Polygon","coordinates":[[[91.82602739726028,24.978391959798994],[91.82986301369863,24.978391959798994],[91.82986301369863,24.982211055276384],[91.82602739726028,24.982211055276384],[91.82602739726028,24.978391959798994]]]}},{"type":"Feature","properties":{"stage":2,"elev":10.6,"name":"haor basin fill"},"geometry":{"type":"Polygon","coordinates":[[[91.82986301369863,24.978391959798994],[91.83369863013698,24.978391959798994],[91.83369863013698,24.982211055276384],[91.82986301369863,24.982211055276384],[91.82986301369863,24.978391959798994]]]}},{"type":"Feature","properties":{"stage":2,"elev":10.8,"name":"haor basin fill"},"geometry":{"type":"Polygon","coordinates":[[[91.83369863013698,24.978391959798994],[91.83753424657534,24.978391959798994],[91.83753424657534,24.982211055276384],[91.83369863013698,24.982211055276384],[91.83369863013698,24.978391959798994]]]}},{"type":"Feature","properties":{"stage":2,"elev":12.8,"name":"haor basin fill"},"geometry":{"type":"Polygon","coordinates":[[[91.86054794520548,24.978391959798994],[91.86438356164383,24.978391959798994],[91.86438356164383,24.982211055276384],[91.86054794520548,24.982211055276384],[91.86054794520548,24.978391959798994]]]}},{"type":"Feature","properties":{"stage":2,"elev":12.9,"name":"haor basin fill"},"geometry":{"type":"Polygon","coordinates":[[[91.8758904109589,24.978391959798994],[91.87972602739725,24.978391959798994],[91.87972602739725,24.982211055276384],[91.8758904109589,24.982211055276384],[91.8758904109589,24.978391959798994]]]}},{"type":"Feature","properties":{"stage":2,"elev":12.5,"name":"haor basin fill"},"geometry":{"type":"Polygon","coordinates":[[[91.78767123287672,24.982211055276384],[91.79150684931507,24.982211055276384],[91.79150684931507,24.98603015075377],[91.78767123287672,24.98603015075377],[91.78767123287672,24.982211055276384]]]}},{"type":"Feature","properties":{"stage":2,"elev":13,"name":"haor basin fill"},"geometry":{"type":"Polygon","coordinates":[[[91.79150684931507,24.982211055276384],[91.79534246575342,24.982211055276384],[91.79534246575342,24.98603015075377],[91.79150684931507,24.98603015075377],[91.79150684931507,24.982211055276384]]]}},{"type":"Feature","properties":{"stage":2,"elev":11.9,"name":"haor basin fill"},"geometry":{"type":"Polygon","coordinates":[[[91.79534246575342,24.982211055276384],[91.79917808219179,24.982211055276384],[91.79917808219179,24.98603015075377],[91.79534246575342,24.98603015075377],[91.79534246575342,24.982211055276384]]]}},{"type":"Feature","properties":{"stage":2,"elev":12.5,"name":"haor basin fill"},"geometry":{"type":"Polygon","coordinates":[[[91.79917808219179,24.982211055276384],[91.80301369863014,24.982211055276384],[91.80301369863014,24.98603015075377],[91.79917808219179,24.98603015075377],[91.79917808219179,24.982211055276384]]]}},{"type":"Feature","properties":{"stage":2,"elev":11.8,"name":"haor basin fill"},"geometry":{"type":"Polygon","coordinates":[[[91.80301369863014,24.982211055276384],[91.80684931506849,24.982211055276384],[91.80684931506849,24.98603015075377],[91.80301369863014,24.98603015075377],[91.80301369863014,24.982211055276384]]]}},{"type":"Feature","properties":{"stage":2,"elev":11.5,"name":"haor basin fill"},"geometry":{"type":"Polygon","coordinates":[[[91.80684931506849,24.982211055276384],[91.81068493150686,24.982211055276384],[91.81068493150686,24.98603015075377],[91.80684931506849,24.98603015075377],[91.80684931506849,24.982211055276384]]]}},{"type":"Feature","properties":{"stage":2,"elev":11.8,"name":"haor basin fill"},"geometry":{"type":"Polygon","coordinates":[[[91.81068493150686,24.982211055276384],[91.81452054794521,24.982211055276384],[91.81452054794521,24.98603015075377],[91.81068493150686,24.98603015075377],[91.81068493150686,24.982211055276384]]]}},{"type":"Feature","properties":{"stage":2,"elev":12.3,"name":"haor basin fill"},"geometry":{"type":"Polygon","coordinates":[[[91.81452054794521,24.982211055276384],[91.81835616438356,24.982211055276384],[91.81835616438356,24.98603015075377],[91.81452054794521,24.98603015075377],[91.81452054794521,24.982211055276384]]]}},{"type":"Feature","properties":{"stage":2,"elev":11.9,"name":"haor basin fill"},"geometry":{"type":"Polygon","coordinates":[[[91.81835616438356,24.982211055276384],[91.82219178082192,24.982211055276384],[91.82219178082192,24.98603015075377],[91.81835616438356,24.98603015075377],[91.81835616438356,24.982211055276384]]]}},{"type":"Feature","properties":{"stage":2,"elev":10.8,"name":"haor basin fill"},"geometry":{"type":"Polygon","coordinates":[[[91.82219178082192,24.982211055276384],[91.82602739726028,24.982211055276384],[91.82602739726028,24.98603015075377],[91.82219178082192,24.98603015075377],[91.82219178082192,24.982211055276384]]]}},{"type":"Feature","properties":{"stage":2,"elev":9.9,"name":"haor basin fill"},"geometry":{"type":"Polygon","coordinates":[[[91.82602739726028,24.982211055276384],[91.82986301369863,24.982211055276384],[91.82986301369863,24.98603015075377],[91.82602739726028,24.98603015075377],[91.82602739726028,24.982211055276384]]]}},{"type":"Feature","properties":{"stage":2,"elev":11.6,"name":"haor basin fill"},"geometry":{"type":"Polygon","coordinates":[[[91.82986301369863,24.982211055276384],[91.83369863013698,24.982211055276384],[91.83369863013698,24.98603015075377],[91.82986301369863,24.98603015075377],[91.82986301369863,24.982211055276384]]]}},{"type":"Feature","properties":{"stage":2,"elev":11,"name":"haor basin fill"},"geometry":{"type":"Polygon","coordinates":[[[91.83369863013698,24.982211055276384],[91.83753424657534,24.982211055276384],[91.83753424657534,24.98603015075377],[91.83369863013698,24.98603015075377],[91.83369863013698,24.982211055276384]]]}},{"type":"Feature","properties":{"stage":2,"elev":11.8,"name":"haor basin fill"},"geometry":{"type":"Polygon","coordinates":[[[91.83753424657534,24.982211055276384],[91.8413698630137,24.982211055276384],[91.8413698630137,24.98603015075377],[91.83753424657534,24.98603015075377],[91.83753424657534,24.982211055276384]]]}},{"type":"Feature","properties":{"stage":2,"elev":11.6,"name":"haor basin fill"},"geometry":{"type":"Polygon","coordinates":[[[91.8413698630137,24.982211055276384],[91.84520547945205,24.982211055276384],[91.84520547945205,24.98603015075377],[91.8413698630137,24.98603015075377],[91.8413698630137,24.982211055276384]]]}},{"type":"Feature","properties":{"stage":2,"elev":9.8,"name":"haor basin fill"},"geometry":{"type":"Polygon","coordinates":[[[91.84520547945205,24.982211055276384],[91.84904109589041,24.982211055276384],[91.84904109589041,24.98603015075377],[91.84520547945205,24.98603015075377],[91.84520547945205,24.982211055276384]]]}},{"type":"Feature","properties":{"stage":2,"elev":11.5,"name":"haor basin fill"},"geometry":{"type":"Polygon","coordinates":[[[91.84904109589041,24.982211055276384],[91.85287671232877,24.982211055276384],[91.85287671232877,24.98603015075377],[91.84904109589041,24.98603015075377],[91.84904109589041,24.982211055276384]]]}},{"type":"Feature","properties":{"stage":2,"elev":12.3,"name":"haor basin fill"},"geometry":{"type":"Polygon","coordinates":[[[91.85287671232877,24.982211055276384],[91.85671232876712,24.982211055276384],[91.85671232876712,24.98603015075377],[91.85287671232877,24.98603015075377],[91.85287671232877,24.982211055276384]]]}},{"type":"Feature","properties":{"stage":2,"elev":12.3,"name":"haor basin fill"},"geometry":{"type":"Polygon","coordinates":[[[91.85671232876712,24.982211055276384],[91.86054794520548,24.982211055276384],[91.86054794520548,24.98603015075377],[91.85671232876712,24.98603015075377],[91.85671232876712,24.982211055276384]]]}},{"type":"Feature","properties":{"stage":2,"elev":12.1,"name":"haor basin fill"},"geometry":{"type":"Polygon","coordinates":[[[91.86054794520548,24.982211055276384],[91.86438356164383,24.982211055276384],[91.86438356164383,24.98603015075377],[91.86054794520548,24.98603015075377],[91.86054794520548,24.982211055276384]]]}},{"type":"Feature","properties":{"stage":2,"elev":12.1,"name":"haor basin fill"},"geometry":{"type":"Polygon","coordinates":[[[91.86438356164383,24.982211055276384],[91.86821917808219,24.982211055276384],[91.86821917808219,24.98603015075377],[91.86438356164383,24.98603015075377],[91.86438356164383,24.982211055276384]]]}},{"type":"Feature","properties":{"stage":2,"elev":12.1,"name":"haor basin fill"},"geometry":{"type":"Polygon","coordinates":[[[91.86821917808219,24.982211055276384],[91.87205479452055,24.982211055276384],[91.87205479452055,24.98603015075377],[91.86821917808219,24.98603015075377],[91.86821917808219,24.982211055276384]]]}},{"type":"Feature","properties":{"stage":2,"elev":12.4,"name":"haor basin fill"},"geometry":{"type":"Polygon","coordinates":[[[91.87205479452055,24.982211055276384],[91.8758904109589,24.982211055276384],[91.8758904109589,24.98603015075377],[91.87205479452055,24.98603015075377],[91.87205479452055,24.982211055276384]]]}},{"type":"Feature","properties":{"stage":2,"elev":11.8,"name":"haor basin fill"},"geometry":{"type":"Polygon","coordinates":[[[91.8758904109589,24.982211055276384],[91.87972602739725,24.982211055276384],[91.87972602739725,24.98603015075377],[91.8758904109589,24.98603015075377],[91.8758904109589,24.982211055276384]]]}},{"type":"Feature","properties":{"stage":2,"elev":12,"name":"haor basin fill"},"geometry":{"type":"Polygon","coordinates":[[[91.87972602739725,24.982211055276384],[91.88356164383562,24.982211055276384],[91.88356164383562,24.98603015075377],[91.87972602739725,24.98603015075377],[91.87972602739725,24.982211055276384]]]}},{"type":"Feature","properties":{"stage":2,"elev":12.1,"name":"haor basin fill"},"geometry":{"type":"Polygon","coordinates":[[[91.88356164383562,24.982211055276384],[91.88739726027397,24.982211055276384],[91.88739726027397,24.98603015075377],[91.88356164383562,24.98603015075377],[91.88356164383562,24.982211055276384]]]}},{"type":"Feature","properties":{"stage":2,"elev":11.8,"name":"haor basin fill"},"geometry":{"type":"Polygon","coordinates":[[[91.80684931506849,24.98603015075377],[91.81068493150686,24.98603015075377],[91.81068493150686,24.989849246231156],[91.80684931506849,24.989849246231156],[91.80684931506849,24.98603015075377]]]}},{"type":"Feature","properties":{"stage":2,"elev":12.1,"name":"haor basin fill"},"geometry":{"type":"Polygon","coordinates":[[[91.81068493150686,24.98603015075377],[91.81452054794521,24.98603015075377],[91.81452054794521,24.989849246231156],[91.81068493150686,24.989849246231156],[91.81068493150686,24.98603015075377]]]}},{"type":"Feature","properties":{"stage":2,"elev":13,"name":"haor basin fill"},"geometry":{"type":"Polygon","coordinates":[[[91.81452054794521,24.98603015075377],[91.81835616438356,24.98603015075377],[91.81835616438356,24.989849246231156],[91.81452054794521,24.989849246231156],[91.81452054794521,24.98603015075377]]]}},{"type":"Feature","properties":{"stage":2,"elev":12.2,"name":"haor basin fill"},"geometry":{"type":"Polygon","coordinates":[[[91.81835616438356,24.98603015075377],[91.82219178082192,24.98603015075377],[91.82219178082192,24.989849246231156],[91.81835616438356,24.989849246231156],[91.81835616438356,24.98603015075377]]]}},{"type":"Feature","properties":{"stage":2,"elev":10.9,"name":"haor basin fill"},"geometry":{"type":"Polygon","coordinates":[[[91.82219178082192,24.98603015075377],[91.82602739726028,24.98603015075377],[91.82602739726028,24.989849246231156],[91.82219178082192,24.989849246231156],[91.82219178082192,24.98603015075377]]]}},{"type":"Feature","properties":{"stage":2,"elev":11.6,"name":"haor basin fill"},"geometry":{"type":"Polygon","coordinates":[[[91.82602739726028,24.98603015075377],[91.82986301369863,24.98603015075377],[91.82986301369863,24.989849246231156],[91.82602739726028,24.989849246231156],[91.82602739726028,24.98603015075377]]]}},{"type":"Feature","properties":{"stage":2,"elev":11.1,"name":"haor basin fill"},"geometry":{"type":"Polygon","coordinates":[[[91.82986301369863,24.98603015075377],[91.83369863013698,24.98603015075377],[91.83369863013698,24.989849246231156],[91.82986301369863,24.989849246231156],[91.82986301369863,24.98603015075377]]]}},{"type":"Feature","properties":{"stage":2,"elev":9.6,"name":"haor basin fill"},"geometry":{"type":"Polygon","coordinates":[[[91.83369863013698,24.98603015075377],[91.83753424657534,24.98603015075377],[91.83753424657534,24.989849246231156],[91.83369863013698,24.989849246231156],[91.83369863013698,24.98603015075377]]]}},{"type":"Feature","properties":{"stage":2,"elev":10.3,"name":"haor basin fill"},"geometry":{"type":"Polygon","coordinates":[[[91.83753424657534,24.98603015075377],[91.8413698630137,24.98603015075377],[91.8413698630137,24.989849246231156],[91.83753424657534,24.989849246231156],[91.83753424657534,24.98603015075377]]]}},{"type":"Feature","properties":{"stage":2,"elev":9.4,"name":"haor basin fill"},"geometry":{"type":"Polygon","coordinates":[[[91.8413698630137,24.98603015075377],[91.84520547945205,24.98603015075377],[91.84520547945205,24.989849246231156],[91.8413698630137,24.989849246231156],[91.8413698630137,24.98603015075377]]]}},{"type":"Feature","properties":{"stage":2,"elev":11.4,"name":"haor basin fill"},"geometry":{"type":"Polygon","coordinates":[[[91.84520547945205,24.98603015075377],[91.84904109589041,24.98603015075377],[91.84904109589041,24.989849246231156],[91.84520547945205,24.989849246231156],[91.84520547945205,24.98603015075377]]]}},{"type":"Feature","properties":{"stage":2,"elev":11.3,"name":"haor basin fill"},"geometry":{"type":"Polygon","coordinates":[[[91.84904109589041,24.98603015075377],[91.85287671232877,24.98603015075377],[91.85287671232877,24.989849246231156],[91.84904109589041,24.989849246231156],[91.84904109589041,24.98603015075377]]]}},{"type":"Feature","properties":{"stage":2,"elev":12.1,"name":"haor basin fill"},"geometry":{"type":"Polygon","coordinates":[[[91.85287671232877,24.98603015075377],[91.85671232876712,24.98603015075377],[91.85671232876712,24.989849246231156],[91.85287671232877,24.989849246231156],[91.85287671232877,24.98603015075377]]]}},{"type":"Feature","properties":{"stage":2,"elev":11.3,"name":"haor basin fill"},"geometry":{"type":"Polygon","coordinates":[[[91.85671232876712,24.98603015075377],[91.86054794520548,24.98603015075377],[91.86054794520548,24.989849246231156],[91.85671232876712,24.989849246231156],[91.85671232876712,24.98603015075377]]]}},{"type":"Feature","properties":{"stage":2,"elev":9.9,"name":"haor basin fill"},"geometry":{"type":"Polygon","coordinates":[[[91.86054794520548,24.98603015075377],[91.86438356164383,24.98603015075377],[91.86438356164383,24.989849246231156],[91.86054794520548,24.989849246231156],[91.86054794520548,24.98603015075377]]]}},{"type":"Feature","properties":{"stage":2,"elev":10.4,"name":"haor basin fill"},"geometry":{"type":"Polygon","coordinates":[[[91.86438356164383,24.98603015075377],[91.86821917808219,24.98603015075377],[91.86821917808219,24.989849246231156],[91.86438356164383,24.989849246231156],[91.86438356164383,24.98603015075377]]]}},{"type":"Feature","properties":{"stage":2,"elev":10.9,"name":"haor basin fill"},"geometry":{"type":"Polygon","coordinates":[[[91.86821917808219,24.98603015075377],[91.87205479452055,24.98603015075377],[91.87205479452055,24.989849246231156],[91.86821917808219,24.989849246231156],[91.86821917808219,24.98603015075377]]]}},{"type":"Feature","properties":{"stage":2,"elev":11.9,"name":"haor basin fill"},"geometry":{"type":"Polygon","coordinates":[[[91.87205479452055,24.98603015075377],[91.8758904109589,24.98603015075377],[91.8758904109589,24.989849246231156],[91.87205479452055,24.989849246231156],[91.87205479452055,24.98603015075377]]]}},{"type":"Feature","properties":{"stage":2,"elev":11.3,"name":"haor basin fill"},"geometry":{"type":"Polygon","coordinates":[[[91.8758904109589,24.98603015075377],[91.87972602739725,24.98603015075377],[91.87972602739725,24.989849246231156],[91.8758904109589,24.989849246231156],[91.8758904109589,24.98603015075377]]]}},{"type":"Feature","properties":{"stage":2,"elev":10.2,"name":"haor basin fill"},"geometry":{"type":"Polygon","coordinates":[[[91.87972602739725,24.98603015075377],[91.88356164383562,24.98603015075377],[91.88356164383562,24.989849246231156],[91.87972602739725,24.989849246231156],[91.87972602739725,24.98603015075377]]]}},{"type":"Feature","properties":{"stage":2,"elev":10.7,"name":"haor basin fill"},"geometry":{"type":"Polygon","coordinates":[[[91.88356164383562,24.98603015075377],[91.88739726027397,24.98603015075377],[91.88739726027397,24.989849246231156],[91.88356164383562,24.989849246231156],[91.88356164383562,24.98603015075377]]]}},{"type":"Feature","properties":{"stage":2,"elev":11.2,"name":"haor basin fill"},"geometry":{"type":"Polygon","coordinates":[[[91.88739726027397,24.98603015075377],[91.89123287671232,24.98603015075377],[91.89123287671232,24.989849246231156],[91.88739726027397,24.989849246231156],[91.88739726027397,24.98603015075377]]]}},{"type":"Feature","properties":{"stage":2,"elev":12.3,"name":"haor basin fill"},"geometry":{"type":"Polygon","coordinates":[[[91.89123287671232,24.98603015075377],[91.89506849315069,24.98603015075377],[91.89506849315069,24.989849246231156],[91.89123287671232,24.989849246231156],[91.89123287671232,24.98603015075377]]]}},{"type":"Feature","properties":{"stage":2,"elev":12.6,"name":"haor basin fill"},"geometry":{"type":"Polygon","coordinates":[[[91.89506849315069,24.98603015075377],[91.89890410958904,24.98603015075377],[91.89890410958904,24.989849246231156],[91.89506849315069,24.989849246231156],[91.89506849315069,24.98603015075377]]]}},{"type":"Feature","properties":{"stage":2,"elev":12.6,"name":"haor basin fill"},"geometry":{"type":"Polygon","coordinates":[[[91.81835616438356,24.989849246231156],[91.82219178082192,24.989849246231156],[91.82219178082192,24.993668341708542],[91.81835616438356,24.993668341708542],[91.81835616438356,24.989849246231156]]]}},{"type":"Feature","properties":{"stage":2,"elev":12.9,"name":"haor basin fill"},"geometry":{"type":"Polygon","coordinates":[[[91.82219178082192,24.989849246231156],[91.82602739726028,24.989849246231156],[91.82602739726028,24.993668341708542],[91.82219178082192,24.993668341708542],[91.82219178082192,24.989849246231156]]]}},{"type":"Feature","properties":{"stage":2,"elev":12.9,"name":"haor basin fill"},"geometry":{"type":"Polygon","coordinates":[[[91.82602739726028,24.989849246231156],[91.82986301369863,24.989849246231156],[91.82986301369863,24.993668341708542],[91.82602739726028,24.993668341708542],[91.82602739726028,24.989849246231156]]]}},{"type":"Feature","properties":{"stage":2,"elev":11.6,"name":"haor basin fill"},"geometry":{"type":"Polygon","coordinates":[[[91.82986301369863,24.989849246231156],[91.83369863013698,24.989849246231156],[91.83369863013698,24.993668341708542],[91.82986301369863,24.993668341708542],[91.82986301369863,24.989849246231156]]]}},{"type":"Feature","properties":{"stage":2,"elev":10.6,"name":"haor basin fill"},"geometry":{"type":"Polygon","coordinates":[[[91.83369863013698,24.989849246231156],[91.83753424657534,24.989849246231156],[91.83753424657534,24.993668341708542],[91.83369863013698,24.993668341708542],[91.83369863013698,24.989849246231156]]]}},{"type":"Feature","properties":{"stage":2,"elev":10.9,"name":"haor basin fill"},"geometry":{"type":"Polygon","coordinates":[[[91.83753424657534,24.989849246231156],[91.8413698630137,24.989849246231156],[91.8413698630137,24.993668341708542],[91.83753424657534,24.993668341708542],[91.83753424657534,24.989849246231156]]]}},{"type":"Feature","properties":{"stage":2,"elev":9.7,"name":"haor basin fill"},"geometry":{"type":"Polygon","coordinates":[[[91.8413698630137,24.989849246231156],[91.84520547945205,24.989849246231156],[91.84520547945205,24.993668341708542],[91.8413698630137,24.993668341708542],[91.8413698630137,24.989849246231156]]]}},{"type":"Feature","properties":{"stage":2,"elev":11.6,"name":"haor basin fill"},"geometry":{"type":"Polygon","coordinates":[[[91.84520547945205,24.989849246231156],[91.84904109589041,24.989849246231156],[91.84904109589041,24.993668341708542],[91.84520547945205,24.993668341708542],[91.84520547945205,24.989849246231156]]]}},{"type":"Feature","properties":{"stage":2,"elev":12.9,"name":"haor basin fill"},"geometry":{"type":"Polygon","coordinates":[[[91.84904109589041,24.989849246231156],[91.85287671232877,24.989849246231156],[91.85287671232877,24.993668341708542],[91.84904109589041,24.993668341708542],[91.84904109589041,24.989849246231156]]]}},{"type":"Feature","properties":{"stage":2,"elev":12.4,"name":"haor basin fill"},"geometry":{"type":"Polygon","coordinates":[[[91.85287671232877,24.989849246231156],[91.85671232876712,24.989849246231156],[91.85671232876712,24.993668341708542],[91.85287671232877,24.993668341708542],[91.85287671232877,24.989849246231156]]]}},{"type":"Feature","properties":{"stage":2,"elev":11.8,"name":"haor basin fill"},"geometry":{"type":"Polygon","coordinates":[[[91.86054794520548,24.989849246231156],[91.86438356164383,24.989849246231156],[91.86438356164383,24.993668341708542],[91.86054794520548,24.993668341708542],[91.86054794520548,24.989849246231156]]]}},{"type":"Feature","properties":{"stage":2,"elev":11.2,"name":"haor basin fill"},"geometry":{"type":"Polygon","coordinates":[[[91.86438356164383,24.989849246231156],[91.86821917808219,24.989849246231156],[91.86821917808219,24.993668341708542],[91.86438356164383,24.993668341708542],[91.86438356164383,24.989849246231156]]]}},{"type":"Feature","properties":{"stage":2,"elev":10.7,"name":"haor basin fill"},"geometry":{"type":"Polygon","coordinates":[[[91.86821917808219,24.989849246231156],[91.87205479452055,24.989849246231156],[91.87205479452055,24.993668341708542],[91.86821917808219,24.993668341708542],[91.86821917808219,24.989849246231156]]]}},{"type":"Feature","properties":{"stage":2,"elev":12.6,"name":"haor basin fill"},"geometry":{"type":"Polygon","coordinates":[[[91.8758904109589,24.989849246231156],[91.87972602739725,24.989849246231156],[91.87972602739725,24.993668341708542],[91.8758904109589,24.993668341708542],[91.8758904109589,24.989849246231156]]]}},{"type":"Feature","properties":{"stage":2,"elev":10.1,"name":"haor basin fill"},"geometry":{"type":"Polygon","coordinates":[[[91.87972602739725,24.989849246231156],[91.88356164383562,24.989849246231156],[91.88356164383562,24.993668341708542],[91.87972602739725,24.993668341708542],[91.87972602739725,24.989849246231156]]]}},{"type":"Feature","properties":{"stage":2,"elev":9.8,"name":"haor basin fill"},"geometry":{"type":"Polygon","coordinates":[[[91.88356164383562,24.989849246231156],[91.88739726027397,24.989849246231156],[91.88739726027397,24.993668341708542],[91.88356164383562,24.993668341708542],[91.88356164383562,24.989849246231156]]]}},{"type":"Feature","properties":{"stage":2,"elev":10,"name":"haor basin fill"},"geometry":{"type":"Polygon","coordinates":[[[91.88739726027397,24.989849246231156],[91.89123287671232,24.989849246231156],[91.89123287671232,24.993668341708542],[91.88739726027397,24.993668341708542],[91.88739726027397,24.989849246231156]]]}},{"type":"Feature","properties":{"stage":2,"elev":10.4,"name":"haor basin fill"},"geometry":{"type":"Polygon","coordinates":[[[91.89123287671232,24.989849246231156],[91.89506849315069,24.989849246231156],[91.89506849315069,24.993668341708542],[91.89123287671232,24.993668341708542],[91.89123287671232,24.989849246231156]]]}},{"type":"Feature","properties":{"stage":2,"elev":12.4,"name":"haor basin fill"},"geometry":{"type":"Polygon","coordinates":[[[91.89506849315069,24.989849246231156],[91.89890410958904,24.989849246231156],[91.89890410958904,24.993668341708542],[91.89506849315069,24.993668341708542],[91.89506849315069,24.989849246231156]]]}},{"type":"Feature","properties":{"stage":2,"elev":12.4,"name":"haor basin fill"},"geometry":{"type":"Polygon","coordinates":[[[91.78383561643835,24.993668341708542],[91.78767123287672,24.993668341708542],[91.78767123287672,24.99748743718593],[91.78383561643835,24.99748743718593],[91.78383561643835,24.993668341708542]]]}},{"type":"Feature","properties":{"stage":2,"elev":12.9,"name":"haor basin fill"},"geometry":{"type":"Polygon","coordinates":[[[91.78767123287672,24.993668341708542],[91.79150684931507,24.993668341708542],[91.79150684931507,24.99748743718593],[91.78767123287672,24.99748743718593],[91.78767123287672,24.993668341708542]]]}},{"type":"Feature","properties":{"stage":2,"elev":12.3,"name":"haor basin fill"},"geometry":{"type":"Polygon","coordinates":[[[91.79917808219179,24.993668341708542],[91.80301369863014,24.993668341708542],[91.80301369863014,24.99748743718593],[91.79917808219179,24.99748743718593],[91.79917808219179,24.993668341708542]]]}},{"type":"Feature","properties":{"stage":2,"elev":12.1,"name":"haor basin fill"},"geometry":{"type":"Polygon","coordinates":[[[91.80301369863014,24.993668341708542],[91.80684931506849,24.993668341708542],[91.80684931506849,24.99748743718593],[91.80301369863014,24.99748743718593],[91.80301369863014,24.993668341708542]]]}},{"type":"Feature","properties":{"stage":2,"elev":13,"name":"haor basin fill"},"geometry":{"type":"Polygon","coordinates":[[[91.81835616438356,24.993668341708542],[91.82219178082192,24.993668341708542],[91.82219178082192,24.99748743718593],[91.81835616438356,24.99748743718593],[91.81835616438356,24.993668341708542]]]}},{"type":"Feature","properties":{"stage":2,"elev":12.5,"name":"haor basin fill"},"geometry":{"type":"Polygon","coordinates":[[[91.82219178082192,24.993668341708542],[91.82602739726028,24.993668341708542],[91.82602739726028,24.99748743718593],[91.82219178082192,24.99748743718593],[91.82219178082192,24.993668341708542]]]}},{"type":"Feature","properties":{"stage":2,"elev":12.8,"name":"haor basin fill"},"geometry":{"type":"Polygon","coordinates":[[[91.82602739726028,24.993668341708542],[91.82986301369863,24.993668341708542],[91.82986301369863,24.99748743718593],[91.82602739726028,24.99748743718593],[91.82602739726028,24.993668341708542]]]}},{"type":"Feature","properties":{"stage":2,"elev":12.8,"name":"haor basin fill"},"geometry":{"type":"Polygon","coordinates":[[[91.82986301369863,24.993668341708542],[91.83369863013698,24.993668341708542],[91.83369863013698,24.99748743718593],[91.82986301369863,24.99748743718593],[91.82986301369863,24.993668341708542]]]}},{"type":"Feature","properties":{"stage":2,"elev":11.5,"name":"haor basin fill"},"geometry":{"type":"Polygon","coordinates":[[[91.83369863013698,24.993668341708542],[91.83753424657534,24.993668341708542],[91.83753424657534,24.99748743718593],[91.83369863013698,24.99748743718593],[91.83369863013698,24.993668341708542]]]}},{"type":"Feature","properties":{"stage":2,"elev":12.8,"name":"haor basin fill"},"geometry":{"type":"Polygon","coordinates":[[[91.83753424657534,24.993668341708542],[91.8413698630137,24.993668341708542],[91.8413698630137,24.99748743718593],[91.83753424657534,24.99748743718593],[91.83753424657534,24.993668341708542]]]}},{"type":"Feature","properties":{"stage":2,"elev":12.3,"name":"haor basin fill"},"geometry":{"type":"Polygon","coordinates":[[[91.8413698630137,24.993668341708542],[91.84520547945205,24.993668341708542],[91.84520547945205,24.99748743718593],[91.8413698630137,24.99748743718593],[91.8413698630137,24.993668341708542]]]}},{"type":"Feature","properties":{"stage":2,"elev":12.1,"name":"haor basin fill"},"geometry":{"type":"Polygon","coordinates":[[[91.84520547945205,24.993668341708542],[91.84904109589041,24.993668341708542],[91.84904109589041,24.99748743718593],[91.84520547945205,24.99748743718593],[91.84520547945205,24.993668341708542]]]}},{"type":"Feature","properties":{"stage":2,"elev":11.1,"name":"haor basin fill"},"geometry":{"type":"Polygon","coordinates":[[[91.84904109589041,24.993668341708542],[91.85287671232877,24.993668341708542],[91.85287671232877,24.99748743718593],[91.84904109589041,24.99748743718593],[91.84904109589041,24.993668341708542]]]}},{"type":"Feature","properties":{"stage":2,"elev":11.4,"name":"haor basin fill"},"geometry":{"type":"Polygon","coordinates":[[[91.85287671232877,24.993668341708542],[91.85671232876712,24.993668341708542],[91.85671232876712,24.99748743718593],[91.85287671232877,24.99748743718593],[91.85287671232877,24.993668341708542]]]}},{"type":"Feature","properties":{"stage":2,"elev":9.3,"name":"haor basin fill"},"geometry":{"type":"Polygon","coordinates":[[[91.85671232876712,24.993668341708542],[91.86054794520548,24.993668341708542],[91.86054794520548,24.99748743718593],[91.85671232876712,24.99748743718593],[91.85671232876712,24.993668341708542]]]}},{"type":"Feature","properties":{"stage":2,"elev":8.8,"name":"haor basin fill"},"geometry":{"type":"Polygon","coordinates":[[[91.86054794520548,24.993668341708542],[91.86438356164383,24.993668341708542],[91.86438356164383,24.99748743718593],[91.86054794520548,24.99748743718593],[91.86054794520548,24.993668341708542]]]}},{"type":"Feature","properties":{"stage":2,"elev":9,"name":"haor basin fill"},"geometry":{"type":"Polygon","coordinates":[[[91.86438356164383,24.993668341708542],[91.86821917808219,24.993668341708542],[91.86821917808219,24.99748743718593],[91.86438356164383,24.99748743718593],[91.86438356164383,24.993668341708542]]]}},{"type":"Feature","properties":{"stage":2,"elev":11.3,"name":"haor basin fill"},"geometry":{"type":"Polygon","coordinates":[[[91.86821917808219,24.993668341708542],[91.87205479452055,24.993668341708542],[91.87205479452055,24.99748743718593],[91.86821917808219,24.99748743718593],[91.86821917808219,24.993668341708542]]]}},{"type":"Feature","properties":{"stage":2,"elev":12.4,"name":"haor basin fill"},"geometry":{"type":"Polygon","coordinates":[[[91.87205479452055,24.993668341708542],[91.8758904109589,24.993668341708542],[91.8758904109589,24.99748743718593],[91.87205479452055,24.99748743718593],[91.87205479452055,24.993668341708542]]]}},{"type":"Feature","properties":{"stage":2,"elev":11.3,"name":"haor basin fill"},"geometry":{"type":"Polygon","coordinates":[[[91.87972602739725,24.993668341708542],[91.88356164383562,24.993668341708542],[91.88356164383562,24.99748743718593],[91.87972602739725,24.99748743718593],[91.87972602739725,24.993668341708542]]]}},{"type":"Feature","properties":{"stage":2,"elev":10.8,"name":"haor basin fill"},"geometry":{"type":"Polygon","coordinates":[[[91.88356164383562,24.993668341708542],[91.88739726027397,24.993668341708542],[91.88739726027397,24.99748743718593],[91.88356164383562,24.99748743718593],[91.88356164383562,24.993668341708542]]]}},{"type":"Feature","properties":{"stage":2,"elev":9.9,"name":"haor basin fill"},"geometry":{"type":"Polygon","coordinates":[[[91.88739726027397,24.993668341708542],[91.89123287671232,24.993668341708542],[91.89123287671232,24.99748743718593],[91.88739726027397,24.99748743718593],[91.88739726027397,24.993668341708542]]]}},{"type":"Feature","properties":{"stage":2,"elev":12.5,"name":"haor basin fill"},"geometry":{"type":"Polygon","coordinates":[[[91.89123287671232,24.993668341708542],[91.89506849315069,24.993668341708542],[91.89506849315069,24.99748743718593],[91.89123287671232,24.99748743718593],[91.89123287671232,24.993668341708542]]]}},{"type":"Feature","properties":{"stage":2,"elev":10.3,"name":"haor basin fill"},"geometry":{"type":"Polygon","coordinates":[[[91.89506849315069,24.993668341708542],[91.89890410958904,24.993668341708542],[91.89890410958904,24.99748743718593],[91.89506849315069,24.99748743718593],[91.89506849315069,24.993668341708542]]]}},{"type":"Feature","properties":{"stage":2,"elev":9.4,"name":"haor basin fill"},"geometry":{"type":"Polygon","coordinates":[[[91.89890410958904,24.993668341708542],[91.90273972602739,24.993668341708542],[91.90273972602739,24.99748743718593],[91.89890410958904,24.99748743718593],[91.89890410958904,24.993668341708542]]]}},{"type":"Feature","properties":{"stage":2,"elev":11,"name":"haor basin fill"},"geometry":{"type":"Polygon","coordinates":[[[91.90273972602739,24.993668341708542],[91.90657534246576,24.993668341708542],[91.90657534246576,24.99748743718593],[91.90273972602739,24.99748743718593],[91.90273972602739,24.993668341708542]]]}},{"type":"Feature","properties":{"stage":2,"elev":12.3,"name":"haor basin fill"},"geometry":{"type":"Polygon","coordinates":[[[91.78383561643835,24.99748743718593],[91.78767123287672,24.99748743718593],[91.78767123287672,25.001306532663317],[91.78383561643835,25.001306532663317],[91.78383561643835,24.99748743718593]]]}},{"type":"Feature","properties":{"stage":2,"elev":12.9,"name":"haor basin fill"},"geometry":{"type":"Polygon","coordinates":[[[91.78767123287672,24.99748743718593],[91.79150684931507,24.99748743718593],[91.79150684931507,25.001306532663317],[91.78767123287672,25.001306532663317],[91.78767123287672,24.99748743718593]]]}},{"type":"Feature","properties":{"stage":2,"elev":11.3,"name":"haor basin fill"},"geometry":{"type":"Polygon","coordinates":[[[91.79150684931507,24.99748743718593],[91.79534246575342,24.99748743718593],[91.79534246575342,25.001306532663317],[91.79150684931507,25.001306532663317],[91.79150684931507,24.99748743718593]]]}},{"type":"Feature","properties":{"stage":2,"elev":12.2,"name":"haor basin fill"},"geometry":{"type":"Polygon","coordinates":[[[91.79534246575342,24.99748743718593],[91.79917808219179,24.99748743718593],[91.79917808219179,25.001306532663317],[91.79534246575342,25.001306532663317],[91.79534246575342,24.99748743718593]]]}},{"type":"Feature","properties":{"stage":2,"elev":11.7,"name":"haor basin fill"},"geometry":{"type":"Polygon","coordinates":[[[91.79917808219179,24.99748743718593],[91.80301369863014,24.99748743718593],[91.80301369863014,25.001306532663317],[91.79917808219179,25.001306532663317],[91.79917808219179,24.99748743718593]]]}},{"type":"Feature","properties":{"stage":2,"elev":11.6,"name":"haor basin fill"},"geometry":{"type":"Polygon","coordinates":[[[91.80301369863014,24.99748743718593],[91.80684931506849,24.99748743718593],[91.80684931506849,25.001306532663317],[91.80301369863014,25.001306532663317],[91.80301369863014,24.99748743718593]]]}},{"type":"Feature","properties":{"stage":2,"elev":12.8,"name":"haor basin fill"},"geometry":{"type":"Polygon","coordinates":[[[91.80684931506849,24.99748743718593],[91.81068493150686,24.99748743718593],[91.81068493150686,25.001306532663317],[91.80684931506849,25.001306532663317],[91.80684931506849,24.99748743718593]]]}},{"type":"Feature","properties":{"stage":2,"elev":12.4,"name":"haor basin fill"},"geometry":{"type":"Polygon","coordinates":[[[91.82219178082192,24.99748743718593],[91.82602739726028,24.99748743718593],[91.82602739726028,25.001306532663317],[91.82219178082192,25.001306532663317],[91.82219178082192,24.99748743718593]]]}},{"type":"Feature","properties":{"stage":2,"elev":12.4,"name":"haor basin fill"},"geometry":{"type":"Polygon","coordinates":[[[91.82602739726028,24.99748743718593],[91.82986301369863,24.99748743718593],[91.82986301369863,25.001306532663317],[91.82602739726028,25.001306532663317],[91.82602739726028,24.99748743718593]]]}},{"type":"Feature","properties":{"stage":2,"elev":12.1,"name":"haor basin fill"},"geometry":{"type":"Polygon","coordinates":[[[91.83753424657534,24.99748743718593],[91.8413698630137,24.99748743718593],[91.8413698630137,25.001306532663317],[91.83753424657534,25.001306532663317],[91.83753424657534,24.99748743718593]]]}},{"type":"Feature","properties":{"stage":2,"elev":11.2,"name":"haor basin fill"},"geometry":{"type":"Polygon","coordinates":[[[91.8413698630137,24.99748743718593],[91.84520547945205,24.99748743718593],[91.84520547945205,25.001306532663317],[91.8413698630137,25.001306532663317],[91.8413698630137,24.99748743718593]]]}},{"type":"Feature","properties":{"stage":2,"elev":11.2,"name":"haor basin fill"},"geometry":{"type":"Polygon","coordinates":[[[91.84520547945205,24.99748743718593],[91.84904109589041,24.99748743718593],[91.84904109589041,25.001306532663317],[91.84520547945205,25.001306532663317],[91.84520547945205,24.99748743718593]]]}},{"type":"Feature","properties":{"stage":2,"elev":10.4,"name":"haor basin fill"},"geometry":{"type":"Polygon","coordinates":[[[91.84904109589041,24.99748743718593],[91.85287671232877,24.99748743718593],[91.85287671232877,25.001306532663317],[91.84904109589041,25.001306532663317],[91.84904109589041,24.99748743718593]]]}},{"type":"Feature","properties":{"stage":2,"elev":12.1,"name":"haor basin fill"},"geometry":{"type":"Polygon","coordinates":[[[91.85287671232877,24.99748743718593],[91.85671232876712,24.99748743718593],[91.85671232876712,25.001306532663317],[91.85287671232877,25.001306532663317],[91.85287671232877,24.99748743718593]]]}},{"type":"Feature","properties":{"stage":2,"elev":9.8,"name":"haor basin fill"},"geometry":{"type":"Polygon","coordinates":[[[91.85671232876712,24.99748743718593],[91.86054794520548,24.99748743718593],[91.86054794520548,25.001306532663317],[91.85671232876712,25.001306532663317],[91.85671232876712,24.99748743718593]]]}},{"type":"Feature","properties":{"stage":2,"elev":9.6,"name":"haor basin fill"},"geometry":{"type":"Polygon","coordinates":[[[91.86054794520548,24.99748743718593],[91.86438356164383,24.99748743718593],[91.86438356164383,25.001306532663317],[91.86054794520548,25.001306532663317],[91.86054794520548,24.99748743718593]]]}},{"type":"Feature","properties":{"stage":2,"elev":9.1,"name":"haor basin fill"},"geometry":{"type":"Polygon","coordinates":[[[91.86438356164383,24.99748743718593],[91.86821917808219,24.99748743718593],[91.86821917808219,25.001306532663317],[91.86438356164383,25.001306532663317],[91.86438356164383,24.99748743718593]]]}},{"type":"Feature","properties":{"stage":2,"elev":12.7,"name":"haor basin fill"},"geometry":{"type":"Polygon","coordinates":[[[91.86821917808219,24.99748743718593],[91.87205479452055,24.99748743718593],[91.87205479452055,25.001306532663317],[91.86821917808219,25.001306532663317],[91.86821917808219,24.99748743718593]]]}},{"type":"Feature","properties":{"stage":2,"elev":10.9,"name":"haor basin fill"},"geometry":{"type":"Polygon","coordinates":[[[91.87972602739725,24.99748743718593],[91.88356164383562,24.99748743718593],[91.88356164383562,25.001306532663317],[91.87972602739725,25.001306532663317],[91.87972602739725,24.99748743718593]]]}},{"type":"Feature","properties":{"stage":2,"elev":10.4,"name":"haor basin fill"},"geometry":{"type":"Polygon","coordinates":[[[91.88356164383562,24.99748743718593],[91.88739726027397,24.99748743718593],[91.88739726027397,25.001306532663317],[91.88356164383562,25.001306532663317],[91.88356164383562,24.99748743718593]]]}},{"type":"Feature","properties":{"stage":2,"elev":11.3,"name":"haor basin fill"},"geometry":{"type":"Polygon","coordinates":[[[91.88739726027397,24.99748743718593],[91.89123287671232,24.99748743718593],[91.89123287671232,25.001306532663317],[91.88739726027397,25.001306532663317],[91.88739726027397,24.99748743718593]]]}},{"type":"Feature","properties":{"stage":2,"elev":10.6,"name":"haor basin fill"},"geometry":{"type":"Polygon","coordinates":[[[91.89123287671232,24.99748743718593],[91.89506849315069,24.99748743718593],[91.89506849315069,25.001306532663317],[91.89123287671232,25.001306532663317],[91.89123287671232,24.99748743718593]]]}},{"type":"Feature","properties":{"stage":2,"elev":10,"name":"haor basin fill"},"geometry":{"type":"Polygon","coordinates":[[[91.89506849315069,24.99748743718593],[91.89890410958904,24.99748743718593],[91.89890410958904,25.001306532663317],[91.89506849315069,25.001306532663317],[91.89506849315069,24.99748743718593]]]}},{"type":"Feature","properties":{"stage":2,"elev":10.3,"name":"haor basin fill"},"geometry":{"type":"Polygon","coordinates":[[[91.89890410958904,24.99748743718593],[91.90273972602739,24.99748743718593],[91.90273972602739,25.001306532663317],[91.89890410958904,25.001306532663317],[91.89890410958904,24.99748743718593]]]}},{"type":"Feature","properties":{"stage":2,"elev":10.3,"name":"haor basin fill"},"geometry":{"type":"Polygon","coordinates":[[[91.90273972602739,24.99748743718593],[91.90657534246576,24.99748743718593],[91.90657534246576,25.001306532663317],[91.90273972602739,25.001306532663317],[91.90273972602739,24.99748743718593]]]}},{"type":"Feature","properties":{"stage":2,"elev":12.3,"name":"haor basin fill"},"geometry":{"type":"Polygon","coordinates":[[[91.90657534246576,24.99748743718593],[91.91041095890411,24.99748743718593],[91.91041095890411,25.001306532663317],[91.90657534246576,25.001306532663317],[91.90657534246576,24.99748743718593]]]}},{"type":"Feature","properties":{"stage":2,"elev":12.7,"name":"haor basin fill"},"geometry":{"type":"Polygon","coordinates":[[[91.91041095890411,24.99748743718593],[91.91424657534246,24.99748743718593],[91.91424657534246,25.001306532663317],[91.91041095890411,25.001306532663317],[91.91041095890411,24.99748743718593]]]}},{"type":"Feature","properties":{"stage":2,"elev":11.1,"name":"haor basin fill"},"geometry":{"type":"Polygon","coordinates":[[[91.78,25.001306532663317],[91.78383561643835,25.001306532663317],[91.78383561643835,25.005125628140703],[91.78,25.005125628140703],[91.78,25.001306532663317]]]}},{"type":"Feature","properties":{"stage":2,"elev":11.6,"name":"haor basin fill"},"geometry":{"type":"Polygon","coordinates":[[[91.78383561643835,25.001306532663317],[91.78767123287672,25.001306532663317],[91.78767123287672,25.005125628140703],[91.78383561643835,25.005125628140703],[91.78383561643835,25.001306532663317]]]}},{"type":"Feature","properties":{"stage":2,"elev":12.3,"name":"haor basin fill"},"geometry":{"type":"Polygon","coordinates":[[[91.78767123287672,25.001306532663317],[91.79150684931507,25.001306532663317],[91.79150684931507,25.005125628140703],[91.78767123287672,25.005125628140703],[91.78767123287672,25.001306532663317]]]}},{"type":"Feature","properties":{"stage":2,"elev":12.2,"name":"haor basin fill"},"geometry":{"type":"Polygon","coordinates":[[[91.79150684931507,25.001306532663317],[91.79534246575342,25.001306532663317],[91.79534246575342,25.005125628140703],[91.79150684931507,25.005125628140703],[91.79150684931507,25.001306532663317]]]}},{"type":"Feature","properties":{"stage":2,"elev":11.1,"name":"haor basin fill"},"geometry":{"type":"Polygon","coordinates":[[[91.79534246575342,25.001306532663317],[91.79917808219179,25.001306532663317],[91.79917808219179,25.005125628140703],[91.79534246575342,25.005125628140703],[91.79534246575342,25.001306532663317]]]}},{"type":"Feature","properties":{"stage":2,"elev":11.2,"name":"haor basin fill"},"geometry":{"type":"Polygon","coordinates":[[[91.79917808219179,25.001306532663317],[91.80301369863014,25.001306532663317],[91.80301369863014,25.005125628140703],[91.79917808219179,25.005125628140703],[91.79917808219179,25.001306532663317]]]}},{"type":"Feature","properties":{"stage":2,"elev":11.9,"name":"haor basin fill"},"geometry":{"type":"Polygon","coordinates":[[[91.80301369863014,25.001306532663317],[91.80684931506849,25.001306532663317],[91.80684931506849,25.005125628140703],[91.80301369863014,25.005125628140703],[91.80301369863014,25.001306532663317]]]}},{"type":"Feature","properties":{"stage":2,"elev":12.6,"name":"haor basin fill"},"geometry":{"type":"Polygon","coordinates":[[[91.81835616438356,25.001306532663317],[91.82219178082192,25.001306532663317],[91.82219178082192,25.005125628140703],[91.81835616438356,25.005125628140703],[91.81835616438356,25.001306532663317]]]}},{"type":"Feature","properties":{"stage":2,"elev":11.4,"name":"haor basin fill"},"geometry":{"type":"Polygon","coordinates":[[[91.84520547945205,25.001306532663317],[91.84904109589041,25.001306532663317],[91.84904109589041,25.005125628140703],[91.84520547945205,25.005125628140703],[91.84520547945205,25.001306532663317]]]}},{"type":"Feature","properties":{"stage":2,"elev":8.9,"name":"haor basin fill"},"geometry":{"type":"Polygon","coordinates":[[[91.84904109589041,25.001306532663317],[91.85287671232877,25.001306532663317],[91.85287671232877,25.005125628140703],[91.84904109589041,25.005125628140703],[91.84904109589041,25.001306532663317]]]}},{"type":"Feature","properties":{"stage":2,"elev":11.6,"name":"haor basin fill"},"geometry":{"type":"Polygon","coordinates":[[[91.85287671232877,25.001306532663317],[91.85671232876712,25.001306532663317],[91.85671232876712,25.005125628140703],[91.85287671232877,25.005125628140703],[91.85287671232877,25.001306532663317]]]}},{"type":"Feature","properties":{"stage":2,"elev":11.9,"name":"haor basin fill"},"geometry":{"type":"Polygon","coordinates":[[[91.85671232876712,25.001306532663317],[91.86054794520548,25.001306532663317],[91.86054794520548,25.005125628140703],[91.85671232876712,25.005125628140703],[91.85671232876712,25.001306532663317]]]}},{"type":"Feature","properties":{"stage":2,"elev":11.6,"name":"haor basin fill"},"geometry":{"type":"Polygon","coordinates":[[[91.86054794520548,25.001306532663317],[91.86438356164383,25.001306532663317],[91.86438356164383,25.005125628140703],[91.86054794520548,25.005125628140703],[91.86054794520548,25.001306532663317]]]}},{"type":"Feature","properties":{"stage":2,"elev":12.6,"name":"haor basin fill"},"geometry":{"type":"Polygon","coordinates":[[[91.86438356164383,25.001306532663317],[91.86821917808219,25.001306532663317],[91.86821917808219,25.005125628140703],[91.86438356164383,25.005125628140703],[91.86438356164383,25.001306532663317]]]}},{"type":"Feature","properties":{"stage":2,"elev":12.4,"name":"haor basin fill"},"geometry":{"type":"Polygon","coordinates":[[[91.86821917808219,25.001306532663317],[91.87205479452055,25.001306532663317],[91.87205479452055,25.005125628140703],[91.86821917808219,25.005125628140703],[91.86821917808219,25.001306532663317]]]}},{"type":"Feature","properties":{"stage":2,"elev":12.6,"name":"haor basin fill"},"geometry":{"type":"Polygon","coordinates":[[[91.87205479452055,25.001306532663317],[91.8758904109589,25.001306532663317],[91.8758904109589,25.005125628140703],[91.87205479452055,25.005125628140703],[91.87205479452055,25.001306532663317]]]}},{"type":"Feature","properties":{"stage":2,"elev":12.1,"name":"haor basin fill"},"geometry":{"type":"Polygon","coordinates":[[[91.8758904109589,25.001306532663317],[91.87972602739725,25.001306532663317],[91.87972602739725,25.005125628140703],[91.8758904109589,25.005125628140703],[91.8758904109589,25.001306532663317]]]}},{"type":"Feature","properties":{"stage":2,"elev":10.2,"name":"haor basin fill"},"geometry":{"type":"Polygon","coordinates":[[[91.87972602739725,25.001306532663317],[91.88356164383562,25.001306532663317],[91.88356164383562,25.005125628140703],[91.87972602739725,25.005125628140703],[91.87972602739725,25.001306532663317]]]}},{"type":"Feature","properties":{"stage":2,"elev":10.4,"name":"haor basin fill"},"geometry":{"type":"Polygon","coordinates":[[[91.88356164383562,25.001306532663317],[91.88739726027397,25.001306532663317],[91.88739726027397,25.005125628140703],[91.88356164383562,25.005125628140703],[91.88356164383562,25.001306532663317]]]}},{"type":"Feature","properties":{"stage":2,"elev":10.9,"name":"haor basin fill"},"geometry":{"type":"Polygon","coordinates":[[[91.88739726027397,25.001306532663317],[91.89123287671232,25.001306532663317],[91.89123287671232,25.005125628140703],[91.88739726027397,25.005125628140703],[91.88739726027397,25.001306532663317]]]}},{"type":"Feature","properties":{"stage":2,"elev":12,"name":"haor basin fill"},"geometry":{"type":"Polygon","coordinates":[[[91.89123287671232,25.001306532663317],[91.89506849315069,25.001306532663317],[91.89506849315069,25.005125628140703],[91.89123287671232,25.005125628140703],[91.89123287671232,25.001306532663317]]]}},{"type":"Feature","properties":{"stage":2,"elev":11.1,"name":"haor basin fill"},"geometry":{"type":"Polygon","coordinates":[[[91.89506849315069,25.001306532663317],[91.89890410958904,25.001306532663317],[91.89890410958904,25.005125628140703],[91.89506849315069,25.005125628140703],[91.89506849315069,25.001306532663317]]]}},{"type":"Feature","properties":{"stage":2,"elev":10.4,"name":"haor basin fill"},"geometry":{"type":"Polygon","coordinates":[[[91.89890410958904,25.001306532663317],[91.90273972602739,25.001306532663317],[91.90273972602739,25.005125628140703],[91.89890410958904,25.005125628140703],[91.89890410958904,25.001306532663317]]]}},{"type":"Feature","properties":{"stage":2,"elev":11.3,"name":"haor basin fill"},"geometry":{"type":"Polygon","coordinates":[[[91.90273972602739,25.001306532663317],[91.90657534246576,25.001306532663317],[91.90657534246576,25.005125628140703],[91.90273972602739,25.005125628140703],[91.90273972602739,25.001306532663317]]]}},{"type":"Feature","properties":{"stage":2,"elev":10.4,"name":"haor basin fill"},"geometry":{"type":"Polygon","coordinates":[[[91.90657534246576,25.001306532663317],[91.91041095890411,25.001306532663317],[91.91041095890411,25.005125628140703],[91.90657534246576,25.005125628140703],[91.90657534246576,25.001306532663317]]]}},{"type":"Feature","properties":{"stage":2,"elev":11.5,"name":"haor basin fill"},"geometry":{"type":"Polygon","coordinates":[[[91.91041095890411,25.001306532663317],[91.91424657534246,25.001306532663317],[91.91424657534246,25.005125628140703],[91.91041095890411,25.005125628140703],[91.91041095890411,25.001306532663317]]]}},{"type":"Feature","properties":{"stage":2,"elev":11.7,"name":"haor basin fill"},"geometry":{"type":"Polygon","coordinates":[[[91.91424657534246,25.001306532663317],[91.91808219178083,25.001306532663317],[91.91808219178083,25.005125628140703],[91.91424657534246,25.005125628140703],[91.91424657534246,25.001306532663317]]]}},{"type":"Feature","properties":{"stage":2,"elev":10.9,"name":"haor basin fill"},"geometry":{"type":"Polygon","coordinates":[[[91.78,25.005125628140703],[91.78383561643835,25.005125628140703],[91.78383561643835,25.00894472361809],[91.78,25.00894472361809],[91.78,25.005125628140703]]]}},{"type":"Feature","properties":{"stage":2,"elev":11.1,"name":"haor basin fill"},"geometry":{"type":"Polygon","coordinates":[[[91.78383561643835,25.005125628140703],[91.78767123287672,25.005125628140703],[91.78767123287672,25.00894472361809],[91.78383561643835,25.00894472361809],[91.78383561643835,25.005125628140703]]]}},{"type":"Feature","properties":{"stage":2,"elev":11.4,"name":"haor basin fill"},"geometry":{"type":"Polygon","coordinates":[[[91.78767123287672,25.005125628140703],[91.79150684931507,25.005125628140703],[91.79150684931507,25.00894472361809],[91.78767123287672,25.00894472361809],[91.78767123287672,25.005125628140703]]]}},{"type":"Feature","properties":{"stage":2,"elev":11.3,"name":"haor basin fill"},"geometry":{"type":"Polygon","coordinates":[[[91.79150684931507,25.005125628140703],[91.79534246575342,25.005125628140703],[91.79534246575342,25.00894472361809],[91.79150684931507,25.00894472361809],[91.79150684931507,25.005125628140703]]]}},{"type":"Feature","properties":{"stage":2,"elev":9.8,"name":"haor basin fill"},"geometry":{"type":"Polygon","coordinates":[[[91.79534246575342,25.005125628140703],[91.79917808219179,25.005125628140703],[91.79917808219179,25.00894472361809],[91.79534246575342,25.00894472361809],[91.79534246575342,25.005125628140703]]]}},{"type":"Feature","properties":{"stage":2,"elev":11.2,"name":"haor basin fill"},"geometry":{"type":"Polygon","coordinates":[[[91.79917808219179,25.005125628140703],[91.80301369863014,25.005125628140703],[91.80301369863014,25.00894472361809],[91.79917808219179,25.00894472361809],[91.79917808219179,25.005125628140703]]]}},{"type":"Feature","properties":{"stage":2,"elev":12.1,"name":"haor basin fill"},"geometry":{"type":"Polygon","coordinates":[[[91.80301369863014,25.005125628140703],[91.80684931506849,25.005125628140703],[91.80684931506849,25.00894472361809],[91.80301369863014,25.00894472361809],[91.80301369863014,25.005125628140703]]]}},{"type":"Feature","properties":{"stage":2,"elev":12.1,"name":"haor basin fill"},"geometry":{"type":"Polygon","coordinates":[[[91.8413698630137,25.005125628140703],[91.84520547945205,25.005125628140703],[91.84520547945205,25.00894472361809],[91.8413698630137,25.00894472361809],[91.8413698630137,25.005125628140703]]]}},{"type":"Feature","properties":{"stage":2,"elev":12.8,"name":"haor basin fill"},"geometry":{"type":"Polygon","coordinates":[[[91.84520547945205,25.005125628140703],[91.84904109589041,25.005125628140703],[91.84904109589041,25.00894472361809],[91.84520547945205,25.00894472361809],[91.84520547945205,25.005125628140703]]]}},{"type":"Feature","properties":{"stage":2,"elev":12.4,"name":"haor basin fill"},"geometry":{"type":"Polygon","coordinates":[[[91.84904109589041,25.005125628140703],[91.85287671232877,25.005125628140703],[91.85287671232877,25.00894472361809],[91.84904109589041,25.00894472361809],[91.84904109589041,25.005125628140703]]]}},{"type":"Feature","properties":{"stage":2,"elev":12.3,"name":"haor basin fill"},"geometry":{"type":"Polygon","coordinates":[[[91.85287671232877,25.005125628140703],[91.85671232876712,25.005125628140703],[91.85671232876712,25.00894472361809],[91.85287671232877,25.00894472361809],[91.85287671232877,25.005125628140703]]]}},{"type":"Feature","properties":{"stage":2,"elev":12.3,"name":"haor basin fill"},"geometry":{"type":"Polygon","coordinates":[[[91.86438356164383,25.005125628140703],[91.86821917808219,25.005125628140703],[91.86821917808219,25.00894472361809],[91.86438356164383,25.00894472361809],[91.86438356164383,25.005125628140703]]]}},{"type":"Feature","properties":{"stage":2,"elev":11.7,"name":"haor basin fill"},"geometry":{"type":"Polygon","coordinates":[[[91.87205479452055,25.005125628140703],[91.8758904109589,25.005125628140703],[91.8758904109589,25.00894472361809],[91.87205479452055,25.00894472361809],[91.87205479452055,25.005125628140703]]]}},{"type":"Feature","properties":{"stage":2,"elev":10,"name":"haor basin fill"},"geometry":{"type":"Polygon","coordinates":[[[91.8758904109589,25.005125628140703],[91.87972602739725,25.005125628140703],[91.87972602739725,25.00894472361809],[91.8758904109589,25.00894472361809],[91.8758904109589,25.005125628140703]]]}},{"type":"Feature","properties":{"stage":2,"elev":9.1,"name":"haor basin fill"},"geometry":{"type":"Polygon","coordinates":[[[91.87972602739725,25.005125628140703],[91.88356164383562,25.005125628140703],[91.88356164383562,25.00894472361809],[91.87972602739725,25.00894472361809],[91.87972602739725,25.005125628140703]]]}},{"type":"Feature","properties":{"stage":2,"elev":9.7,"name":"haor basin fill"},"geometry":{"type":"Polygon","coordinates":[[[91.88356164383562,25.005125628140703],[91.88739726027397,25.005125628140703],[91.88739726027397,25.00894472361809],[91.88356164383562,25.00894472361809],[91.88356164383562,25.005125628140703]]]}},{"type":"Feature","properties":{"stage":2,"elev":10.9,"name":"haor basin fill"},"geometry":{"type":"Polygon","coordinates":[[[91.88739726027397,25.005125628140703],[91.89123287671232,25.005125628140703],[91.89123287671232,25.00894472361809],[91.88739726027397,25.00894472361809],[91.88739726027397,25.005125628140703]]]}},{"type":"Feature","properties":{"stage":2,"elev":9.8,"name":"haor basin fill"},"geometry":{"type":"Polygon","coordinates":[[[91.89123287671232,25.005125628140703],[91.89506849315069,25.005125628140703],[91.89506849315069,25.00894472361809],[91.89123287671232,25.00894472361809],[91.89123287671232,25.005125628140703]]]}},{"type":"Feature","properties":{"stage":2,"elev":9.7,"name":"haor basin fill"},"geometry":{"type":"Polygon","coordinates":[[[91.89506849315069,25.005125628140703],[91.89890410958904,25.005125628140703],[91.89890410958904,25.00894472361809],[91.89506849315069,25.00894472361809],[91.89506849315069,25.005125628140703]]]}},{"type":"Feature","properties":{"stage":2,"elev":11,"name":"haor basin fill"},"geometry":{"type":"Polygon","coordinates":[[[91.89890410958904,25.005125628140703],[91.90273972602739,25.005125628140703],[91.90273972602739,25.00894472361809],[91.89890410958904,25.00894472361809],[91.89890410958904,25.005125628140703]]]}},{"type":"Feature","properties":{"stage":2,"elev":10.8,"name":"haor basin fill"},"geometry":{"type":"Polygon","coordinates":[[[91.90273972602739,25.005125628140703],[91.90657534246576,25.005125628140703],[91.90657534246576,25.00894472361809],[91.90273972602739,25.00894472361809],[91.90273972602739,25.005125628140703]]]}},{"type":"Feature","properties":{"stage":2,"elev":10.8,"name":"haor basin fill"},"geometry":{"type":"Polygon","coordinates":[[[91.90657534246576,25.005125628140703],[91.91041095890411,25.005125628140703],[91.91041095890411,25.00894472361809],[91.90657534246576,25.00894472361809],[91.90657534246576,25.005125628140703]]]}},{"type":"Feature","properties":{"stage":2,"elev":12.5,"name":"haor basin fill"},"geometry":{"type":"Polygon","coordinates":[[[91.91041095890411,25.005125628140703],[91.91424657534246,25.005125628140703],[91.91424657534246,25.00894472361809],[91.91041095890411,25.00894472361809],[91.91041095890411,25.005125628140703]]]}},{"type":"Feature","properties":{"stage":2,"elev":11.4,"name":"haor basin fill"},"geometry":{"type":"Polygon","coordinates":[[[91.91424657534246,25.005125628140703],[91.91808219178083,25.005125628140703],[91.91808219178083,25.00894472361809],[91.91424657534246,25.00894472361809],[91.91424657534246,25.005125628140703]]]}},{"type":"Feature","properties":{"stage":2,"elev":12.1,"name":"haor basin fill"},"geometry":{"type":"Polygon","coordinates":[[[91.91808219178083,25.005125628140703],[91.92191780821918,25.005125628140703],[91.92191780821918,25.00894472361809],[91.91808219178083,25.00894472361809],[91.91808219178083,25.005125628140703]]]}},{"type":"Feature","properties":{"stage":2,"elev":12.4,"name":"haor basin fill"},"geometry":{"type":"Polygon","coordinates":[[[91.92191780821918,25.005125628140703],[91.92575342465753,25.005125628140703],[91.92575342465753,25.00894472361809],[91.92191780821918,25.00894472361809],[91.92191780821918,25.005125628140703]]]}},{"type":"Feature","properties":{"stage":2,"elev":12.6,"name":"haor basin fill"},"geometry":{"type":"Polygon","coordinates":[[[91.78,25.00894472361809],[91.78383561643835,25.00894472361809],[91.78383561643835,25.01276381909548],[91.78,25.01276381909548],[91.78,25.00894472361809]]]}},{"type":"Feature","properties":{"stage":2,"elev":11.9,"name":"haor basin fill"},"geometry":{"type":"Polygon","coordinates":[[[91.78383561643835,25.00894472361809],[91.78767123287672,25.00894472361809],[91.78767123287672,25.01276381909548],[91.78383561643835,25.01276381909548],[91.78383561643835,25.00894472361809]]]}},{"type":"Feature","properties":{"stage":2,"elev":11.8,"name":"haor basin fill"},"geometry":{"type":"Polygon","coordinates":[[[91.78767123287672,25.00894472361809],[91.79150684931507,25.00894472361809],[91.79150684931507,25.01276381909548],[91.78767123287672,25.01276381909548],[91.78767123287672,25.00894472361809]]]}},{"type":"Feature","properties":{"stage":2,"elev":10.5,"name":"haor basin fill"},"geometry":{"type":"Polygon","coordinates":[[[91.79150684931507,25.00894472361809],[91.79534246575342,25.00894472361809],[91.79534246575342,25.01276381909548],[91.79150684931507,25.01276381909548],[91.79150684931507,25.00894472361809]]]}},{"type":"Feature","properties":{"stage":2,"elev":10.7,"name":"haor basin fill"},"geometry":{"type":"Polygon","coordinates":[[[91.79534246575342,25.00894472361809],[91.79917808219179,25.00894472361809],[91.79917808219179,25.01276381909548],[91.79534246575342,25.01276381909548],[91.79534246575342,25.00894472361809]]]}},{"type":"Feature","properties":{"stage":2,"elev":11.6,"name":"haor basin fill"},"geometry":{"type":"Polygon","coordinates":[[[91.79917808219179,25.00894472361809],[91.80301369863014,25.00894472361809],[91.80301369863014,25.01276381909548],[91.79917808219179,25.01276381909548],[91.79917808219179,25.00894472361809]]]}},{"type":"Feature","properties":{"stage":2,"elev":9.9,"name":"haor basin fill"},"geometry":{"type":"Polygon","coordinates":[[[91.80301369863014,25.00894472361809],[91.80684931506849,25.00894472361809],[91.80684931506849,25.01276381909548],[91.80301369863014,25.01276381909548],[91.80301369863014,25.00894472361809]]]}},{"type":"Feature","properties":{"stage":2,"elev":12.1,"name":"haor basin fill"},"geometry":{"type":"Polygon","coordinates":[[[91.81068493150686,25.00894472361809],[91.81452054794521,25.00894472361809],[91.81452054794521,25.01276381909548],[91.81068493150686,25.01276381909548],[91.81068493150686,25.00894472361809]]]}},{"type":"Feature","properties":{"stage":2,"elev":11.6,"name":"haor basin fill"},"geometry":{"type":"Polygon","coordinates":[[[91.81452054794521,25.00894472361809],[91.81835616438356,25.00894472361809],[91.81835616438356,25.01276381909548],[91.81452054794521,25.01276381909548],[91.81452054794521,25.00894472361809]]]}},{"type":"Feature","properties":{"stage":2,"elev":12.6,"name":"haor basin fill"},"geometry":{"type":"Polygon","coordinates":[[[91.82602739726028,25.00894472361809],[91.82986301369863,25.00894472361809],[91.82986301369863,25.01276381909548],[91.82602739726028,25.01276381909548],[91.82602739726028,25.00894472361809]]]}},{"type":"Feature","properties":{"stage":2,"elev":11.6,"name":"haor basin fill"},"geometry":{"type":"Polygon","coordinates":[[[91.82986301369863,25.00894472361809],[91.83369863013698,25.00894472361809],[91.83369863013698,25.01276381909548],[91.82986301369863,25.01276381909548],[91.82986301369863,25.00894472361809]]]}},{"type":"Feature","properties":{"stage":2,"elev":11.9,"name":"haor basin fill"},"geometry":{"type":"Polygon","coordinates":[[[91.83369863013698,25.00894472361809],[91.83753424657534,25.00894472361809],[91.83753424657534,25.01276381909548],[91.83369863013698,25.01276381909548],[91.83369863013698,25.00894472361809]]]}},{"type":"Feature","properties":{"stage":2,"elev":12.6,"name":"haor basin fill"},"geometry":{"type":"Polygon","coordinates":[[[91.8413698630137,25.00894472361809],[91.84520547945205,25.00894472361809],[91.84520547945205,25.01276381909548],[91.8413698630137,25.01276381909548],[91.8413698630137,25.00894472361809]]]}},{"type":"Feature","properties":{"stage":2,"elev":12.5,"name":"haor basin fill"},"geometry":{"type":"Polygon","coordinates":[[[91.84520547945205,25.00894472361809],[91.84904109589041,25.00894472361809],[91.84904109589041,25.01276381909548],[91.84520547945205,25.01276381909548],[91.84520547945205,25.00894472361809]]]}},{"type":"Feature","properties":{"stage":2,"elev":12.8,"name":"haor basin fill"},"geometry":{"type":"Polygon","coordinates":[[[91.84904109589041,25.00894472361809],[91.85287671232877,25.00894472361809],[91.85287671232877,25.01276381909548],[91.84904109589041,25.01276381909548],[91.84904109589041,25.00894472361809]]]}},{"type":"Feature","properties":{"stage":2,"elev":11.6,"name":"haor basin fill"},"geometry":{"type":"Polygon","coordinates":[[[91.86438356164383,25.00894472361809],[91.86821917808219,25.00894472361809],[91.86821917808219,25.01276381909548],[91.86438356164383,25.01276381909548],[91.86438356164383,25.00894472361809]]]}},{"type":"Feature","properties":{"stage":2,"elev":12.4,"name":"haor basin fill"},"geometry":{"type":"Polygon","coordinates":[[[91.86821917808219,25.00894472361809],[91.87205479452055,25.00894472361809],[91.87205479452055,25.01276381909548],[91.86821917808219,25.01276381909548],[91.86821917808219,25.00894472361809]]]}},{"type":"Feature","properties":{"stage":2,"elev":12.5,"name":"haor basin fill"},"geometry":{"type":"Polygon","coordinates":[[[91.87205479452055,25.00894472361809],[91.8758904109589,25.00894472361809],[91.8758904109589,25.01276381909548],[91.87205479452055,25.01276381909548],[91.87205479452055,25.00894472361809]]]}},{"type":"Feature","properties":{"stage":2,"elev":11.1,"name":"haor basin fill"},"geometry":{"type":"Polygon","coordinates":[[[91.8758904109589,25.00894472361809],[91.87972602739725,25.00894472361809],[91.87972602739725,25.01276381909548],[91.8758904109589,25.01276381909548],[91.8758904109589,25.00894472361809]]]}},{"type":"Feature","properties":{"stage":2,"elev":8.3,"name":"haor basin fill"},"geometry":{"type":"Polygon","coordinates":[[[91.87972602739725,25.00894472361809],[91.88356164383562,25.00894472361809],[91.88356164383562,25.01276381909548],[91.87972602739725,25.01276381909548],[91.87972602739725,25.00894472361809]]]}},{"type":"Feature","properties":{"stage":2,"elev":9.5,"name":"haor basin fill"},"geometry":{"type":"Polygon","coordinates":[[[91.88356164383562,25.00894472361809],[91.88739726027397,25.00894472361809],[91.88739726027397,25.01276381909548],[91.88356164383562,25.01276381909548],[91.88356164383562,25.00894472361809]]]}},{"type":"Feature","properties":{"stage":2,"elev":10.4,"name":"haor basin fill"},"geometry":{"type":"Polygon","coordinates":[[[91.88739726027397,25.00894472361809],[91.89123287671232,25.00894472361809],[91.89123287671232,25.01276381909548],[91.88739726027397,25.01276381909548],[91.88739726027397,25.00894472361809]]]}},{"type":"Feature","properties":{"stage":2,"elev":10.1,"name":"haor basin fill"},"geometry":{"type":"Polygon","coordinates":[[[91.89123287671232,25.00894472361809],[91.89506849315069,25.00894472361809],[91.89506849315069,25.01276381909548],[91.89123287671232,25.01276381909548],[91.89123287671232,25.00894472361809]]]}},{"type":"Feature","properties":{"stage":2,"elev":9.8,"name":"haor basin fill"},"geometry":{"type":"Polygon","coordinates":[[[91.89506849315069,25.00894472361809],[91.89890410958904,25.00894472361809],[91.89890410958904,25.01276381909548],[91.89506849315069,25.01276381909548],[91.89506849315069,25.00894472361809]]]}},{"type":"Feature","properties":{"stage":2,"elev":10.1,"name":"haor basin fill"},"geometry":{"type":"Polygon","coordinates":[[[91.89890410958904,25.00894472361809],[91.90273972602739,25.00894472361809],[91.90273972602739,25.01276381909548],[91.89890410958904,25.01276381909548],[91.89890410958904,25.00894472361809]]]}},{"type":"Feature","properties":{"stage":2,"elev":11.9,"name":"haor basin fill"},"geometry":{"type":"Polygon","coordinates":[[[91.90273972602739,25.00894472361809],[91.90657534246576,25.00894472361809],[91.90657534246576,25.01276381909548],[91.90273972602739,25.01276381909548],[91.90273972602739,25.00894472361809]]]}},{"type":"Feature","properties":{"stage":2,"elev":11.9,"name":"haor basin fill"},"geometry":{"type":"Polygon","coordinates":[[[91.90657534246576,25.00894472361809],[91.91041095890411,25.00894472361809],[91.91041095890411,25.01276381909548],[91.90657534246576,25.01276381909548],[91.90657534246576,25.00894472361809]]]}},{"type":"Feature","properties":{"stage":2,"elev":11.8,"name":"haor basin fill"},"geometry":{"type":"Polygon","coordinates":[[[91.91041095890411,25.00894472361809],[91.91424657534246,25.00894472361809],[91.91424657534246,25.01276381909548],[91.91041095890411,25.01276381909548],[91.91041095890411,25.00894472361809]]]}},{"type":"Feature","properties":{"stage":2,"elev":11.8,"name":"haor basin fill"},"geometry":{"type":"Polygon","coordinates":[[[91.91424657534246,25.00894472361809],[91.91808219178083,25.00894472361809],[91.91808219178083,25.01276381909548],[91.91424657534246,25.01276381909548],[91.91424657534246,25.00894472361809]]]}},{"type":"Feature","properties":{"stage":2,"elev":12.5,"name":"haor basin fill"},"geometry":{"type":"Polygon","coordinates":[[[91.92958904109588,25.00894472361809],[91.93342465753425,25.00894472361809],[91.93342465753425,25.01276381909548],[91.92958904109588,25.01276381909548],[91.92958904109588,25.00894472361809]]]}},{"type":"Feature","properties":{"stage":2,"elev":13,"name":"haor basin fill"},"geometry":{"type":"Polygon","coordinates":[[[91.93342465753425,25.00894472361809],[91.9372602739726,25.00894472361809],[91.9372602739726,25.01276381909548],[91.93342465753425,25.01276381909548],[91.93342465753425,25.00894472361809]]]}},{"type":"Feature","properties":{"stage":2,"elev":12.2,"name":"haor basin fill"},"geometry":{"type":"Polygon","coordinates":[[[91.94109589041095,25.00894472361809],[91.94493150684931,25.00894472361809],[91.94493150684931,25.01276381909548],[91.94109589041095,25.01276381909548],[91.94109589041095,25.00894472361809]]]}},{"type":"Feature","properties":{"stage":2,"elev":12.8,"name":"haor basin fill"},"geometry":{"type":"Polygon","coordinates":[[[91.94493150684931,25.00894472361809],[91.94876712328767,25.00894472361809],[91.94876712328767,25.01276381909548],[91.94493150684931,25.01276381909548],[91.94493150684931,25.00894472361809]]]}},{"type":"Feature","properties":{"stage":2,"elev":12.6,"name":"haor basin fill"},"geometry":{"type":"Polygon","coordinates":[[[91.94876712328767,25.00894472361809],[91.95260273972602,25.00894472361809],[91.95260273972602,25.01276381909548],[91.94876712328767,25.01276381909548],[91.94876712328767,25.00894472361809]]]}},{"type":"Feature","properties":{"stage":2,"elev":12.6,"name":"haor basin fill"},"geometry":{"type":"Polygon","coordinates":[[[91.95643835616438,25.00894472361809],[91.96027397260274,25.00894472361809],[91.96027397260274,25.01276381909548],[91.95643835616438,25.01276381909548],[91.95643835616438,25.00894472361809]]]}},{"type":"Feature","properties":{"stage":2,"elev":12.6,"name":"haor basin fill"},"geometry":{"type":"Polygon","coordinates":[[[91.96027397260274,25.00894472361809],[91.96410958904109,25.00894472361809],[91.96410958904109,25.01276381909548],[91.96027397260274,25.01276381909548],[91.96027397260274,25.00894472361809]]]}},{"type":"Feature","properties":{"stage":2,"elev":12.8,"name":"haor basin fill"},"geometry":{"type":"Polygon","coordinates":[[[91.97945205479452,25.00894472361809],[91.98328767123287,25.00894472361809],[91.98328767123287,25.01276381909548],[91.97945205479452,25.01276381909548],[91.97945205479452,25.00894472361809]]]}},{"type":"Feature","properties":{"stage":2,"elev":12.8,"name":"haor basin fill"},"geometry":{"type":"Polygon","coordinates":[[[91.98328767123287,25.00894472361809],[91.98712328767122,25.00894472361809],[91.98712328767122,25.01276381909548],[91.98328767123287,25.01276381909548],[91.98328767123287,25.00894472361809]]]}},{"type":"Feature","properties":{"stage":2,"elev":12.5,"name":"haor basin fill"},"geometry":{"type":"Polygon","coordinates":[[[91.78,25.01276381909548],[91.78383561643835,25.01276381909548],[91.78383561643835,25.016582914572865],[91.78,25.016582914572865],[91.78,25.01276381909548]]]}},{"type":"Feature","properties":{"stage":2,"elev":12.8,"name":"haor basin fill"},"geometry":{"type":"Polygon","coordinates":[[[91.80301369863014,25.01276381909548],[91.80684931506849,25.01276381909548],[91.80684931506849,25.016582914572865],[91.80301369863014,25.016582914572865],[91.80301369863014,25.01276381909548]]]}},{"type":"Feature","properties":{"stage":2,"elev":10.8,"name":"haor basin fill"},"geometry":{"type":"Polygon","coordinates":[[[91.81068493150686,25.01276381909548],[91.81452054794521,25.01276381909548],[91.81452054794521,25.016582914572865],[91.81068493150686,25.016582914572865],[91.81068493150686,25.01276381909548]]]}},{"type":"Feature","properties":{"stage":2,"elev":12.2,"name":"haor basin fill"},"geometry":{"type":"Polygon","coordinates":[[[91.81452054794521,25.01276381909548],[91.81835616438356,25.01276381909548],[91.81835616438356,25.016582914572865],[91.81452054794521,25.016582914572865],[91.81452054794521,25.01276381909548]]]}},{"type":"Feature","properties":{"stage":2,"elev":12.6,"name":"haor basin fill"},"geometry":{"type":"Polygon","coordinates":[[[91.81835616438356,25.01276381909548],[91.82219178082192,25.01276381909548],[91.82219178082192,25.016582914572865],[91.81835616438356,25.016582914572865],[91.81835616438356,25.01276381909548]]]}},{"type":"Feature","properties":{"stage":2,"elev":13,"name":"haor basin fill"},"geometry":{"type":"Polygon","coordinates":[[[91.82219178082192,25.01276381909548],[91.82602739726028,25.01276381909548],[91.82602739726028,25.016582914572865],[91.82219178082192,25.016582914572865],[91.82219178082192,25.01276381909548]]]}},{"type":"Feature","properties":{"stage":2,"elev":12.2,"name":"haor basin fill"},"geometry":{"type":"Polygon","coordinates":[[[91.82602739726028,25.01276381909548],[91.82986301369863,25.01276381909548],[91.82986301369863,25.016582914572865],[91.82602739726028,25.016582914572865],[91.82602739726028,25.01276381909548]]]}},{"type":"Feature","properties":{"stage":2,"elev":12.5,"name":"haor basin fill"},"geometry":{"type":"Polygon","coordinates":[[[91.82986301369863,25.01276381909548],[91.83369863013698,25.01276381909548],[91.83369863013698,25.016582914572865],[91.82986301369863,25.016582914572865],[91.82986301369863,25.01276381909548]]]}},{"type":"Feature","properties":{"stage":2,"elev":12.5,"name":"haor basin fill"},"geometry":{"type":"Polygon","coordinates":[[[91.83753424657534,25.01276381909548],[91.8413698630137,25.01276381909548],[91.8413698630137,25.016582914572865],[91.83753424657534,25.016582914572865],[91.83753424657534,25.01276381909548]]]}},{"type":"Feature","properties":{"stage":2,"elev":12.1,"name":"haor basin fill"},"geometry":{"type":"Polygon","coordinates":[[[91.86438356164383,25.01276381909548],[91.86821917808219,25.01276381909548],[91.86821917808219,25.016582914572865],[91.86438356164383,25.016582914572865],[91.86438356164383,25.01276381909548]]]}},{"type":"Feature","properties":{"stage":2,"elev":12.4,"name":"haor basin fill"},"geometry":{"type":"Polygon","coordinates":[[[91.86821917808219,25.01276381909548],[91.87205479452055,25.01276381909548],[91.87205479452055,25.016582914572865],[91.86821917808219,25.016582914572865],[91.86821917808219,25.01276381909548]]]}},{"type":"Feature","properties":{"stage":2,"elev":11.4,"name":"haor basin fill"},"geometry":{"type":"Polygon","coordinates":[[[91.87205479452055,25.01276381909548],[91.8758904109589,25.01276381909548],[91.8758904109589,25.016582914572865],[91.87205479452055,25.016582914572865],[91.87205479452055,25.01276381909548]]]}},{"type":"Feature","properties":{"stage":2,"elev":11.4,"name":"haor basin fill"},"geometry":{"type":"Polygon","coordinates":[[[91.8758904109589,25.01276381909548],[91.87972602739725,25.01276381909548],[91.87972602739725,25.016582914572865],[91.8758904109589,25.016582914572865],[91.8758904109589,25.01276381909548]]]}},{"type":"Feature","properties":{"stage":2,"elev":10.2,"name":"haor basin fill"},"geometry":{"type":"Polygon","coordinates":[[[91.87972602739725,25.01276381909548],[91.88356164383562,25.01276381909548],[91.88356164383562,25.016582914572865],[91.87972602739725,25.016582914572865],[91.87972602739725,25.01276381909548]]]}},{"type":"Feature","properties":{"stage":2,"elev":7,"name":"haor basin fill"},"geometry":{"type":"Polygon","coordinates":[[[91.88356164383562,25.01276381909548],[91.88739726027397,25.01276381909548],[91.88739726027397,25.016582914572865],[91.88356164383562,25.016582914572865],[91.88356164383562,25.01276381909548]]]}},{"type":"Feature","properties":{"stage":2,"elev":6.5,"name":"haor basin fill"},"geometry":{"type":"Polygon","coordinates":[[[91.88739726027397,25.01276381909548],[91.89123287671232,25.01276381909548],[91.89123287671232,25.016582914572865],[91.88739726027397,25.016582914572865],[91.88739726027397,25.01276381909548]]]}},{"type":"Feature","properties":{"stage":2,"elev":9.3,"name":"haor basin fill"},"geometry":{"type":"Polygon","coordinates":[[[91.89123287671232,25.01276381909548],[91.89506849315069,25.01276381909548],[91.89506849315069,25.016582914572865],[91.89123287671232,25.016582914572865],[91.89123287671232,25.01276381909548]]]}},{"type":"Feature","properties":{"stage":2,"elev":9.4,"name":"haor basin fill"},"geometry":{"type":"Polygon","coordinates":[[[91.89506849315069,25.01276381909548],[91.89890410958904,25.01276381909548],[91.89890410958904,25.016582914572865],[91.89506849315069,25.016582914572865],[91.89506849315069,25.01276381909548]]]}},{"type":"Feature","properties":{"stage":2,"elev":11.1,"name":"haor basin fill"},"geometry":{"type":"Polygon","coordinates":[[[91.89890410958904,25.01276381909548],[91.90273972602739,25.01276381909548],[91.90273972602739,25.016582914572865],[91.89890410958904,25.016582914572865],[91.89890410958904,25.01276381909548]]]}},{"type":"Feature","properties":{"stage":2,"elev":10.9,"name":"haor basin fill"},"geometry":{"type":"Polygon","coordinates":[[[91.90273972602739,25.01276381909548],[91.90657534246576,25.01276381909548],[91.90657534246576,25.016582914572865],[91.90273972602739,25.016582914572865],[91.90273972602739,25.01276381909548]]]}},{"type":"Feature","properties":{"stage":2,"elev":10.3,"name":"haor basin fill"},"geometry":{"type":"Polygon","coordinates":[[[91.90657534246576,25.01276381909548],[91.91041095890411,25.01276381909548],[91.91041095890411,25.016582914572865],[91.90657534246576,25.016582914572865],[91.90657534246576,25.01276381909548]]]}},{"type":"Feature","properties":{"stage":2,"elev":11.4,"name":"haor basin fill"},"geometry":{"type":"Polygon","coordinates":[[[91.91041095890411,25.01276381909548],[91.91424657534246,25.01276381909548],[91.91424657534246,25.016582914572865],[91.91041095890411,25.016582914572865],[91.91041095890411,25.01276381909548]]]}},{"type":"Feature","properties":{"stage":2,"elev":11.1,"name":"haor basin fill"},"geometry":{"type":"Polygon","coordinates":[[[91.91424657534246,25.01276381909548],[91.91808219178083,25.01276381909548],[91.91808219178083,25.016582914572865],[91.91424657534246,25.016582914572865],[91.91424657534246,25.01276381909548]]]}},{"type":"Feature","properties":{"stage":2,"elev":11.9,"name":"haor basin fill"},"geometry":{"type":"Polygon","coordinates":[[[91.92191780821918,25.01276381909548],[91.92575342465753,25.01276381909548],[91.92575342465753,25.016582914572865],[91.92191780821918,25.016582914572865],[91.92191780821918,25.01276381909548]]]}},{"type":"Feature","properties":{"stage":2,"elev":12.8,"name":"haor basin fill"},"geometry":{"type":"Polygon","coordinates":[[[91.92958904109588,25.01276381909548],[91.93342465753425,25.01276381909548],[91.93342465753425,25.016582914572865],[91.92958904109588,25.016582914572865],[91.92958904109588,25.01276381909548]]]}},{"type":"Feature","properties":{"stage":2,"elev":12.3,"name":"haor basin fill"},"geometry":{"type":"Polygon","coordinates":[[[91.93342465753425,25.01276381909548],[91.9372602739726,25.01276381909548],[91.9372602739726,25.016582914572865],[91.93342465753425,25.016582914572865],[91.93342465753425,25.01276381909548]]]}},{"type":"Feature","properties":{"stage":2,"elev":11.4,"name":"haor basin fill"},"geometry":{"type":"Polygon","coordinates":[[[91.9372602739726,25.01276381909548],[91.94109589041095,25.01276381909548],[91.94109589041095,25.016582914572865],[91.9372602739726,25.016582914572865],[91.9372602739726,25.01276381909548]]]}},{"type":"Feature","properties":{"stage":2,"elev":12.3,"name":"haor basin fill"},"geometry":{"type":"Polygon","coordinates":[[[91.94109589041095,25.01276381909548],[91.94493150684931,25.01276381909548],[91.94493150684931,25.016582914572865],[91.94109589041095,25.016582914572865],[91.94109589041095,25.01276381909548]]]}},{"type":"Feature","properties":{"stage":2,"elev":12.6,"name":"haor basin fill"},"geometry":{"type":"Polygon","coordinates":[[[91.94493150684931,25.01276381909548],[91.94876712328767,25.01276381909548],[91.94876712328767,25.016582914572865],[91.94493150684931,25.016582914572865],[91.94493150684931,25.01276381909548]]]}},{"type":"Feature","properties":{"stage":2,"elev":12.2,"name":"haor basin fill"},"geometry":{"type":"Polygon","coordinates":[[[91.94876712328767,25.01276381909548],[91.95260273972602,25.01276381909548],[91.95260273972602,25.016582914572865],[91.94876712328767,25.016582914572865],[91.94876712328767,25.01276381909548]]]}},{"type":"Feature","properties":{"stage":2,"elev":12.1,"name":"haor basin fill"},"geometry":{"type":"Polygon","coordinates":[[[91.95260273972602,25.01276381909548],[91.95643835616438,25.01276381909548],[91.95643835616438,25.016582914572865],[91.95260273972602,25.016582914572865],[91.95260273972602,25.01276381909548]]]}},{"type":"Feature","properties":{"stage":2,"elev":11.8,"name":"haor basin fill"},"geometry":{"type":"Polygon","coordinates":[[[91.95643835616438,25.01276381909548],[91.96027397260274,25.01276381909548],[91.96027397260274,25.016582914572865],[91.95643835616438,25.016582914572865],[91.95643835616438,25.01276381909548]]]}},{"type":"Feature","properties":{"stage":2,"elev":12.4,"name":"haor basin fill"},"geometry":{"type":"Polygon","coordinates":[[[91.96027397260274,25.01276381909548],[91.96410958904109,25.01276381909548],[91.96410958904109,25.016582914572865],[91.96027397260274,25.016582914572865],[91.96027397260274,25.01276381909548]]]}},{"type":"Feature","properties":{"stage":2,"elev":11.4,"name":"haor basin fill"},"geometry":{"type":"Polygon","coordinates":[[[91.78,25.016582914572865],[91.78383561643835,25.016582914572865],[91.78383561643835,25.02040201005025],[91.78,25.02040201005025],[91.78,25.016582914572865]]]}},{"type":"Feature","properties":{"stage":2,"elev":12.1,"name":"haor basin fill"},"geometry":{"type":"Polygon","coordinates":[[[91.78383561643835,25.016582914572865],[91.78767123287672,25.016582914572865],[91.78767123287672,25.02040201005025],[91.78383561643835,25.02040201005025],[91.78383561643835,25.016582914572865]]]}},{"type":"Feature","properties":{"stage":2,"elev":12.8,"name":"haor basin fill"},"geometry":{"type":"Polygon","coordinates":[[[91.80684931506849,25.016582914572865],[91.81068493150686,25.016582914572865],[91.81068493150686,25.02040201005025],[91.80684931506849,25.02040201005025],[91.80684931506849,25.016582914572865]]]}},{"type":"Feature","properties":{"stage":2,"elev":10.9,"name":"haor basin fill"},"geometry":{"type":"Polygon","coordinates":[[[91.81068493150686,25.016582914572865],[91.81452054794521,25.016582914572865],[91.81452054794521,25.02040201005025],[91.81068493150686,25.02040201005025],[91.81068493150686,25.016582914572865]]]}},{"type":"Feature","properties":{"stage":2,"elev":11.8,"name":"haor basin fill"},"geometry":{"type":"Polygon","coordinates":[[[91.81452054794521,25.016582914572865],[91.81835616438356,25.016582914572865],[91.81835616438356,25.02040201005025],[91.81452054794521,25.02040201005025],[91.81452054794521,25.016582914572865]]]}},{"type":"Feature","properties":{"stage":2,"elev":12.6,"name":"haor basin fill"},"geometry":{"type":"Polygon","coordinates":[[[91.81835616438356,25.016582914572865],[91.82219178082192,25.016582914572865],[91.82219178082192,25.02040201005025],[91.81835616438356,25.02040201005025],[91.81835616438356,25.016582914572865]]]}},{"type":"Feature","properties":{"stage":2,"elev":12.4,"name":"haor basin fill"},"geometry":{"type":"Polygon","coordinates":[[[91.82219178082192,25.016582914572865],[91.82602739726028,25.016582914572865],[91.82602739726028,25.02040201005025],[91.82219178082192,25.02040201005025],[91.82219178082192,25.016582914572865]]]}},{"type":"Feature","properties":{"stage":2,"elev":12.1,"name":"haor basin fill"},"geometry":{"type":"Polygon","coordinates":[[[91.82602739726028,25.016582914572865],[91.82986301369863,25.016582914572865],[91.82986301369863,25.02040201005025],[91.82602739726028,25.02040201005025],[91.82602739726028,25.016582914572865]]]}},{"type":"Feature","properties":{"stage":2,"elev":12.6,"name":"haor basin fill"},"geometry":{"type":"Polygon","coordinates":[[[91.83369863013698,25.016582914572865],[91.83753424657534,25.016582914572865],[91.83753424657534,25.02040201005025],[91.83369863013698,25.02040201005025],[91.83369863013698,25.016582914572865]]]}},{"type":"Feature","properties":{"stage":2,"elev":12.2,"name":"haor basin fill"},"geometry":{"type":"Polygon","coordinates":[[[91.86438356164383,25.016582914572865],[91.86821917808219,25.016582914572865],[91.86821917808219,25.02040201005025],[91.86438356164383,25.02040201005025],[91.86438356164383,25.016582914572865]]]}},{"type":"Feature","properties":{"stage":2,"elev":11.4,"name":"haor basin fill"},"geometry":{"type":"Polygon","coordinates":[[[91.86821917808219,25.016582914572865],[91.87205479452055,25.016582914572865],[91.87205479452055,25.02040201005025],[91.86821917808219,25.02040201005025],[91.86821917808219,25.016582914572865]]]}},{"type":"Feature","properties":{"stage":2,"elev":12,"name":"haor basin fill"},"geometry":{"type":"Polygon","coordinates":[[[91.87205479452055,25.016582914572865],[91.8758904109589,25.016582914572865],[91.8758904109589,25.02040201005025],[91.87205479452055,25.02040201005025],[91.87205479452055,25.016582914572865]]]}},{"type":"Feature","properties":{"stage":2,"elev":11.6,"name":"haor basin fill"},"geometry":{"type":"Polygon","coordinates":[[[91.8758904109589,25.016582914572865],[91.87972602739725,25.016582914572865],[91.87972602739725,25.02040201005025],[91.8758904109589,25.02040201005025],[91.8758904109589,25.016582914572865]]]}},{"type":"Feature","properties":{"stage":2,"elev":11.4,"name":"haor basin fill"},"geometry":{"type":"Polygon","coordinates":[[[91.87972602739725,25.016582914572865],[91.88356164383562,25.016582914572865],[91.88356164383562,25.02040201005025],[91.87972602739725,25.02040201005025],[91.87972602739725,25.016582914572865]]]}},{"type":"Feature","properties":{"stage":2,"elev":10.8,"name":"haor basin fill"},"geometry":{"type":"Polygon","coordinates":[[[91.88356164383562,25.016582914572865],[91.88739726027397,25.016582914572865],[91.88739726027397,25.02040201005025],[91.88356164383562,25.02040201005025],[91.88356164383562,25.016582914572865]]]}},{"type":"Feature","properties":{"stage":2,"elev":9.9,"name":"haor basin fill"},"geometry":{"type":"Polygon","coordinates":[[[91.88739726027397,25.016582914572865],[91.89123287671232,25.016582914572865],[91.89123287671232,25.02040201005025],[91.88739726027397,25.02040201005025],[91.88739726027397,25.016582914572865]]]}},{"type":"Feature","properties":{"stage":2,"elev":10.7,"name":"haor basin fill"},"geometry":{"type":"Polygon","coordinates":[[[91.89123287671232,25.016582914572865],[91.89506849315069,25.016582914572865],[91.89506849315069,25.02040201005025],[91.89123287671232,25.02040201005025],[91.89123287671232,25.016582914572865]]]}},{"type":"Feature","properties":{"stage":2,"elev":11.2,"name":"haor basin fill"},"geometry":{"type":"Polygon","coordinates":[[[91.89506849315069,25.016582914572865],[91.89890410958904,25.016582914572865],[91.89890410958904,25.02040201005025],[91.89506849315069,25.02040201005025],[91.89506849315069,25.016582914572865]]]}},{"type":"Feature","properties":{"stage":2,"elev":10.4,"name":"haor basin fill"},"geometry":{"type":"Polygon","coordinates":[[[91.89890410958904,25.016582914572865],[91.90273972602739,25.016582914572865],[91.90273972602739,25.02040201005025],[91.89890410958904,25.02040201005025],[91.89890410958904,25.016582914572865]]]}},{"type":"Feature","properties":{"stage":2,"elev":11.6,"name":"haor basin fill"},"geometry":{"type":"Polygon","coordinates":[[[91.90273972602739,25.016582914572865],[91.90657534246576,25.016582914572865],[91.90657534246576,25.02040201005025],[91.90273972602739,25.02040201005025],[91.90273972602739,25.016582914572865]]]}},{"type":"Feature","properties":{"stage":2,"elev":11.1,"name":"haor basin fill"},"geometry":{"type":"Polygon","coordinates":[[[91.90657534246576,25.016582914572865],[91.91041095890411,25.016582914572865],[91.91041095890411,25.02040201005025],[91.90657534246576,25.02040201005025],[91.90657534246576,25.016582914572865]]]}},{"type":"Feature","properties":{"stage":2,"elev":11.1,"name":"haor basin fill"},"geometry":{"type":"Polygon","coordinates":[[[91.91041095890411,25.016582914572865],[91.91424657534246,25.016582914572865],[91.91424657534246,25.02040201005025],[91.91041095890411,25.02040201005025],[91.91041095890411,25.016582914572865]]]}},{"type":"Feature","properties":{"stage":2,"elev":12.7,"name":"haor basin fill"},"geometry":{"type":"Polygon","coordinates":[[[91.91424657534246,25.016582914572865],[91.91808219178083,25.016582914572865],[91.91808219178083,25.02040201005025],[91.91424657534246,25.02040201005025],[91.91424657534246,25.016582914572865]]]}},{"type":"Feature","properties":{"stage":2,"elev":12.5,"name":"haor basin fill"},"geometry":{"type":"Polygon","coordinates":[[[91.91808219178083,25.016582914572865],[91.92191780821918,25.016582914572865],[91.92191780821918,25.02040201005025],[91.91808219178083,25.02040201005025],[91.91808219178083,25.016582914572865]]]}},{"type":"Feature","properties":{"stage":2,"elev":12.2,"name":"haor basin fill"},"geometry":{"type":"Polygon","coordinates":[[[91.92191780821918,25.016582914572865],[91.92575342465753,25.016582914572865],[91.92575342465753,25.02040201005025],[91.92191780821918,25.02040201005025],[91.92191780821918,25.016582914572865]]]}},{"type":"Feature","properties":{"stage":2,"elev":12.1,"name":"haor basin fill"},"geometry":{"type":"Polygon","coordinates":[[[91.93342465753425,25.016582914572865],[91.9372602739726,25.016582914572865],[91.9372602739726,25.02040201005025],[91.93342465753425,25.02040201005025],[91.93342465753425,25.016582914572865]]]}},{"type":"Feature","properties":{"stage":2,"elev":11.8,"name":"haor basin fill"},"geometry":{"type":"Polygon","coordinates":[[[91.9372602739726,25.016582914572865],[91.94109589041095,25.016582914572865],[91.94109589041095,25.02040201005025],[91.9372602739726,25.02040201005025],[91.9372602739726,25.016582914572865]]]}},{"type":"Feature","properties":{"stage":2,"elev":11.2,"name":"haor basin fill"},"geometry":{"type":"Polygon","coordinates":[[[91.94109589041095,25.016582914572865],[91.94493150684931,25.016582914572865],[91.94493150684931,25.02040201005025],[91.94109589041095,25.02040201005025],[91.94109589041095,25.016582914572865]]]}},{"type":"Feature","properties":{"stage":2,"elev":11.9,"name":"haor basin fill"},"geometry":{"type":"Polygon","coordinates":[[[91.94493150684931,25.016582914572865],[91.94876712328767,25.016582914572865],[91.94876712328767,25.02040201005025],[91.94493150684931,25.02040201005025],[91.94493150684931,25.016582914572865]]]}},{"type":"Feature","properties":{"stage":2,"elev":12.8,"name":"haor basin fill"},"geometry":{"type":"Polygon","coordinates":[[[91.94876712328767,25.016582914572865],[91.95260273972602,25.016582914572865],[91.95260273972602,25.02040201005025],[91.94876712328767,25.02040201005025],[91.94876712328767,25.016582914572865]]]}},{"type":"Feature","properties":{"stage":2,"elev":12.7,"name":"haor basin fill"},"geometry":{"type":"Polygon","coordinates":[[[91.95643835616438,25.016582914572865],[91.96027397260274,25.016582914572865],[91.96027397260274,25.02040201005025],[91.95643835616438,25.02040201005025],[91.95643835616438,25.016582914572865]]]}},{"type":"Feature","properties":{"stage":2,"elev":12.4,"name":"haor basin fill"},"geometry":{"type":"Polygon","coordinates":[[[91.96027397260274,25.016582914572865],[91.96410958904109,25.016582914572865],[91.96410958904109,25.02040201005025],[91.96027397260274,25.02040201005025],[91.96027397260274,25.016582914572865]]]}},{"type":"Feature","properties":{"stage":2,"elev":12.6,"name":"haor basin fill"},"geometry":{"type":"Polygon","coordinates":[[[91.96410958904109,25.016582914572865],[91.96794520547945,25.016582914572865],[91.96794520547945,25.02040201005025],[91.96410958904109,25.02040201005025],[91.96410958904109,25.016582914572865]]]}},{"type":"Feature","properties":{"stage":2,"elev":12.5,"name":"haor basin fill"},"geometry":{"type":"Polygon","coordinates":[[[91.9717808219178,25.016582914572865],[91.97561643835616,25.016582914572865],[91.97561643835616,25.02040201005025],[91.9717808219178,25.02040201005025],[91.9717808219178,25.016582914572865]]]}},{"type":"Feature","properties":{"stage":2,"elev":12.6,"name":"haor basin fill"},"geometry":{"type":"Polygon","coordinates":[[[91.97561643835616,25.016582914572865],[91.97945205479452,25.016582914572865],[91.97945205479452,25.02040201005025],[91.97561643835616,25.02040201005025],[91.97561643835616,25.016582914572865]]]}},{"type":"Feature","properties":{"stage":2,"elev":12.1,"name":"haor basin fill"},"geometry":{"type":"Polygon","coordinates":[[[91.98328767123287,25.016582914572865],[91.98712328767122,25.016582914572865],[91.98712328767122,25.02040201005025],[91.98328767123287,25.02040201005025],[91.98328767123287,25.016582914572865]]]}},{"type":"Feature","properties":{"stage":2,"elev":10.6,"name":"haor basin fill"},"geometry":{"type":"Polygon","coordinates":[[[91.78,25.02040201005025],[91.78383561643835,25.02040201005025],[91.78383561643835,25.024221105527637],[91.78,25.024221105527637],[91.78,25.02040201005025]]]}},{"type":"Feature","properties":{"stage":2,"elev":11.8,"name":"haor basin fill"},"geometry":{"type":"Polygon","coordinates":[[[91.78383561643835,25.02040201005025],[91.78767123287672,25.02040201005025],[91.78767123287672,25.024221105527637],[91.78383561643835,25.024221105527637],[91.78383561643835,25.02040201005025]]]}},{"type":"Feature","properties":{"stage":2,"elev":10.8,"name":"haor basin fill"},"geometry":{"type":"Polygon","coordinates":[[[91.78767123287672,25.02040201005025],[91.79150684931507,25.02040201005025],[91.79150684931507,25.024221105527637],[91.78767123287672,25.024221105527637],[91.78767123287672,25.02040201005025]]]}},{"type":"Feature","properties":{"stage":2,"elev":12.6,"name":"haor basin fill"},"geometry":{"type":"Polygon","coordinates":[[[91.79150684931507,25.02040201005025],[91.79534246575342,25.02040201005025],[91.79534246575342,25.024221105527637],[91.79150684931507,25.024221105527637],[91.79150684931507,25.02040201005025]]]}},{"type":"Feature","properties":{"stage":2,"elev":12.1,"name":"haor basin fill"},"geometry":{"type":"Polygon","coordinates":[[[91.79534246575342,25.02040201005025],[91.79917808219179,25.02040201005025],[91.79917808219179,25.024221105527637],[91.79534246575342,25.024221105527637],[91.79534246575342,25.02040201005025]]]}},{"type":"Feature","properties":{"stage":2,"elev":12.6,"name":"haor basin fill"},"geometry":{"type":"Polygon","coordinates":[[[91.80684931506849,25.02040201005025],[91.81068493150686,25.02040201005025],[91.81068493150686,25.024221105527637],[91.80684931506849,25.024221105527637],[91.80684931506849,25.02040201005025]]]}},{"type":"Feature","properties":{"stage":2,"elev":12.9,"name":"haor basin fill"},"geometry":{"type":"Polygon","coordinates":[[[91.81068493150686,25.02040201005025],[91.81452054794521,25.02040201005025],[91.81452054794521,25.024221105527637],[91.81068493150686,25.024221105527637],[91.81068493150686,25.02040201005025]]]}},{"type":"Feature","properties":{"stage":2,"elev":12.6,"name":"haor basin fill"},"geometry":{"type":"Polygon","coordinates":[[[91.81452054794521,25.02040201005025],[91.81835616438356,25.02040201005025],[91.81835616438356,25.024221105527637],[91.81452054794521,25.024221105527637],[91.81452054794521,25.02040201005025]]]}},{"type":"Feature","properties":{"stage":2,"elev":12.8,"name":"haor basin fill"},"geometry":{"type":"Polygon","coordinates":[[[91.81835616438356,25.02040201005025],[91.82219178082192,25.02040201005025],[91.82219178082192,25.024221105527637],[91.81835616438356,25.024221105527637],[91.81835616438356,25.02040201005025]]]}},{"type":"Feature","properties":{"stage":2,"elev":12.6,"name":"haor basin fill"},"geometry":{"type":"Polygon","coordinates":[[[91.82219178082192,25.02040201005025],[91.82602739726028,25.02040201005025],[91.82602739726028,25.024221105527637],[91.82219178082192,25.024221105527637],[91.82219178082192,25.02040201005025]]]}},{"type":"Feature","properties":{"stage":2,"elev":12.9,"name":"haor basin fill"},"geometry":{"type":"Polygon","coordinates":[[[91.82986301369863,25.02040201005025],[91.83369863013698,25.02040201005025],[91.83369863013698,25.024221105527637],[91.82986301369863,25.024221105527637],[91.82986301369863,25.02040201005025]]]}},{"type":"Feature","properties":{"stage":2,"elev":12.1,"name":"haor basin fill"},"geometry":{"type":"Polygon","coordinates":[[[91.8413698630137,25.02040201005025],[91.84520547945205,25.02040201005025],[91.84520547945205,25.024221105527637],[91.8413698630137,25.024221105527637],[91.8413698630137,25.02040201005025]]]}},{"type":"Feature","properties":{"stage":2,"elev":11.8,"name":"haor basin fill"},"geometry":{"type":"Polygon","coordinates":[[[91.84520547945205,25.02040201005025],[91.84904109589041,25.02040201005025],[91.84904109589041,25.024221105527637],[91.84520547945205,25.024221105527637],[91.84520547945205,25.02040201005025]]]}},{"type":"Feature","properties":{"stage":2,"elev":13,"name":"haor basin fill"},"geometry":{"type":"Polygon","coordinates":[[[91.84904109589041,25.02040201005025],[91.85287671232877,25.02040201005025],[91.85287671232877,25.024221105527637],[91.84904109589041,25.024221105527637],[91.84904109589041,25.02040201005025]]]}},{"type":"Feature","properties":{"stage":2,"elev":12.8,"name":"haor basin fill"},"geometry":{"type":"Polygon","coordinates":[[[91.85287671232877,25.02040201005025],[91.85671232876712,25.02040201005025],[91.85671232876712,25.024221105527637],[91.85287671232877,25.024221105527637],[91.85287671232877,25.02040201005025]]]}},{"type":"Feature","properties":{"stage":2,"elev":12.6,"name":"haor basin fill"},"geometry":{"type":"Polygon","coordinates":[[[91.86438356164383,25.02040201005025],[91.86821917808219,25.02040201005025],[91.86821917808219,25.024221105527637],[91.86438356164383,25.024221105527637],[91.86438356164383,25.02040201005025]]]}},{"type":"Feature","properties":{"stage":2,"elev":11.8,"name":"haor basin fill"},"geometry":{"type":"Polygon","coordinates":[[[91.86821917808219,25.02040201005025],[91.87205479452055,25.02040201005025],[91.87205479452055,25.024221105527637],[91.86821917808219,25.024221105527637],[91.86821917808219,25.02040201005025]]]}},{"type":"Feature","properties":{"stage":2,"elev":11.3,"name":"haor basin fill"},"geometry":{"type":"Polygon","coordinates":[[[91.87205479452055,25.02040201005025],[91.8758904109589,25.02040201005025],[91.8758904109589,25.024221105527637],[91.87205479452055,25.024221105527637],[91.87205479452055,25.02040201005025]]]}},{"type":"Feature","properties":{"stage":2,"elev":11.4,"name":"haor basin fill"},"geometry":{"type":"Polygon","coordinates":[[[91.8758904109589,25.02040201005025],[91.87972602739725,25.02040201005025],[91.87972602739725,25.024221105527637],[91.8758904109589,25.024221105527637],[91.8758904109589,25.02040201005025]]]}},{"type":"Feature","properties":{"stage":2,"elev":11.4,"name":"haor basin fill"},"geometry":{"type":"Polygon","coordinates":[[[91.87972602739725,25.02040201005025],[91.88356164383562,25.02040201005025],[91.88356164383562,25.024221105527637],[91.87972602739725,25.024221105527637],[91.87972602739725,25.02040201005025]]]}},{"type":"Feature","properties":{"stage":2,"elev":11.8,"name":"haor basin fill"},"geometry":{"type":"Polygon","coordinates":[[[91.88356164383562,25.02040201005025],[91.88739726027397,25.02040201005025],[91.88739726027397,25.024221105527637],[91.88356164383562,25.024221105527637],[91.88356164383562,25.02040201005025]]]}},{"type":"Feature","properties":{"stage":2,"elev":11.6,"name":"haor basin fill"},"geometry":{"type":"Polygon","coordinates":[[[91.88739726027397,25.02040201005025],[91.89123287671232,25.02040201005025],[91.89123287671232,25.024221105527637],[91.88739726027397,25.024221105527637],[91.88739726027397,25.02040201005025]]]}},{"type":"Feature","properties":{"stage":2,"elev":12.4,"name":"haor basin fill"},"geometry":{"type":"Polygon","coordinates":[[[91.89123287671232,25.02040201005025],[91.89506849315069,25.02040201005025],[91.89506849315069,25.024221105527637],[91.89123287671232,25.024221105527637],[91.89123287671232,25.02040201005025]]]}},{"type":"Feature","properties":{"stage":2,"elev":11.9,"name":"haor basin fill"},"geometry":{"type":"Polygon","coordinates":[[[91.89506849315069,25.02040201005025],[91.89890410958904,25.02040201005025],[91.89890410958904,25.024221105527637],[91.89506849315069,25.024221105527637],[91.89506849315069,25.02040201005025]]]}},{"type":"Feature","properties":{"stage":2,"elev":11.8,"name":"haor basin fill"},"geometry":{"type":"Polygon","coordinates":[[[91.89890410958904,25.02040201005025],[91.90273972602739,25.02040201005025],[91.90273972602739,25.024221105527637],[91.89890410958904,25.024221105527637],[91.89890410958904,25.02040201005025]]]}},{"type":"Feature","properties":{"stage":2,"elev":9.8,"name":"haor basin fill"},"geometry":{"type":"Polygon","coordinates":[[[91.90273972602739,25.02040201005025],[91.90657534246576,25.02040201005025],[91.90657534246576,25.024221105527637],[91.90273972602739,25.024221105527637],[91.90273972602739,25.02040201005025]]]}},{"type":"Feature","properties":{"stage":2,"elev":10.1,"name":"haor basin fill"},"geometry":{"type":"Polygon","coordinates":[[[91.90657534246576,25.02040201005025],[91.91041095890411,25.02040201005025],[91.91041095890411,25.024221105527637],[91.90657534246576,25.024221105527637],[91.90657534246576,25.02040201005025]]]}},{"type":"Feature","properties":{"stage":2,"elev":11.1,"name":"haor basin fill"},"geometry":{"type":"Polygon","coordinates":[[[91.91041095890411,25.02040201005025],[91.91424657534246,25.02040201005025],[91.91424657534246,25.024221105527637],[91.91041095890411,25.024221105527637],[91.91041095890411,25.02040201005025]]]}},{"type":"Feature","properties":{"stage":2,"elev":12.3,"name":"haor basin fill"},"geometry":{"type":"Polygon","coordinates":[[[91.91424657534246,25.02040201005025],[91.91808219178083,25.02040201005025],[91.91808219178083,25.024221105527637],[91.91424657534246,25.024221105527637],[91.91424657534246,25.02040201005025]]]}},{"type":"Feature","properties":{"stage":2,"elev":11.6,"name":"haor basin fill"},"geometry":{"type":"Polygon","coordinates":[[[91.91808219178083,25.02040201005025],[91.92191780821918,25.02040201005025],[91.92191780821918,25.024221105527637],[91.91808219178083,25.024221105527637],[91.91808219178083,25.02040201005025]]]}},{"type":"Feature","properties":{"stage":2,"elev":11.1,"name":"haor basin fill"},"geometry":{"type":"Polygon","coordinates":[[[91.92191780821918,25.02040201005025],[91.92575342465753,25.02040201005025],[91.92575342465753,25.024221105527637],[91.92191780821918,25.024221105527637],[91.92191780821918,25.02040201005025]]]}},{"type":"Feature","properties":{"stage":2,"elev":11.1,"name":"haor basin fill"},"geometry":{"type":"Polygon","coordinates":[[[91.92575342465753,25.02040201005025],[91.92958904109588,25.02040201005025],[91.92958904109588,25.024221105527637],[91.92575342465753,25.024221105527637],[91.92575342465753,25.02040201005025]]]}},{"type":"Feature","properties":{"stage":2,"elev":11,"name":"haor basin fill"},"geometry":{"type":"Polygon","coordinates":[[[91.92958904109588,25.02040201005025],[91.93342465753425,25.02040201005025],[91.93342465753425,25.024221105527637],[91.92958904109588,25.024221105527637],[91.92958904109588,25.02040201005025]]]}},{"type":"Feature","properties":{"stage":2,"elev":11.1,"name":"haor basin fill"},"geometry":{"type":"Polygon","coordinates":[[[91.93342465753425,25.02040201005025],[91.9372602739726,25.02040201005025],[91.9372602739726,25.024221105527637],[91.93342465753425,25.024221105527637],[91.93342465753425,25.02040201005025]]]}},{"type":"Feature","properties":{"stage":2,"elev":11.4,"name":"haor basin fill"},"geometry":{"type":"Polygon","coordinates":[[[91.9372602739726,25.02040201005025],[91.94109589041095,25.02040201005025],[91.94109589041095,25.024221105527637],[91.9372602739726,25.024221105527637],[91.9372602739726,25.02040201005025]]]}},{"type":"Feature","properties":{"stage":2,"elev":12.1,"name":"haor basin fill"},"geometry":{"type":"Polygon","coordinates":[[[91.94109589041095,25.02040201005025],[91.94493150684931,25.02040201005025],[91.94493150684931,25.024221105527637],[91.94109589041095,25.024221105527637],[91.94109589041095,25.02040201005025]]]}},{"type":"Feature","properties":{"stage":2,"elev":11.6,"name":"haor basin fill"},"geometry":{"type":"Polygon","coordinates":[[[91.94493150684931,25.02040201005025],[91.94876712328767,25.02040201005025],[91.94876712328767,25.024221105527637],[91.94493150684931,25.024221105527637],[91.94493150684931,25.02040201005025]]]}},{"type":"Feature","properties":{"stage":2,"elev":12.5,"name":"haor basin fill"},"geometry":{"type":"Polygon","coordinates":[[[91.94876712328767,25.02040201005025],[91.95260273972602,25.02040201005025],[91.95260273972602,25.024221105527637],[91.94876712328767,25.024221105527637],[91.94876712328767,25.02040201005025]]]}},{"type":"Feature","properties":{"stage":2,"elev":12.4,"name":"haor basin fill"},"geometry":{"type":"Polygon","coordinates":[[[91.95260273972602,25.02040201005025],[91.95643835616438,25.02040201005025],[91.95643835616438,25.024221105527637],[91.95260273972602,25.024221105527637],[91.95260273972602,25.02040201005025]]]}},{"type":"Feature","properties":{"stage":2,"elev":12.1,"name":"haor basin fill"},"geometry":{"type":"Polygon","coordinates":[[[91.95643835616438,25.02040201005025],[91.96027397260274,25.02040201005025],[91.96027397260274,25.024221105527637],[91.95643835616438,25.024221105527637],[91.95643835616438,25.02040201005025]]]}},{"type":"Feature","properties":{"stage":2,"elev":12.9,"name":"haor basin fill"},"geometry":{"type":"Polygon","coordinates":[[[91.96027397260274,25.02040201005025],[91.96410958904109,25.02040201005025],[91.96410958904109,25.024221105527637],[91.96027397260274,25.024221105527637],[91.96027397260274,25.02040201005025]]]}},{"type":"Feature","properties":{"stage":2,"elev":12.8,"name":"haor basin fill"},"geometry":{"type":"Polygon","coordinates":[[[91.96794520547945,25.02040201005025],[91.9717808219178,25.02040201005025],[91.9717808219178,25.024221105527637],[91.96794520547945,25.024221105527637],[91.96794520547945,25.02040201005025]]]}},{"type":"Feature","properties":{"stage":2,"elev":12.4,"name":"haor basin fill"},"geometry":{"type":"Polygon","coordinates":[[[91.9717808219178,25.02040201005025],[91.97561643835616,25.02040201005025],[91.97561643835616,25.024221105527637],[91.9717808219178,25.024221105527637],[91.9717808219178,25.02040201005025]]]}},{"type":"Feature","properties":{"stage":2,"elev":11.9,"name":"haor basin fill"},"geometry":{"type":"Polygon","coordinates":[[[91.97561643835616,25.02040201005025],[91.97945205479452,25.02040201005025],[91.97945205479452,25.024221105527637],[91.97561643835616,25.024221105527637],[91.97561643835616,25.02040201005025]]]}},{"type":"Feature","properties":{"stage":2,"elev":12.7,"name":"haor basin fill"},"geometry":{"type":"Polygon","coordinates":[[[91.97945205479452,25.02040201005025],[91.98328767123287,25.02040201005025],[91.98328767123287,25.024221105527637],[91.97945205479452,25.024221105527637],[91.97945205479452,25.02040201005025]]]}},{"type":"Feature","properties":{"stage":2,"elev":11.7,"name":"haor basin fill"},"geometry":{"type":"Polygon","coordinates":[[[91.98328767123287,25.02040201005025],[91.98712328767122,25.02040201005025],[91.98712328767122,25.024221105527637],[91.98328767123287,25.024221105527637],[91.98328767123287,25.02040201005025]]]}},{"type":"Feature","properties":{"stage":2,"elev":11.9,"name":"haor basin fill"},"geometry":{"type":"Polygon","coordinates":[[[91.78,25.024221105527637],[91.78383561643835,25.024221105527637],[91.78383561643835,25.028040201005027],[91.78,25.028040201005027],[91.78,25.024221105527637]]]}},{"type":"Feature","properties":{"stage":2,"elev":11.2,"name":"haor basin fill"},"geometry":{"type":"Polygon","coordinates":[[[91.78383561643835,25.024221105527637],[91.78767123287672,25.024221105527637],[91.78767123287672,25.028040201005027],[91.78383561643835,25.028040201005027],[91.78383561643835,25.024221105527637]]]}},{"type":"Feature","properties":{"stage":2,"elev":12,"name":"haor basin fill"},"geometry":{"type":"Polygon","coordinates":[[[91.78767123287672,25.024221105527637],[91.79150684931507,25.024221105527637],[91.79150684931507,25.028040201005027],[91.78767123287672,25.028040201005027],[91.78767123287672,25.024221105527637]]]}},{"type":"Feature","properties":{"stage":2,"elev":11.8,"name":"haor basin fill"},"geometry":{"type":"Polygon","coordinates":[[[91.79534246575342,25.024221105527637],[91.79917808219179,25.024221105527637],[91.79917808219179,25.028040201005027],[91.79534246575342,25.028040201005027],[91.79534246575342,25.024221105527637]]]}},{"type":"Feature","properties":{"stage":2,"elev":11.4,"name":"haor basin fill"},"geometry":{"type":"Polygon","coordinates":[[[91.79917808219179,25.024221105527637],[91.80301369863014,25.024221105527637],[91.80301369863014,25.028040201005027],[91.79917808219179,25.028040201005027],[91.79917808219179,25.024221105527637]]]}},{"type":"Feature","properties":{"stage":2,"elev":13,"name":"haor basin fill"},"geometry":{"type":"Polygon","coordinates":[[[91.80301369863014,25.024221105527637],[91.80684931506849,25.024221105527637],[91.80684931506849,25.028040201005027],[91.80301369863014,25.028040201005027],[91.80301369863014,25.024221105527637]]]}},{"type":"Feature","properties":{"stage":2,"elev":12.5,"name":"haor basin fill"},"geometry":{"type":"Polygon","coordinates":[[[91.80684931506849,25.024221105527637],[91.81068493150686,25.024221105527637],[91.81068493150686,25.028040201005027],[91.80684931506849,25.028040201005027],[91.80684931506849,25.024221105527637]]]}},{"type":"Feature","properties":{"stage":2,"elev":12.6,"name":"haor basin fill"},"geometry":{"type":"Polygon","coordinates":[[[91.81068493150686,25.024221105527637],[91.81452054794521,25.024221105527637],[91.81452054794521,25.028040201005027],[91.81068493150686,25.028040201005027],[91.81068493150686,25.024221105527637]]]}},{"type":"Feature","properties":{"stage":2,"elev":12.9,"name":"haor basin fill"},"geometry":{"type":"Polygon","coordinates":[[[91.81452054794521,25.024221105527637],[91.81835616438356,25.024221105527637],[91.81835616438356,25.028040201005027],[91.81452054794521,25.028040201005027],[91.81452054794521,25.024221105527637]]]}},{"type":"Feature","properties":{"stage":2,"elev":12.8,"name":"haor basin fill"},"geometry":{"type":"Polygon","coordinates":[[[91.83753424657534,25.024221105527637],[91.8413698630137,25.024221105527637],[91.8413698630137,25.028040201005027],[91.83753424657534,25.028040201005027],[91.83753424657534,25.024221105527637]]]}},{"type":"Feature","properties":{"stage":2,"elev":12.2,"name":"haor basin fill"},"geometry":{"type":"Polygon","coordinates":[[[91.8413698630137,25.024221105527637],[91.84520547945205,25.024221105527637],[91.84520547945205,25.028040201005027],[91.8413698630137,25.028040201005027],[91.8413698630137,25.024221105527637]]]}},{"type":"Feature","properties":{"stage":2,"elev":12.7,"name":"haor basin fill"},"geometry":{"type":"Polygon","coordinates":[[[91.84904109589041,25.024221105527637],[91.85287671232877,25.024221105527637],[91.85287671232877,25.028040201005027],[91.84904109589041,25.028040201005027],[91.84904109589041,25.024221105527637]]]}},{"type":"Feature","properties":{"stage":2,"elev":11.9,"name":"haor basin fill"},"geometry":{"type":"Polygon","coordinates":[[[91.85287671232877,25.024221105527637],[91.85671232876712,25.024221105527637],[91.85671232876712,25.028040201005027],[91.85287671232877,25.028040201005027],[91.85287671232877,25.024221105527637]]]}},{"type":"Feature","properties":{"stage":2,"elev":12.7,"name":"haor basin fill"},"geometry":{"type":"Polygon","coordinates":[[[91.85671232876712,25.024221105527637],[91.86054794520548,25.024221105527637],[91.86054794520548,25.028040201005027],[91.85671232876712,25.028040201005027],[91.85671232876712,25.024221105527637]]]}},{"type":"Feature","properties":{"stage":2,"elev":12.6,"name":"haor basin fill"},"geometry":{"type":"Polygon","coordinates":[[[91.86054794520548,25.024221105527637],[91.86438356164383,25.024221105527637],[91.86438356164383,25.028040201005027],[91.86054794520548,25.028040201005027],[91.86054794520548,25.024221105527637]]]}},{"type":"Feature","properties":{"stage":2,"elev":12.4,"name":"haor basin fill"},"geometry":{"type":"Polygon","coordinates":[[[91.86438356164383,25.024221105527637],[91.86821917808219,25.024221105527637],[91.86821917808219,25.028040201005027],[91.86438356164383,25.028040201005027],[91.86438356164383,25.024221105527637]]]}},{"type":"Feature","properties":{"stage":2,"elev":12.5,"name":"haor basin fill"},"geometry":{"type":"Polygon","coordinates":[[[91.86821917808219,25.024221105527637],[91.87205479452055,25.024221105527637],[91.87205479452055,25.028040201005027],[91.86821917808219,25.028040201005027],[91.86821917808219,25.024221105527637]]]}},{"type":"Feature","properties":{"stage":2,"elev":11.2,"name":"haor basin fill"},"geometry":{"type":"Polygon","coordinates":[[[91.87205479452055,25.024221105527637],[91.8758904109589,25.024221105527637],[91.8758904109589,25.028040201005027],[91.87205479452055,25.028040201005027],[91.87205479452055,25.024221105527637]]]}},{"type":"Feature","properties":{"stage":2,"elev":12,"name":"haor basin fill"},"geometry":{"type":"Polygon","coordinates":[[[91.8758904109589,25.024221105527637],[91.87972602739725,25.024221105527637],[91.87972602739725,25.028040201005027],[91.8758904109589,25.028040201005027],[91.8758904109589,25.024221105527637]]]}},{"type":"Feature","properties":{"stage":2,"elev":11.3,"name":"haor basin fill"},"geometry":{"type":"Polygon","coordinates":[[[91.87972602739725,25.024221105527637],[91.88356164383562,25.024221105527637],[91.88356164383562,25.028040201005027],[91.87972602739725,25.028040201005027],[91.87972602739725,25.024221105527637]]]}},{"type":"Feature","properties":{"stage":2,"elev":9.6,"name":"haor basin fill"},"geometry":{"type":"Polygon","coordinates":[[[91.88356164383562,25.024221105527637],[91.88739726027397,25.024221105527637],[91.88739726027397,25.028040201005027],[91.88356164383562,25.028040201005027],[91.88356164383562,25.024221105527637]]]}},{"type":"Feature","properties":{"stage":2,"elev":10.3,"name":"haor basin fill"},"geometry":{"type":"Polygon","coordinates":[[[91.88739726027397,25.024221105527637],[91.89123287671232,25.024221105527637],[91.89123287671232,25.028040201005027],[91.88739726027397,25.028040201005027],[91.88739726027397,25.024221105527637]]]}},{"type":"Feature","properties":{"stage":2,"elev":12.2,"name":"haor basin fill"},"geometry":{"type":"Polygon","coordinates":[[[91.89123287671232,25.024221105527637],[91.89506849315069,25.024221105527637],[91.89506849315069,25.028040201005027],[91.89123287671232,25.028040201005027],[91.89123287671232,25.024221105527637]]]}},{"type":"Feature","properties":{"stage":2,"elev":11.1,"name":"haor basin fill"},"geometry":{"type":"Polygon","coordinates":[[[91.89506849315069,25.024221105527637],[91.89890410958904,25.024221105527637],[91.89890410958904,25.028040201005027],[91.89506849315069,25.028040201005027],[91.89506849315069,25.024221105527637]]]}},{"type":"Feature","properties":{"stage":2,"elev":11,"name":"haor basin fill"},"geometry":{"type":"Polygon","coordinates":[[[91.89890410958904,25.024221105527637],[91.90273972602739,25.024221105527637],[91.90273972602739,25.028040201005027],[91.89890410958904,25.028040201005027],[91.89890410958904,25.024221105527637]]]}},{"type":"Feature","properties":{"stage":2,"elev":9.6,"name":"haor basin fill"},"geometry":{"type":"Polygon","coordinates":[[[91.90273972602739,25.024221105527637],[91.90657534246576,25.024221105527637],[91.90657534246576,25.028040201005027],[91.90273972602739,25.028040201005027],[91.90273972602739,25.024221105527637]]]}},{"type":"Feature","properties":{"stage":2,"elev":9.9,"name":"haor basin fill"},"geometry":{"type":"Polygon","coordinates":[[[91.90657534246576,25.024221105527637],[91.91041095890411,25.024221105527637],[91.91041095890411,25.028040201005027],[91.90657534246576,25.028040201005027],[91.90657534246576,25.024221105527637]]]}},{"type":"Feature","properties":{"stage":2,"elev":9.6,"name":"haor basin fill"},"geometry":{"type":"Polygon","coordinates":[[[91.91041095890411,25.024221105527637],[91.91424657534246,25.024221105527637],[91.91424657534246,25.028040201005027],[91.91041095890411,25.028040201005027],[91.91041095890411,25.024221105527637]]]}},{"type":"Feature","properties":{"stage":2,"elev":10.2,"name":"haor basin fill"},"geometry":{"type":"Polygon","coordinates":[[[91.91424657534246,25.024221105527637],[91.91808219178083,25.024221105527637],[91.91808219178083,25.028040201005027],[91.91424657534246,25.028040201005027],[91.91424657534246,25.024221105527637]]]}},{"type":"Feature","properties":{"stage":2,"elev":10.9,"name":"haor basin fill"},"geometry":{"type":"Polygon","coordinates":[[[91.91808219178083,25.024221105527637],[91.92191780821918,25.024221105527637],[91.92191780821918,25.028040201005027],[91.91808219178083,25.028040201005027],[91.91808219178083,25.024221105527637]]]}},{"type":"Feature","properties":{"stage":2,"elev":11,"name":"haor basin fill"},"geometry":{"type":"Polygon","coordinates":[[[91.92191780821918,25.024221105527637],[91.92575342465753,25.024221105527637],[91.92575342465753,25.028040201005027],[91.92191780821918,25.028040201005027],[91.92191780821918,25.024221105527637]]]}},{"type":"Feature","properties":{"stage":2,"elev":10.2,"name":"haor basin fill"},"geometry":{"type":"Polygon","coordinates":[[[91.92575342465753,25.024221105527637],[91.92958904109588,25.024221105527637],[91.92958904109588,25.028040201005027],[91.92575342465753,25.028040201005027],[91.92575342465753,25.024221105527637]]]}},{"type":"Feature","properties":{"stage":2,"elev":10.2,"name":"haor basin fill"},"geometry":{"type":"Polygon","coordinates":[[[91.92958904109588,25.024221105527637],[91.93342465753425,25.024221105527637],[91.93342465753425,25.028040201005027],[91.92958904109588,25.028040201005027],[91.92958904109588,25.024221105527637]]]}},{"type":"Feature","properties":{"stage":2,"elev":12,"name":"haor basin fill"},"geometry":{"type":"Polygon","coordinates":[[[91.93342465753425,25.024221105527637],[91.9372602739726,25.024221105527637],[91.9372602739726,25.028040201005027],[91.93342465753425,25.028040201005027],[91.93342465753425,25.024221105527637]]]}},{"type":"Feature","properties":{"stage":2,"elev":11.7,"name":"haor basin fill"},"geometry":{"type":"Polygon","coordinates":[[[91.9372602739726,25.024221105527637],[91.94109589041095,25.024221105527637],[91.94109589041095,25.028040201005027],[91.9372602739726,25.028040201005027],[91.9372602739726,25.024221105527637]]]}},{"type":"Feature","properties":{"stage":2,"elev":11,"name":"haor basin fill"},"geometry":{"type":"Polygon","coordinates":[[[91.94109589041095,25.024221105527637],[91.94493150684931,25.024221105527637],[91.94493150684931,25.028040201005027],[91.94109589041095,25.028040201005027],[91.94109589041095,25.024221105527637]]]}},{"type":"Feature","properties":{"stage":2,"elev":12.1,"name":"haor basin fill"},"geometry":{"type":"Polygon","coordinates":[[[91.94493150684931,25.024221105527637],[91.94876712328767,25.024221105527637],[91.94876712328767,25.028040201005027],[91.94493150684931,25.028040201005027],[91.94493150684931,25.024221105527637]]]}},{"type":"Feature","properties":{"stage":2,"elev":10.4,"name":"haor basin fill"},"geometry":{"type":"Polygon","coordinates":[[[91.94876712328767,25.024221105527637],[91.95260273972602,25.024221105527637],[91.95260273972602,25.028040201005027],[91.94876712328767,25.028040201005027],[91.94876712328767,25.024221105527637]]]}},{"type":"Feature","properties":{"stage":2,"elev":10.6,"name":"haor basin fill"},"geometry":{"type":"Polygon","coordinates":[[[91.95260273972602,25.024221105527637],[91.95643835616438,25.024221105527637],[91.95643835616438,25.028040201005027],[91.95260273972602,25.028040201005027],[91.95260273972602,25.024221105527637]]]}},{"type":"Feature","properties":{"stage":2,"elev":12,"name":"haor basin fill"},"geometry":{"type":"Polygon","coordinates":[[[91.95643835616438,25.024221105527637],[91.96027397260274,25.024221105527637],[91.96027397260274,25.028040201005027],[91.95643835616438,25.028040201005027],[91.95643835616438,25.024221105527637]]]}},{"type":"Feature","properties":{"stage":2,"elev":11.4,"name":"haor basin fill"},"geometry":{"type":"Polygon","coordinates":[[[91.96027397260274,25.024221105527637],[91.96410958904109,25.024221105527637],[91.96410958904109,25.028040201005027],[91.96027397260274,25.028040201005027],[91.96027397260274,25.024221105527637]]]}},{"type":"Feature","properties":{"stage":2,"elev":11.7,"name":"haor basin fill"},"geometry":{"type":"Polygon","coordinates":[[[91.96410958904109,25.024221105527637],[91.96794520547945,25.024221105527637],[91.96794520547945,25.028040201005027],[91.96410958904109,25.028040201005027],[91.96410958904109,25.024221105527637]]]}},{"type":"Feature","properties":{"stage":2,"elev":13,"name":"haor basin fill"},"geometry":{"type":"Polygon","coordinates":[[[91.96794520547945,25.024221105527637],[91.9717808219178,25.024221105527637],[91.9717808219178,25.028040201005027],[91.96794520547945,25.028040201005027],[91.96794520547945,25.024221105527637]]]}},{"type":"Feature","properties":{"stage":2,"elev":12,"name":"haor basin fill"},"geometry":{"type":"Polygon","coordinates":[[[91.97561643835616,25.024221105527637],[91.97945205479452,25.024221105527637],[91.97945205479452,25.028040201005027],[91.97561643835616,25.028040201005027],[91.97561643835616,25.024221105527637]]]}},{"type":"Feature","properties":{"stage":2,"elev":12.5,"name":"haor basin fill"},"geometry":{"type":"Polygon","coordinates":[[[91.97945205479452,25.024221105527637],[91.98328767123287,25.024221105527637],[91.98328767123287,25.028040201005027],[91.97945205479452,25.028040201005027],[91.97945205479452,25.024221105527637]]]}},{"type":"Feature","properties":{"stage":2,"elev":13,"name":"haor basin fill"},"geometry":{"type":"Polygon","coordinates":[[[91.78,25.028040201005027],[91.78383561643835,25.028040201005027],[91.78383561643835,25.031859296482413],[91.78,25.031859296482413],[91.78,25.028040201005027]]]}},{"type":"Feature","properties":{"stage":2,"elev":12,"name":"haor basin fill"},"geometry":{"type":"Polygon","coordinates":[[[91.78383561643835,25.028040201005027],[91.78767123287672,25.028040201005027],[91.78767123287672,25.031859296482413],[91.78383561643835,25.031859296482413],[91.78383561643835,25.028040201005027]]]}},{"type":"Feature","properties":{"stage":2,"elev":11.1,"name":"haor basin fill"},"geometry":{"type":"Polygon","coordinates":[[[91.78767123287672,25.028040201005027],[91.79150684931507,25.028040201005027],[91.79150684931507,25.031859296482413],[91.78767123287672,25.031859296482413],[91.78767123287672,25.028040201005027]]]}},{"type":"Feature","properties":{"stage":2,"elev":11.9,"name":"haor basin fill"},"geometry":{"type":"Polygon","coordinates":[[[91.79150684931507,25.028040201005027],[91.79534246575342,25.028040201005027],[91.79534246575342,25.031859296482413],[91.79150684931507,25.031859296482413],[91.79150684931507,25.028040201005027]]]}},{"type":"Feature","properties":{"stage":2,"elev":11.4,"name":"haor basin fill"},"geometry":{"type":"Polygon","coordinates":[[[91.79534246575342,25.028040201005027],[91.79917808219179,25.028040201005027],[91.79917808219179,25.031859296482413],[91.79534246575342,25.031859296482413],[91.79534246575342,25.028040201005027]]]}},{"type":"Feature","properties":{"stage":2,"elev":11.8,"name":"haor basin fill"},"geometry":{"type":"Polygon","coordinates":[[[91.79917808219179,25.028040201005027],[91.80301369863014,25.028040201005027],[91.80301369863014,25.031859296482413],[91.79917808219179,25.031859296482413],[91.79917808219179,25.028040201005027]]]}},{"type":"Feature","properties":{"stage":2,"elev":12.1,"name":"haor basin fill"},"geometry":{"type":"Polygon","coordinates":[[[91.80301369863014,25.028040201005027],[91.80684931506849,25.028040201005027],[91.80684931506849,25.031859296482413],[91.80301369863014,25.031859296482413],[91.80301369863014,25.028040201005027]]]}},{"type":"Feature","properties":{"stage":2,"elev":12.8,"name":"haor basin fill"},"geometry":{"type":"Polygon","coordinates":[[[91.80684931506849,25.028040201005027],[91.81068493150686,25.028040201005027],[91.81068493150686,25.031859296482413],[91.80684931506849,25.031859296482413],[91.80684931506849,25.028040201005027]]]}},{"type":"Feature","properties":{"stage":2,"elev":12.3,"name":"haor basin fill"},"geometry":{"type":"Polygon","coordinates":[[[91.81068493150686,25.028040201005027],[91.81452054794521,25.028040201005027],[91.81452054794521,25.031859296482413],[91.81068493150686,25.031859296482413],[91.81068493150686,25.028040201005027]]]}},{"type":"Feature","properties":{"stage":2,"elev":12.6,"name":"haor basin fill"},"geometry":{"type":"Polygon","coordinates":[[[91.81452054794521,25.028040201005027],[91.81835616438356,25.028040201005027],[91.81835616438356,25.031859296482413],[91.81452054794521,25.031859296482413],[91.81452054794521,25.028040201005027]]]}},{"type":"Feature","properties":{"stage":2,"elev":12.7,"name":"haor basin fill"},"geometry":{"type":"Polygon","coordinates":[[[91.81835616438356,25.028040201005027],[91.82219178082192,25.028040201005027],[91.82219178082192,25.031859296482413],[91.81835616438356,25.031859296482413],[91.81835616438356,25.028040201005027]]]}},{"type":"Feature","properties":{"stage":2,"elev":12.2,"name":"haor basin fill"},"geometry":{"type":"Polygon","coordinates":[[[91.82219178082192,25.028040201005027],[91.82602739726028,25.028040201005027],[91.82602739726028,25.031859296482413],[91.82219178082192,25.031859296482413],[91.82219178082192,25.028040201005027]]]}},{"type":"Feature","properties":{"stage":2,"elev":11.1,"name":"haor basin fill"},"geometry":{"type":"Polygon","coordinates":[[[91.83753424657534,25.028040201005027],[91.8413698630137,25.028040201005027],[91.8413698630137,25.031859296482413],[91.83753424657534,25.031859296482413],[91.83753424657534,25.028040201005027]]]}},{"type":"Feature","properties":{"stage":2,"elev":11.8,"name":"haor basin fill"},"geometry":{"type":"Polygon","coordinates":[[[91.84904109589041,25.028040201005027],[91.85287671232877,25.028040201005027],[91.85287671232877,25.031859296482413],[91.84904109589041,25.031859296482413],[91.84904109589041,25.028040201005027]]]}},{"type":"Feature","properties":{"stage":2,"elev":11.3,"name":"haor basin fill"},"geometry":{"type":"Polygon","coordinates":[[[91.85287671232877,25.028040201005027],[91.85671232876712,25.028040201005027],[91.85671232876712,25.031859296482413],[91.85287671232877,25.031859296482413],[91.85287671232877,25.028040201005027]]]}},{"type":"Feature","properties":{"stage":2,"elev":12.8,"name":"haor basin fill"},"geometry":{"type":"Polygon","coordinates":[[[91.85671232876712,25.028040201005027],[91.86054794520548,25.028040201005027],[91.86054794520548,25.031859296482413],[91.85671232876712,25.031859296482413],[91.85671232876712,25.028040201005027]]]}},{"type":"Feature","properties":{"stage":2,"elev":12.3,"name":"haor basin fill"},"geometry":{"type":"Polygon","coordinates":[[[91.86054794520548,25.028040201005027],[91.86438356164383,25.028040201005027],[91.86438356164383,25.031859296482413],[91.86054794520548,25.031859296482413],[91.86054794520548,25.028040201005027]]]}},{"type":"Feature","properties":{"stage":2,"elev":12.3,"name":"haor basin fill"},"geometry":{"type":"Polygon","coordinates":[[[91.86438356164383,25.028040201005027],[91.86821917808219,25.028040201005027],[91.86821917808219,25.031859296482413],[91.86438356164383,25.031859296482413],[91.86438356164383,25.028040201005027]]]}},{"type":"Feature","properties":{"stage":2,"elev":11.9,"name":"haor basin fill"},"geometry":{"type":"Polygon","coordinates":[[[91.8758904109589,25.028040201005027],[91.87972602739725,25.028040201005027],[91.87972602739725,25.031859296482413],[91.8758904109589,25.031859296482413],[91.8758904109589,25.028040201005027]]]}},{"type":"Feature","properties":{"stage":2,"elev":9.9,"name":"haor basin fill"},"geometry":{"type":"Polygon","coordinates":[[[91.87972602739725,25.028040201005027],[91.88356164383562,25.028040201005027],[91.88356164383562,25.031859296482413],[91.87972602739725,25.031859296482413],[91.87972602739725,25.028040201005027]]]}},{"type":"Feature","properties":{"stage":2,"elev":11.3,"name":"haor basin fill"},"geometry":{"type":"Polygon","coordinates":[[[91.88356164383562,25.028040201005027],[91.88739726027397,25.028040201005027],[91.88739726027397,25.031859296482413],[91.88356164383562,25.031859296482413],[91.88356164383562,25.028040201005027]]]}},{"type":"Feature","properties":{"stage":2,"elev":11.4,"name":"haor basin fill"},"geometry":{"type":"Polygon","coordinates":[[[91.88739726027397,25.028040201005027],[91.89123287671232,25.028040201005027],[91.89123287671232,25.031859296482413],[91.88739726027397,25.031859296482413],[91.88739726027397,25.028040201005027]]]}},{"type":"Feature","properties":{"stage":2,"elev":10.7,"name":"haor basin fill"},"geometry":{"type":"Polygon","coordinates":[[[91.89123287671232,25.028040201005027],[91.89506849315069,25.028040201005027],[91.89506849315069,25.031859296482413],[91.89123287671232,25.031859296482413],[91.89123287671232,25.028040201005027]]]}},{"type":"Feature","properties":{"stage":2,"elev":10.2,"name":"haor basin fill"},"geometry":{"type":"Polygon","coordinates":[[[91.89506849315069,25.028040201005027],[91.89890410958904,25.028040201005027],[91.89890410958904,25.031859296482413],[91.89506849315069,25.031859296482413],[91.89506849315069,25.028040201005027]]]}},{"type":"Feature","properties":{"stage":2,"elev":12.8,"name":"haor basin fill"},"geometry":{"type":"Polygon","coordinates":[[[91.89890410958904,25.028040201005027],[91.90273972602739,25.028040201005027],[91.90273972602739,25.031859296482413],[91.89890410958904,25.031859296482413],[91.89890410958904,25.028040201005027]]]}},{"type":"Feature","properties":{"stage":2,"elev":10.9,"name":"haor basin fill"},"geometry":{"type":"Polygon","coordinates":[[[91.90273972602739,25.028040201005027],[91.90657534246576,25.028040201005027],[91.90657534246576,25.031859296482413],[91.90273972602739,25.031859296482413],[91.90273972602739,25.028040201005027]]]}},{"type":"Feature","properties":{"stage":2,"elev":10.2,"name":"haor basin fill"},"geometry":{"type":"Polygon","coordinates":[[[91.90657534246576,25.028040201005027],[91.91041095890411,25.028040201005027],[91.91041095890411,25.031859296482413],[91.90657534246576,25.031859296482413],[91.90657534246576,25.028040201005027]]]}},{"type":"Feature","properties":{"stage":2,"elev":9.6,"name":"haor basin fill"},"geometry":{"type":"Polygon","coordinates":[[[91.91041095890411,25.028040201005027],[91.91424657534246,25.028040201005027],[91.91424657534246,25.031859296482413],[91.91041095890411,25.031859296482413],[91.91041095890411,25.028040201005027]]]}},{"type":"Feature","properties":{"stage":2,"elev":10.3,"name":"haor basin fill"},"geometry":{"type":"Polygon","coordinates":[[[91.91424657534246,25.028040201005027],[91.91808219178083,25.028040201005027],[91.91808219178083,25.031859296482413],[91.91424657534246,25.031859296482413],[91.91424657534246,25.028040201005027]]]}},{"type":"Feature","properties":{"stage":2,"elev":10.3,"name":"haor basin fill"},"geometry":{"type":"Polygon","coordinates":[[[91.91808219178083,25.028040201005027],[91.92191780821918,25.028040201005027],[91.92191780821918,25.031859296482413],[91.91808219178083,25.031859296482413],[91.91808219178083,25.028040201005027]]]}},{"type":"Feature","properties":{"stage":2,"elev":10,"name":"haor basin fill"},"geometry":{"type":"Polygon","coordinates":[[[91.92191780821918,25.028040201005027],[91.92575342465753,25.028040201005027],[91.92575342465753,25.031859296482413],[91.92191780821918,25.031859296482413],[91.92191780821918,25.028040201005027]]]}},{"type":"Feature","properties":{"stage":2,"elev":11,"name":"haor basin fill"},"geometry":{"type":"Polygon","coordinates":[[[91.92575342465753,25.028040201005027],[91.92958904109588,25.028040201005027],[91.92958904109588,25.031859296482413],[91.92575342465753,25.031859296482413],[91.92575342465753,25.028040201005027]]]}},{"type":"Feature","properties":{"stage":2,"elev":11.2,"name":"haor basin fill"},"geometry":{"type":"Polygon","coordinates":[[[91.92958904109588,25.028040201005027],[91.93342465753425,25.028040201005027],[91.93342465753425,25.031859296482413],[91.92958904109588,25.031859296482413],[91.92958904109588,25.028040201005027]]]}},{"type":"Feature","properties":{"stage":2,"elev":10.7,"name":"haor basin fill"},"geometry":{"type":"Polygon","coordinates":[[[91.93342465753425,25.028040201005027],[91.9372602739726,25.028040201005027],[91.9372602739726,25.031859296482413],[91.93342465753425,25.031859296482413],[91.93342465753425,25.028040201005027]]]}},{"type":"Feature","properties":{"stage":2,"elev":12.8,"name":"haor basin fill"},"geometry":{"type":"Polygon","coordinates":[[[91.9372602739726,25.028040201005027],[91.94109589041095,25.028040201005027],[91.94109589041095,25.031859296482413],[91.9372602739726,25.031859296482413],[91.9372602739726,25.028040201005027]]]}},{"type":"Feature","properties":{"stage":2,"elev":11.6,"name":"haor basin fill"},"geometry":{"type":"Polygon","coordinates":[[[91.94109589041095,25.028040201005027],[91.94493150684931,25.028040201005027],[91.94493150684931,25.031859296482413],[91.94109589041095,25.031859296482413],[91.94109589041095,25.028040201005027]]]}},{"type":"Feature","properties":{"stage":2,"elev":10.3,"name":"haor basin fill"},"geometry":{"type":"Polygon","coordinates":[[[91.94493150684931,25.028040201005027],[91.94876712328767,25.028040201005027],[91.94876712328767,25.031859296482413],[91.94493150684931,25.031859296482413],[91.94493150684931,25.028040201005027]]]}},{"type":"Feature","properties":{"stage":2,"elev":10.9,"name":"haor basin fill"},"geometry":{"type":"Polygon","coordinates":[[[91.94876712328767,25.028040201005027],[91.95260273972602,25.028040201005027],[91.95260273972602,25.031859296482413],[91.94876712328767,25.031859296482413],[91.94876712328767,25.028040201005027]]]}},{"type":"Feature","properties":{"stage":2,"elev":12.1,"name":"haor basin fill"},"geometry":{"type":"Polygon","coordinates":[[[91.95260273972602,25.028040201005027],[91.95643835616438,25.028040201005027],[91.95643835616438,25.031859296482413],[91.95260273972602,25.031859296482413],[91.95260273972602,25.028040201005027]]]}},{"type":"Feature","properties":{"stage":2,"elev":11.8,"name":"haor basin fill"},"geometry":{"type":"Polygon","coordinates":[[[91.95643835616438,25.028040201005027],[91.96027397260274,25.028040201005027],[91.96027397260274,25.031859296482413],[91.95643835616438,25.031859296482413],[91.95643835616438,25.028040201005027]]]}},{"type":"Feature","properties":{"stage":2,"elev":10.4,"name":"haor basin fill"},"geometry":{"type":"Polygon","coordinates":[[[91.96027397260274,25.028040201005027],[91.96410958904109,25.028040201005027],[91.96410958904109,25.031859296482413],[91.96027397260274,25.031859296482413],[91.96027397260274,25.028040201005027]]]}},{"type":"Feature","properties":{"stage":2,"elev":12.1,"name":"haor basin fill"},"geometry":{"type":"Polygon","coordinates":[[[91.96410958904109,25.028040201005027],[91.96794520547945,25.028040201005027],[91.96794520547945,25.031859296482413],[91.96410958904109,25.031859296482413],[91.96410958904109,25.028040201005027]]]}},{"type":"Feature","properties":{"stage":2,"elev":11.7,"name":"haor basin fill"},"geometry":{"type":"Polygon","coordinates":[[[91.96794520547945,25.028040201005027],[91.9717808219178,25.028040201005027],[91.9717808219178,25.031859296482413],[91.96794520547945,25.031859296482413],[91.96794520547945,25.028040201005027]]]}},{"type":"Feature","properties":{"stage":2,"elev":12.9,"name":"haor basin fill"},"geometry":{"type":"Polygon","coordinates":[[[91.9717808219178,25.028040201005027],[91.97561643835616,25.028040201005027],[91.97561643835616,25.031859296482413],[91.9717808219178,25.031859296482413],[91.9717808219178,25.028040201005027]]]}},{"type":"Feature","properties":{"stage":2,"elev":12.1,"name":"haor basin fill"},"geometry":{"type":"Polygon","coordinates":[[[91.97561643835616,25.028040201005027],[91.97945205479452,25.028040201005027],[91.97945205479452,25.031859296482413],[91.97561643835616,25.031859296482413],[91.97561643835616,25.028040201005027]]]}},{"type":"Feature","properties":{"stage":2,"elev":11.8,"name":"haor basin fill"},"geometry":{"type":"Polygon","coordinates":[[[91.97945205479452,25.028040201005027],[91.98328767123287,25.028040201005027],[91.98328767123287,25.031859296482413],[91.97945205479452,25.031859296482413],[91.97945205479452,25.028040201005027]]]}},{"type":"Feature","properties":{"stage":2,"elev":12.6,"name":"haor basin fill"},"geometry":{"type":"Polygon","coordinates":[[[91.98328767123287,25.028040201005027],[91.98712328767122,25.028040201005027],[91.98712328767122,25.031859296482413],[91.98328767123287,25.031859296482413],[91.98328767123287,25.028040201005027]]]}},{"type":"Feature","properties":{"stage":2,"elev":12.4,"name":"haor basin fill"},"geometry":{"type":"Polygon","coordinates":[[[91.78,25.031859296482413],[91.78383561643835,25.031859296482413],[91.78383561643835,25.0356783919598],[91.78,25.0356783919598],[91.78,25.031859296482413]]]}},{"type":"Feature","properties":{"stage":2,"elev":10.7,"name":"haor basin fill"},"geometry":{"type":"Polygon","coordinates":[[[91.78383561643835,25.031859296482413],[91.78767123287672,25.031859296482413],[91.78767123287672,25.0356783919598],[91.78383561643835,25.0356783919598],[91.78383561643835,25.031859296482413]]]}},{"type":"Feature","properties":{"stage":2,"elev":11.1,"name":"haor basin fill"},"geometry":{"type":"Polygon","coordinates":[[[91.78767123287672,25.031859296482413],[91.79150684931507,25.031859296482413],[91.79150684931507,25.0356783919598],[91.78767123287672,25.0356783919598],[91.78767123287672,25.031859296482413]]]}},{"type":"Feature","properties":{"stage":2,"elev":11.4,"name":"haor basin fill"},"geometry":{"type":"Polygon","coordinates":[[[91.79150684931507,25.031859296482413],[91.79534246575342,25.031859296482413],[91.79534246575342,25.0356783919598],[91.79150684931507,25.0356783919598],[91.79150684931507,25.031859296482413]]]}},{"type":"Feature","properties":{"stage":2,"elev":11.8,"name":"haor basin fill"},"geometry":{"type":"Polygon","coordinates":[[[91.79534246575342,25.031859296482413],[91.79917808219179,25.031859296482413],[91.79917808219179,25.0356783919598],[91.79534246575342,25.0356783919598],[91.79534246575342,25.031859296482413]]]}},{"type":"Feature","properties":{"stage":2,"elev":12.6,"name":"haor basin fill"},"geometry":{"type":"Polygon","coordinates":[[[91.79917808219179,25.031859296482413],[91.80301369863014,25.031859296482413],[91.80301369863014,25.0356783919598],[91.79917808219179,25.0356783919598],[91.79917808219179,25.031859296482413]]]}},{"type":"Feature","properties":{"stage":2,"elev":12.4,"name":"haor basin fill"},"geometry":{"type":"Polygon","coordinates":[[[91.80301369863014,25.031859296482413],[91.80684931506849,25.031859296482413],[91.80684931506849,25.0356783919598],[91.80301369863014,25.0356783919598],[91.80301369863014,25.031859296482413]]]}},{"type":"Feature","properties":{"stage":2,"elev":11.4,"name":"haor basin fill"},"geometry":{"type":"Polygon","coordinates":[[[91.80684931506849,25.031859296482413],[91.81068493150686,25.031859296482413],[91.81068493150686,25.0356783919598],[91.80684931506849,25.0356783919598],[91.80684931506849,25.031859296482413]]]}},{"type":"Feature","properties":{"stage":2,"elev":11.2,"name":"haor basin fill"},"geometry":{"type":"Polygon","coordinates":[[[91.81068493150686,25.031859296482413],[91.81452054794521,25.031859296482413],[91.81452054794521,25.0356783919598],[91.81068493150686,25.0356783919598],[91.81068493150686,25.031859296482413]]]}},{"type":"Feature","properties":{"stage":2,"elev":12.4,"name":"haor basin fill"},"geometry":{"type":"Polygon","coordinates":[[[91.83369863013698,25.031859296482413],[91.83753424657534,25.031859296482413],[91.83753424657534,25.0356783919598],[91.83369863013698,25.0356783919598],[91.83369863013698,25.031859296482413]]]}},{"type":"Feature","properties":{"stage":2,"elev":12.2,"name":"haor basin fill"},"geometry":{"type":"Polygon","coordinates":[[[91.84904109589041,25.031859296482413],[91.85287671232877,25.031859296482413],[91.85287671232877,25.0356783919598],[91.84904109589041,25.0356783919598],[91.84904109589041,25.031859296482413]]]}},{"type":"Feature","properties":{"stage":2,"elev":12.4,"name":"haor basin fill"},"geometry":{"type":"Polygon","coordinates":[[[91.87205479452055,25.031859296482413],[91.8758904109589,25.031859296482413],[91.8758904109589,25.0356783919598],[91.87205479452055,25.0356783919598],[91.87205479452055,25.031859296482413]]]}},{"type":"Feature","properties":{"stage":2,"elev":12.4,"name":"haor basin fill"},"geometry":{"type":"Polygon","coordinates":[[[91.8758904109589,25.031859296482413],[91.87972602739725,25.031859296482413],[91.87972602739725,25.0356783919598],[91.8758904109589,25.0356783919598],[91.8758904109589,25.031859296482413]]]}},{"type":"Feature","properties":{"stage":2,"elev":10.9,"name":"haor basin fill"},"geometry":{"type":"Polygon","coordinates":[[[91.87972602739725,25.031859296482413],[91.88356164383562,25.031859296482413],[91.88356164383562,25.0356783919598],[91.87972602739725,25.0356783919598],[91.87972602739725,25.031859296482413]]]}},{"type":"Feature","properties":{"stage":2,"elev":10.8,"name":"haor basin fill"},"geometry":{"type":"Polygon","coordinates":[[[91.88356164383562,25.031859296482413],[91.88739726027397,25.031859296482413],[91.88739726027397,25.0356783919598],[91.88356164383562,25.0356783919598],[91.88356164383562,25.031859296482413]]]}},{"type":"Feature","properties":{"stage":2,"elev":11.2,"name":"haor basin fill"},"geometry":{"type":"Polygon","coordinates":[[[91.88739726027397,25.031859296482413],[91.89123287671232,25.031859296482413],[91.89123287671232,25.0356783919598],[91.88739726027397,25.0356783919598],[91.88739726027397,25.031859296482413]]]}},{"type":"Feature","properties":{"stage":2,"elev":11.8,"name":"haor basin fill"},"geometry":{"type":"Polygon","coordinates":[[[91.89123287671232,25.031859296482413],[91.89506849315069,25.031859296482413],[91.89506849315069,25.0356783919598],[91.89123287671232,25.0356783919598],[91.89123287671232,25.031859296482413]]]}},{"type":"Feature","properties":{"stage":2,"elev":12.7,"name":"haor basin fill"},"geometry":{"type":"Polygon","coordinates":[[[91.89506849315069,25.031859296482413],[91.89890410958904,25.031859296482413],[91.89890410958904,25.0356783919598],[91.89506849315069,25.0356783919598],[91.89506849315069,25.031859296482413]]]}},{"type":"Feature","properties":{"stage":2,"elev":11.4,"name":"haor basin fill"},"geometry":{"type":"Polygon","coordinates":[[[91.89890410958904,25.031859296482413],[91.90273972602739,25.031859296482413],[91.90273972602739,25.0356783919598],[91.89890410958904,25.0356783919598],[91.89890410958904,25.031859296482413]]]}},{"type":"Feature","properties":{"stage":2,"elev":11.8,"name":"haor basin fill"},"geometry":{"type":"Polygon","coordinates":[[[91.90273972602739,25.031859296482413],[91.90657534246576,25.031859296482413],[91.90657534246576,25.0356783919598],[91.90273972602739,25.0356783919598],[91.90273972602739,25.031859296482413]]]}},{"type":"Feature","properties":{"stage":2,"elev":10.8,"name":"haor basin fill"},"geometry":{"type":"Polygon","coordinates":[[[91.90657534246576,25.031859296482413],[91.91041095890411,25.031859296482413],[91.91041095890411,25.0356783919598],[91.90657534246576,25.0356783919598],[91.90657534246576,25.031859296482413]]]}},{"type":"Feature","properties":{"stage":2,"elev":10.3,"name":"haor basin fill"},"geometry":{"type":"Polygon","coordinates":[[[91.91041095890411,25.031859296482413],[91.91424657534246,25.031859296482413],[91.91424657534246,25.0356783919598],[91.91041095890411,25.0356783919598],[91.91041095890411,25.031859296482413]]]}},{"type":"Feature","properties":{"stage":2,"elev":10.4,"name":"haor basin fill"},"geometry":{"type":"Polygon","coordinates":[[[91.91424657534246,25.031859296482413],[91.91808219178083,25.031859296482413],[91.91808219178083,25.0356783919598],[91.91424657534246,25.0356783919598],[91.91424657534246,25.031859296482413]]]}},{"type":"Feature","properties":{"stage":2,"elev":11.6,"name":"haor basin fill"},"geometry":{"type":"Polygon","coordinates":[[[91.91808219178083,25.031859296482413],[91.92191780821918,25.031859296482413],[91.92191780821918,25.0356783919598],[91.91808219178083,25.0356783919598],[91.91808219178083,25.031859296482413]]]}},{"type":"Feature","properties":{"stage":2,"elev":10.5,"name":"haor basin fill"},"geometry":{"type":"Polygon","coordinates":[[[91.92191780821918,25.031859296482413],[91.92575342465753,25.031859296482413],[91.92575342465753,25.0356783919598],[91.92191780821918,25.0356783919598],[91.92191780821918,25.031859296482413]]]}},{"type":"Feature","properties":{"stage":2,"elev":10.4,"name":"haor basin fill"},"geometry":{"type":"Polygon","coordinates":[[[91.92575342465753,25.031859296482413],[91.92958904109588,25.031859296482413],[91.92958904109588,25.0356783919598],[91.92575342465753,25.0356783919598],[91.92575342465753,25.031859296482413]]]}},{"type":"Feature","properties":{"stage":2,"elev":10.6,"name":"haor basin fill"},"geometry":{"type":"Polygon","coordinates":[[[91.92958904109588,25.031859296482413],[91.93342465753425,25.031859296482413],[91.93342465753425,25.0356783919598],[91.92958904109588,25.0356783919598],[91.92958904109588,25.031859296482413]]]}},{"type":"Feature","properties":{"stage":2,"elev":12,"name":"haor basin fill"},"geometry":{"type":"Polygon","coordinates":[[[91.93342465753425,25.031859296482413],[91.9372602739726,25.031859296482413],[91.9372602739726,25.0356783919598],[91.93342465753425,25.0356783919598],[91.93342465753425,25.031859296482413]]]}},{"type":"Feature","properties":{"stage":2,"elev":10.4,"name":"haor basin fill"},"geometry":{"type":"Polygon","coordinates":[[[91.9372602739726,25.031859296482413],[91.94109589041095,25.031859296482413],[91.94109589041095,25.0356783919598],[91.9372602739726,25.0356783919598],[91.9372602739726,25.031859296482413]]]}},{"type":"Feature","properties":{"stage":2,"elev":12.4,"name":"haor basin fill"},"geometry":{"type":"Polygon","coordinates":[[[91.94109589041095,25.031859296482413],[91.94493150684931,25.031859296482413],[91.94493150684931,25.0356783919598],[91.94109589041095,25.0356783919598],[91.94109589041095,25.031859296482413]]]}},{"type":"Feature","properties":{"stage":2,"elev":11.5,"name":"haor basin fill"},"geometry":{"type":"Polygon","coordinates":[[[91.94493150684931,25.031859296482413],[91.94876712328767,25.031859296482413],[91.94876712328767,25.0356783919598],[91.94493150684931,25.0356783919598],[91.94493150684931,25.031859296482413]]]}},{"type":"Feature","properties":{"stage":2,"elev":11.3,"name":"haor basin fill"},"geometry":{"type":"Polygon","coordinates":[[[91.94876712328767,25.031859296482413],[91.95260273972602,25.031859296482413],[91.95260273972602,25.0356783919598],[91.94876712328767,25.0356783919598],[91.94876712328767,25.031859296482413]]]}},{"type":"Feature","properties":{"stage":2,"elev":11.8,"name":"haor basin fill"},"geometry":{"type":"Polygon","coordinates":[[[91.95260273972602,25.031859296482413],[91.95643835616438,25.031859296482413],[91.95643835616438,25.0356783919598],[91.95260273972602,25.0356783919598],[91.95260273972602,25.031859296482413]]]}},{"type":"Feature","properties":{"stage":2,"elev":11.6,"name":"haor basin fill"},"geometry":{"type":"Polygon","coordinates":[[[91.95643835616438,25.031859296482413],[91.96027397260274,25.031859296482413],[91.96027397260274,25.0356783919598],[91.95643835616438,25.0356783919598],[91.95643835616438,25.031859296482413]]]}},{"type":"Feature","properties":{"stage":2,"elev":11.4,"name":"haor basin fill"},"geometry":{"type":"Polygon","coordinates":[[[91.96027397260274,25.031859296482413],[91.96410958904109,25.031859296482413],[91.96410958904109,25.0356783919598],[91.96027397260274,25.0356783919598],[91.96027397260274,25.031859296482413]]]}},{"type":"Feature","properties":{"stage":2,"elev":12,"name":"haor basin fill"},"geometry":{"type":"Polygon","coordinates":[[[91.96410958904109,25.031859296482413],[91.96794520547945,25.031859296482413],[91.96794520547945,25.0356783919598],[91.96410958904109,25.0356783919598],[91.96410958904109,25.031859296482413]]]}},{"type":"Feature","properties":{"stage":2,"elev":12.1,"name":"haor basin fill"},"geometry":{"type":"Polygon","coordinates":[[[91.96794520547945,25.031859296482413],[91.9717808219178,25.031859296482413],[91.9717808219178,25.0356783919598],[91.96794520547945,25.0356783919598],[91.96794520547945,25.031859296482413]]]}},{"type":"Feature","properties":{"stage":2,"elev":12.8,"name":"haor basin fill"},"geometry":{"type":"Polygon","coordinates":[[[91.9717808219178,25.031859296482413],[91.97561643835616,25.031859296482413],[91.97561643835616,25.0356783919598],[91.9717808219178,25.0356783919598],[91.9717808219178,25.031859296482413]]]}},{"type":"Feature","properties":{"stage":2,"elev":12.8,"name":"haor basin fill"},"geometry":{"type":"Polygon","coordinates":[[[91.97561643835616,25.031859296482413],[91.97945205479452,25.031859296482413],[91.97945205479452,25.0356783919598],[91.97561643835616,25.0356783919598],[91.97561643835616,25.031859296482413]]]}},{"type":"Feature","properties":{"stage":2,"elev":12.8,"name":"haor basin fill"},"geometry":{"type":"Polygon","coordinates":[[[91.97945205479452,25.031859296482413],[91.98328767123287,25.031859296482413],[91.98328767123287,25.0356783919598],[91.97945205479452,25.0356783919598],[91.97945205479452,25.031859296482413]]]}},{"type":"Feature","properties":{"stage":2,"elev":12.8,"name":"haor basin fill"},"geometry":{"type":"Polygon","coordinates":[[[91.78,25.0356783919598],[91.78383561643835,25.0356783919598],[91.78383561643835,25.03949748743719],[91.78,25.03949748743719],[91.78,25.0356783919598]]]}},{"type":"Feature","properties":{"stage":2,"elev":12.4,"name":"haor basin fill"},"geometry":{"type":"Polygon","coordinates":[[[91.78383561643835,25.0356783919598],[91.78767123287672,25.0356783919598],[91.78767123287672,25.03949748743719],[91.78383561643835,25.03949748743719],[91.78383561643835,25.0356783919598]]]}},{"type":"Feature","properties":{"stage":2,"elev":13,"name":"haor basin fill"},"geometry":{"type":"Polygon","coordinates":[[[91.78767123287672,25.0356783919598],[91.79150684931507,25.0356783919598],[91.79150684931507,25.03949748743719],[91.78767123287672,25.03949748743719],[91.78767123287672,25.0356783919598]]]}},{"type":"Feature","properties":{"stage":2,"elev":12.6,"name":"haor basin fill"},"geometry":{"type":"Polygon","coordinates":[[[91.79150684931507,25.0356783919598],[91.79534246575342,25.0356783919598],[91.79534246575342,25.03949748743719],[91.79150684931507,25.03949748743719],[91.79150684931507,25.0356783919598]]]}},{"type":"Feature","properties":{"stage":2,"elev":12.1,"name":"haor basin fill"},"geometry":{"type":"Polygon","coordinates":[[[91.79534246575342,25.0356783919598],[91.79917808219179,25.0356783919598],[91.79917808219179,25.03949748743719],[91.79534246575342,25.03949748743719],[91.79534246575342,25.0356783919598]]]}},{"type":"Feature","properties":{"stage":2,"elev":12.5,"name":"haor basin fill"},"geometry":{"type":"Polygon","coordinates":[[[91.79917808219179,25.0356783919598],[91.80301369863014,25.0356783919598],[91.80301369863014,25.03949748743719],[91.79917808219179,25.03949748743719],[91.79917808219179,25.0356783919598]]]}},{"type":"Feature","properties":{"stage":2,"elev":13,"name":"haor basin fill"},"geometry":{"type":"Polygon","coordinates":[[[91.80301369863014,25.0356783919598],[91.80684931506849,25.0356783919598],[91.80684931506849,25.03949748743719],[91.80301369863014,25.03949748743719],[91.80301369863014,25.0356783919598]]]}},{"type":"Feature","properties":{"stage":2,"elev":12.3,"name":"haor basin fill"},"geometry":{"type":"Polygon","coordinates":[[[91.82602739726028,25.0356783919598],[91.82986301369863,25.0356783919598],[91.82986301369863,25.03949748743719],[91.82602739726028,25.03949748743719],[91.82602739726028,25.0356783919598]]]}},{"type":"Feature","properties":{"stage":2,"elev":12.6,"name":"haor basin fill"},"geometry":{"type":"Polygon","coordinates":[[[91.82986301369863,25.0356783919598],[91.83369863013698,25.0356783919598],[91.83369863013698,25.03949748743719],[91.82986301369863,25.03949748743719],[91.82986301369863,25.0356783919598]]]}},{"type":"Feature","properties":{"stage":2,"elev":12.8,"name":"haor basin fill"},"geometry":{"type":"Polygon","coordinates":[[[91.8413698630137,25.0356783919598],[91.84520547945205,25.0356783919598],[91.84520547945205,25.03949748743719],[91.8413698630137,25.03949748743719],[91.8413698630137,25.0356783919598]]]}},{"type":"Feature","properties":{"stage":2,"elev":12.8,"name":"haor basin fill"},"geometry":{"type":"Polygon","coordinates":[[[91.84904109589041,25.0356783919598],[91.85287671232877,25.0356783919598],[91.85287671232877,25.03949748743719],[91.84904109589041,25.03949748743719],[91.84904109589041,25.0356783919598]]]}},{"type":"Feature","properties":{"stage":2,"elev":12.5,"name":"haor basin fill"},"geometry":{"type":"Polygon","coordinates":[[[91.85287671232877,25.0356783919598],[91.85671232876712,25.0356783919598],[91.85671232876712,25.03949748743719],[91.85287671232877,25.03949748743719],[91.85287671232877,25.0356783919598]]]}},{"type":"Feature","properties":{"stage":2,"elev":12.6,"name":"haor basin fill"},"geometry":{"type":"Polygon","coordinates":[[[91.8758904109589,25.0356783919598],[91.87972602739725,25.0356783919598],[91.87972602739725,25.03949748743719],[91.8758904109589,25.03949748743719],[91.8758904109589,25.0356783919598]]]}},{"type":"Feature","properties":{"stage":2,"elev":11.8,"name":"haor basin fill"},"geometry":{"type":"Polygon","coordinates":[[[91.87972602739725,25.0356783919598],[91.88356164383562,25.0356783919598],[91.88356164383562,25.03949748743719],[91.87972602739725,25.03949748743719],[91.87972602739725,25.0356783919598]]]}},{"type":"Feature","properties":{"stage":2,"elev":11.3,"name":"haor basin fill"},"geometry":{"type":"Polygon","coordinates":[[[91.88356164383562,25.0356783919598],[91.88739726027397,25.0356783919598],[91.88739726027397,25.03949748743719],[91.88356164383562,25.03949748743719],[91.88356164383562,25.0356783919598]]]}},{"type":"Feature","properties":{"stage":2,"elev":11.5,"name":"haor basin fill"},"geometry":{"type":"Polygon","coordinates":[[[91.88739726027397,25.0356783919598],[91.89123287671232,25.0356783919598],[91.89123287671232,25.03949748743719],[91.88739726027397,25.03949748743719],[91.88739726027397,25.0356783919598]]]}},{"type":"Feature","properties":{"stage":2,"elev":10.9,"name":"haor basin fill"},"geometry":{"type":"Polygon","coordinates":[[[91.89123287671232,25.0356783919598],[91.89506849315069,25.0356783919598],[91.89506849315069,25.03949748743719],[91.89123287671232,25.03949748743719],[91.89123287671232,25.0356783919598]]]}},{"type":"Feature","properties":{"stage":2,"elev":12,"name":"haor basin fill"},"geometry":{"type":"Polygon","coordinates":[[[91.89506849315069,25.0356783919598],[91.89890410958904,25.0356783919598],[91.89890410958904,25.03949748743719],[91.89506849315069,25.03949748743719],[91.89506849315069,25.0356783919598]]]}},{"type":"Feature","properties":{"stage":2,"elev":10.8,"name":"haor basin fill"},"geometry":{"type":"Polygon","coordinates":[[[91.89890410958904,25.0356783919598],[91.90273972602739,25.0356783919598],[91.90273972602739,25.03949748743719],[91.89890410958904,25.03949748743719],[91.89890410958904,25.0356783919598]]]}},{"type":"Feature","properties":{"stage":2,"elev":11.3,"name":"haor basin fill"},"geometry":{"type":"Polygon","coordinates":[[[91.90273972602739,25.0356783919598],[91.90657534246576,25.0356783919598],[91.90657534246576,25.03949748743719],[91.90273972602739,25.03949748743719],[91.90273972602739,25.0356783919598]]]}},{"type":"Feature","properties":{"stage":2,"elev":11.2,"name":"haor basin fill"},"geometry":{"type":"Polygon","coordinates":[[[91.90657534246576,25.0356783919598],[91.91041095890411,25.0356783919598],[91.91041095890411,25.03949748743719],[91.90657534246576,25.03949748743719],[91.90657534246576,25.0356783919598]]]}},{"type":"Feature","properties":{"stage":2,"elev":11.5,"name":"haor basin fill"},"geometry":{"type":"Polygon","coordinates":[[[91.91041095890411,25.0356783919598],[91.91424657534246,25.0356783919598],[91.91424657534246,25.03949748743719],[91.91041095890411,25.03949748743719],[91.91041095890411,25.0356783919598]]]}},{"type":"Feature","properties":{"stage":2,"elev":11.3,"name":"haor basin fill"},"geometry":{"type":"Polygon","coordinates":[[[91.91424657534246,25.0356783919598],[91.91808219178083,25.0356783919598],[91.91808219178083,25.03949748743719],[91.91424657534246,25.03949748743719],[91.91424657534246,25.0356783919598]]]}},{"type":"Feature","properties":{"stage":2,"elev":10.5,"name":"haor basin fill"},"geometry":{"type":"Polygon","coordinates":[[[91.91808219178083,25.0356783919598],[91.92191780821918,25.0356783919598],[91.92191780821918,25.03949748743719],[91.91808219178083,25.03949748743719],[91.91808219178083,25.0356783919598]]]}},{"type":"Feature","properties":{"stage":2,"elev":10.9,"name":"haor basin fill"},"geometry":{"type":"Polygon","coordinates":[[[91.92191780821918,25.0356783919598],[91.92575342465753,25.0356783919598],[91.92575342465753,25.03949748743719],[91.92191780821918,25.03949748743719],[91.92191780821918,25.0356783919598]]]}},{"type":"Feature","properties":{"stage":2,"elev":11.5,"name":"haor basin fill"},"geometry":{"type":"Polygon","coordinates":[[[91.92575342465753,25.0356783919598],[91.92958904109588,25.0356783919598],[91.92958904109588,25.03949748743719],[91.92575342465753,25.03949748743719],[91.92575342465753,25.0356783919598]]]}},{"type":"Feature","properties":{"stage":2,"elev":11.3,"name":"haor basin fill"},"geometry":{"type":"Polygon","coordinates":[[[91.92958904109588,25.0356783919598],[91.93342465753425,25.0356783919598],[91.93342465753425,25.03949748743719],[91.92958904109588,25.03949748743719],[91.92958904109588,25.0356783919598]]]}},{"type":"Feature","properties":{"stage":2,"elev":10.9,"name":"haor basin fill"},"geometry":{"type":"Polygon","coordinates":[[[91.93342465753425,25.0356783919598],[91.9372602739726,25.0356783919598],[91.9372602739726,25.03949748743719],[91.93342465753425,25.03949748743719],[91.93342465753425,25.0356783919598]]]}},{"type":"Feature","properties":{"stage":2,"elev":10.6,"name":"haor basin fill"},"geometry":{"type":"Polygon","coordinates":[[[91.9372602739726,25.0356783919598],[91.94109589041095,25.0356783919598],[91.94109589041095,25.03949748743719],[91.9372602739726,25.03949748743719],[91.9372602739726,25.0356783919598]]]}},{"type":"Feature","properties":{"stage":2,"elev":11.2,"name":"haor basin fill"},"geometry":{"type":"Polygon","coordinates":[[[91.94109589041095,25.0356783919598],[91.94493150684931,25.0356783919598],[91.94493150684931,25.03949748743719],[91.94109589041095,25.03949748743719],[91.94109589041095,25.0356783919598]]]}},{"type":"Feature","properties":{"stage":2,"elev":12,"name":"haor basin fill"},"geometry":{"type":"Polygon","coordinates":[[[91.94876712328767,25.0356783919598],[91.95260273972602,25.0356783919598],[91.95260273972602,25.03949748743719],[91.94876712328767,25.03949748743719],[91.94876712328767,25.0356783919598]]]}},{"type":"Feature","properties":{"stage":2,"elev":11.7,"name":"haor basin fill"},"geometry":{"type":"Polygon","coordinates":[[[91.95260273972602,25.0356783919598],[91.95643835616438,25.0356783919598],[91.95643835616438,25.03949748743719],[91.95260273972602,25.03949748743719],[91.95260273972602,25.0356783919598]]]}},{"type":"Feature","properties":{"stage":2,"elev":11.6,"name":"haor basin fill"},"geometry":{"type":"Polygon","coordinates":[[[91.95643835616438,25.0356783919598],[91.96027397260274,25.0356783919598],[91.96027397260274,25.03949748743719],[91.95643835616438,25.03949748743719],[91.95643835616438,25.0356783919598]]]}},{"type":"Feature","properties":{"stage":2,"elev":10.6,"name":"haor basin fill"},"geometry":{"type":"Polygon","coordinates":[[[91.96410958904109,25.0356783919598],[91.96794520547945,25.0356783919598],[91.96794520547945,25.03949748743719],[91.96410958904109,25.03949748743719],[91.96410958904109,25.0356783919598]]]}},{"type":"Feature","properties":{"stage":2,"elev":10.6,"name":"haor basin fill"},"geometry":{"type":"Polygon","coordinates":[[[91.96794520547945,25.0356783919598],[91.9717808219178,25.0356783919598],[91.9717808219178,25.03949748743719],[91.96794520547945,25.03949748743719],[91.96794520547945,25.0356783919598]]]}},{"type":"Feature","properties":{"stage":2,"elev":11.1,"name":"haor basin fill"},"geometry":{"type":"Polygon","coordinates":[[[91.9717808219178,25.0356783919598],[91.97561643835616,25.0356783919598],[91.97561643835616,25.03949748743719],[91.9717808219178,25.03949748743719],[91.9717808219178,25.0356783919598]]]}},{"type":"Feature","properties":{"stage":2,"elev":12.9,"name":"haor basin fill"},"geometry":{"type":"Polygon","coordinates":[[[91.97561643835616,25.0356783919598],[91.97945205479452,25.0356783919598],[91.97945205479452,25.03949748743719],[91.97561643835616,25.03949748743719],[91.97561643835616,25.0356783919598]]]}},{"type":"Feature","properties":{"stage":2,"elev":12.6,"name":"haor basin fill"},"geometry":{"type":"Polygon","coordinates":[[[91.78,25.03949748743719],[91.78383561643835,25.03949748743719],[91.78383561643835,25.043316582914574],[91.78,25.043316582914574],[91.78,25.03949748743719]]]}},{"type":"Feature","properties":{"stage":2,"elev":12.4,"name":"haor basin fill"},"geometry":{"type":"Polygon","coordinates":[[[91.78383561643835,25.03949748743719],[91.78767123287672,25.03949748743719],[91.78767123287672,25.043316582914574],[91.78383561643835,25.043316582914574],[91.78383561643835,25.03949748743719]]]}},{"type":"Feature","properties":{"stage":2,"elev":13,"name":"haor basin fill"},"geometry":{"type":"Polygon","coordinates":[[[91.79150684931507,25.03949748743719],[91.79534246575342,25.03949748743719],[91.79534246575342,25.043316582914574],[91.79150684931507,25.043316582914574],[91.79150684931507,25.03949748743719]]]}},{"type":"Feature","properties":{"stage":2,"elev":12.8,"name":"haor basin fill"},"geometry":{"type":"Polygon","coordinates":[[[91.79534246575342,25.03949748743719],[91.79917808219179,25.03949748743719],[91.79917808219179,25.043316582914574],[91.79534246575342,25.043316582914574],[91.79534246575342,25.03949748743719]]]}},{"type":"Feature","properties":{"stage":2,"elev":12.6,"name":"haor basin fill"},"geometry":{"type":"Polygon","coordinates":[[[91.82219178082192,25.03949748743719],[91.82602739726028,25.03949748743719],[91.82602739726028,25.043316582914574],[91.82219178082192,25.043316582914574],[91.82219178082192,25.03949748743719]]]}},{"type":"Feature","properties":{"stage":2,"elev":12.8,"name":"haor basin fill"},"geometry":{"type":"Polygon","coordinates":[[[91.8413698630137,25.03949748743719],[91.84520547945205,25.03949748743719],[91.84520547945205,25.043316582914574],[91.8413698630137,25.043316582914574],[91.8413698630137,25.03949748743719]]]}},{"type":"Feature","properties":{"stage":2,"elev":11.9,"name":"haor basin fill"},"geometry":{"type":"Polygon","coordinates":[[[91.84520547945205,25.03949748743719],[91.84904109589041,25.03949748743719],[91.84904109589041,25.043316582914574],[91.84520547945205,25.043316582914574],[91.84520547945205,25.03949748743719]]]}},{"type":"Feature","properties":{"stage":2,"elev":12.2,"name":"haor basin fill"},"geometry":{"type":"Polygon","coordinates":[[[91.86438356164383,25.03949748743719],[91.86821917808219,25.03949748743719],[91.86821917808219,25.043316582914574],[91.86438356164383,25.043316582914574],[91.86438356164383,25.03949748743719]]]}},{"type":"Feature","properties":{"stage":2,"elev":12.1,"name":"haor basin fill"},"geometry":{"type":"Polygon","coordinates":[[[91.8758904109589,25.03949748743719],[91.87972602739725,25.03949748743719],[91.87972602739725,25.043316582914574],[91.8758904109589,25.043316582914574],[91.8758904109589,25.03949748743719]]]}},{"type":"Feature","properties":{"stage":2,"elev":12.1,"name":"haor basin fill"},"geometry":{"type":"Polygon","coordinates":[[[91.87972602739725,25.03949748743719],[91.88356164383562,25.03949748743719],[91.88356164383562,25.043316582914574],[91.87972602739725,25.043316582914574],[91.87972602739725,25.03949748743719]]]}},{"type":"Feature","properties":{"stage":2,"elev":12.3,"name":"haor basin fill"},"geometry":{"type":"Polygon","coordinates":[[[91.88356164383562,25.03949748743719],[91.88739726027397,25.03949748743719],[91.88739726027397,25.043316582914574],[91.88356164383562,25.043316582914574],[91.88356164383562,25.03949748743719]]]}},{"type":"Feature","properties":{"stage":2,"elev":11.2,"name":"haor basin fill"},"geometry":{"type":"Polygon","coordinates":[[[91.88739726027397,25.03949748743719],[91.89123287671232,25.03949748743719],[91.89123287671232,25.043316582914574],[91.88739726027397,25.043316582914574],[91.88739726027397,25.03949748743719]]]}},{"type":"Feature","properties":{"stage":2,"elev":11.2,"name":"haor basin fill"},"geometry":{"type":"Polygon","coordinates":[[[91.89123287671232,25.03949748743719],[91.89506849315069,25.03949748743719],[91.89506849315069,25.043316582914574],[91.89123287671232,25.043316582914574],[91.89123287671232,25.03949748743719]]]}},{"type":"Feature","properties":{"stage":2,"elev":11,"name":"haor basin fill"},"geometry":{"type":"Polygon","coordinates":[[[91.89506849315069,25.03949748743719],[91.89890410958904,25.03949748743719],[91.89890410958904,25.043316582914574],[91.89506849315069,25.043316582914574],[91.89506849315069,25.03949748743719]]]}},{"type":"Feature","properties":{"stage":2,"elev":11.2,"name":"haor basin fill"},"geometry":{"type":"Polygon","coordinates":[[[91.89890410958904,25.03949748743719],[91.90273972602739,25.03949748743719],[91.90273972602739,25.043316582914574],[91.89890410958904,25.043316582914574],[91.89890410958904,25.03949748743719]]]}},{"type":"Feature","properties":{"stage":2,"elev":11.2,"name":"haor basin fill"},"geometry":{"type":"Polygon","coordinates":[[[91.90273972602739,25.03949748743719],[91.90657534246576,25.03949748743719],[91.90657534246576,25.043316582914574],[91.90273972602739,25.043316582914574],[91.90273972602739,25.03949748743719]]]}},{"type":"Feature","properties":{"stage":2,"elev":10.7,"name":"haor basin fill"},"geometry":{"type":"Polygon","coordinates":[[[91.90657534246576,25.03949748743719],[91.91041095890411,25.03949748743719],[91.91041095890411,25.043316582914574],[91.90657534246576,25.043316582914574],[91.90657534246576,25.03949748743719]]]}},{"type":"Feature","properties":{"stage":2,"elev":10.1,"name":"haor basin fill"},"geometry":{"type":"Polygon","coordinates":[[[91.91041095890411,25.03949748743719],[91.91424657534246,25.03949748743719],[91.91424657534246,25.043316582914574],[91.91041095890411,25.043316582914574],[91.91041095890411,25.03949748743719]]]}},{"type":"Feature","properties":{"stage":2,"elev":9.8,"name":"haor basin fill"},"geometry":{"type":"Polygon","coordinates":[[[91.91424657534246,25.03949748743719],[91.91808219178083,25.03949748743719],[91.91808219178083,25.043316582914574],[91.91424657534246,25.043316582914574],[91.91424657534246,25.03949748743719]]]}},{"type":"Feature","properties":{"stage":2,"elev":11.4,"name":"haor basin fill"},"geometry":{"type":"Polygon","coordinates":[[[91.91808219178083,25.03949748743719],[91.92191780821918,25.03949748743719],[91.92191780821918,25.043316582914574],[91.91808219178083,25.043316582914574],[91.91808219178083,25.03949748743719]]]}},{"type":"Feature","properties":{"stage":2,"elev":10.4,"name":"haor basin fill"},"geometry":{"type":"Polygon","coordinates":[[[91.92191780821918,25.03949748743719],[91.92575342465753,25.03949748743719],[91.92575342465753,25.043316582914574],[91.92191780821918,25.043316582914574],[91.92191780821918,25.03949748743719]]]}},{"type":"Feature","properties":{"stage":2,"elev":11.5,"name":"haor basin fill"},"geometry":{"type":"Polygon","coordinates":[[[91.92575342465753,25.03949748743719],[91.92958904109588,25.03949748743719],[91.92958904109588,25.043316582914574],[91.92575342465753,25.043316582914574],[91.92575342465753,25.03949748743719]]]}},{"type":"Feature","properties":{"stage":2,"elev":11.7,"name":"haor basin fill"},"geometry":{"type":"Polygon","coordinates":[[[91.92958904109588,25.03949748743719],[91.93342465753425,25.03949748743719],[91.93342465753425,25.043316582914574],[91.92958904109588,25.043316582914574],[91.92958904109588,25.03949748743719]]]}},{"type":"Feature","properties":{"stage":2,"elev":12.4,"name":"haor basin fill"},"geometry":{"type":"Polygon","coordinates":[[[91.93342465753425,25.03949748743719],[91.9372602739726,25.03949748743719],[91.9372602739726,25.043316582914574],[91.93342465753425,25.043316582914574],[91.93342465753425,25.03949748743719]]]}},{"type":"Feature","properties":{"stage":2,"elev":11.6,"name":"haor basin fill"},"geometry":{"type":"Polygon","coordinates":[[[91.9372602739726,25.03949748743719],[91.94109589041095,25.03949748743719],[91.94109589041095,25.043316582914574],[91.9372602739726,25.043316582914574],[91.9372602739726,25.03949748743719]]]}},{"type":"Feature","properties":{"stage":2,"elev":11,"name":"haor basin fill"},"geometry":{"type":"Polygon","coordinates":[[[91.94109589041095,25.03949748743719],[91.94493150684931,25.03949748743719],[91.94493150684931,25.043316582914574],[91.94109589041095,25.043316582914574],[91.94109589041095,25.03949748743719]]]}},{"type":"Feature","properties":{"stage":2,"elev":12.2,"name":"haor basin fill"},"geometry":{"type":"Polygon","coordinates":[[[91.94493150684931,25.03949748743719],[91.94876712328767,25.03949748743719],[91.94876712328767,25.043316582914574],[91.94493150684931,25.043316582914574],[91.94493150684931,25.03949748743719]]]}},{"type":"Feature","properties":{"stage":2,"elev":12.8,"name":"haor basin fill"},"geometry":{"type":"Polygon","coordinates":[[[91.94876712328767,25.03949748743719],[91.95260273972602,25.03949748743719],[91.95260273972602,25.043316582914574],[91.94876712328767,25.043316582914574],[91.94876712328767,25.03949748743719]]]}},{"type":"Feature","properties":{"stage":2,"elev":11.8,"name":"haor basin fill"},"geometry":{"type":"Polygon","coordinates":[[[91.95260273972602,25.03949748743719],[91.95643835616438,25.03949748743719],[91.95643835616438,25.043316582914574],[91.95260273972602,25.043316582914574],[91.95260273972602,25.03949748743719]]]}},{"type":"Feature","properties":{"stage":2,"elev":11.7,"name":"haor basin fill"},"geometry":{"type":"Polygon","coordinates":[[[91.96410958904109,25.03949748743719],[91.96794520547945,25.03949748743719],[91.96794520547945,25.043316582914574],[91.96410958904109,25.043316582914574],[91.96410958904109,25.03949748743719]]]}},{"type":"Feature","properties":{"stage":2,"elev":12.1,"name":"haor basin fill"},"geometry":{"type":"Polygon","coordinates":[[[91.96794520547945,25.03949748743719],[91.9717808219178,25.03949748743719],[91.9717808219178,25.043316582914574],[91.96794520547945,25.043316582914574],[91.96794520547945,25.03949748743719]]]}},{"type":"Feature","properties":{"stage":2,"elev":13,"name":"haor basin fill"},"geometry":{"type":"Polygon","coordinates":[[[91.9717808219178,25.03949748743719],[91.97561643835616,25.03949748743719],[91.97561643835616,25.043316582914574],[91.9717808219178,25.043316582914574],[91.9717808219178,25.03949748743719]]]}},{"type":"Feature","properties":{"stage":2,"elev":12.9,"name":"haor basin fill"},"geometry":{"type":"Polygon","coordinates":[[[91.78,25.043316582914574],[91.78383561643835,25.043316582914574],[91.78383561643835,25.04713567839196],[91.78,25.04713567839196],[91.78,25.043316582914574]]]}},{"type":"Feature","properties":{"stage":2,"elev":12.9,"name":"haor basin fill"},"geometry":{"type":"Polygon","coordinates":[[[91.80301369863014,25.043316582914574],[91.80684931506849,25.043316582914574],[91.80684931506849,25.04713567839196],[91.80301369863014,25.04713567839196],[91.80301369863014,25.043316582914574]]]}},{"type":"Feature","properties":{"stage":2,"elev":12.8,"name":"haor basin fill"},"geometry":{"type":"Polygon","coordinates":[[[91.80684931506849,25.043316582914574],[91.81068493150686,25.043316582914574],[91.81068493150686,25.04713567839196],[91.80684931506849,25.04713567839196],[91.80684931506849,25.043316582914574]]]}},{"type":"Feature","properties":{"stage":2,"elev":11.6,"name":"haor basin fill"},"geometry":{"type":"Polygon","coordinates":[[[91.81068493150686,25.043316582914574],[91.81452054794521,25.043316582914574],[91.81452054794521,25.04713567839196],[91.81068493150686,25.04713567839196],[91.81068493150686,25.043316582914574]]]}},{"type":"Feature","properties":{"stage":2,"elev":12.4,"name":"haor basin fill"},"geometry":{"type":"Polygon","coordinates":[[[91.81452054794521,25.043316582914574],[91.81835616438356,25.043316582914574],[91.81835616438356,25.04713567839196],[91.81452054794521,25.04713567839196],[91.81452054794521,25.043316582914574]]]}},{"type":"Feature","properties":{"stage":2,"elev":12.6,"name":"haor basin fill"},"geometry":{"type":"Polygon","coordinates":[[[91.81835616438356,25.043316582914574],[91.82219178082192,25.043316582914574],[91.82219178082192,25.04713567839196],[91.81835616438356,25.04713567839196],[91.81835616438356,25.043316582914574]]]}},{"type":"Feature","properties":{"stage":2,"elev":12.9,"name":"haor basin fill"},"geometry":{"type":"Polygon","coordinates":[[[91.82219178082192,25.043316582914574],[91.82602739726028,25.043316582914574],[91.82602739726028,25.04713567839196],[91.82219178082192,25.04713567839196],[91.82219178082192,25.043316582914574]]]}},{"type":"Feature","properties":{"stage":2,"elev":12.8,"name":"haor basin fill"},"geometry":{"type":"Polygon","coordinates":[[[91.84520547945205,25.043316582914574],[91.84904109589041,25.043316582914574],[91.84904109589041,25.04713567839196],[91.84520547945205,25.04713567839196],[91.84520547945205,25.043316582914574]]]}},{"type":"Feature","properties":{"stage":2,"elev":12.8,"name":"haor basin fill"},"geometry":{"type":"Polygon","coordinates":[[[91.85287671232877,25.043316582914574],[91.85671232876712,25.043316582914574],[91.85671232876712,25.04713567839196],[91.85287671232877,25.04713567839196],[91.85287671232877,25.043316582914574]]]}},{"type":"Feature","properties":{"stage":2,"elev":12.4,"name":"haor basin fill"},"geometry":{"type":"Polygon","coordinates":[[[91.86821917808219,25.043316582914574],[91.87205479452055,25.043316582914574],[91.87205479452055,25.04713567839196],[91.86821917808219,25.04713567839196],[91.86821917808219,25.043316582914574]]]}},{"type":"Feature","properties":{"stage":2,"elev":12.3,"name":"haor basin fill"},"geometry":{"type":"Polygon","coordinates":[[[91.87972602739725,25.043316582914574],[91.88356164383562,25.043316582914574],[91.88356164383562,25.04713567839196],[91.87972602739725,25.04713567839196],[91.87972602739725,25.043316582914574]]]}},{"type":"Feature","properties":{"stage":2,"elev":11.8,"name":"haor basin fill"},"geometry":{"type":"Polygon","coordinates":[[[91.88356164383562,25.043316582914574],[91.88739726027397,25.043316582914574],[91.88739726027397,25.04713567839196],[91.88356164383562,25.04713567839196],[91.88356164383562,25.043316582914574]]]}},{"type":"Feature","properties":{"stage":2,"elev":10.3,"name":"haor basin fill"},"geometry":{"type":"Polygon","coordinates":[[[91.88739726027397,25.043316582914574],[91.89123287671232,25.043316582914574],[91.89123287671232,25.04713567839196],[91.88739726027397,25.04713567839196],[91.88739726027397,25.043316582914574]]]}},{"type":"Feature","properties":{"stage":2,"elev":9,"name":"haor basin fill"},"geometry":{"type":"Polygon","coordinates":[[[91.89123287671232,25.043316582914574],[91.89506849315069,25.043316582914574],[91.89506849315069,25.04713567839196],[91.89123287671232,25.04713567839196],[91.89123287671232,25.043316582914574]]]}},{"type":"Feature","properties":{"stage":2,"elev":8.9,"name":"haor basin fill"},"geometry":{"type":"Polygon","coordinates":[[[91.89506849315069,25.043316582914574],[91.89890410958904,25.043316582914574],[91.89890410958904,25.04713567839196],[91.89506849315069,25.04713567839196],[91.89506849315069,25.043316582914574]]]}},{"type":"Feature","properties":{"stage":2,"elev":11,"name":"haor basin fill"},"geometry":{"type":"Polygon","coordinates":[[[91.89890410958904,25.043316582914574],[91.90273972602739,25.043316582914574],[91.90273972602739,25.04713567839196],[91.89890410958904,25.04713567839196],[91.89890410958904,25.043316582914574]]]}},{"type":"Feature","properties":{"stage":2,"elev":11.7,"name":"haor basin fill"},"geometry":{"type":"Polygon","coordinates":[[[91.90273972602739,25.043316582914574],[91.90657534246576,25.043316582914574],[91.90657534246576,25.04713567839196],[91.90273972602739,25.04713567839196],[91.90273972602739,25.043316582914574]]]}},{"type":"Feature","properties":{"stage":2,"elev":11.4,"name":"haor basin fill"},"geometry":{"type":"Polygon","coordinates":[[[91.90657534246576,25.043316582914574],[91.91041095890411,25.043316582914574],[91.91041095890411,25.04713567839196],[91.90657534246576,25.04713567839196],[91.90657534246576,25.043316582914574]]]}},{"type":"Feature","properties":{"stage":2,"elev":11.1,"name":"haor basin fill"},"geometry":{"type":"Polygon","coordinates":[[[91.91041095890411,25.043316582914574],[91.91424657534246,25.043316582914574],[91.91424657534246,25.04713567839196],[91.91041095890411,25.04713567839196],[91.91041095890411,25.043316582914574]]]}},{"type":"Feature","properties":{"stage":2,"elev":11.9,"name":"haor basin fill"},"geometry":{"type":"Polygon","coordinates":[[[91.91424657534246,25.043316582914574],[91.91808219178083,25.043316582914574],[91.91808219178083,25.04713567839196],[91.91424657534246,25.04713567839196],[91.91424657534246,25.043316582914574]]]}},{"type":"Feature","properties":{"stage":2,"elev":11.4,"name":"haor basin fill"},"geometry":{"type":"Polygon","coordinates":[[[91.91808219178083,25.043316582914574],[91.92191780821918,25.043316582914574],[91.92191780821918,25.04713567839196],[91.91808219178083,25.04713567839196],[91.91808219178083,25.043316582914574]]]}},{"type":"Feature","properties":{"stage":2,"elev":11.4,"name":"haor basin fill"},"geometry":{"type":"Polygon","coordinates":[[[91.92191780821918,25.043316582914574],[91.92575342465753,25.043316582914574],[91.92575342465753,25.04713567839196],[91.92191780821918,25.04713567839196],[91.92191780821918,25.043316582914574]]]}},{"type":"Feature","properties":{"stage":2,"elev":11.8,"name":"haor basin fill"},"geometry":{"type":"Polygon","coordinates":[[[91.92575342465753,25.043316582914574],[91.92958904109588,25.043316582914574],[91.92958904109588,25.04713567839196],[91.92575342465753,25.04713567839196],[91.92575342465753,25.043316582914574]]]}},{"type":"Feature","properties":{"stage":2,"elev":11.3,"name":"haor basin fill"},"geometry":{"type":"Polygon","coordinates":[[[91.92958904109588,25.043316582914574],[91.93342465753425,25.043316582914574],[91.93342465753425,25.04713567839196],[91.92958904109588,25.04713567839196],[91.92958904109588,25.043316582914574]]]}},{"type":"Feature","properties":{"stage":2,"elev":12.4,"name":"haor basin fill"},"geometry":{"type":"Polygon","coordinates":[[[91.93342465753425,25.043316582914574],[91.9372602739726,25.043316582914574],[91.9372602739726,25.04713567839196],[91.93342465753425,25.04713567839196],[91.93342465753425,25.043316582914574]]]}},{"type":"Feature","properties":{"stage":2,"elev":11.8,"name":"haor basin fill"},"geometry":{"type":"Polygon","coordinates":[[[91.94493150684931,25.043316582914574],[91.94876712328767,25.043316582914574],[91.94876712328767,25.04713567839196],[91.94493150684931,25.04713567839196],[91.94493150684931,25.043316582914574]]]}},{"type":"Feature","properties":{"stage":2,"elev":11.4,"name":"haor basin fill"},"geometry":{"type":"Polygon","coordinates":[[[91.94876712328767,25.043316582914574],[91.95260273972602,25.043316582914574],[91.95260273972602,25.04713567839196],[91.94876712328767,25.04713567839196],[91.94876712328767,25.043316582914574]]]}},{"type":"Feature","properties":{"stage":2,"elev":12.8,"name":"haor basin fill"},"geometry":{"type":"Polygon","coordinates":[[[91.95643835616438,25.043316582914574],[91.96027397260274,25.043316582914574],[91.96027397260274,25.04713567839196],[91.95643835616438,25.04713567839196],[91.95643835616438,25.043316582914574]]]}},{"type":"Feature","properties":{"stage":2,"elev":12.4,"name":"haor basin fill"},"geometry":{"type":"Polygon","coordinates":[[[91.96794520547945,25.043316582914574],[91.9717808219178,25.043316582914574],[91.9717808219178,25.04713567839196],[91.96794520547945,25.04713567839196],[91.96794520547945,25.043316582914574]]]}},{"type":"Feature","properties":{"stage":2,"elev":12.8,"name":"haor basin fill"},"geometry":{"type":"Polygon","coordinates":[[[91.9717808219178,25.043316582914574],[91.97561643835616,25.043316582914574],[91.97561643835616,25.04713567839196],[91.9717808219178,25.04713567839196],[91.9717808219178,25.043316582914574]]]}},{"type":"Feature","properties":{"stage":3,"elev":11.8,"name":"peak lowland water"},"geometry":{"type":"Polygon","coordinates":[[[91.78,24.86],[91.78383561643835,24.86],[91.78383561643835,24.863819095477385],[91.78,24.863819095477385],[91.78,24.86]]]}},{"type":"Feature","properties":{"stage":3,"elev":13.7,"name":"peak lowland water"},"geometry":{"type":"Polygon","coordinates":[[[91.78383561643835,24.86],[91.78767123287672,24.86],[91.78767123287672,24.863819095477385],[91.78383561643835,24.863819095477385],[91.78383561643835,24.86]]]}},{"type":"Feature","properties":{"stage":3,"elev":14.4,"name":"peak lowland water"},"geometry":{"type":"Polygon","coordinates":[[[91.78767123287672,24.86],[91.79150684931507,24.86],[91.79150684931507,24.863819095477385],[91.78767123287672,24.863819095477385],[91.78767123287672,24.86]]]}},{"type":"Feature","properties":{"stage":3,"elev":14.1,"name":"peak lowland water"},"geometry":{"type":"Polygon","coordinates":[[[91.79150684931507,24.86],[91.79534246575342,24.86],[91.79534246575342,24.863819095477385],[91.79150684931507,24.863819095477385],[91.79150684931507,24.86]]]}},{"type":"Feature","properties":{"stage":3,"elev":14.4,"name":"peak lowland water"},"geometry":{"type":"Polygon","coordinates":[[[91.79917808219179,24.86],[91.80301369863014,24.86],[91.80301369863014,24.863819095477385],[91.79917808219179,24.863819095477385],[91.79917808219179,24.86]]]}},{"type":"Feature","properties":{"stage":3,"elev":14.3,"name":"peak lowland water"},"geometry":{"type":"Polygon","coordinates":[[[91.80301369863014,24.86],[91.80684931506849,24.86],[91.80684931506849,24.863819095477385],[91.80301369863014,24.863819095477385],[91.80301369863014,24.86]]]}},{"type":"Feature","properties":{"stage":3,"elev":14.3,"name":"peak lowland water"},"geometry":{"type":"Polygon","coordinates":[[[91.80684931506849,24.86],[91.81068493150686,24.86],[91.81068493150686,24.863819095477385],[91.80684931506849,24.863819095477385],[91.80684931506849,24.86]]]}},{"type":"Feature","properties":{"stage":3,"elev":13.6,"name":"peak lowland water"},"geometry":{"type":"Polygon","coordinates":[[[91.81835616438356,24.86],[91.82219178082192,24.86],[91.82219178082192,24.863819095477385],[91.81835616438356,24.863819095477385],[91.81835616438356,24.86]]]}},{"type":"Feature","properties":{"stage":3,"elev":13.4,"name":"peak lowland water"},"geometry":{"type":"Polygon","coordinates":[[[91.83753424657534,24.86],[91.8413698630137,24.86],[91.8413698630137,24.863819095477385],[91.83753424657534,24.863819095477385],[91.83753424657534,24.86]]]}},{"type":"Feature","properties":{"stage":3,"elev":14.5,"name":"peak lowland water"},"geometry":{"type":"Polygon","coordinates":[[[91.8413698630137,24.86],[91.84520547945205,24.86],[91.84520547945205,24.863819095477385],[91.8413698630137,24.863819095477385],[91.8413698630137,24.86]]]}},{"type":"Feature","properties":{"stage":3,"elev":13.1,"name":"peak lowland water"},"geometry":{"type":"Polygon","coordinates":[[[91.84904109589041,24.86],[91.85287671232877,24.86],[91.85287671232877,24.863819095477385],[91.84904109589041,24.863819095477385],[91.84904109589041,24.86]]]}},{"type":"Feature","properties":{"stage":3,"elev":13.8,"name":"peak lowland water"},"geometry":{"type":"Polygon","coordinates":[[[91.86054794520548,24.86],[91.86438356164383,24.86],[91.86438356164383,24.863819095477385],[91.86054794520548,24.863819095477385],[91.86054794520548,24.86]]]}},{"type":"Feature","properties":{"stage":3,"elev":14.5,"name":"peak lowland water"},"geometry":{"type":"Polygon","coordinates":[[[91.86438356164383,24.86],[91.86821917808219,24.86],[91.86821917808219,24.863819095477385],[91.86438356164383,24.863819095477385],[91.86438356164383,24.86]]]}},{"type":"Feature","properties":{"stage":3,"elev":13.6,"name":"peak lowland water"},"geometry":{"type":"Polygon","coordinates":[[[91.8758904109589,24.86],[91.87972602739725,24.86],[91.87972602739725,24.863819095477385],[91.8758904109589,24.863819095477385],[91.8758904109589,24.86]]]}},{"type":"Feature","properties":{"stage":3,"elev":13.3,"name":"peak lowland water"},"geometry":{"type":"Polygon","coordinates":[[[91.87972602739725,24.86],[91.88356164383562,24.86],[91.88356164383562,24.863819095477385],[91.87972602739725,24.863819095477385],[91.87972602739725,24.86]]]}},{"type":"Feature","properties":{"stage":3,"elev":12.4,"name":"peak lowland water"},"geometry":{"type":"Polygon","coordinates":[[[91.88356164383562,24.86],[91.88739726027397,24.86],[91.88739726027397,24.863819095477385],[91.88356164383562,24.863819095477385],[91.88356164383562,24.86]]]}},{"type":"Feature","properties":{"stage":3,"elev":12.3,"name":"peak lowland water"},"geometry":{"type":"Polygon","coordinates":[[[91.88739726027397,24.86],[91.89123287671232,24.86],[91.89123287671232,24.863819095477385],[91.88739726027397,24.863819095477385],[91.88739726027397,24.86]]]}},{"type":"Feature","properties":{"stage":3,"elev":14.6,"name":"peak lowland water"},"geometry":{"type":"Polygon","coordinates":[[[91.89123287671232,24.86],[91.89506849315069,24.86],[91.89506849315069,24.863819095477385],[91.89123287671232,24.863819095477385],[91.89123287671232,24.86]]]}},{"type":"Feature","properties":{"stage":3,"elev":13.3,"name":"peak lowland water"},"geometry":{"type":"Polygon","coordinates":[[[91.89506849315069,24.86],[91.89890410958904,24.86],[91.89890410958904,24.863819095477385],[91.89506849315069,24.863819095477385],[91.89506849315069,24.86]]]}},{"type":"Feature","properties":{"stage":3,"elev":14.1,"name":"peak lowland water"},"geometry":{"type":"Polygon","coordinates":[[[91.89890410958904,24.86],[91.90273972602739,24.86],[91.90273972602739,24.863819095477385],[91.89890410958904,24.863819095477385],[91.89890410958904,24.86]]]}},{"type":"Feature","properties":{"stage":3,"elev":12.6,"name":"peak lowland water"},"geometry":{"type":"Polygon","coordinates":[[[91.90273972602739,24.86],[91.90657534246576,24.86],[91.90657534246576,24.863819095477385],[91.90273972602739,24.863819095477385],[91.90273972602739,24.86]]]}},{"type":"Feature","properties":{"stage":3,"elev":11.8,"name":"peak lowland water"},"geometry":{"type":"Polygon","coordinates":[[[91.90657534246576,24.86],[91.91041095890411,24.86],[91.91041095890411,24.863819095477385],[91.90657534246576,24.863819095477385],[91.90657534246576,24.86]]]}},{"type":"Feature","properties":{"stage":3,"elev":13.3,"name":"peak lowland water"},"geometry":{"type":"Polygon","coordinates":[[[91.96027397260274,24.86],[91.96410958904109,24.86],[91.96410958904109,24.863819095477385],[91.96027397260274,24.863819095477385],[91.96027397260274,24.86]]]}},{"type":"Feature","properties":{"stage":3,"elev":11.6,"name":"peak lowland water"},"geometry":{"type":"Polygon","coordinates":[[[91.78,24.863819095477385],[91.78383561643835,24.863819095477385],[91.78383561643835,24.867638190954775],[91.78,24.867638190954775],[91.78,24.863819095477385]]]}},{"type":"Feature","properties":{"stage":3,"elev":12.7,"name":"peak lowland water"},"geometry":{"type":"Polygon","coordinates":[[[91.78383561643835,24.863819095477385],[91.78767123287672,24.863819095477385],[91.78767123287672,24.867638190954775],[91.78383561643835,24.867638190954775],[91.78383561643835,24.863819095477385]]]}},{"type":"Feature","properties":{"stage":3,"elev":12.9,"name":"peak lowland water"},"geometry":{"type":"Polygon","coordinates":[[[91.78767123287672,24.863819095477385],[91.79150684931507,24.863819095477385],[91.79150684931507,24.867638190954775],[91.78767123287672,24.867638190954775],[91.78767123287672,24.863819095477385]]]}},{"type":"Feature","properties":{"stage":3,"elev":12.3,"name":"peak lowland water"},"geometry":{"type":"Polygon","coordinates":[[[91.79150684931507,24.863819095477385],[91.79534246575342,24.863819095477385],[91.79534246575342,24.867638190954775],[91.79150684931507,24.867638190954775],[91.79150684931507,24.863819095477385]]]}},{"type":"Feature","properties":{"stage":3,"elev":14.1,"name":"peak lowland water"},"geometry":{"type":"Polygon","coordinates":[[[91.79534246575342,24.863819095477385],[91.79917808219179,24.863819095477385],[91.79917808219179,24.867638190954775],[91.79534246575342,24.867638190954775],[91.79534246575342,24.863819095477385]]]}},{"type":"Feature","properties":{"stage":3,"elev":13.8,"name":"peak lowland water"},"geometry":{"type":"Polygon","coordinates":[[[91.79917808219179,24.863819095477385],[91.80301369863014,24.863819095477385],[91.80301369863014,24.867638190954775],[91.79917808219179,24.867638190954775],[91.79917808219179,24.863819095477385]]]}},{"type":"Feature","properties":{"stage":3,"elev":13.3,"name":"peak lowland water"},"geometry":{"type":"Polygon","coordinates":[[[91.80301369863014,24.863819095477385],[91.80684931506849,24.863819095477385],[91.80684931506849,24.867638190954775],[91.80301369863014,24.867638190954775],[91.80301369863014,24.863819095477385]]]}},{"type":"Feature","properties":{"stage":3,"elev":12.5,"name":"peak lowland water"},"geometry":{"type":"Polygon","coordinates":[[[91.80684931506849,24.863819095477385],[91.81068493150686,24.863819095477385],[91.81068493150686,24.867638190954775],[91.80684931506849,24.867638190954775],[91.80684931506849,24.863819095477385]]]}},{"type":"Feature","properties":{"stage":3,"elev":13.1,"name":"peak lowland water"},"geometry":{"type":"Polygon","coordinates":[[[91.81068493150686,24.863819095477385],[91.81452054794521,24.863819095477385],[91.81452054794521,24.867638190954775],[91.81068493150686,24.867638190954775],[91.81068493150686,24.863819095477385]]]}},{"type":"Feature","properties":{"stage":3,"elev":14.6,"name":"peak lowland water"},"geometry":{"type":"Polygon","coordinates":[[[91.81835616438356,24.863819095477385],[91.82219178082192,24.863819095477385],[91.82219178082192,24.867638190954775],[91.81835616438356,24.867638190954775],[91.81835616438356,24.863819095477385]]]}},{"type":"Feature","properties":{"stage":3,"elev":14.5,"name":"peak lowland water"},"geometry":{"type":"Polygon","coordinates":[[[91.82602739726028,24.863819095477385],[91.82986301369863,24.863819095477385],[91.82986301369863,24.867638190954775],[91.82602739726028,24.867638190954775],[91.82602739726028,24.863819095477385]]]}},{"type":"Feature","properties":{"stage":3,"elev":13.8,"name":"peak lowland water"},"geometry":{"type":"Polygon","coordinates":[[[91.84520547945205,24.863819095477385],[91.84904109589041,24.863819095477385],[91.84904109589041,24.867638190954775],[91.84520547945205,24.867638190954775],[91.84520547945205,24.863819095477385]]]}},{"type":"Feature","properties":{"stage":3,"elev":12.4,"name":"peak lowland water"},"geometry":{"type":"Polygon","coordinates":[[[91.85671232876712,24.863819095477385],[91.86054794520548,24.863819095477385],[91.86054794520548,24.867638190954775],[91.85671232876712,24.867638190954775],[91.85671232876712,24.863819095477385]]]}},{"type":"Feature","properties":{"stage":3,"elev":12,"name":"peak lowland water"},"geometry":{"type":"Polygon","coordinates":[[[91.86054794520548,24.863819095477385],[91.86438356164383,24.863819095477385],[91.86438356164383,24.867638190954775],[91.86054794520548,24.867638190954775],[91.86054794520548,24.863819095477385]]]}},{"type":"Feature","properties":{"stage":3,"elev":13.5,"name":"peak lowland water"},"geometry":{"type":"Polygon","coordinates":[[[91.88356164383562,24.863819095477385],[91.88739726027397,24.863819095477385],[91.88739726027397,24.867638190954775],[91.88356164383562,24.867638190954775],[91.88356164383562,24.863819095477385]]]}},{"type":"Feature","properties":{"stage":3,"elev":11.8,"name":"peak lowland water"},"geometry":{"type":"Polygon","coordinates":[[[91.88739726027397,24.863819095477385],[91.89123287671232,24.863819095477385],[91.89123287671232,24.867638190954775],[91.88739726027397,24.867638190954775],[91.88739726027397,24.863819095477385]]]}},{"type":"Feature","properties":{"stage":3,"elev":14.6,"name":"peak lowland water"},"geometry":{"type":"Polygon","coordinates":[[[91.89506849315069,24.863819095477385],[91.89890410958904,24.863819095477385],[91.89890410958904,24.867638190954775],[91.89506849315069,24.867638190954775],[91.89506849315069,24.863819095477385]]]}},{"type":"Feature","properties":{"stage":3,"elev":13.6,"name":"peak lowland water"},"geometry":{"type":"Polygon","coordinates":[[[91.90273972602739,24.863819095477385],[91.90657534246576,24.863819095477385],[91.90657534246576,24.867638190954775],[91.90273972602739,24.867638190954775],[91.90273972602739,24.863819095477385]]]}},{"type":"Feature","properties":{"stage":3,"elev":13.8,"name":"peak lowland water"},"geometry":{"type":"Polygon","coordinates":[[[91.94493150684931,24.863819095477385],[91.94876712328767,24.863819095477385],[91.94876712328767,24.867638190954775],[91.94493150684931,24.867638190954775],[91.94493150684931,24.863819095477385]]]}},{"type":"Feature","properties":{"stage":3,"elev":13.3,"name":"peak lowland water"},"geometry":{"type":"Polygon","coordinates":[[[91.94876712328767,24.863819095477385],[91.95260273972602,24.863819095477385],[91.95260273972602,24.867638190954775],[91.94876712328767,24.867638190954775],[91.94876712328767,24.863819095477385]]]}},{"type":"Feature","properties":{"stage":3,"elev":13.9,"name":"peak lowland water"},"geometry":{"type":"Polygon","coordinates":[[[91.9717808219178,24.863819095477385],[91.97561643835616,24.863819095477385],[91.97561643835616,24.867638190954775],[91.9717808219178,24.867638190954775],[91.9717808219178,24.863819095477385]]]}},{"type":"Feature","properties":{"stage":3,"elev":15,"name":"peak lowland water"},"geometry":{"type":"Polygon","coordinates":[[[91.97561643835616,24.863819095477385],[91.97945205479452,24.863819095477385],[91.97945205479452,24.867638190954775],[91.97561643835616,24.867638190954775],[91.97561643835616,24.863819095477385]]]}},{"type":"Feature","properties":{"stage":3,"elev":11.9,"name":"peak lowland water"},"geometry":{"type":"Polygon","coordinates":[[[91.78,24.867638190954775],[91.78383561643835,24.867638190954775],[91.78383561643835,24.87145728643216],[91.78,24.87145728643216],[91.78,24.867638190954775]]]}},{"type":"Feature","properties":{"stage":3,"elev":13.8,"name":"peak lowland water"},"geometry":{"type":"Polygon","coordinates":[[[91.78383561643835,24.867638190954775],[91.78767123287672,24.867638190954775],[91.78767123287672,24.87145728643216],[91.78383561643835,24.87145728643216],[91.78383561643835,24.867638190954775]]]}},{"type":"Feature","properties":{"stage":3,"elev":12.8,"name":"peak lowland water"},"geometry":{"type":"Polygon","coordinates":[[[91.79150684931507,24.867638190954775],[91.79534246575342,24.867638190954775],[91.79534246575342,24.87145728643216],[91.79150684931507,24.87145728643216],[91.79150684931507,24.867638190954775]]]}},{"type":"Feature","properties":{"stage":3,"elev":12.5,"name":"peak lowland water"},"geometry":{"type":"Polygon","coordinates":[[[91.79917808219179,24.867638190954775],[91.80301369863014,24.867638190954775],[91.80301369863014,24.87145728643216],[91.79917808219179,24.87145728643216],[91.79917808219179,24.867638190954775]]]}},{"type":"Feature","properties":{"stage":3,"elev":12.8,"name":"peak lowland water"},"geometry":{"type":"Polygon","coordinates":[[[91.80301369863014,24.867638190954775],[91.80684931506849,24.867638190954775],[91.80684931506849,24.87145728643216],[91.80301369863014,24.87145728643216],[91.80301369863014,24.867638190954775]]]}},{"type":"Feature","properties":{"stage":3,"elev":11.6,"name":"peak lowland water"},"geometry":{"type":"Polygon","coordinates":[[[91.82602739726028,24.867638190954775],[91.82986301369863,24.867638190954775],[91.82986301369863,24.87145728643216],[91.82602739726028,24.87145728643216],[91.82602739726028,24.867638190954775]]]}},{"type":"Feature","properties":{"stage":3,"elev":14.4,"name":"peak lowland water"},"geometry":{"type":"Polygon","coordinates":[[[91.82986301369863,24.867638190954775],[91.83369863013698,24.867638190954775],[91.83369863013698,24.87145728643216],[91.82986301369863,24.87145728643216],[91.82986301369863,24.867638190954775]]]}},{"type":"Feature","properties":{"stage":3,"elev":14,"name":"peak lowland water"},"geometry":{"type":"Polygon","coordinates":[[[91.83369863013698,24.867638190954775],[91.83753424657534,24.867638190954775],[91.83753424657534,24.87145728643216],[91.83369863013698,24.87145728643216],[91.83369863013698,24.867638190954775]]]}},{"type":"Feature","properties":{"stage":3,"elev":13.9,"name":"peak lowland water"},"geometry":{"type":"Polygon","coordinates":[[[91.83753424657534,24.867638190954775],[91.8413698630137,24.867638190954775],[91.8413698630137,24.87145728643216],[91.83753424657534,24.87145728643216],[91.83753424657534,24.867638190954775]]]}},{"type":"Feature","properties":{"stage":3,"elev":13.7,"name":"peak lowland water"},"geometry":{"type":"Polygon","coordinates":[[[91.8413698630137,24.867638190954775],[91.84520547945205,24.867638190954775],[91.84520547945205,24.87145728643216],[91.8413698630137,24.87145728643216],[91.8413698630137,24.867638190954775]]]}},{"type":"Feature","properties":{"stage":3,"elev":14.4,"name":"peak lowland water"},"geometry":{"type":"Polygon","coordinates":[[[91.85287671232877,24.867638190954775],[91.85671232876712,24.867638190954775],[91.85671232876712,24.87145728643216],[91.85287671232877,24.87145728643216],[91.85287671232877,24.867638190954775]]]}},{"type":"Feature","properties":{"stage":3,"elev":14.4,"name":"peak lowland water"},"geometry":{"type":"Polygon","coordinates":[[[91.85671232876712,24.867638190954775],[91.86054794520548,24.867638190954775],[91.86054794520548,24.87145728643216],[91.85671232876712,24.87145728643216],[91.85671232876712,24.867638190954775]]]}},{"type":"Feature","properties":{"stage":3,"elev":13.7,"name":"peak lowland water"},"geometry":{"type":"Polygon","coordinates":[[[91.90273972602739,24.867638190954775],[91.90657534246576,24.867638190954775],[91.90657534246576,24.87145728643216],[91.90273972602739,24.87145728643216],[91.90273972602739,24.867638190954775]]]}},{"type":"Feature","properties":{"stage":3,"elev":13.9,"name":"peak lowland water"},"geometry":{"type":"Polygon","coordinates":[[[91.9372602739726,24.867638190954775],[91.94109589041095,24.867638190954775],[91.94109589041095,24.87145728643216],[91.9372602739726,24.87145728643216],[91.9372602739726,24.867638190954775]]]}},{"type":"Feature","properties":{"stage":3,"elev":14.4,"name":"peak lowland water"},"geometry":{"type":"Polygon","coordinates":[[[91.94109589041095,24.867638190954775],[91.94493150684931,24.867638190954775],[91.94493150684931,24.87145728643216],[91.94109589041095,24.87145728643216],[91.94109589041095,24.867638190954775]]]}},{"type":"Feature","properties":{"stage":3,"elev":13.3,"name":"peak lowland water"},"geometry":{"type":"Polygon","coordinates":[[[91.94493150684931,24.867638190954775],[91.94876712328767,24.867638190954775],[91.94876712328767,24.87145728643216],[91.94493150684931,24.87145728643216],[91.94493150684931,24.867638190954775]]]}},{"type":"Feature","properties":{"stage":3,"elev":12.5,"name":"peak lowland water"},"geometry":{"type":"Polygon","coordinates":[[[91.94876712328767,24.867638190954775],[91.95260273972602,24.867638190954775],[91.95260273972602,24.87145728643216],[91.94876712328767,24.87145728643216],[91.94876712328767,24.867638190954775]]]}},{"type":"Feature","properties":{"stage":3,"elev":14.3,"name":"peak lowland water"},"geometry":{"type":"Polygon","coordinates":[[[91.95260273972602,24.867638190954775],[91.95643835616438,24.867638190954775],[91.95643835616438,24.87145728643216],[91.95260273972602,24.87145728643216],[91.95260273972602,24.867638190954775]]]}},{"type":"Feature","properties":{"stage":3,"elev":14.8,"name":"peak lowland water"},"geometry":{"type":"Polygon","coordinates":[[[91.95643835616438,24.867638190954775],[91.96027397260274,24.867638190954775],[91.96027397260274,24.87145728643216],[91.95643835616438,24.87145728643216],[91.95643835616438,24.867638190954775]]]}},{"type":"Feature","properties":{"stage":3,"elev":12.9,"name":"peak lowland water"},"geometry":{"type":"Polygon","coordinates":[[[91.78,24.87145728643216],[91.78383561643835,24.87145728643216],[91.78383561643835,24.875276381909547],[91.78,24.875276381909547],[91.78,24.87145728643216]]]}},{"type":"Feature","properties":{"stage":3,"elev":12,"name":"peak lowland water"},"geometry":{"type":"Polygon","coordinates":[[[91.78383561643835,24.87145728643216],[91.78767123287672,24.87145728643216],[91.78767123287672,24.875276381909547],[91.78383561643835,24.875276381909547],[91.78383561643835,24.87145728643216]]]}},{"type":"Feature","properties":{"stage":3,"elev":14.5,"name":"peak lowland water"},"geometry":{"type":"Polygon","coordinates":[[[91.78767123287672,24.87145728643216],[91.79150684931507,24.87145728643216],[91.79150684931507,24.875276381909547],[91.78767123287672,24.875276381909547],[91.78767123287672,24.87145728643216]]]}},{"type":"Feature","properties":{"stage":3,"elev":14.1,"name":"peak lowland water"},"geometry":{"type":"Polygon","coordinates":[[[91.79150684931507,24.87145728643216],[91.79534246575342,24.87145728643216],[91.79534246575342,24.875276381909547],[91.79150684931507,24.875276381909547],[91.79150684931507,24.87145728643216]]]}},{"type":"Feature","properties":{"stage":3,"elev":14.8,"name":"peak lowland water"},"geometry":{"type":"Polygon","coordinates":[[[91.79534246575342,24.87145728643216],[91.79917808219179,24.87145728643216],[91.79917808219179,24.875276381909547],[91.79534246575342,24.875276381909547],[91.79534246575342,24.87145728643216]]]}},{"type":"Feature","properties":{"stage":3,"elev":14.8,"name":"peak lowland water"},"geometry":{"type":"Polygon","coordinates":[[[91.80301369863014,24.87145728643216],[91.80684931506849,24.87145728643216],[91.80684931506849,24.875276381909547],[91.80301369863014,24.875276381909547],[91.80301369863014,24.87145728643216]]]}},{"type":"Feature","properties":{"stage":3,"elev":14.9,"name":"peak lowland water"},"geometry":{"type":"Polygon","coordinates":[[[91.81068493150686,24.87145728643216],[91.81452054794521,24.87145728643216],[91.81452054794521,24.875276381909547],[91.81068493150686,24.875276381909547],[91.81068493150686,24.87145728643216]]]}},{"type":"Feature","properties":{"stage":3,"elev":13.7,"name":"peak lowland water"},"geometry":{"type":"Polygon","coordinates":[[[91.81835616438356,24.87145728643216],[91.82219178082192,24.87145728643216],[91.82219178082192,24.875276381909547],[91.81835616438356,24.875276381909547],[91.81835616438356,24.87145728643216]]]}},{"type":"Feature","properties":{"stage":3,"elev":13.1,"name":"peak lowland water"},"geometry":{"type":"Polygon","coordinates":[[[91.82219178082192,24.87145728643216],[91.82602739726028,24.87145728643216],[91.82602739726028,24.875276381909547],[91.82219178082192,24.875276381909547],[91.82219178082192,24.87145728643216]]]}},{"type":"Feature","properties":{"stage":3,"elev":13.6,"name":"peak lowland water"},"geometry":{"type":"Polygon","coordinates":[[[91.82602739726028,24.87145728643216],[91.82986301369863,24.87145728643216],[91.82986301369863,24.875276381909547],[91.82602739726028,24.875276381909547],[91.82602739726028,24.87145728643216]]]}},{"type":"Feature","properties":{"stage":3,"elev":13.6,"name":"peak lowland water"},"geometry":{"type":"Polygon","coordinates":[[[91.83753424657534,24.87145728643216],[91.8413698630137,24.87145728643216],[91.8413698630137,24.875276381909547],[91.83753424657534,24.875276381909547],[91.83753424657534,24.87145728643216]]]}},{"type":"Feature","properties":{"stage":3,"elev":13.9,"name":"peak lowland water"},"geometry":{"type":"Polygon","coordinates":[[[91.90273972602739,24.87145728643216],[91.90657534246576,24.87145728643216],[91.90657534246576,24.875276381909547],[91.90273972602739,24.875276381909547],[91.90273972602739,24.87145728643216]]]}},{"type":"Feature","properties":{"stage":3,"elev":14.1,"name":"peak lowland water"},"geometry":{"type":"Polygon","coordinates":[[[91.90657534246576,24.87145728643216],[91.91041095890411,24.87145728643216],[91.91041095890411,24.875276381909547],[91.90657534246576,24.875276381909547],[91.90657534246576,24.87145728643216]]]}},{"type":"Feature","properties":{"stage":3,"elev":14.4,"name":"peak lowland water"},"geometry":{"type":"Polygon","coordinates":[[[91.91808219178083,24.87145728643216],[91.92191780821918,24.87145728643216],[91.92191780821918,24.875276381909547],[91.91808219178083,24.875276381909547],[91.91808219178083,24.87145728643216]]]}},{"type":"Feature","properties":{"stage":3,"elev":13.4,"name":"peak lowland water"},"geometry":{"type":"Polygon","coordinates":[[[91.92575342465753,24.87145728643216],[91.92958904109588,24.87145728643216],[91.92958904109588,24.875276381909547],[91.92575342465753,24.875276381909547],[91.92575342465753,24.87145728643216]]]}},{"type":"Feature","properties":{"stage":3,"elev":13.8,"name":"peak lowland water"},"geometry":{"type":"Polygon","coordinates":[[[91.92958904109588,24.87145728643216],[91.93342465753425,24.87145728643216],[91.93342465753425,24.875276381909547],[91.92958904109588,24.875276381909547],[91.92958904109588,24.87145728643216]]]}},{"type":"Feature","properties":{"stage":3,"elev":13.7,"name":"peak lowland water"},"geometry":{"type":"Polygon","coordinates":[[[91.93342465753425,24.87145728643216],[91.9372602739726,24.87145728643216],[91.9372602739726,24.875276381909547],[91.93342465753425,24.875276381909547],[91.93342465753425,24.87145728643216]]]}},{"type":"Feature","properties":{"stage":3,"elev":13.5,"name":"peak lowland water"},"geometry":{"type":"Polygon","coordinates":[[[91.9372602739726,24.87145728643216],[91.94109589041095,24.87145728643216],[91.94109589041095,24.875276381909547],[91.9372602739726,24.875276381909547],[91.9372602739726,24.87145728643216]]]}},{"type":"Feature","properties":{"stage":3,"elev":12.6,"name":"peak lowland water"},"geometry":{"type":"Polygon","coordinates":[[[91.94109589041095,24.87145728643216],[91.94493150684931,24.87145728643216],[91.94493150684931,24.875276381909547],[91.94109589041095,24.875276381909547],[91.94109589041095,24.87145728643216]]]}},{"type":"Feature","properties":{"stage":3,"elev":12.1,"name":"peak lowland water"},"geometry":{"type":"Polygon","coordinates":[[[91.94493150684931,24.87145728643216],[91.94876712328767,24.87145728643216],[91.94876712328767,24.875276381909547],[91.94493150684931,24.875276381909547],[91.94493150684931,24.87145728643216]]]}},{"type":"Feature","properties":{"stage":3,"elev":11.6,"name":"peak lowland water"},"geometry":{"type":"Polygon","coordinates":[[[91.94876712328767,24.87145728643216],[91.95260273972602,24.87145728643216],[91.95260273972602,24.875276381909547],[91.94876712328767,24.875276381909547],[91.94876712328767,24.87145728643216]]]}},{"type":"Feature","properties":{"stage":3,"elev":12.6,"name":"peak lowland water"},"geometry":{"type":"Polygon","coordinates":[[[91.95260273972602,24.87145728643216],[91.95643835616438,24.87145728643216],[91.95643835616438,24.875276381909547],[91.95260273972602,24.875276381909547],[91.95260273972602,24.87145728643216]]]}},{"type":"Feature","properties":{"stage":3,"elev":13.7,"name":"peak lowland water"},"geometry":{"type":"Polygon","coordinates":[[[91.95643835616438,24.87145728643216],[91.96027397260274,24.87145728643216],[91.96027397260274,24.875276381909547],[91.95643835616438,24.875276381909547],[91.95643835616438,24.87145728643216]]]}},{"type":"Feature","properties":{"stage":3,"elev":13.3,"name":"peak lowland water"},"geometry":{"type":"Polygon","coordinates":[[[91.96027397260274,24.87145728643216],[91.96410958904109,24.87145728643216],[91.96410958904109,24.875276381909547],[91.96027397260274,24.875276381909547],[91.96027397260274,24.87145728643216]]]}},{"type":"Feature","properties":{"stage":3,"elev":13.1,"name":"peak lowland water"},"geometry":{"type":"Polygon","coordinates":[[[91.96410958904109,24.87145728643216],[91.96794520547945,24.87145728643216],[91.96794520547945,24.875276381909547],[91.96410958904109,24.875276381909547],[91.96410958904109,24.87145728643216]]]}},{"type":"Feature","properties":{"stage":3,"elev":12.9,"name":"peak lowland water"},"geometry":{"type":"Polygon","coordinates":[[[91.96794520547945,24.87145728643216],[91.9717808219178,24.87145728643216],[91.9717808219178,24.875276381909547],[91.96794520547945,24.875276381909547],[91.96794520547945,24.87145728643216]]]}},{"type":"Feature","properties":{"stage":3,"elev":14.5,"name":"peak lowland water"},"geometry":{"type":"Polygon","coordinates":[[[91.9717808219178,24.87145728643216],[91.97561643835616,24.87145728643216],[91.97561643835616,24.875276381909547],[91.9717808219178,24.875276381909547],[91.9717808219178,24.87145728643216]]]}},{"type":"Feature","properties":{"stage":3,"elev":13.9,"name":"peak lowland water"},"geometry":{"type":"Polygon","coordinates":[[[91.97561643835616,24.87145728643216],[91.97945205479452,24.87145728643216],[91.97945205479452,24.875276381909547],[91.97561643835616,24.875276381909547],[91.97561643835616,24.87145728643216]]]}},{"type":"Feature","properties":{"stage":3,"elev":14.8,"name":"peak lowland water"},"geometry":{"type":"Polygon","coordinates":[[[91.97945205479452,24.87145728643216],[91.98328767123287,24.87145728643216],[91.98328767123287,24.875276381909547],[91.97945205479452,24.875276381909547],[91.97945205479452,24.87145728643216]]]}},{"type":"Feature","properties":{"stage":3,"elev":13.4,"name":"peak lowland water"},"geometry":{"type":"Polygon","coordinates":[[[91.78,24.875276381909547],[91.78383561643835,24.875276381909547],[91.78383561643835,24.879095477386933],[91.78,24.879095477386933],[91.78,24.875276381909547]]]}},{"type":"Feature","properties":{"stage":3,"elev":12,"name":"peak lowland water"},"geometry":{"type":"Polygon","coordinates":[[[91.78383561643835,24.875276381909547],[91.78767123287672,24.875276381909547],[91.78767123287672,24.879095477386933],[91.78383561643835,24.879095477386933],[91.78383561643835,24.875276381909547]]]}},{"type":"Feature","properties":{"stage":3,"elev":13.3,"name":"peak lowland water"},"geometry":{"type":"Polygon","coordinates":[[[91.78767123287672,24.875276381909547],[91.79150684931507,24.875276381909547],[91.79150684931507,24.879095477386933],[91.78767123287672,24.879095477386933],[91.78767123287672,24.875276381909547]]]}},{"type":"Feature","properties":{"stage":3,"elev":13.4,"name":"peak lowland water"},"geometry":{"type":"Polygon","coordinates":[[[91.79150684931507,24.875276381909547],[91.79534246575342,24.875276381909547],[91.79534246575342,24.879095477386933],[91.79150684931507,24.879095477386933],[91.79150684931507,24.875276381909547]]]}},{"type":"Feature","properties":{"stage":3,"elev":13.5,"name":"peak lowland water"},"geometry":{"type":"Polygon","coordinates":[[[91.79534246575342,24.875276381909547],[91.79917808219179,24.875276381909547],[91.79917808219179,24.879095477386933],[91.79534246575342,24.879095477386933],[91.79534246575342,24.875276381909547]]]}},{"type":"Feature","properties":{"stage":3,"elev":14.4,"name":"peak lowland water"},"geometry":{"type":"Polygon","coordinates":[[[91.79917808219179,24.875276381909547],[91.80301369863014,24.875276381909547],[91.80301369863014,24.879095477386933],[91.79917808219179,24.879095477386933],[91.79917808219179,24.875276381909547]]]}},{"type":"Feature","properties":{"stage":3,"elev":12.1,"name":"peak lowland water"},"geometry":{"type":"Polygon","coordinates":[[[91.81835616438356,24.875276381909547],[91.82219178082192,24.875276381909547],[91.82219178082192,24.879095477386933],[91.81835616438356,24.879095477386933],[91.81835616438356,24.875276381909547]]]}},{"type":"Feature","properties":{"stage":3,"elev":12.8,"name":"peak lowland water"},"geometry":{"type":"Polygon","coordinates":[[[91.82219178082192,24.875276381909547],[91.82602739726028,24.875276381909547],[91.82602739726028,24.879095477386933],[91.82219178082192,24.879095477386933],[91.82219178082192,24.875276381909547]]]}},{"type":"Feature","properties":{"stage":3,"elev":13.9,"name":"peak lowland water"},"geometry":{"type":"Polygon","coordinates":[[[91.82602739726028,24.875276381909547],[91.82986301369863,24.875276381909547],[91.82986301369863,24.879095477386933],[91.82602739726028,24.879095477386933],[91.82602739726028,24.875276381909547]]]}},{"type":"Feature","properties":{"stage":3,"elev":14.5,"name":"peak lowland water"},"geometry":{"type":"Polygon","coordinates":[[[91.83753424657534,24.875276381909547],[91.8413698630137,24.875276381909547],[91.8413698630137,24.879095477386933],[91.83753424657534,24.879095477386933],[91.83753424657534,24.875276381909547]]]}},{"type":"Feature","properties":{"stage":3,"elev":13.8,"name":"peak lowland water"},"geometry":{"type":"Polygon","coordinates":[[[91.8413698630137,24.875276381909547],[91.84520547945205,24.875276381909547],[91.84520547945205,24.879095477386933],[91.8413698630137,24.879095477386933],[91.8413698630137,24.875276381909547]]]}},{"type":"Feature","properties":{"stage":3,"elev":12.9,"name":"peak lowland water"},"geometry":{"type":"Polygon","coordinates":[[[91.84520547945205,24.875276381909547],[91.84904109589041,24.875276381909547],[91.84904109589041,24.879095477386933],[91.84520547945205,24.879095477386933],[91.84520547945205,24.875276381909547]]]}},{"type":"Feature","properties":{"stage":3,"elev":12.7,"name":"peak lowland water"},"geometry":{"type":"Polygon","coordinates":[[[91.88739726027397,24.875276381909547],[91.89123287671232,24.875276381909547],[91.89123287671232,24.879095477386933],[91.88739726027397,24.879095477386933],[91.88739726027397,24.875276381909547]]]}},{"type":"Feature","properties":{"stage":3,"elev":14.6,"name":"peak lowland water"},"geometry":{"type":"Polygon","coordinates":[[[91.89506849315069,24.875276381909547],[91.89890410958904,24.875276381909547],[91.89890410958904,24.879095477386933],[91.89506849315069,24.879095477386933],[91.89506849315069,24.875276381909547]]]}},{"type":"Feature","properties":{"stage":3,"elev":14.3,"name":"peak lowland water"},"geometry":{"type":"Polygon","coordinates":[[[91.91424657534246,24.875276381909547],[91.91808219178083,24.875276381909547],[91.91808219178083,24.879095477386933],[91.91424657534246,24.879095477386933],[91.91424657534246,24.875276381909547]]]}},{"type":"Feature","properties":{"stage":3,"elev":14,"name":"peak lowland water"},"geometry":{"type":"Polygon","coordinates":[[[91.92191780821918,24.875276381909547],[91.92575342465753,24.875276381909547],[91.92575342465753,24.879095477386933],[91.92191780821918,24.879095477386933],[91.92191780821918,24.875276381909547]]]}},{"type":"Feature","properties":{"stage":3,"elev":14.2,"name":"peak lowland water"},"geometry":{"type":"Polygon","coordinates":[[[91.92575342465753,24.875276381909547],[91.92958904109588,24.875276381909547],[91.92958904109588,24.879095477386933],[91.92575342465753,24.879095477386933],[91.92575342465753,24.875276381909547]]]}},{"type":"Feature","properties":{"stage":3,"elev":12.1,"name":"peak lowland water"},"geometry":{"type":"Polygon","coordinates":[[[91.92958904109588,24.875276381909547],[91.93342465753425,24.875276381909547],[91.93342465753425,24.879095477386933],[91.92958904109588,24.879095477386933],[91.92958904109588,24.875276381909547]]]}},{"type":"Feature","properties":{"stage":3,"elev":14.2,"name":"peak lowland water"},"geometry":{"type":"Polygon","coordinates":[[[91.93342465753425,24.875276381909547],[91.9372602739726,24.875276381909547],[91.9372602739726,24.879095477386933],[91.93342465753425,24.879095477386933],[91.93342465753425,24.875276381909547]]]}},{"type":"Feature","properties":{"stage":3,"elev":12.8,"name":"peak lowland water"},"geometry":{"type":"Polygon","coordinates":[[[91.9372602739726,24.875276381909547],[91.94109589041095,24.875276381909547],[91.94109589041095,24.879095477386933],[91.9372602739726,24.879095477386933],[91.9372602739726,24.875276381909547]]]}},{"type":"Feature","properties":{"stage":3,"elev":13.1,"name":"peak lowland water"},"geometry":{"type":"Polygon","coordinates":[[[91.94109589041095,24.875276381909547],[91.94493150684931,24.875276381909547],[91.94493150684931,24.879095477386933],[91.94109589041095,24.879095477386933],[91.94109589041095,24.875276381909547]]]}},{"type":"Feature","properties":{"stage":3,"elev":12.6,"name":"peak lowland water"},"geometry":{"type":"Polygon","coordinates":[[[91.94493150684931,24.875276381909547],[91.94876712328767,24.875276381909547],[91.94876712328767,24.879095477386933],[91.94493150684931,24.879095477386933],[91.94493150684931,24.875276381909547]]]}},{"type":"Feature","properties":{"stage":3,"elev":12.6,"name":"peak lowland water"},"geometry":{"type":"Polygon","coordinates":[[[91.94876712328767,24.875276381909547],[91.95260273972602,24.875276381909547],[91.95260273972602,24.879095477386933],[91.94876712328767,24.879095477386933],[91.94876712328767,24.875276381909547]]]}},{"type":"Feature","properties":{"stage":3,"elev":12.3,"name":"peak lowland water"},"geometry":{"type":"Polygon","coordinates":[[[91.95260273972602,24.875276381909547],[91.95643835616438,24.875276381909547],[91.95643835616438,24.879095477386933],[91.95260273972602,24.879095477386933],[91.95260273972602,24.875276381909547]]]}},{"type":"Feature","properties":{"stage":3,"elev":12,"name":"peak lowland water"},"geometry":{"type":"Polygon","coordinates":[[[91.95643835616438,24.875276381909547],[91.96027397260274,24.875276381909547],[91.96027397260274,24.879095477386933],[91.95643835616438,24.879095477386933],[91.95643835616438,24.875276381909547]]]}},{"type":"Feature","properties":{"stage":3,"elev":13.4,"name":"peak lowland water"},"geometry":{"type":"Polygon","coordinates":[[[91.96027397260274,24.875276381909547],[91.96410958904109,24.875276381909547],[91.96410958904109,24.879095477386933],[91.96027397260274,24.879095477386933],[91.96027397260274,24.875276381909547]]]}},{"type":"Feature","properties":{"stage":3,"elev":13.6,"name":"peak lowland water"},"geometry":{"type":"Polygon","coordinates":[[[91.96410958904109,24.875276381909547],[91.96794520547945,24.875276381909547],[91.96794520547945,24.879095477386933],[91.96410958904109,24.879095477386933],[91.96410958904109,24.875276381909547]]]}},{"type":"Feature","properties":{"stage":3,"elev":11.6,"name":"peak lowland water"},"geometry":{"type":"Polygon","coordinates":[[[91.96794520547945,24.875276381909547],[91.9717808219178,24.875276381909547],[91.9717808219178,24.879095477386933],[91.96794520547945,24.879095477386933],[91.96794520547945,24.875276381909547]]]}},{"type":"Feature","properties":{"stage":3,"elev":13.6,"name":"peak lowland water"},"geometry":{"type":"Polygon","coordinates":[[[91.9717808219178,24.875276381909547],[91.97561643835616,24.875276381909547],[91.97561643835616,24.879095477386933],[91.9717808219178,24.879095477386933],[91.9717808219178,24.875276381909547]]]}},{"type":"Feature","properties":{"stage":3,"elev":12.8,"name":"peak lowland water"},"geometry":{"type":"Polygon","coordinates":[[[91.97561643835616,24.875276381909547],[91.97945205479452,24.875276381909547],[91.97945205479452,24.879095477386933],[91.97561643835616,24.879095477386933],[91.97561643835616,24.875276381909547]]]}},{"type":"Feature","properties":{"stage":3,"elev":13.5,"name":"peak lowland water"},"geometry":{"type":"Polygon","coordinates":[[[91.97945205479452,24.875276381909547],[91.98328767123287,24.875276381909547],[91.98328767123287,24.879095477386933],[91.97945205479452,24.879095477386933],[91.97945205479452,24.875276381909547]]]}},{"type":"Feature","properties":{"stage":3,"elev":14.5,"name":"peak lowland water"},"geometry":{"type":"Polygon","coordinates":[[[91.98328767123287,24.875276381909547],[91.98712328767122,24.875276381909547],[91.98712328767122,24.879095477386933],[91.98328767123287,24.879095477386933],[91.98328767123287,24.875276381909547]]]}},{"type":"Feature","properties":{"stage":3,"elev":13.9,"name":"peak lowland water"},"geometry":{"type":"Polygon","coordinates":[[[91.79150684931507,24.879095477386933],[91.79534246575342,24.879095477386933],[91.79534246575342,24.882914572864323],[91.79150684931507,24.882914572864323],[91.79150684931507,24.879095477386933]]]}},{"type":"Feature","properties":{"stage":3,"elev":12.2,"name":"peak lowland water"},"geometry":{"type":"Polygon","coordinates":[[[91.79534246575342,24.879095477386933],[91.79917808219179,24.879095477386933],[91.79917808219179,24.882914572864323],[91.79534246575342,24.882914572864323],[91.79534246575342,24.879095477386933]]]}},{"type":"Feature","properties":{"stage":3,"elev":14.4,"name":"peak lowland water"},"geometry":{"type":"Polygon","coordinates":[[[91.79917808219179,24.879095477386933],[91.80301369863014,24.879095477386933],[91.80301369863014,24.882914572864323],[91.79917808219179,24.882914572864323],[91.79917808219179,24.879095477386933]]]}},{"type":"Feature","properties":{"stage":3,"elev":12.8,"name":"peak lowland water"},"geometry":{"type":"Polygon","coordinates":[[[91.81835616438356,24.879095477386933],[91.82219178082192,24.879095477386933],[91.82219178082192,24.882914572864323],[91.81835616438356,24.882914572864323],[91.81835616438356,24.879095477386933]]]}},{"type":"Feature","properties":{"stage":3,"elev":13.3,"name":"peak lowland water"},"geometry":{"type":"Polygon","coordinates":[[[91.82219178082192,24.879095477386933],[91.82602739726028,24.879095477386933],[91.82602739726028,24.882914572864323],[91.82219178082192,24.882914572864323],[91.82219178082192,24.879095477386933]]]}},{"type":"Feature","properties":{"stage":3,"elev":13.7,"name":"peak lowland water"},"geometry":{"type":"Polygon","coordinates":[[[91.82602739726028,24.879095477386933],[91.82986301369863,24.879095477386933],[91.82986301369863,24.882914572864323],[91.82602739726028,24.882914572864323],[91.82602739726028,24.879095477386933]]]}},{"type":"Feature","properties":{"stage":3,"elev":15,"name":"peak lowland water"},"geometry":{"type":"Polygon","coordinates":[[[91.82986301369863,24.879095477386933],[91.83369863013698,24.879095477386933],[91.83369863013698,24.882914572864323],[91.82986301369863,24.882914572864323],[91.82986301369863,24.879095477386933]]]}},{"type":"Feature","properties":{"stage":3,"elev":14.8,"name":"peak lowland water"},"geometry":{"type":"Polygon","coordinates":[[[91.86821917808219,24.879095477386933],[91.87205479452055,24.879095477386933],[91.87205479452055,24.882914572864323],[91.86821917808219,24.882914572864323],[91.86821917808219,24.879095477386933]]]}},{"type":"Feature","properties":{"stage":3,"elev":14.4,"name":"peak lowland water"},"geometry":{"type":"Polygon","coordinates":[[[91.87205479452055,24.879095477386933],[91.8758904109589,24.879095477386933],[91.8758904109589,24.882914572864323],[91.87205479452055,24.882914572864323],[91.87205479452055,24.879095477386933]]]}},{"type":"Feature","properties":{"stage":3,"elev":14.2,"name":"peak lowland water"},"geometry":{"type":"Polygon","coordinates":[[[91.87972602739725,24.879095477386933],[91.88356164383562,24.879095477386933],[91.88356164383562,24.882914572864323],[91.87972602739725,24.882914572864323],[91.87972602739725,24.879095477386933]]]}},{"type":"Feature","properties":{"stage":3,"elev":14.5,"name":"peak lowland water"},"geometry":{"type":"Polygon","coordinates":[[[91.89123287671232,24.879095477386933],[91.89506849315069,24.879095477386933],[91.89506849315069,24.882914572864323],[91.89123287671232,24.882914572864323],[91.89123287671232,24.879095477386933]]]}},{"type":"Feature","properties":{"stage":3,"elev":13.8,"name":"peak lowland water"},"geometry":{"type":"Polygon","coordinates":[[[91.90273972602739,24.879095477386933],[91.90657534246576,24.879095477386933],[91.90657534246576,24.882914572864323],[91.90273972602739,24.882914572864323],[91.90273972602739,24.879095477386933]]]}},{"type":"Feature","properties":{"stage":3,"elev":14.9,"name":"peak lowland water"},"geometry":{"type":"Polygon","coordinates":[[[91.90657534246576,24.879095477386933],[91.91041095890411,24.879095477386933],[91.91041095890411,24.882914572864323],[91.90657534246576,24.882914572864323],[91.90657534246576,24.879095477386933]]]}},{"type":"Feature","properties":{"stage":3,"elev":14.5,"name":"peak lowland water"},"geometry":{"type":"Polygon","coordinates":[[[91.91041095890411,24.879095477386933],[91.91424657534246,24.879095477386933],[91.91424657534246,24.882914572864323],[91.91041095890411,24.882914572864323],[91.91041095890411,24.879095477386933]]]}},{"type":"Feature","properties":{"stage":3,"elev":14.3,"name":"peak lowland water"},"geometry":{"type":"Polygon","coordinates":[[[91.91424657534246,24.879095477386933],[91.91808219178083,24.879095477386933],[91.91808219178083,24.882914572864323],[91.91424657534246,24.882914572864323],[91.91424657534246,24.879095477386933]]]}},{"type":"Feature","properties":{"stage":3,"elev":13.8,"name":"peak lowland water"},"geometry":{"type":"Polygon","coordinates":[[[91.91808219178083,24.879095477386933],[91.92191780821918,24.879095477386933],[91.92191780821918,24.882914572864323],[91.91808219178083,24.882914572864323],[91.91808219178083,24.879095477386933]]]}},{"type":"Feature","properties":{"stage":3,"elev":13.4,"name":"peak lowland water"},"geometry":{"type":"Polygon","coordinates":[[[91.92191780821918,24.879095477386933],[91.92575342465753,24.879095477386933],[91.92575342465753,24.882914572864323],[91.92191780821918,24.882914572864323],[91.92191780821918,24.879095477386933]]]}},{"type":"Feature","properties":{"stage":3,"elev":13.3,"name":"peak lowland water"},"geometry":{"type":"Polygon","coordinates":[[[91.92575342465753,24.879095477386933],[91.92958904109588,24.879095477386933],[91.92958904109588,24.882914572864323],[91.92575342465753,24.882914572864323],[91.92575342465753,24.879095477386933]]]}},{"type":"Feature","properties":{"stage":3,"elev":12.1,"name":"peak lowland water"},"geometry":{"type":"Polygon","coordinates":[[[91.92958904109588,24.879095477386933],[91.93342465753425,24.879095477386933],[91.93342465753425,24.882914572864323],[91.92958904109588,24.882914572864323],[91.92958904109588,24.879095477386933]]]}},{"type":"Feature","properties":{"stage":3,"elev":12.9,"name":"peak lowland water"},"geometry":{"type":"Polygon","coordinates":[[[91.93342465753425,24.879095477386933],[91.9372602739726,24.879095477386933],[91.9372602739726,24.882914572864323],[91.93342465753425,24.882914572864323],[91.93342465753425,24.879095477386933]]]}},{"type":"Feature","properties":{"stage":3,"elev":12.9,"name":"peak lowland water"},"geometry":{"type":"Polygon","coordinates":[[[91.9372602739726,24.879095477386933],[91.94109589041095,24.879095477386933],[91.94109589041095,24.882914572864323],[91.9372602739726,24.882914572864323],[91.9372602739726,24.879095477386933]]]}},{"type":"Feature","properties":{"stage":3,"elev":13.3,"name":"peak lowland water"},"geometry":{"type":"Polygon","coordinates":[[[91.94109589041095,24.879095477386933],[91.94493150684931,24.879095477386933],[91.94493150684931,24.882914572864323],[91.94109589041095,24.882914572864323],[91.94109589041095,24.879095477386933]]]}},{"type":"Feature","properties":{"stage":3,"elev":13.1,"name":"peak lowland water"},"geometry":{"type":"Polygon","coordinates":[[[91.94493150684931,24.879095477386933],[91.94876712328767,24.879095477386933],[91.94876712328767,24.882914572864323],[91.94493150684931,24.882914572864323],[91.94493150684931,24.879095477386933]]]}},{"type":"Feature","properties":{"stage":3,"elev":12.6,"name":"peak lowland water"},"geometry":{"type":"Polygon","coordinates":[[[91.94876712328767,24.879095477386933],[91.95260273972602,24.879095477386933],[91.95260273972602,24.882914572864323],[91.94876712328767,24.882914572864323],[91.94876712328767,24.879095477386933]]]}},{"type":"Feature","properties":{"stage":3,"elev":11.5,"name":"peak lowland water"},"geometry":{"type":"Polygon","coordinates":[[[91.95260273972602,24.879095477386933],[91.95643835616438,24.879095477386933],[91.95643835616438,24.882914572864323],[91.95260273972602,24.882914572864323],[91.95260273972602,24.879095477386933]]]}},{"type":"Feature","properties":{"stage":3,"elev":12,"name":"peak lowland water"},"geometry":{"type":"Polygon","coordinates":[[[91.95643835616438,24.879095477386933],[91.96027397260274,24.879095477386933],[91.96027397260274,24.882914572864323],[91.95643835616438,24.882914572864323],[91.95643835616438,24.879095477386933]]]}},{"type":"Feature","properties":{"stage":3,"elev":12.8,"name":"peak lowland water"},"geometry":{"type":"Polygon","coordinates":[[[91.96027397260274,24.879095477386933],[91.96410958904109,24.879095477386933],[91.96410958904109,24.882914572864323],[91.96027397260274,24.882914572864323],[91.96027397260274,24.879095477386933]]]}},{"type":"Feature","properties":{"stage":3,"elev":13.4,"name":"peak lowland water"},"geometry":{"type":"Polygon","coordinates":[[[91.96410958904109,24.879095477386933],[91.96794520547945,24.879095477386933],[91.96794520547945,24.882914572864323],[91.96410958904109,24.882914572864323],[91.96410958904109,24.879095477386933]]]}},{"type":"Feature","properties":{"stage":3,"elev":12.9,"name":"peak lowland water"},"geometry":{"type":"Polygon","coordinates":[[[91.96794520547945,24.879095477386933],[91.9717808219178,24.879095477386933],[91.9717808219178,24.882914572864323],[91.96794520547945,24.882914572864323],[91.96794520547945,24.879095477386933]]]}},{"type":"Feature","properties":{"stage":3,"elev":12.7,"name":"peak lowland water"},"geometry":{"type":"Polygon","coordinates":[[[91.9717808219178,24.879095477386933],[91.97561643835616,24.879095477386933],[91.97561643835616,24.882914572864323],[91.9717808219178,24.882914572864323],[91.9717808219178,24.879095477386933]]]}},{"type":"Feature","properties":{"stage":3,"elev":12.6,"name":"peak lowland water"},"geometry":{"type":"Polygon","coordinates":[[[91.97561643835616,24.879095477386933],[91.97945205479452,24.879095477386933],[91.97945205479452,24.882914572864323],[91.97561643835616,24.882914572864323],[91.97561643835616,24.879095477386933]]]}},{"type":"Feature","properties":{"stage":3,"elev":12.7,"name":"peak lowland water"},"geometry":{"type":"Polygon","coordinates":[[[91.97945205479452,24.879095477386933],[91.98328767123287,24.879095477386933],[91.98328767123287,24.882914572864323],[91.97945205479452,24.882914572864323],[91.97945205479452,24.879095477386933]]]}},{"type":"Feature","properties":{"stage":3,"elev":13.6,"name":"peak lowland water"},"geometry":{"type":"Polygon","coordinates":[[[91.98328767123287,24.879095477386933],[91.98712328767122,24.879095477386933],[91.98712328767122,24.882914572864323],[91.98328767123287,24.882914572864323],[91.98328767123287,24.879095477386933]]]}},{"type":"Feature","properties":{"stage":3,"elev":14.8,"name":"peak lowland water"},"geometry":{"type":"Polygon","coordinates":[[[91.82219178082192,24.882914572864323],[91.82602739726028,24.882914572864323],[91.82602739726028,24.88673366834171],[91.82219178082192,24.88673366834171],[91.82219178082192,24.882914572864323]]]}},{"type":"Feature","properties":{"stage":3,"elev":15,"name":"peak lowland water"},"geometry":{"type":"Polygon","coordinates":[[[91.82602739726028,24.882914572864323],[91.82986301369863,24.882914572864323],[91.82986301369863,24.88673366834171],[91.82602739726028,24.88673366834171],[91.82602739726028,24.882914572864323]]]}},{"type":"Feature","properties":{"stage":3,"elev":14,"name":"peak lowland water"},"geometry":{"type":"Polygon","coordinates":[[[91.8758904109589,24.882914572864323],[91.87972602739725,24.882914572864323],[91.87972602739725,24.88673366834171],[91.8758904109589,24.88673366834171],[91.8758904109589,24.882914572864323]]]}},{"type":"Feature","properties":{"stage":3,"elev":14.6,"name":"peak lowland water"},"geometry":{"type":"Polygon","coordinates":[[[91.89123287671232,24.882914572864323],[91.89506849315069,24.882914572864323],[91.89506849315069,24.88673366834171],[91.89123287671232,24.88673366834171],[91.89123287671232,24.882914572864323]]]}},{"type":"Feature","properties":{"stage":3,"elev":14.9,"name":"peak lowland water"},"geometry":{"type":"Polygon","coordinates":[[[91.90273972602739,24.882914572864323],[91.90657534246576,24.882914572864323],[91.90657534246576,24.88673366834171],[91.90273972602739,24.88673366834171],[91.90273972602739,24.882914572864323]]]}},{"type":"Feature","properties":{"stage":3,"elev":12.8,"name":"peak lowland water"},"geometry":{"type":"Polygon","coordinates":[[[91.90657534246576,24.882914572864323],[91.91041095890411,24.882914572864323],[91.91041095890411,24.88673366834171],[91.90657534246576,24.88673366834171],[91.90657534246576,24.882914572864323]]]}},{"type":"Feature","properties":{"stage":3,"elev":13.9,"name":"peak lowland water"},"geometry":{"type":"Polygon","coordinates":[[[91.91041095890411,24.882914572864323],[91.91424657534246,24.882914572864323],[91.91424657534246,24.88673366834171],[91.91041095890411,24.88673366834171],[91.91041095890411,24.882914572864323]]]}},{"type":"Feature","properties":{"stage":3,"elev":13.8,"name":"peak lowland water"},"geometry":{"type":"Polygon","coordinates":[[[91.91424657534246,24.882914572864323],[91.91808219178083,24.882914572864323],[91.91808219178083,24.88673366834171],[91.91424657534246,24.88673366834171],[91.91424657534246,24.882914572864323]]]}},{"type":"Feature","properties":{"stage":3,"elev":13.9,"name":"peak lowland water"},"geometry":{"type":"Polygon","coordinates":[[[91.91808219178083,24.882914572864323],[91.92191780821918,24.882914572864323],[91.92191780821918,24.88673366834171],[91.91808219178083,24.88673366834171],[91.91808219178083,24.882914572864323]]]}},{"type":"Feature","properties":{"stage":3,"elev":13.3,"name":"peak lowland water"},"geometry":{"type":"Polygon","coordinates":[[[91.92191780821918,24.882914572864323],[91.92575342465753,24.882914572864323],[91.92575342465753,24.88673366834171],[91.92191780821918,24.88673366834171],[91.92191780821918,24.882914572864323]]]}},{"type":"Feature","properties":{"stage":3,"elev":12.6,"name":"peak lowland water"},"geometry":{"type":"Polygon","coordinates":[[[91.92575342465753,24.882914572864323],[91.92958904109588,24.882914572864323],[91.92958904109588,24.88673366834171],[91.92575342465753,24.88673366834171],[91.92575342465753,24.882914572864323]]]}},{"type":"Feature","properties":{"stage":3,"elev":13.5,"name":"peak lowland water"},"geometry":{"type":"Polygon","coordinates":[[[91.92958904109588,24.882914572864323],[91.93342465753425,24.882914572864323],[91.93342465753425,24.88673366834171],[91.92958904109588,24.88673366834171],[91.92958904109588,24.882914572864323]]]}},{"type":"Feature","properties":{"stage":3,"elev":13.6,"name":"peak lowland water"},"geometry":{"type":"Polygon","coordinates":[[[91.9372602739726,24.882914572864323],[91.94109589041095,24.882914572864323],[91.94109589041095,24.88673366834171],[91.9372602739726,24.88673366834171],[91.9372602739726,24.882914572864323]]]}},{"type":"Feature","properties":{"stage":3,"elev":12.1,"name":"peak lowland water"},"geometry":{"type":"Polygon","coordinates":[[[91.94109589041095,24.882914572864323],[91.94493150684931,24.882914572864323],[91.94493150684931,24.88673366834171],[91.94109589041095,24.88673366834171],[91.94109589041095,24.882914572864323]]]}},{"type":"Feature","properties":{"stage":3,"elev":13.6,"name":"peak lowland water"},"geometry":{"type":"Polygon","coordinates":[[[91.94493150684931,24.882914572864323],[91.94876712328767,24.882914572864323],[91.94876712328767,24.88673366834171],[91.94493150684931,24.88673366834171],[91.94493150684931,24.882914572864323]]]}},{"type":"Feature","properties":{"stage":3,"elev":13.9,"name":"peak lowland water"},"geometry":{"type":"Polygon","coordinates":[[[91.94876712328767,24.882914572864323],[91.95260273972602,24.882914572864323],[91.95260273972602,24.88673366834171],[91.94876712328767,24.88673366834171],[91.94876712328767,24.882914572864323]]]}},{"type":"Feature","properties":{"stage":3,"elev":12.4,"name":"peak lowland water"},"geometry":{"type":"Polygon","coordinates":[[[91.95260273972602,24.882914572864323],[91.95643835616438,24.882914572864323],[91.95643835616438,24.88673366834171],[91.95260273972602,24.88673366834171],[91.95260273972602,24.882914572864323]]]}},{"type":"Feature","properties":{"stage":3,"elev":12.4,"name":"peak lowland water"},"geometry":{"type":"Polygon","coordinates":[[[91.95643835616438,24.882914572864323],[91.96027397260274,24.882914572864323],[91.96027397260274,24.88673366834171],[91.95643835616438,24.88673366834171],[91.95643835616438,24.882914572864323]]]}},{"type":"Feature","properties":{"stage":3,"elev":13.6,"name":"peak lowland water"},"geometry":{"type":"Polygon","coordinates":[[[91.96027397260274,24.882914572864323],[91.96410958904109,24.882914572864323],[91.96410958904109,24.88673366834171],[91.96027397260274,24.88673366834171],[91.96027397260274,24.882914572864323]]]}},{"type":"Feature","properties":{"stage":3,"elev":13.8,"name":"peak lowland water"},"geometry":{"type":"Polygon","coordinates":[[[91.96410958904109,24.882914572864323],[91.96794520547945,24.882914572864323],[91.96794520547945,24.88673366834171],[91.96410958904109,24.88673366834171],[91.96410958904109,24.882914572864323]]]}},{"type":"Feature","properties":{"stage":3,"elev":13.3,"name":"peak lowland water"},"geometry":{"type":"Polygon","coordinates":[[[91.96794520547945,24.882914572864323],[91.9717808219178,24.882914572864323],[91.9717808219178,24.88673366834171],[91.96794520547945,24.88673366834171],[91.96794520547945,24.882914572864323]]]}},{"type":"Feature","properties":{"stage":3,"elev":12.4,"name":"peak lowland water"},"geometry":{"type":"Polygon","coordinates":[[[91.9717808219178,24.882914572864323],[91.97561643835616,24.882914572864323],[91.97561643835616,24.88673366834171],[91.9717808219178,24.88673366834171],[91.9717808219178,24.882914572864323]]]}},{"type":"Feature","properties":{"stage":3,"elev":13.4,"name":"peak lowland water"},"geometry":{"type":"Polygon","coordinates":[[[91.97561643835616,24.882914572864323],[91.97945205479452,24.882914572864323],[91.97945205479452,24.88673366834171],[91.97561643835616,24.88673366834171],[91.97561643835616,24.882914572864323]]]}},{"type":"Feature","properties":{"stage":3,"elev":13,"name":"peak lowland water"},"geometry":{"type":"Polygon","coordinates":[[[91.97945205479452,24.882914572864323],[91.98328767123287,24.882914572864323],[91.98328767123287,24.88673366834171],[91.97945205479452,24.88673366834171],[91.97945205479452,24.882914572864323]]]}},{"type":"Feature","properties":{"stage":3,"elev":13.1,"name":"peak lowland water"},"geometry":{"type":"Polygon","coordinates":[[[91.98328767123287,24.882914572864323],[91.98712328767122,24.882914572864323],[91.98712328767122,24.88673366834171],[91.98328767123287,24.88673366834171],[91.98328767123287,24.882914572864323]]]}},{"type":"Feature","properties":{"stage":3,"elev":13.9,"name":"peak lowland water"},"geometry":{"type":"Polygon","coordinates":[[[91.78,24.88673366834171],[91.78383561643835,24.88673366834171],[91.78383561643835,24.890552763819095],[91.78,24.890552763819095],[91.78,24.88673366834171]]]}},{"type":"Feature","properties":{"stage":3,"elev":14.3,"name":"peak lowland water"},"geometry":{"type":"Polygon","coordinates":[[[91.78383561643835,24.88673366834171],[91.78767123287672,24.88673366834171],[91.78767123287672,24.890552763819095],[91.78383561643835,24.890552763819095],[91.78383561643835,24.88673366834171]]]}},{"type":"Feature","properties":{"stage":3,"elev":14.2,"name":"peak lowland water"},"geometry":{"type":"Polygon","coordinates":[[[91.79150684931507,24.88673366834171],[91.79534246575342,24.88673366834171],[91.79534246575342,24.890552763819095],[91.79150684931507,24.890552763819095],[91.79150684931507,24.88673366834171]]]}},{"type":"Feature","properties":{"stage":3,"elev":14.6,"name":"peak lowland water"},"geometry":{"type":"Polygon","coordinates":[[[91.81068493150686,24.88673366834171],[91.81452054794521,24.88673366834171],[91.81452054794521,24.890552763819095],[91.81068493150686,24.890552763819095],[91.81068493150686,24.88673366834171]]]}},{"type":"Feature","properties":{"stage":3,"elev":14.8,"name":"peak lowland water"},"geometry":{"type":"Polygon","coordinates":[[[91.84904109589041,24.88673366834171],[91.85287671232877,24.88673366834171],[91.85287671232877,24.890552763819095],[91.84904109589041,24.890552763819095],[91.84904109589041,24.88673366834171]]]}},{"type":"Feature","properties":{"stage":3,"elev":13.4,"name":"peak lowland water"},"geometry":{"type":"Polygon","coordinates":[[[91.90657534246576,24.88673366834171],[91.91041095890411,24.88673366834171],[91.91041095890411,24.890552763819095],[91.90657534246576,24.890552763819095],[91.90657534246576,24.88673366834171]]]}},{"type":"Feature","properties":{"stage":3,"elev":13.1,"name":"peak lowland water"},"geometry":{"type":"Polygon","coordinates":[[[91.92191780821918,24.88673366834171],[91.92575342465753,24.88673366834171],[91.92575342465753,24.890552763819095],[91.92191780821918,24.890552763819095],[91.92191780821918,24.88673366834171]]]}},{"type":"Feature","properties":{"stage":3,"elev":12.7,"name":"peak lowland water"},"geometry":{"type":"Polygon","coordinates":[[[91.92575342465753,24.88673366834171],[91.92958904109588,24.88673366834171],[91.92958904109588,24.890552763819095],[91.92575342465753,24.890552763819095],[91.92575342465753,24.88673366834171]]]}},{"type":"Feature","properties":{"stage":3,"elev":12.8,"name":"peak lowland water"},"geometry":{"type":"Polygon","coordinates":[[[91.92958904109588,24.88673366834171],[91.93342465753425,24.88673366834171],[91.93342465753425,24.890552763819095],[91.92958904109588,24.890552763819095],[91.92958904109588,24.88673366834171]]]}},{"type":"Feature","properties":{"stage":3,"elev":12.6,"name":"peak lowland water"},"geometry":{"type":"Polygon","coordinates":[[[91.93342465753425,24.88673366834171],[91.9372602739726,24.88673366834171],[91.9372602739726,24.890552763819095],[91.93342465753425,24.890552763819095],[91.93342465753425,24.88673366834171]]]}},{"type":"Feature","properties":{"stage":3,"elev":14.3,"name":"peak lowland water"},"geometry":{"type":"Polygon","coordinates":[[[91.9372602739726,24.88673366834171],[91.94109589041095,24.88673366834171],[91.94109589041095,24.890552763819095],[91.9372602739726,24.890552763819095],[91.9372602739726,24.88673366834171]]]}},{"type":"Feature","properties":{"stage":3,"elev":14.4,"name":"peak lowland water"},"geometry":{"type":"Polygon","coordinates":[[[91.94109589041095,24.88673366834171],[91.94493150684931,24.88673366834171],[91.94493150684931,24.890552763819095],[91.94109589041095,24.890552763819095],[91.94109589041095,24.88673366834171]]]}},{"type":"Feature","properties":{"stage":3,"elev":14.1,"name":"peak lowland water"},"geometry":{"type":"Polygon","coordinates":[[[91.94493150684931,24.88673366834171],[91.94876712328767,24.88673366834171],[91.94876712328767,24.890552763819095],[91.94493150684931,24.890552763819095],[91.94493150684931,24.88673366834171]]]}},{"type":"Feature","properties":{"stage":3,"elev":12.4,"name":"peak lowland water"},"geometry":{"type":"Polygon","coordinates":[[[91.94876712328767,24.88673366834171],[91.95260273972602,24.88673366834171],[91.95260273972602,24.890552763819095],[91.94876712328767,24.890552763819095],[91.94876712328767,24.88673366834171]]]}},{"type":"Feature","properties":{"stage":3,"elev":12.1,"name":"peak lowland water"},"geometry":{"type":"Polygon","coordinates":[[[91.95260273972602,24.88673366834171],[91.95643835616438,24.88673366834171],[91.95643835616438,24.890552763819095],[91.95260273972602,24.890552763819095],[91.95260273972602,24.88673366834171]]]}},{"type":"Feature","properties":{"stage":3,"elev":13.1,"name":"peak lowland water"},"geometry":{"type":"Polygon","coordinates":[[[91.95643835616438,24.88673366834171],[91.96027397260274,24.88673366834171],[91.96027397260274,24.890552763819095],[91.95643835616438,24.890552763819095],[91.95643835616438,24.88673366834171]]]}},{"type":"Feature","properties":{"stage":3,"elev":13.6,"name":"peak lowland water"},"geometry":{"type":"Polygon","coordinates":[[[91.96027397260274,24.88673366834171],[91.96410958904109,24.88673366834171],[91.96410958904109,24.890552763819095],[91.96027397260274,24.890552763819095],[91.96027397260274,24.88673366834171]]]}},{"type":"Feature","properties":{"stage":3,"elev":13.8,"name":"peak lowland water"},"geometry":{"type":"Polygon","coordinates":[[[91.96410958904109,24.88673366834171],[91.96794520547945,24.88673366834171],[91.96794520547945,24.890552763819095],[91.96410958904109,24.890552763819095],[91.96410958904109,24.88673366834171]]]}},{"type":"Feature","properties":{"stage":3,"elev":13.9,"name":"peak lowland water"},"geometry":{"type":"Polygon","coordinates":[[[91.96794520547945,24.88673366834171],[91.9717808219178,24.88673366834171],[91.9717808219178,24.890552763819095],[91.96794520547945,24.890552763819095],[91.96794520547945,24.88673366834171]]]}},{"type":"Feature","properties":{"stage":3,"elev":14.3,"name":"peak lowland water"},"geometry":{"type":"Polygon","coordinates":[[[91.9717808219178,24.88673366834171],[91.97561643835616,24.88673366834171],[91.97561643835616,24.890552763819095],[91.9717808219178,24.890552763819095],[91.9717808219178,24.88673366834171]]]}},{"type":"Feature","properties":{"stage":3,"elev":13.6,"name":"peak lowland water"},"geometry":{"type":"Polygon","coordinates":[[[91.97561643835616,24.88673366834171],[91.97945205479452,24.88673366834171],[91.97945205479452,24.890552763819095],[91.97561643835616,24.890552763819095],[91.97561643835616,24.88673366834171]]]}},{"type":"Feature","properties":{"stage":3,"elev":12.2,"name":"peak lowland water"},"geometry":{"type":"Polygon","coordinates":[[[91.97945205479452,24.88673366834171],[91.98328767123287,24.88673366834171],[91.98328767123287,24.890552763819095],[91.97945205479452,24.890552763819095],[91.97945205479452,24.88673366834171]]]}},{"type":"Feature","properties":{"stage":3,"elev":12.1,"name":"peak lowland water"},"geometry":{"type":"Polygon","coordinates":[[[91.98328767123287,24.88673366834171],[91.98712328767122,24.88673366834171],[91.98712328767122,24.890552763819095],[91.98328767123287,24.890552763819095],[91.98328767123287,24.88673366834171]]]}},{"type":"Feature","properties":{"stage":3,"elev":12.9,"name":"peak lowland water"},"geometry":{"type":"Polygon","coordinates":[[[91.78,24.890552763819095],[91.78383561643835,24.890552763819095],[91.78383561643835,24.89437185929648],[91.78,24.89437185929648],[91.78,24.890552763819095]]]}},{"type":"Feature","properties":{"stage":3,"elev":14,"name":"peak lowland water"},"geometry":{"type":"Polygon","coordinates":[[[91.78767123287672,24.890552763819095],[91.79150684931507,24.890552763819095],[91.79150684931507,24.89437185929648],[91.78767123287672,24.89437185929648],[91.78767123287672,24.890552763819095]]]}},{"type":"Feature","properties":{"stage":3,"elev":13.8,"name":"peak lowland water"},"geometry":{"type":"Polygon","coordinates":[[[91.79150684931507,24.890552763819095],[91.79534246575342,24.890552763819095],[91.79534246575342,24.89437185929648],[91.79150684931507,24.89437185929648],[91.79150684931507,24.890552763819095]]]}},{"type":"Feature","properties":{"stage":3,"elev":12.9,"name":"peak lowland water"},"geometry":{"type":"Polygon","coordinates":[[[91.79917808219179,24.890552763819095],[91.80301369863014,24.890552763819095],[91.80301369863014,24.89437185929648],[91.79917808219179,24.89437185929648],[91.79917808219179,24.890552763819095]]]}},{"type":"Feature","properties":{"stage":3,"elev":14.9,"name":"peak lowland water"},"geometry":{"type":"Polygon","coordinates":[[[91.80684931506849,24.890552763819095],[91.81068493150686,24.890552763819095],[91.81068493150686,24.89437185929648],[91.80684931506849,24.89437185929648],[91.80684931506849,24.890552763819095]]]}},{"type":"Feature","properties":{"stage":3,"elev":12.7,"name":"peak lowland water"},"geometry":{"type":"Polygon","coordinates":[[[91.82602739726028,24.890552763819095],[91.82986301369863,24.890552763819095],[91.82986301369863,24.89437185929648],[91.82602739726028,24.89437185929648],[91.82602739726028,24.890552763819095]]]}},{"type":"Feature","properties":{"stage":3,"elev":14.3,"name":"peak lowland water"},"geometry":{"type":"Polygon","coordinates":[[[91.90657534246576,24.890552763819095],[91.91041095890411,24.890552763819095],[91.91041095890411,24.89437185929648],[91.90657534246576,24.89437185929648],[91.90657534246576,24.890552763819095]]]}},{"type":"Feature","properties":{"stage":3,"elev":14.6,"name":"peak lowland water"},"geometry":{"type":"Polygon","coordinates":[[[91.92191780821918,24.890552763819095],[91.92575342465753,24.890552763819095],[91.92575342465753,24.89437185929648],[91.92191780821918,24.89437185929648],[91.92191780821918,24.890552763819095]]]}},{"type":"Feature","properties":{"stage":3,"elev":13.4,"name":"peak lowland water"},"geometry":{"type":"Polygon","coordinates":[[[91.92575342465753,24.890552763819095],[91.92958904109588,24.890552763819095],[91.92958904109588,24.89437185929648],[91.92575342465753,24.89437185929648],[91.92575342465753,24.890552763819095]]]}},{"type":"Feature","properties":{"stage":3,"elev":12.9,"name":"peak lowland water"},"geometry":{"type":"Polygon","coordinates":[[[91.92958904109588,24.890552763819095],[91.93342465753425,24.890552763819095],[91.93342465753425,24.89437185929648],[91.92958904109588,24.89437185929648],[91.92958904109588,24.890552763819095]]]}},{"type":"Feature","properties":{"stage":3,"elev":13,"name":"peak lowland water"},"geometry":{"type":"Polygon","coordinates":[[[91.93342465753425,24.890552763819095],[91.9372602739726,24.890552763819095],[91.9372602739726,24.89437185929648],[91.93342465753425,24.89437185929648],[91.93342465753425,24.890552763819095]]]}},{"type":"Feature","properties":{"stage":3,"elev":12.9,"name":"peak lowland water"},"geometry":{"type":"Polygon","coordinates":[[[91.9372602739726,24.890552763819095],[91.94109589041095,24.890552763819095],[91.94109589041095,24.89437185929648],[91.9372602739726,24.89437185929648],[91.9372602739726,24.890552763819095]]]}},{"type":"Feature","properties":{"stage":3,"elev":12.9,"name":"peak lowland water"},"geometry":{"type":"Polygon","coordinates":[[[91.94109589041095,24.890552763819095],[91.94493150684931,24.890552763819095],[91.94493150684931,24.89437185929648],[91.94109589041095,24.89437185929648],[91.94109589041095,24.890552763819095]]]}},{"type":"Feature","properties":{"stage":3,"elev":13.6,"name":"peak lowland water"},"geometry":{"type":"Polygon","coordinates":[[[91.94493150684931,24.890552763819095],[91.94876712328767,24.890552763819095],[91.94876712328767,24.89437185929648],[91.94493150684931,24.89437185929648],[91.94493150684931,24.890552763819095]]]}},{"type":"Feature","properties":{"stage":3,"elev":14,"name":"peak lowland water"},"geometry":{"type":"Polygon","coordinates":[[[91.94876712328767,24.890552763819095],[91.95260273972602,24.890552763819095],[91.95260273972602,24.89437185929648],[91.94876712328767,24.89437185929648],[91.94876712328767,24.890552763819095]]]}},{"type":"Feature","properties":{"stage":3,"elev":14.1,"name":"peak lowland water"},"geometry":{"type":"Polygon","coordinates":[[[91.95260273972602,24.890552763819095],[91.95643835616438,24.890552763819095],[91.95643835616438,24.89437185929648],[91.95260273972602,24.89437185929648],[91.95260273972602,24.890552763819095]]]}},{"type":"Feature","properties":{"stage":3,"elev":13.9,"name":"peak lowland water"},"geometry":{"type":"Polygon","coordinates":[[[91.95643835616438,24.890552763819095],[91.96027397260274,24.890552763819095],[91.96027397260274,24.89437185929648],[91.95643835616438,24.89437185929648],[91.95643835616438,24.890552763819095]]]}},{"type":"Feature","properties":{"stage":3,"elev":13.4,"name":"peak lowland water"},"geometry":{"type":"Polygon","coordinates":[[[91.96027397260274,24.890552763819095],[91.96410958904109,24.890552763819095],[91.96410958904109,24.89437185929648],[91.96027397260274,24.89437185929648],[91.96027397260274,24.890552763819095]]]}},{"type":"Feature","properties":{"stage":3,"elev":12.9,"name":"peak lowland water"},"geometry":{"type":"Polygon","coordinates":[[[91.96410958904109,24.890552763819095],[91.96794520547945,24.890552763819095],[91.96794520547945,24.89437185929648],[91.96410958904109,24.89437185929648],[91.96410958904109,24.890552763819095]]]}},{"type":"Feature","properties":{"stage":3,"elev":13.4,"name":"peak lowland water"},"geometry":{"type":"Polygon","coordinates":[[[91.96794520547945,24.890552763819095],[91.9717808219178,24.890552763819095],[91.9717808219178,24.89437185929648],[91.96794520547945,24.89437185929648],[91.96794520547945,24.890552763819095]]]}},{"type":"Feature","properties":{"stage":3,"elev":14.9,"name":"peak lowland water"},"geometry":{"type":"Polygon","coordinates":[[[91.9717808219178,24.890552763819095],[91.97561643835616,24.890552763819095],[91.97561643835616,24.89437185929648],[91.9717808219178,24.89437185929648],[91.9717808219178,24.890552763819095]]]}},{"type":"Feature","properties":{"stage":3,"elev":13.7,"name":"peak lowland water"},"geometry":{"type":"Polygon","coordinates":[[[91.97561643835616,24.890552763819095],[91.97945205479452,24.890552763819095],[91.97945205479452,24.89437185929648],[91.97561643835616,24.89437185929648],[91.97561643835616,24.890552763819095]]]}},{"type":"Feature","properties":{"stage":3,"elev":13.3,"name":"peak lowland water"},"geometry":{"type":"Polygon","coordinates":[[[91.97945205479452,24.890552763819095],[91.98328767123287,24.890552763819095],[91.98328767123287,24.89437185929648],[91.97945205479452,24.89437185929648],[91.97945205479452,24.890552763819095]]]}},{"type":"Feature","properties":{"stage":3,"elev":11.1,"name":"peak lowland water"},"geometry":{"type":"Polygon","coordinates":[[[91.98328767123287,24.890552763819095],[91.98712328767122,24.890552763819095],[91.98712328767122,24.89437185929648],[91.98328767123287,24.89437185929648],[91.98328767123287,24.890552763819095]]]}},{"type":"Feature","properties":{"stage":3,"elev":12.9,"name":"peak lowland water"},"geometry":{"type":"Polygon","coordinates":[[[91.78,24.89437185929648],[91.78383561643835,24.89437185929648],[91.78383561643835,24.89819095477387],[91.78,24.89819095477387],[91.78,24.89437185929648]]]}},{"type":"Feature","properties":{"stage":3,"elev":13.7,"name":"peak lowland water"},"geometry":{"type":"Polygon","coordinates":[[[91.78383561643835,24.89437185929648],[91.78767123287672,24.89437185929648],[91.78767123287672,24.89819095477387],[91.78383561643835,24.89819095477387],[91.78383561643835,24.89437185929648]]]}},{"type":"Feature","properties":{"stage":3,"elev":13.9,"name":"peak lowland water"},"geometry":{"type":"Polygon","coordinates":[[[91.79150684931507,24.89437185929648],[91.79534246575342,24.89437185929648],[91.79534246575342,24.89819095477387],[91.79150684931507,24.89819095477387],[91.79150684931507,24.89437185929648]]]}},{"type":"Feature","properties":{"stage":3,"elev":14.4,"name":"peak lowland water"},"geometry":{"type":"Polygon","coordinates":[[[91.79534246575342,24.89437185929648],[91.79917808219179,24.89437185929648],[91.79917808219179,24.89819095477387],[91.79534246575342,24.89819095477387],[91.79534246575342,24.89437185929648]]]}},{"type":"Feature","properties":{"stage":3,"elev":14.3,"name":"peak lowland water"},"geometry":{"type":"Polygon","coordinates":[[[91.79917808219179,24.89437185929648],[91.80301369863014,24.89437185929648],[91.80301369863014,24.89819095477387],[91.79917808219179,24.89819095477387],[91.79917808219179,24.89437185929648]]]}},{"type":"Feature","properties":{"stage":3,"elev":13.3,"name":"peak lowland water"},"geometry":{"type":"Polygon","coordinates":[[[91.80301369863014,24.89437185929648],[91.80684931506849,24.89437185929648],[91.80684931506849,24.89819095477387],[91.80301369863014,24.89819095477387],[91.80301369863014,24.89437185929648]]]}},{"type":"Feature","properties":{"stage":3,"elev":14.3,"name":"peak lowland water"},"geometry":{"type":"Polygon","coordinates":[[[91.80684931506849,24.89437185929648],[91.81068493150686,24.89437185929648],[91.81068493150686,24.89819095477387],[91.80684931506849,24.89819095477387],[91.80684931506849,24.89437185929648]]]}},{"type":"Feature","properties":{"stage":3,"elev":14.8,"name":"peak lowland water"},"geometry":{"type":"Polygon","coordinates":[[[91.82219178082192,24.89437185929648],[91.82602739726028,24.89437185929648],[91.82602739726028,24.89819095477387],[91.82219178082192,24.89819095477387],[91.82219178082192,24.89437185929648]]]}},{"type":"Feature","properties":{"stage":3,"elev":13.2,"name":"peak lowland water"},"geometry":{"type":"Polygon","coordinates":[[[91.82602739726028,24.89437185929648],[91.82986301369863,24.89437185929648],[91.82986301369863,24.89819095477387],[91.82602739726028,24.89819095477387],[91.82602739726028,24.89437185929648]]]}},{"type":"Feature","properties":{"stage":3,"elev":14.6,"name":"peak lowland water"},"geometry":{"type":"Polygon","coordinates":[[[91.84520547945205,24.89437185929648],[91.84904109589041,24.89437185929648],[91.84904109589041,24.89819095477387],[91.84520547945205,24.89819095477387],[91.84520547945205,24.89437185929648]]]}},{"type":"Feature","properties":{"stage":3,"elev":14.7,"name":"peak lowland water"},"geometry":{"type":"Polygon","coordinates":[[[91.92575342465753,24.89437185929648],[91.92958904109588,24.89437185929648],[91.92958904109588,24.89819095477387],[91.92575342465753,24.89819095477387],[91.92575342465753,24.89437185929648]]]}},{"type":"Feature","properties":{"stage":3,"elev":14.1,"name":"peak lowland water"},"geometry":{"type":"Polygon","coordinates":[[[91.92958904109588,24.89437185929648],[91.93342465753425,24.89437185929648],[91.93342465753425,24.89819095477387],[91.92958904109588,24.89819095477387],[91.92958904109588,24.89437185929648]]]}},{"type":"Feature","properties":{"stage":3,"elev":14.7,"name":"peak lowland water"},"geometry":{"type":"Polygon","coordinates":[[[91.93342465753425,24.89437185929648],[91.9372602739726,24.89437185929648],[91.9372602739726,24.89819095477387],[91.93342465753425,24.89819095477387],[91.93342465753425,24.89437185929648]]]}},{"type":"Feature","properties":{"stage":3,"elev":13.6,"name":"peak lowland water"},"geometry":{"type":"Polygon","coordinates":[[[91.9372602739726,24.89437185929648],[91.94109589041095,24.89437185929648],[91.94109589041095,24.89819095477387],[91.9372602739726,24.89819095477387],[91.9372602739726,24.89437185929648]]]}},{"type":"Feature","properties":{"stage":3,"elev":14.3,"name":"peak lowland water"},"geometry":{"type":"Polygon","coordinates":[[[91.94109589041095,24.89437185929648],[91.94493150684931,24.89437185929648],[91.94493150684931,24.89819095477387],[91.94109589041095,24.89819095477387],[91.94109589041095,24.89437185929648]]]}},{"type":"Feature","properties":{"stage":3,"elev":14.9,"name":"peak lowland water"},"geometry":{"type":"Polygon","coordinates":[[[91.94493150684931,24.89437185929648],[91.94876712328767,24.89437185929648],[91.94876712328767,24.89819095477387],[91.94493150684931,24.89819095477387],[91.94493150684931,24.89437185929648]]]}},{"type":"Feature","properties":{"stage":3,"elev":13.7,"name":"peak lowland water"},"geometry":{"type":"Polygon","coordinates":[[[91.94876712328767,24.89437185929648],[91.95260273972602,24.89437185929648],[91.95260273972602,24.89819095477387],[91.94876712328767,24.89819095477387],[91.94876712328767,24.89437185929648]]]}},{"type":"Feature","properties":{"stage":3,"elev":13.2,"name":"peak lowland water"},"geometry":{"type":"Polygon","coordinates":[[[91.95260273972602,24.89437185929648],[91.95643835616438,24.89437185929648],[91.95643835616438,24.89819095477387],[91.95260273972602,24.89819095477387],[91.95260273972602,24.89437185929648]]]}},{"type":"Feature","properties":{"stage":3,"elev":14.4,"name":"peak lowland water"},"geometry":{"type":"Polygon","coordinates":[[[91.95643835616438,24.89437185929648],[91.96027397260274,24.89437185929648],[91.96027397260274,24.89819095477387],[91.95643835616438,24.89819095477387],[91.95643835616438,24.89437185929648]]]}},{"type":"Feature","properties":{"stage":3,"elev":14.4,"name":"peak lowland water"},"geometry":{"type":"Polygon","coordinates":[[[91.96027397260274,24.89437185929648],[91.96410958904109,24.89437185929648],[91.96410958904109,24.89819095477387],[91.96027397260274,24.89819095477387],[91.96027397260274,24.89437185929648]]]}},{"type":"Feature","properties":{"stage":3,"elev":13.9,"name":"peak lowland water"},"geometry":{"type":"Polygon","coordinates":[[[91.96410958904109,24.89437185929648],[91.96794520547945,24.89437185929648],[91.96794520547945,24.89819095477387],[91.96410958904109,24.89819095477387],[91.96410958904109,24.89437185929648]]]}},{"type":"Feature","properties":{"stage":3,"elev":13.8,"name":"peak lowland water"},"geometry":{"type":"Polygon","coordinates":[[[91.96794520547945,24.89437185929648],[91.9717808219178,24.89437185929648],[91.9717808219178,24.89819095477387],[91.96794520547945,24.89819095477387],[91.96794520547945,24.89437185929648]]]}},{"type":"Feature","properties":{"stage":3,"elev":14.3,"name":"peak lowland water"},"geometry":{"type":"Polygon","coordinates":[[[91.9717808219178,24.89437185929648],[91.97561643835616,24.89437185929648],[91.97561643835616,24.89819095477387],[91.9717808219178,24.89819095477387],[91.9717808219178,24.89437185929648]]]}},{"type":"Feature","properties":{"stage":3,"elev":13.6,"name":"peak lowland water"},"geometry":{"type":"Polygon","coordinates":[[[91.97561643835616,24.89437185929648],[91.97945205479452,24.89437185929648],[91.97945205479452,24.89819095477387],[91.97561643835616,24.89819095477387],[91.97561643835616,24.89437185929648]]]}},{"type":"Feature","properties":{"stage":3,"elev":13.8,"name":"peak lowland water"},"geometry":{"type":"Polygon","coordinates":[[[91.97945205479452,24.89437185929648],[91.98328767123287,24.89437185929648],[91.98328767123287,24.89819095477387],[91.97945205479452,24.89819095477387],[91.97945205479452,24.89437185929648]]]}},{"type":"Feature","properties":{"stage":3,"elev":12,"name":"peak lowland water"},"geometry":{"type":"Polygon","coordinates":[[[91.98328767123287,24.89437185929648],[91.98712328767122,24.89437185929648],[91.98712328767122,24.89819095477387],[91.98328767123287,24.89819095477387],[91.98328767123287,24.89437185929648]]]}},{"type":"Feature","properties":{"stage":3,"elev":12.9,"name":"peak lowland water"},"geometry":{"type":"Polygon","coordinates":[[[91.78767123287672,24.89819095477387],[91.79150684931507,24.89819095477387],[91.79150684931507,24.902010050251256],[91.78767123287672,24.902010050251256],[91.78767123287672,24.89819095477387]]]}},{"type":"Feature","properties":{"stage":3,"elev":13.1,"name":"peak lowland water"},"geometry":{"type":"Polygon","coordinates":[[[91.79917808219179,24.89819095477387],[91.80301369863014,24.89819095477387],[91.80301369863014,24.902010050251256],[91.79917808219179,24.902010050251256],[91.79917808219179,24.89819095477387]]]}},{"type":"Feature","properties":{"stage":3,"elev":14.9,"name":"peak lowland water"},"geometry":{"type":"Polygon","coordinates":[[[91.81452054794521,24.89819095477387],[91.81835616438356,24.89819095477387],[91.81835616438356,24.902010050251256],[91.81452054794521,24.902010050251256],[91.81452054794521,24.89819095477387]]]}},{"type":"Feature","properties":{"stage":3,"elev":13.8,"name":"peak lowland water"},"geometry":{"type":"Polygon","coordinates":[[[91.81835616438356,24.89819095477387],[91.82219178082192,24.89819095477387],[91.82219178082192,24.902010050251256],[91.81835616438356,24.902010050251256],[91.81835616438356,24.89819095477387]]]}},{"type":"Feature","properties":{"stage":3,"elev":14,"name":"peak lowland water"},"geometry":{"type":"Polygon","coordinates":[[[91.82219178082192,24.89819095477387],[91.82602739726028,24.89819095477387],[91.82602739726028,24.902010050251256],[91.82219178082192,24.902010050251256],[91.82219178082192,24.89819095477387]]]}},{"type":"Feature","properties":{"stage":3,"elev":14.8,"name":"peak lowland water"},"geometry":{"type":"Polygon","coordinates":[[[91.82602739726028,24.89819095477387],[91.82986301369863,24.89819095477387],[91.82986301369863,24.902010050251256],[91.82602739726028,24.902010050251256],[91.82602739726028,24.89819095477387]]]}},{"type":"Feature","properties":{"stage":3,"elev":13.1,"name":"peak lowland water"},"geometry":{"type":"Polygon","coordinates":[[[91.83753424657534,24.89819095477387],[91.8413698630137,24.89819095477387],[91.8413698630137,24.902010050251256],[91.83753424657534,24.902010050251256],[91.83753424657534,24.89819095477387]]]}},{"type":"Feature","properties":{"stage":3,"elev":14.8,"name":"peak lowland water"},"geometry":{"type":"Polygon","coordinates":[[[91.93342465753425,24.89819095477387],[91.9372602739726,24.89819095477387],[91.9372602739726,24.902010050251256],[91.93342465753425,24.902010050251256],[91.93342465753425,24.89819095477387]]]}},{"type":"Feature","properties":{"stage":3,"elev":14,"name":"peak lowland water"},"geometry":{"type":"Polygon","coordinates":[[[91.95260273972602,24.89819095477387],[91.95643835616438,24.89819095477387],[91.95643835616438,24.902010050251256],[91.95260273972602,24.902010050251256],[91.95260273972602,24.89819095477387]]]}},{"type":"Feature","properties":{"stage":3,"elev":13.9,"name":"peak lowland water"},"geometry":{"type":"Polygon","coordinates":[[[91.95643835616438,24.89819095477387],[91.96027397260274,24.89819095477387],[91.96027397260274,24.902010050251256],[91.95643835616438,24.902010050251256],[91.95643835616438,24.89819095477387]]]}},{"type":"Feature","properties":{"stage":3,"elev":13.6,"name":"peak lowland water"},"geometry":{"type":"Polygon","coordinates":[[[91.96027397260274,24.89819095477387],[91.96410958904109,24.89819095477387],[91.96410958904109,24.902010050251256],[91.96027397260274,24.902010050251256],[91.96027397260274,24.89819095477387]]]}},{"type":"Feature","properties":{"stage":3,"elev":13.3,"name":"peak lowland water"},"geometry":{"type":"Polygon","coordinates":[[[91.96410958904109,24.89819095477387],[91.96794520547945,24.89819095477387],[91.96794520547945,24.902010050251256],[91.96410958904109,24.902010050251256],[91.96410958904109,24.89819095477387]]]}},{"type":"Feature","properties":{"stage":3,"elev":13.2,"name":"peak lowland water"},"geometry":{"type":"Polygon","coordinates":[[[91.96794520547945,24.89819095477387],[91.9717808219178,24.89819095477387],[91.9717808219178,24.902010050251256],[91.96794520547945,24.902010050251256],[91.96794520547945,24.89819095477387]]]}},{"type":"Feature","properties":{"stage":3,"elev":14.5,"name":"peak lowland water"},"geometry":{"type":"Polygon","coordinates":[[[91.9717808219178,24.89819095477387],[91.97561643835616,24.89819095477387],[91.97561643835616,24.902010050251256],[91.9717808219178,24.902010050251256],[91.9717808219178,24.89819095477387]]]}},{"type":"Feature","properties":{"stage":3,"elev":13,"name":"peak lowland water"},"geometry":{"type":"Polygon","coordinates":[[[91.97561643835616,24.89819095477387],[91.97945205479452,24.89819095477387],[91.97945205479452,24.902010050251256],[91.97561643835616,24.902010050251256],[91.97561643835616,24.89819095477387]]]}},{"type":"Feature","properties":{"stage":3,"elev":13.3,"name":"peak lowland water"},"geometry":{"type":"Polygon","coordinates":[[[91.97945205479452,24.89819095477387],[91.98328767123287,24.89819095477387],[91.98328767123287,24.902010050251256],[91.97945205479452,24.902010050251256],[91.97945205479452,24.89819095477387]]]}},{"type":"Feature","properties":{"stage":3,"elev":13.6,"name":"peak lowland water"},"geometry":{"type":"Polygon","coordinates":[[[91.98328767123287,24.89819095477387],[91.98712328767122,24.89819095477387],[91.98712328767122,24.902010050251256],[91.98328767123287,24.902010050251256],[91.98328767123287,24.89819095477387]]]}},{"type":"Feature","properties":{"stage":3,"elev":14.6,"name":"peak lowland water"},"geometry":{"type":"Polygon","coordinates":[[[91.78767123287672,24.902010050251256],[91.79150684931507,24.902010050251256],[91.79150684931507,24.905829145728642],[91.78767123287672,24.905829145728642],[91.78767123287672,24.902010050251256]]]}},{"type":"Feature","properties":{"stage":3,"elev":13.4,"name":"peak lowland water"},"geometry":{"type":"Polygon","coordinates":[[[91.79917808219179,24.902010050251256],[91.80301369863014,24.902010050251256],[91.80301369863014,24.905829145728642],[91.79917808219179,24.905829145728642],[91.79917808219179,24.902010050251256]]]}},{"type":"Feature","properties":{"stage":3,"elev":14.9,"name":"peak lowland water"},"geometry":{"type":"Polygon","coordinates":[[[91.81452054794521,24.902010050251256],[91.81835616438356,24.902010050251256],[91.81835616438356,24.905829145728642],[91.81452054794521,24.905829145728642],[91.81452054794521,24.902010050251256]]]}},{"type":"Feature","properties":{"stage":3,"elev":13.1,"name":"peak lowland water"},"geometry":{"type":"Polygon","coordinates":[[[91.83369863013698,24.902010050251256],[91.83753424657534,24.902010050251256],[91.83753424657534,24.905829145728642],[91.83369863013698,24.905829145728642],[91.83369863013698,24.902010050251256]]]}},{"type":"Feature","properties":{"stage":3,"elev":15,"name":"peak lowland water"},"geometry":{"type":"Polygon","coordinates":[[[91.8413698630137,24.902010050251256],[91.84520547945205,24.902010050251256],[91.84520547945205,24.905829145728642],[91.8413698630137,24.905829145728642],[91.8413698630137,24.902010050251256]]]}},{"type":"Feature","properties":{"stage":3,"elev":14.6,"name":"peak lowland water"},"geometry":{"type":"Polygon","coordinates":[[[91.95260273972602,24.902010050251256],[91.95643835616438,24.902010050251256],[91.95643835616438,24.905829145728642],[91.95260273972602,24.905829145728642],[91.95260273972602,24.902010050251256]]]}},{"type":"Feature","properties":{"stage":3,"elev":14.4,"name":"peak lowland water"},"geometry":{"type":"Polygon","coordinates":[[[91.96410958904109,24.902010050251256],[91.96794520547945,24.902010050251256],[91.96794520547945,24.905829145728642],[91.96410958904109,24.905829145728642],[91.96410958904109,24.902010050251256]]]}},{"type":"Feature","properties":{"stage":3,"elev":14.4,"name":"peak lowland water"},"geometry":{"type":"Polygon","coordinates":[[[91.96794520547945,24.902010050251256],[91.9717808219178,24.902010050251256],[91.9717808219178,24.905829145728642],[91.96794520547945,24.905829145728642],[91.96794520547945,24.902010050251256]]]}},{"type":"Feature","properties":{"stage":3,"elev":14.7,"name":"peak lowland water"},"geometry":{"type":"Polygon","coordinates":[[[91.9717808219178,24.902010050251256],[91.97561643835616,24.902010050251256],[91.97561643835616,24.905829145728642],[91.9717808219178,24.905829145728642],[91.9717808219178,24.902010050251256]]]}},{"type":"Feature","properties":{"stage":3,"elev":10.6,"name":"peak lowland water"},"geometry":{"type":"Polygon","coordinates":[[[91.97561643835616,24.902010050251256],[91.97945205479452,24.902010050251256],[91.97945205479452,24.905829145728642],[91.97561643835616,24.905829145728642],[91.97561643835616,24.902010050251256]]]}},{"type":"Feature","properties":{"stage":3,"elev":11.4,"name":"peak lowland water"},"geometry":{"type":"Polygon","coordinates":[[[91.97945205479452,24.902010050251256],[91.98328767123287,24.902010050251256],[91.98328767123287,24.905829145728642],[91.97945205479452,24.905829145728642],[91.97945205479452,24.902010050251256]]]}},{"type":"Feature","properties":{"stage":3,"elev":14.2,"name":"peak lowland water"},"geometry":{"type":"Polygon","coordinates":[[[91.98328767123287,24.902010050251256],[91.98712328767122,24.902010050251256],[91.98712328767122,24.905829145728642],[91.98328767123287,24.905829145728642],[91.98328767123287,24.902010050251256]]]}},{"type":"Feature","properties":{"stage":3,"elev":13.9,"name":"peak lowland water"},"geometry":{"type":"Polygon","coordinates":[[[91.78,24.905829145728642],[91.78383561643835,24.905829145728642],[91.78383561643835,24.90964824120603],[91.78,24.90964824120603],[91.78,24.905829145728642]]]}},{"type":"Feature","properties":{"stage":3,"elev":13.3,"name":"peak lowland water"},"geometry":{"type":"Polygon","coordinates":[[[91.78383561643835,24.905829145728642],[91.78767123287672,24.905829145728642],[91.78767123287672,24.90964824120603],[91.78383561643835,24.90964824120603],[91.78383561643835,24.905829145728642]]]}},{"type":"Feature","properties":{"stage":3,"elev":13.6,"name":"peak lowland water"},"geometry":{"type":"Polygon","coordinates":[[[91.78767123287672,24.905829145728642],[91.79150684931507,24.905829145728642],[91.79150684931507,24.90964824120603],[91.78767123287672,24.90964824120603],[91.78767123287672,24.905829145728642]]]}},{"type":"Feature","properties":{"stage":3,"elev":13,"name":"peak lowland water"},"geometry":{"type":"Polygon","coordinates":[[[91.79150684931507,24.905829145728642],[91.79534246575342,24.905829145728642],[91.79534246575342,24.90964824120603],[91.79150684931507,24.90964824120603],[91.79150684931507,24.905829145728642]]]}},{"type":"Feature","properties":{"stage":3,"elev":14.4,"name":"peak lowland water"},"geometry":{"type":"Polygon","coordinates":[[[91.79534246575342,24.905829145728642],[91.79917808219179,24.905829145728642],[91.79917808219179,24.90964824120603],[91.79534246575342,24.90964824120603],[91.79534246575342,24.905829145728642]]]}},{"type":"Feature","properties":{"stage":3,"elev":13.4,"name":"peak lowland water"},"geometry":{"type":"Polygon","coordinates":[[[91.79917808219179,24.905829145728642],[91.80301369863014,24.905829145728642],[91.80301369863014,24.90964824120603],[91.79917808219179,24.90964824120603],[91.79917808219179,24.905829145728642]]]}},{"type":"Feature","properties":{"stage":3,"elev":13.8,"name":"peak lowland water"},"geometry":{"type":"Polygon","coordinates":[[[91.80301369863014,24.905829145728642],[91.80684931506849,24.905829145728642],[91.80684931506849,24.90964824120603],[91.80301369863014,24.90964824120603],[91.80301369863014,24.905829145728642]]]}},{"type":"Feature","properties":{"stage":3,"elev":13.1,"name":"peak lowland water"},"geometry":{"type":"Polygon","coordinates":[[[91.80684931506849,24.905829145728642],[91.81068493150686,24.905829145728642],[91.81068493150686,24.90964824120603],[91.80684931506849,24.90964824120603],[91.80684931506849,24.905829145728642]]]}},{"type":"Feature","properties":{"stage":3,"elev":12.1,"name":"peak lowland water"},"geometry":{"type":"Polygon","coordinates":[[[91.81068493150686,24.905829145728642],[91.81452054794521,24.905829145728642],[91.81452054794521,24.90964824120603],[91.81068493150686,24.90964824120603],[91.81068493150686,24.905829145728642]]]}},{"type":"Feature","properties":{"stage":3,"elev":15,"name":"peak lowland water"},"geometry":{"type":"Polygon","coordinates":[[[91.82602739726028,24.905829145728642],[91.82986301369863,24.905829145728642],[91.82986301369863,24.90964824120603],[91.82602739726028,24.90964824120603],[91.82602739726028,24.905829145728642]]]}},{"type":"Feature","properties":{"stage":3,"elev":14.9,"name":"peak lowland water"},"geometry":{"type":"Polygon","coordinates":[[[91.82986301369863,24.905829145728642],[91.83369863013698,24.905829145728642],[91.83369863013698,24.90964824120603],[91.82986301369863,24.90964824120603],[91.82986301369863,24.905829145728642]]]}},{"type":"Feature","properties":{"stage":3,"elev":14.6,"name":"peak lowland water"},"geometry":{"type":"Polygon","coordinates":[[[91.83369863013698,24.905829145728642],[91.83753424657534,24.905829145728642],[91.83753424657534,24.90964824120603],[91.83369863013698,24.90964824120603],[91.83369863013698,24.905829145728642]]]}},{"type":"Feature","properties":{"stage":3,"elev":15,"name":"peak lowland water"},"geometry":{"type":"Polygon","coordinates":[[[91.9717808219178,24.905829145728642],[91.97561643835616,24.905829145728642],[91.97561643835616,24.90964824120603],[91.9717808219178,24.90964824120603],[91.9717808219178,24.905829145728642]]]}},{"type":"Feature","properties":{"stage":3,"elev":11.6,"name":"peak lowland water"},"geometry":{"type":"Polygon","coordinates":[[[91.97561643835616,24.905829145728642],[91.97945205479452,24.905829145728642],[91.97945205479452,24.90964824120603],[91.97561643835616,24.90964824120603],[91.97561643835616,24.905829145728642]]]}},{"type":"Feature","properties":{"stage":3,"elev":10,"name":"peak lowland water"},"geometry":{"type":"Polygon","coordinates":[[[91.97945205479452,24.905829145728642],[91.98328767123287,24.905829145728642],[91.98328767123287,24.90964824120603],[91.97945205479452,24.90964824120603],[91.97945205479452,24.905829145728642]]]}},{"type":"Feature","properties":{"stage":3,"elev":9.5,"name":"peak lowland water"},"geometry":{"type":"Polygon","coordinates":[[[91.98328767123287,24.905829145728642],[91.98712328767122,24.905829145728642],[91.98712328767122,24.90964824120603],[91.98328767123287,24.90964824120603],[91.98328767123287,24.905829145728642]]]}},{"type":"Feature","properties":{"stage":3,"elev":14.9,"name":"peak lowland water"},"geometry":{"type":"Polygon","coordinates":[[[91.78,24.90964824120603],[91.78383561643835,24.90964824120603],[91.78383561643835,24.913467336683418],[91.78,24.913467336683418],[91.78,24.90964824120603]]]}},{"type":"Feature","properties":{"stage":3,"elev":14.7,"name":"peak lowland water"},"geometry":{"type":"Polygon","coordinates":[[[91.78383561643835,24.90964824120603],[91.78767123287672,24.90964824120603],[91.78767123287672,24.913467336683418],[91.78383561643835,24.913467336683418],[91.78383561643835,24.90964824120603]]]}},{"type":"Feature","properties":{"stage":3,"elev":13.9,"name":"peak lowland water"},"geometry":{"type":"Polygon","coordinates":[[[91.79534246575342,24.90964824120603],[91.79917808219179,24.90964824120603],[91.79917808219179,24.913467336683418],[91.79534246575342,24.913467336683418],[91.79534246575342,24.90964824120603]]]}},{"type":"Feature","properties":{"stage":3,"elev":11.9,"name":"peak lowland water"},"geometry":{"type":"Polygon","coordinates":[[[91.79917808219179,24.90964824120603],[91.80301369863014,24.90964824120603],[91.80301369863014,24.913467336683418],[91.79917808219179,24.913467336683418],[91.79917808219179,24.90964824120603]]]}},{"type":"Feature","properties":{"stage":3,"elev":14.7,"name":"peak lowland water"},"geometry":{"type":"Polygon","coordinates":[[[91.80301369863014,24.90964824120603],[91.80684931506849,24.90964824120603],[91.80684931506849,24.913467336683418],[91.80301369863014,24.913467336683418],[91.80301369863014,24.90964824120603]]]}},{"type":"Feature","properties":{"stage":3,"elev":14.6,"name":"peak lowland water"},"geometry":{"type":"Polygon","coordinates":[[[91.80684931506849,24.90964824120603],[91.81068493150686,24.90964824120603],[91.81068493150686,24.913467336683418],[91.80684931506849,24.913467336683418],[91.80684931506849,24.90964824120603]]]}},{"type":"Feature","properties":{"stage":3,"elev":13.5,"name":"peak lowland water"},"geometry":{"type":"Polygon","coordinates":[[[91.81068493150686,24.90964824120603],[91.81452054794521,24.90964824120603],[91.81452054794521,24.913467336683418],[91.81068493150686,24.913467336683418],[91.81068493150686,24.90964824120603]]]}},{"type":"Feature","properties":{"stage":3,"elev":13,"name":"peak lowland water"},"geometry":{"type":"Polygon","coordinates":[[[91.81452054794521,24.90964824120603],[91.81835616438356,24.90964824120603],[91.81835616438356,24.913467336683418],[91.81452054794521,24.913467336683418],[91.81452054794521,24.90964824120603]]]}},{"type":"Feature","properties":{"stage":3,"elev":14.2,"name":"peak lowland water"},"geometry":{"type":"Polygon","coordinates":[[[91.81835616438356,24.90964824120603],[91.82219178082192,24.90964824120603],[91.82219178082192,24.913467336683418],[91.81835616438356,24.913467336683418],[91.81835616438356,24.90964824120603]]]}},{"type":"Feature","properties":{"stage":3,"elev":14.5,"name":"peak lowland water"},"geometry":{"type":"Polygon","coordinates":[[[91.9717808219178,24.90964824120603],[91.97561643835616,24.90964824120603],[91.97561643835616,24.913467336683418],[91.9717808219178,24.913467336683418],[91.9717808219178,24.90964824120603]]]}},{"type":"Feature","properties":{"stage":3,"elev":13.6,"name":"peak lowland water"},"geometry":{"type":"Polygon","coordinates":[[[91.97561643835616,24.90964824120603],[91.97945205479452,24.90964824120603],[91.97945205479452,24.913467336683418],[91.97561643835616,24.913467336683418],[91.97561643835616,24.90964824120603]]]}},{"type":"Feature","properties":{"stage":3,"elev":10.4,"name":"peak lowland water"},"geometry":{"type":"Polygon","coordinates":[[[91.97945205479452,24.90964824120603],[91.98328767123287,24.90964824120603],[91.98328767123287,24.913467336683418],[91.97945205479452,24.913467336683418],[91.97945205479452,24.90964824120603]]]}},{"type":"Feature","properties":{"stage":3,"elev":9.5,"name":"peak lowland water"},"geometry":{"type":"Polygon","coordinates":[[[91.98328767123287,24.90964824120603],[91.98712328767122,24.90964824120603],[91.98712328767122,24.913467336683418],[91.98328767123287,24.913467336683418],[91.98328767123287,24.90964824120603]]]}},{"type":"Feature","properties":{"stage":3,"elev":14.1,"name":"peak lowland water"},"geometry":{"type":"Polygon","coordinates":[[[91.78383561643835,24.913467336683418],[91.78767123287672,24.913467336683418],[91.78767123287672,24.917286432160804],[91.78383561643835,24.917286432160804],[91.78383561643835,24.913467336683418]]]}},{"type":"Feature","properties":{"stage":3,"elev":12.9,"name":"peak lowland water"},"geometry":{"type":"Polygon","coordinates":[[[91.78767123287672,24.913467336683418],[91.79150684931507,24.913467336683418],[91.79150684931507,24.917286432160804],[91.78767123287672,24.917286432160804],[91.78767123287672,24.913467336683418]]]}},{"type":"Feature","properties":{"stage":3,"elev":12.6,"name":"peak lowland water"},"geometry":{"type":"Polygon","coordinates":[[[91.79150684931507,24.913467336683418],[91.79534246575342,24.913467336683418],[91.79534246575342,24.917286432160804],[91.79150684931507,24.917286432160804],[91.79150684931507,24.913467336683418]]]}},{"type":"Feature","properties":{"stage":3,"elev":13.7,"name":"peak lowland water"},"geometry":{"type":"Polygon","coordinates":[[[91.79534246575342,24.913467336683418],[91.79917808219179,24.913467336683418],[91.79917808219179,24.917286432160804],[91.79534246575342,24.917286432160804],[91.79534246575342,24.913467336683418]]]}},{"type":"Feature","properties":{"stage":3,"elev":13.8,"name":"peak lowland water"},"geometry":{"type":"Polygon","coordinates":[[[91.97945205479452,24.913467336683418],[91.98328767123287,24.913467336683418],[91.98328767123287,24.917286432160804],[91.97945205479452,24.917286432160804],[91.97945205479452,24.913467336683418]]]}},{"type":"Feature","properties":{"stage":3,"elev":13.5,"name":"peak lowland water"},"geometry":{"type":"Polygon","coordinates":[[[91.78383561643835,24.917286432160804],[91.78767123287672,24.917286432160804],[91.78767123287672,24.92110552763819],[91.78383561643835,24.92110552763819],[91.78383561643835,24.917286432160804]]]}},{"type":"Feature","properties":{"stage":3,"elev":13.1,"name":"peak lowland water"},"geometry":{"type":"Polygon","coordinates":[[[91.78767123287672,24.917286432160804],[91.79150684931507,24.917286432160804],[91.79150684931507,24.92110552763819],[91.78767123287672,24.92110552763819],[91.78767123287672,24.917286432160804]]]}},{"type":"Feature","properties":{"stage":3,"elev":14.2,"name":"peak lowland water"},"geometry":{"type":"Polygon","coordinates":[[[91.79150684931507,24.917286432160804],[91.79534246575342,24.917286432160804],[91.79534246575342,24.92110552763819],[91.79150684931507,24.92110552763819],[91.79150684931507,24.917286432160804]]]}},{"type":"Feature","properties":{"stage":3,"elev":14.9,"name":"peak lowland water"},"geometry":{"type":"Polygon","coordinates":[[[91.79534246575342,24.917286432160804],[91.79917808219179,24.917286432160804],[91.79917808219179,24.92110552763819],[91.79534246575342,24.92110552763819],[91.79534246575342,24.917286432160804]]]}},{"type":"Feature","properties":{"stage":3,"elev":14.8,"name":"peak lowland water"},"geometry":{"type":"Polygon","coordinates":[[[91.82219178082192,24.917286432160804],[91.82602739726028,24.917286432160804],[91.82602739726028,24.92110552763819],[91.82219178082192,24.92110552763819],[91.82219178082192,24.917286432160804]]]}},{"type":"Feature","properties":{"stage":3,"elev":14.8,"name":"peak lowland water"},"geometry":{"type":"Polygon","coordinates":[[[91.82602739726028,24.917286432160804],[91.82986301369863,24.917286432160804],[91.82986301369863,24.92110552763819],[91.82602739726028,24.92110552763819],[91.82602739726028,24.917286432160804]]]}},{"type":"Feature","properties":{"stage":3,"elev":14.7,"name":"peak lowland water"},"geometry":{"type":"Polygon","coordinates":[[[91.78,24.92110552763819],[91.78383561643835,24.92110552763819],[91.78383561643835,24.92492462311558],[91.78,24.92492462311558],[91.78,24.92110552763819]]]}},{"type":"Feature","properties":{"stage":3,"elev":12.2,"name":"peak lowland water"},"geometry":{"type":"Polygon","coordinates":[[[91.78383561643835,24.92110552763819],[91.78767123287672,24.92110552763819],[91.78767123287672,24.92492462311558],[91.78383561643835,24.92492462311558],[91.78383561643835,24.92110552763819]]]}},{"type":"Feature","properties":{"stage":3,"elev":13.3,"name":"peak lowland water"},"geometry":{"type":"Polygon","coordinates":[[[91.78767123287672,24.92110552763819],[91.79150684931507,24.92110552763819],[91.79150684931507,24.92492462311558],[91.78767123287672,24.92492462311558],[91.78767123287672,24.92110552763819]]]}},{"type":"Feature","properties":{"stage":3,"elev":14.6,"name":"peak lowland water"},"geometry":{"type":"Polygon","coordinates":[[[91.79150684931507,24.92110552763819],[91.79534246575342,24.92110552763819],[91.79534246575342,24.92492462311558],[91.79150684931507,24.92492462311558],[91.79150684931507,24.92110552763819]]]}},{"type":"Feature","properties":{"stage":3,"elev":13.4,"name":"peak lowland water"},"geometry":{"type":"Polygon","coordinates":[[[91.79917808219179,24.92110552763819],[91.80301369863014,24.92110552763819],[91.80301369863014,24.92492462311558],[91.79917808219179,24.92492462311558],[91.79917808219179,24.92110552763819]]]}},{"type":"Feature","properties":{"stage":3,"elev":14.4,"name":"peak lowland water"},"geometry":{"type":"Polygon","coordinates":[[[91.80301369863014,24.92110552763819],[91.80684931506849,24.92110552763819],[91.80684931506849,24.92492462311558],[91.80301369863014,24.92492462311558],[91.80301369863014,24.92110552763819]]]}},{"type":"Feature","properties":{"stage":3,"elev":14.8,"name":"peak lowland water"},"geometry":{"type":"Polygon","coordinates":[[[91.82219178082192,24.92110552763819],[91.82602739726028,24.92110552763819],[91.82602739726028,24.92492462311558],[91.82219178082192,24.92492462311558],[91.82219178082192,24.92110552763819]]]}},{"type":"Feature","properties":{"stage":3,"elev":14.3,"name":"peak lowland water"},"geometry":{"type":"Polygon","coordinates":[[[91.97945205479452,24.92110552763819],[91.98328767123287,24.92110552763819],[91.98328767123287,24.92492462311558],[91.97945205479452,24.92492462311558],[91.97945205479452,24.92110552763819]]]}},{"type":"Feature","properties":{"stage":3,"elev":12.1,"name":"peak lowland water"},"geometry":{"type":"Polygon","coordinates":[[[91.78,24.92492462311558],[91.78383561643835,24.92492462311558],[91.78383561643835,24.928743718592965],[91.78,24.928743718592965],[91.78,24.92492462311558]]]}},{"type":"Feature","properties":{"stage":3,"elev":12.6,"name":"peak lowland water"},"geometry":{"type":"Polygon","coordinates":[[[91.78383561643835,24.92492462311558],[91.78767123287672,24.92492462311558],[91.78767123287672,24.928743718592965],[91.78383561643835,24.928743718592965],[91.78383561643835,24.92492462311558]]]}},{"type":"Feature","properties":{"stage":3,"elev":13.8,"name":"peak lowland water"},"geometry":{"type":"Polygon","coordinates":[[[91.78767123287672,24.92492462311558],[91.79150684931507,24.92492462311558],[91.79150684931507,24.928743718592965],[91.78767123287672,24.928743718592965],[91.78767123287672,24.92492462311558]]]}},{"type":"Feature","properties":{"stage":3,"elev":13.4,"name":"peak lowland water"},"geometry":{"type":"Polygon","coordinates":[[[91.79150684931507,24.92492462311558],[91.79534246575342,24.92492462311558],[91.79534246575342,24.928743718592965],[91.79150684931507,24.928743718592965],[91.79150684931507,24.92492462311558]]]}},{"type":"Feature","properties":{"stage":3,"elev":14.4,"name":"peak lowland water"},"geometry":{"type":"Polygon","coordinates":[[[91.80301369863014,24.92492462311558],[91.80684931506849,24.92492462311558],[91.80684931506849,24.928743718592965],[91.80301369863014,24.928743718592965],[91.80301369863014,24.92492462311558]]]}},{"type":"Feature","properties":{"stage":3,"elev":13.4,"name":"peak lowland water"},"geometry":{"type":"Polygon","coordinates":[[[91.80684931506849,24.92492462311558],[91.81068493150686,24.92492462311558],[91.81068493150686,24.928743718592965],[91.80684931506849,24.928743718592965],[91.80684931506849,24.92492462311558]]]}},{"type":"Feature","properties":{"stage":3,"elev":13.6,"name":"peak lowland water"},"geometry":{"type":"Polygon","coordinates":[[[91.82219178082192,24.92492462311558],[91.82602739726028,24.92492462311558],[91.82602739726028,24.928743718592965],[91.82219178082192,24.928743718592965],[91.82219178082192,24.92492462311558]]]}},{"type":"Feature","properties":{"stage":3,"elev":15,"name":"peak lowland water"},"geometry":{"type":"Polygon","coordinates":[[[91.98328767123287,24.92492462311558],[91.98712328767122,24.92492462311558],[91.98712328767122,24.928743718592965],[91.98328767123287,24.928743718592965],[91.98328767123287,24.92492462311558]]]}},{"type":"Feature","properties":{"stage":3,"elev":13.4,"name":"peak lowland water"},"geometry":{"type":"Polygon","coordinates":[[[91.78,24.928743718592965],[91.78383561643835,24.928743718592965],[91.78383561643835,24.93256281407035],[91.78,24.93256281407035],[91.78,24.928743718592965]]]}},{"type":"Feature","properties":{"stage":3,"elev":12.5,"name":"peak lowland water"},"geometry":{"type":"Polygon","coordinates":[[[91.78383561643835,24.928743718592965],[91.78767123287672,24.928743718592965],[91.78767123287672,24.93256281407035],[91.78383561643835,24.93256281407035],[91.78383561643835,24.928743718592965]]]}},{"type":"Feature","properties":{"stage":3,"elev":12.8,"name":"peak lowland water"},"geometry":{"type":"Polygon","coordinates":[[[91.78767123287672,24.928743718592965],[91.79150684931507,24.928743718592965],[91.79150684931507,24.93256281407035],[91.78767123287672,24.93256281407035],[91.78767123287672,24.928743718592965]]]}},{"type":"Feature","properties":{"stage":3,"elev":11.6,"name":"peak lowland water"},"geometry":{"type":"Polygon","coordinates":[[[91.79150684931507,24.928743718592965],[91.79534246575342,24.928743718592965],[91.79534246575342,24.93256281407035],[91.79150684931507,24.93256281407035],[91.79150684931507,24.928743718592965]]]}},{"type":"Feature","properties":{"stage":3,"elev":14.3,"name":"peak lowland water"},"geometry":{"type":"Polygon","coordinates":[[[91.79917808219179,24.928743718592965],[91.80301369863014,24.928743718592965],[91.80301369863014,24.93256281407035],[91.79917808219179,24.93256281407035],[91.79917808219179,24.928743718592965]]]}},{"type":"Feature","properties":{"stage":3,"elev":14.5,"name":"peak lowland water"},"geometry":{"type":"Polygon","coordinates":[[[91.81452054794521,24.928743718592965],[91.81835616438356,24.928743718592965],[91.81835616438356,24.93256281407035],[91.81452054794521,24.93256281407035],[91.81452054794521,24.928743718592965]]]}},{"type":"Feature","properties":{"stage":3,"elev":14.3,"name":"peak lowland water"},"geometry":{"type":"Polygon","coordinates":[[[91.81835616438356,24.928743718592965],[91.82219178082192,24.928743718592965],[91.82219178082192,24.93256281407035],[91.81835616438356,24.93256281407035],[91.81835616438356,24.928743718592965]]]}},{"type":"Feature","properties":{"stage":3,"elev":12,"name":"peak lowland water"},"geometry":{"type":"Polygon","coordinates":[[[91.82219178082192,24.928743718592965],[91.82602739726028,24.928743718592965],[91.82602739726028,24.93256281407035],[91.82219178082192,24.93256281407035],[91.82219178082192,24.928743718592965]]]}},{"type":"Feature","properties":{"stage":3,"elev":13.9,"name":"peak lowland water"},"geometry":{"type":"Polygon","coordinates":[[[91.82602739726028,24.928743718592965],[91.82986301369863,24.928743718592965],[91.82986301369863,24.93256281407035],[91.82602739726028,24.93256281407035],[91.82602739726028,24.928743718592965]]]}},{"type":"Feature","properties":{"stage":3,"elev":13.5,"name":"peak lowland water"},"geometry":{"type":"Polygon","coordinates":[[[91.78,24.93256281407035],[91.78383561643835,24.93256281407035],[91.78383561643835,24.936381909547737],[91.78,24.936381909547737],[91.78,24.93256281407035]]]}},{"type":"Feature","properties":{"stage":3,"elev":13.9,"name":"peak lowland water"},"geometry":{"type":"Polygon","coordinates":[[[91.78767123287672,24.93256281407035],[91.79150684931507,24.93256281407035],[91.79150684931507,24.936381909547737],[91.78767123287672,24.936381909547737],[91.78767123287672,24.93256281407035]]]}},{"type":"Feature","properties":{"stage":3,"elev":11.8,"name":"peak lowland water"},"geometry":{"type":"Polygon","coordinates":[[[91.79150684931507,24.93256281407035],[91.79534246575342,24.93256281407035],[91.79534246575342,24.936381909547737],[91.79150684931507,24.936381909547737],[91.79150684931507,24.93256281407035]]]}},{"type":"Feature","properties":{"stage":3,"elev":12.8,"name":"peak lowland water"},"geometry":{"type":"Polygon","coordinates":[[[91.79534246575342,24.93256281407035],[91.79917808219179,24.93256281407035],[91.79917808219179,24.936381909547737],[91.79534246575342,24.936381909547737],[91.79534246575342,24.93256281407035]]]}},{"type":"Feature","properties":{"stage":3,"elev":13.1,"name":"peak lowland water"},"geometry":{"type":"Polygon","coordinates":[[[91.79917808219179,24.93256281407035],[91.80301369863014,24.93256281407035],[91.80301369863014,24.936381909547737],[91.79917808219179,24.936381909547737],[91.79917808219179,24.93256281407035]]]}},{"type":"Feature","properties":{"stage":3,"elev":13.9,"name":"peak lowland water"},"geometry":{"type":"Polygon","coordinates":[[[91.80301369863014,24.93256281407035],[91.80684931506849,24.93256281407035],[91.80684931506849,24.936381909547737],[91.80301369863014,24.936381909547737],[91.80301369863014,24.93256281407035]]]}},{"type":"Feature","properties":{"stage":3,"elev":14.1,"name":"peak lowland water"},"geometry":{"type":"Polygon","coordinates":[[[91.80684931506849,24.93256281407035],[91.81068493150686,24.93256281407035],[91.81068493150686,24.936381909547737],[91.80684931506849,24.936381909547737],[91.80684931506849,24.93256281407035]]]}},{"type":"Feature","properties":{"stage":3,"elev":13.4,"name":"peak lowland water"},"geometry":{"type":"Polygon","coordinates":[[[91.81835616438356,24.93256281407035],[91.82219178082192,24.93256281407035],[91.82219178082192,24.936381909547737],[91.81835616438356,24.936381909547737],[91.81835616438356,24.93256281407035]]]}},{"type":"Feature","properties":{"stage":3,"elev":14.4,"name":"peak lowland water"},"geometry":{"type":"Polygon","coordinates":[[[91.82219178082192,24.93256281407035],[91.82602739726028,24.93256281407035],[91.82602739726028,24.936381909547737],[91.82219178082192,24.936381909547737],[91.82219178082192,24.93256281407035]]]}},{"type":"Feature","properties":{"stage":3,"elev":12.8,"name":"peak lowland water"},"geometry":{"type":"Polygon","coordinates":[[[91.78,24.936381909547737],[91.78383561643835,24.936381909547737],[91.78383561643835,24.940201005025127],[91.78,24.940201005025127],[91.78,24.936381909547737]]]}},{"type":"Feature","properties":{"stage":3,"elev":15,"name":"peak lowland water"},"geometry":{"type":"Polygon","coordinates":[[[91.79150684931507,24.936381909547737],[91.79534246575342,24.936381909547737],[91.79534246575342,24.940201005025127],[91.79150684931507,24.940201005025127],[91.79150684931507,24.936381909547737]]]}},{"type":"Feature","properties":{"stage":3,"elev":12.1,"name":"peak lowland water"},"geometry":{"type":"Polygon","coordinates":[[[91.79534246575342,24.936381909547737],[91.79917808219179,24.936381909547737],[91.79917808219179,24.940201005025127],[91.79534246575342,24.940201005025127],[91.79534246575342,24.936381909547737]]]}},{"type":"Feature","properties":{"stage":3,"elev":13.4,"name":"peak lowland water"},"geometry":{"type":"Polygon","coordinates":[[[91.79917808219179,24.936381909547737],[91.80301369863014,24.936381909547737],[91.80301369863014,24.940201005025127],[91.79917808219179,24.940201005025127],[91.79917808219179,24.936381909547737]]]}},{"type":"Feature","properties":{"stage":3,"elev":15,"name":"peak lowland water"},"geometry":{"type":"Polygon","coordinates":[[[91.80301369863014,24.936381909547737],[91.80684931506849,24.936381909547737],[91.80684931506849,24.940201005025127],[91.80301369863014,24.940201005025127],[91.80301369863014,24.936381909547737]]]}},{"type":"Feature","properties":{"stage":3,"elev":12.6,"name":"peak lowland water"},"geometry":{"type":"Polygon","coordinates":[[[91.80684931506849,24.936381909547737],[91.81068493150686,24.936381909547737],[91.81068493150686,24.940201005025127],[91.80684931506849,24.940201005025127],[91.80684931506849,24.936381909547737]]]}},{"type":"Feature","properties":{"stage":3,"elev":12.7,"name":"peak lowland water"},"geometry":{"type":"Polygon","coordinates":[[[91.81068493150686,24.936381909547737],[91.81452054794521,24.936381909547737],[91.81452054794521,24.940201005025127],[91.81068493150686,24.940201005025127],[91.81068493150686,24.936381909547737]]]}},{"type":"Feature","properties":{"stage":3,"elev":12.8,"name":"peak lowland water"},"geometry":{"type":"Polygon","coordinates":[[[91.81835616438356,24.936381909547737],[91.82219178082192,24.936381909547737],[91.82219178082192,24.940201005025127],[91.81835616438356,24.940201005025127],[91.81835616438356,24.936381909547737]]]}},{"type":"Feature","properties":{"stage":3,"elev":14.8,"name":"peak lowland water"},"geometry":{"type":"Polygon","coordinates":[[[91.82602739726028,24.936381909547737],[91.82986301369863,24.936381909547737],[91.82986301369863,24.940201005025127],[91.82602739726028,24.940201005025127],[91.82602739726028,24.936381909547737]]]}},{"type":"Feature","properties":{"stage":3,"elev":15,"name":"peak lowland water"},"geometry":{"type":"Polygon","coordinates":[[[91.83753424657534,24.936381909547737],[91.8413698630137,24.936381909547737],[91.8413698630137,24.940201005025127],[91.83753424657534,24.940201005025127],[91.83753424657534,24.936381909547737]]]}},{"type":"Feature","properties":{"stage":3,"elev":13.6,"name":"peak lowland water"},"geometry":{"type":"Polygon","coordinates":[[[91.78,24.940201005025127],[91.78383561643835,24.940201005025127],[91.78383561643835,24.944020100502513],[91.78,24.944020100502513],[91.78,24.940201005025127]]]}},{"type":"Feature","properties":{"stage":3,"elev":13.3,"name":"peak lowland water"},"geometry":{"type":"Polygon","coordinates":[[[91.78383561643835,24.940201005025127],[91.78767123287672,24.940201005025127],[91.78767123287672,24.944020100502513],[91.78383561643835,24.944020100502513],[91.78383561643835,24.940201005025127]]]}},{"type":"Feature","properties":{"stage":3,"elev":13.2,"name":"peak lowland water"},"geometry":{"type":"Polygon","coordinates":[[[91.78767123287672,24.940201005025127],[91.79150684931507,24.940201005025127],[91.79150684931507,24.944020100502513],[91.78767123287672,24.944020100502513],[91.78767123287672,24.940201005025127]]]}},{"type":"Feature","properties":{"stage":3,"elev":13.9,"name":"peak lowland water"},"geometry":{"type":"Polygon","coordinates":[[[91.79150684931507,24.940201005025127],[91.79534246575342,24.940201005025127],[91.79534246575342,24.944020100502513],[91.79150684931507,24.944020100502513],[91.79150684931507,24.940201005025127]]]}},{"type":"Feature","properties":{"stage":3,"elev":11.5,"name":"peak lowland water"},"geometry":{"type":"Polygon","coordinates":[[[91.79534246575342,24.940201005025127],[91.79917808219179,24.940201005025127],[91.79917808219179,24.944020100502513],[91.79534246575342,24.944020100502513],[91.79534246575342,24.940201005025127]]]}},{"type":"Feature","properties":{"stage":3,"elev":14.4,"name":"peak lowland water"},"geometry":{"type":"Polygon","coordinates":[[[91.79917808219179,24.940201005025127],[91.80301369863014,24.940201005025127],[91.80301369863014,24.944020100502513],[91.79917808219179,24.944020100502513],[91.79917808219179,24.940201005025127]]]}},{"type":"Feature","properties":{"stage":3,"elev":13.4,"name":"peak lowland water"},"geometry":{"type":"Polygon","coordinates":[[[91.80301369863014,24.940201005025127],[91.80684931506849,24.940201005025127],[91.80684931506849,24.944020100502513],[91.80301369863014,24.944020100502513],[91.80301369863014,24.940201005025127]]]}},{"type":"Feature","properties":{"stage":3,"elev":12.9,"name":"peak lowland water"},"geometry":{"type":"Polygon","coordinates":[[[91.80684931506849,24.940201005025127],[91.81068493150686,24.940201005025127],[91.81068493150686,24.944020100502513],[91.80684931506849,24.944020100502513],[91.80684931506849,24.940201005025127]]]}},{"type":"Feature","properties":{"stage":3,"elev":11.3,"name":"peak lowland water"},"geometry":{"type":"Polygon","coordinates":[[[91.81068493150686,24.940201005025127],[91.81452054794521,24.940201005025127],[91.81452054794521,24.944020100502513],[91.81068493150686,24.944020100502513],[91.81068493150686,24.940201005025127]]]}},{"type":"Feature","properties":{"stage":3,"elev":13.9,"name":"peak lowland water"},"geometry":{"type":"Polygon","coordinates":[[[91.81452054794521,24.940201005025127],[91.81835616438356,24.940201005025127],[91.81835616438356,24.944020100502513],[91.81452054794521,24.944020100502513],[91.81452054794521,24.940201005025127]]]}},{"type":"Feature","properties":{"stage":3,"elev":12.6,"name":"peak lowland water"},"geometry":{"type":"Polygon","coordinates":[[[91.81835616438356,24.940201005025127],[91.82219178082192,24.940201005025127],[91.82219178082192,24.944020100502513],[91.81835616438356,24.944020100502513],[91.81835616438356,24.940201005025127]]]}},{"type":"Feature","properties":{"stage":3,"elev":12.4,"name":"peak lowland water"},"geometry":{"type":"Polygon","coordinates":[[[91.82602739726028,24.940201005025127],[91.82986301369863,24.940201005025127],[91.82986301369863,24.944020100502513],[91.82602739726028,24.944020100502513],[91.82602739726028,24.940201005025127]]]}},{"type":"Feature","properties":{"stage":3,"elev":12.8,"name":"peak lowland water"},"geometry":{"type":"Polygon","coordinates":[[[91.82986301369863,24.940201005025127],[91.83369863013698,24.940201005025127],[91.83369863013698,24.944020100502513],[91.82986301369863,24.944020100502513],[91.82986301369863,24.940201005025127]]]}},{"type":"Feature","properties":{"stage":3,"elev":13.9,"name":"peak lowland water"},"geometry":{"type":"Polygon","coordinates":[[[91.83369863013698,24.940201005025127],[91.83753424657534,24.940201005025127],[91.83753424657534,24.944020100502513],[91.83369863013698,24.944020100502513],[91.83369863013698,24.940201005025127]]]}},{"type":"Feature","properties":{"stage":3,"elev":11.1,"name":"peak lowland water"},"geometry":{"type":"Polygon","coordinates":[[[91.78383561643835,24.944020100502513],[91.78767123287672,24.944020100502513],[91.78767123287672,24.9478391959799],[91.78383561643835,24.9478391959799],[91.78383561643835,24.944020100502513]]]}},{"type":"Feature","properties":{"stage":3,"elev":11.4,"name":"peak lowland water"},"geometry":{"type":"Polygon","coordinates":[[[91.78767123287672,24.944020100502513],[91.79150684931507,24.944020100502513],[91.79150684931507,24.9478391959799],[91.78767123287672,24.9478391959799],[91.78767123287672,24.944020100502513]]]}},{"type":"Feature","properties":{"stage":3,"elev":11.9,"name":"peak lowland water"},"geometry":{"type":"Polygon","coordinates":[[[91.79150684931507,24.944020100502513],[91.79534246575342,24.944020100502513],[91.79534246575342,24.9478391959799],[91.79150684931507,24.9478391959799],[91.79150684931507,24.944020100502513]]]}},{"type":"Feature","properties":{"stage":3,"elev":11.2,"name":"peak lowland water"},"geometry":{"type":"Polygon","coordinates":[[[91.79534246575342,24.944020100502513],[91.79917808219179,24.944020100502513],[91.79917808219179,24.9478391959799],[91.79534246575342,24.9478391959799],[91.79534246575342,24.944020100502513]]]}},{"type":"Feature","properties":{"stage":3,"elev":11.2,"name":"peak lowland water"},"geometry":{"type":"Polygon","coordinates":[[[91.79917808219179,24.944020100502513],[91.80301369863014,24.944020100502513],[91.80301369863014,24.9478391959799],[91.79917808219179,24.9478391959799],[91.79917808219179,24.944020100502513]]]}},{"type":"Feature","properties":{"stage":3,"elev":12,"name":"peak lowland water"},"geometry":{"type":"Polygon","coordinates":[[[91.80301369863014,24.944020100502513],[91.80684931506849,24.944020100502513],[91.80684931506849,24.9478391959799],[91.80301369863014,24.9478391959799],[91.80301369863014,24.944020100502513]]]}},{"type":"Feature","properties":{"stage":3,"elev":13.4,"name":"peak lowland water"},"geometry":{"type":"Polygon","coordinates":[[[91.80684931506849,24.944020100502513],[91.81068493150686,24.944020100502513],[91.81068493150686,24.9478391959799],[91.80684931506849,24.9478391959799],[91.80684931506849,24.944020100502513]]]}},{"type":"Feature","properties":{"stage":3,"elev":11.6,"name":"peak lowland water"},"geometry":{"type":"Polygon","coordinates":[[[91.81068493150686,24.944020100502513],[91.81452054794521,24.944020100502513],[91.81452054794521,24.9478391959799],[91.81068493150686,24.9478391959799],[91.81068493150686,24.944020100502513]]]}},{"type":"Feature","properties":{"stage":3,"elev":12.4,"name":"peak lowland water"},"geometry":{"type":"Polygon","coordinates":[[[91.81452054794521,24.944020100502513],[91.81835616438356,24.944020100502513],[91.81835616438356,24.9478391959799],[91.81452054794521,24.9478391959799],[91.81452054794521,24.944020100502513]]]}},{"type":"Feature","properties":{"stage":3,"elev":11.6,"name":"peak lowland water"},"geometry":{"type":"Polygon","coordinates":[[[91.81835616438356,24.944020100502513],[91.82219178082192,24.944020100502513],[91.82219178082192,24.9478391959799],[91.81835616438356,24.9478391959799],[91.81835616438356,24.944020100502513]]]}},{"type":"Feature","properties":{"stage":3,"elev":11.4,"name":"peak lowland water"},"geometry":{"type":"Polygon","coordinates":[[[91.82219178082192,24.944020100502513],[91.82602739726028,24.944020100502513],[91.82602739726028,24.9478391959799],[91.82219178082192,24.9478391959799],[91.82219178082192,24.944020100502513]]]}},{"type":"Feature","properties":{"stage":3,"elev":13.8,"name":"peak lowland water"},"geometry":{"type":"Polygon","coordinates":[[[91.82602739726028,24.944020100502513],[91.82986301369863,24.944020100502513],[91.82986301369863,24.9478391959799],[91.82602739726028,24.9478391959799],[91.82602739726028,24.944020100502513]]]}},{"type":"Feature","properties":{"stage":3,"elev":12.4,"name":"peak lowland water"},"geometry":{"type":"Polygon","coordinates":[[[91.82986301369863,24.944020100502513],[91.83369863013698,24.944020100502513],[91.83369863013698,24.9478391959799],[91.82986301369863,24.9478391959799],[91.82986301369863,24.944020100502513]]]}},{"type":"Feature","properties":{"stage":3,"elev":14.5,"name":"peak lowland water"},"geometry":{"type":"Polygon","coordinates":[[[91.83369863013698,24.944020100502513],[91.83753424657534,24.944020100502513],[91.83753424657534,24.9478391959799],[91.83369863013698,24.9478391959799],[91.83369863013698,24.944020100502513]]]}},{"type":"Feature","properties":{"stage":3,"elev":13.3,"name":"peak lowland water"},"geometry":{"type":"Polygon","coordinates":[[[91.78,24.9478391959799],[91.78383561643835,24.9478391959799],[91.78383561643835,24.951658291457285],[91.78,24.951658291457285],[91.78,24.9478391959799]]]}},{"type":"Feature","properties":{"stage":3,"elev":10.7,"name":"peak lowland water"},"geometry":{"type":"Polygon","coordinates":[[[91.78383561643835,24.9478391959799],[91.78767123287672,24.9478391959799],[91.78767123287672,24.951658291457285],[91.78383561643835,24.951658291457285],[91.78383561643835,24.9478391959799]]]}},{"type":"Feature","properties":{"stage":3,"elev":11.6,"name":"peak lowland water"},"geometry":{"type":"Polygon","coordinates":[[[91.78767123287672,24.9478391959799],[91.79150684931507,24.9478391959799],[91.79150684931507,24.951658291457285],[91.78767123287672,24.951658291457285],[91.78767123287672,24.9478391959799]]]}},{"type":"Feature","properties":{"stage":3,"elev":11.5,"name":"peak lowland water"},"geometry":{"type":"Polygon","coordinates":[[[91.79150684931507,24.9478391959799],[91.79534246575342,24.9478391959799],[91.79534246575342,24.951658291457285],[91.79150684931507,24.951658291457285],[91.79150684931507,24.9478391959799]]]}},{"type":"Feature","properties":{"stage":3,"elev":11.2,"name":"peak lowland water"},"geometry":{"type":"Polygon","coordinates":[[[91.79534246575342,24.9478391959799],[91.79917808219179,24.9478391959799],[91.79917808219179,24.951658291457285],[91.79534246575342,24.951658291457285],[91.79534246575342,24.9478391959799]]]}},{"type":"Feature","properties":{"stage":3,"elev":10.8,"name":"peak lowland water"},"geometry":{"type":"Polygon","coordinates":[[[91.79917808219179,24.9478391959799],[91.80301369863014,24.9478391959799],[91.80301369863014,24.951658291457285],[91.79917808219179,24.951658291457285],[91.79917808219179,24.9478391959799]]]}},{"type":"Feature","properties":{"stage":3,"elev":12.6,"name":"peak lowland water"},"geometry":{"type":"Polygon","coordinates":[[[91.80301369863014,24.9478391959799],[91.80684931506849,24.9478391959799],[91.80684931506849,24.951658291457285],[91.80301369863014,24.951658291457285],[91.80301369863014,24.9478391959799]]]}},{"type":"Feature","properties":{"stage":3,"elev":11.4,"name":"peak lowland water"},"geometry":{"type":"Polygon","coordinates":[[[91.80684931506849,24.9478391959799],[91.81068493150686,24.9478391959799],[91.81068493150686,24.951658291457285],[91.80684931506849,24.951658291457285],[91.80684931506849,24.9478391959799]]]}},{"type":"Feature","properties":{"stage":3,"elev":10.9,"name":"peak lowland water"},"geometry":{"type":"Polygon","coordinates":[[[91.81068493150686,24.9478391959799],[91.81452054794521,24.9478391959799],[91.81452054794521,24.951658291457285],[91.81068493150686,24.951658291457285],[91.81068493150686,24.9478391959799]]]}},{"type":"Feature","properties":{"stage":3,"elev":11.9,"name":"peak lowland water"},"geometry":{"type":"Polygon","coordinates":[[[91.81452054794521,24.9478391959799],[91.81835616438356,24.9478391959799],[91.81835616438356,24.951658291457285],[91.81452054794521,24.951658291457285],[91.81452054794521,24.9478391959799]]]}},{"type":"Feature","properties":{"stage":3,"elev":10.7,"name":"peak lowland water"},"geometry":{"type":"Polygon","coordinates":[[[91.81835616438356,24.9478391959799],[91.82219178082192,24.9478391959799],[91.82219178082192,24.951658291457285],[91.81835616438356,24.951658291457285],[91.81835616438356,24.9478391959799]]]}},{"type":"Feature","properties":{"stage":3,"elev":10.5,"name":"peak lowland water"},"geometry":{"type":"Polygon","coordinates":[[[91.82219178082192,24.9478391959799],[91.82602739726028,24.9478391959799],[91.82602739726028,24.951658291457285],[91.82219178082192,24.951658291457285],[91.82219178082192,24.9478391959799]]]}},{"type":"Feature","properties":{"stage":3,"elev":9.8,"name":"peak lowland water"},"geometry":{"type":"Polygon","coordinates":[[[91.82602739726028,24.9478391959799],[91.82986301369863,24.9478391959799],[91.82986301369863,24.951658291457285],[91.82602739726028,24.951658291457285],[91.82602739726028,24.9478391959799]]]}},{"type":"Feature","properties":{"stage":3,"elev":11.3,"name":"peak lowland water"},"geometry":{"type":"Polygon","coordinates":[[[91.83369863013698,24.9478391959799],[91.83753424657534,24.9478391959799],[91.83753424657534,24.951658291457285],[91.83369863013698,24.951658291457285],[91.83369863013698,24.9478391959799]]]}},{"type":"Feature","properties":{"stage":3,"elev":13.8,"name":"peak lowland water"},"geometry":{"type":"Polygon","coordinates":[[[91.83753424657534,24.9478391959799],[91.8413698630137,24.9478391959799],[91.8413698630137,24.951658291457285],[91.83753424657534,24.951658291457285],[91.83753424657534,24.9478391959799]]]}},{"type":"Feature","properties":{"stage":3,"elev":14.9,"name":"peak lowland water"},"geometry":{"type":"Polygon","coordinates":[[[91.8413698630137,24.9478391959799],[91.84520547945205,24.9478391959799],[91.84520547945205,24.951658291457285],[91.8413698630137,24.951658291457285],[91.8413698630137,24.9478391959799]]]}},{"type":"Feature","properties":{"stage":3,"elev":15,"name":"peak lowland water"},"geometry":{"type":"Polygon","coordinates":[[[91.78767123287672,24.951658291457285],[91.79150684931507,24.951658291457285],[91.79150684931507,24.955477386934675],[91.78767123287672,24.955477386934675],[91.78767123287672,24.951658291457285]]]}},{"type":"Feature","properties":{"stage":3,"elev":12.4,"name":"peak lowland water"},"geometry":{"type":"Polygon","coordinates":[[[91.79150684931507,24.951658291457285],[91.79534246575342,24.951658291457285],[91.79534246575342,24.955477386934675],[91.79150684931507,24.955477386934675],[91.79150684931507,24.951658291457285]]]}},{"type":"Feature","properties":{"stage":3,"elev":13.7,"name":"peak lowland water"},"geometry":{"type":"Polygon","coordinates":[[[91.79534246575342,24.951658291457285],[91.79917808219179,24.951658291457285],[91.79917808219179,24.955477386934675],[91.79534246575342,24.955477386934675],[91.79534246575342,24.951658291457285]]]}},{"type":"Feature","properties":{"stage":3,"elev":11.6,"name":"peak lowland water"},"geometry":{"type":"Polygon","coordinates":[[[91.79917808219179,24.951658291457285],[91.80301369863014,24.951658291457285],[91.80301369863014,24.955477386934675],[91.79917808219179,24.955477386934675],[91.79917808219179,24.951658291457285]]]}},{"type":"Feature","properties":{"stage":3,"elev":11.4,"name":"peak lowland water"},"geometry":{"type":"Polygon","coordinates":[[[91.80301369863014,24.951658291457285],[91.80684931506849,24.951658291457285],[91.80684931506849,24.955477386934675],[91.80301369863014,24.955477386934675],[91.80301369863014,24.951658291457285]]]}},{"type":"Feature","properties":{"stage":3,"elev":12.1,"name":"peak lowland water"},"geometry":{"type":"Polygon","coordinates":[[[91.80684931506849,24.951658291457285],[91.81068493150686,24.951658291457285],[91.81068493150686,24.955477386934675],[91.80684931506849,24.955477386934675],[91.80684931506849,24.951658291457285]]]}},{"type":"Feature","properties":{"stage":3,"elev":11.9,"name":"peak lowland water"},"geometry":{"type":"Polygon","coordinates":[[[91.81068493150686,24.951658291457285],[91.81452054794521,24.951658291457285],[91.81452054794521,24.955477386934675],[91.81068493150686,24.955477386934675],[91.81068493150686,24.951658291457285]]]}},{"type":"Feature","properties":{"stage":3,"elev":10.6,"name":"peak lowland water"},"geometry":{"type":"Polygon","coordinates":[[[91.81452054794521,24.951658291457285],[91.81835616438356,24.951658291457285],[91.81835616438356,24.955477386934675],[91.81452054794521,24.955477386934675],[91.81452054794521,24.951658291457285]]]}},{"type":"Feature","properties":{"stage":3,"elev":10.1,"name":"peak lowland water"},"geometry":{"type":"Polygon","coordinates":[[[91.81835616438356,24.951658291457285],[91.82219178082192,24.951658291457285],[91.82219178082192,24.955477386934675],[91.81835616438356,24.955477386934675],[91.81835616438356,24.951658291457285]]]}},{"type":"Feature","properties":{"stage":3,"elev":11.1,"name":"peak lowland water"},"geometry":{"type":"Polygon","coordinates":[[[91.82219178082192,24.951658291457285],[91.82602739726028,24.951658291457285],[91.82602739726028,24.955477386934675],[91.82219178082192,24.955477386934675],[91.82219178082192,24.951658291457285]]]}},{"type":"Feature","properties":{"stage":3,"elev":10.1,"name":"peak lowland water"},"geometry":{"type":"Polygon","coordinates":[[[91.82602739726028,24.951658291457285],[91.82986301369863,24.951658291457285],[91.82986301369863,24.955477386934675],[91.82602739726028,24.955477386934675],[91.82602739726028,24.951658291457285]]]}},{"type":"Feature","properties":{"stage":3,"elev":9,"name":"peak lowland water"},"geometry":{"type":"Polygon","coordinates":[[[91.82986301369863,24.951658291457285],[91.83369863013698,24.951658291457285],[91.83369863013698,24.955477386934675],[91.82986301369863,24.955477386934675],[91.82986301369863,24.951658291457285]]]}},{"type":"Feature","properties":{"stage":3,"elev":10.3,"name":"peak lowland water"},"geometry":{"type":"Polygon","coordinates":[[[91.83369863013698,24.951658291457285],[91.83753424657534,24.951658291457285],[91.83753424657534,24.955477386934675],[91.83369863013698,24.955477386934675],[91.83369863013698,24.951658291457285]]]}},{"type":"Feature","properties":{"stage":3,"elev":13.9,"name":"peak lowland water"},"geometry":{"type":"Polygon","coordinates":[[[91.83753424657534,24.951658291457285],[91.8413698630137,24.951658291457285],[91.8413698630137,24.955477386934675],[91.83753424657534,24.955477386934675],[91.83753424657534,24.951658291457285]]]}},{"type":"Feature","properties":{"stage":3,"elev":11.6,"name":"peak lowland water"},"geometry":{"type":"Polygon","coordinates":[[[91.8413698630137,24.951658291457285],[91.84520547945205,24.951658291457285],[91.84520547945205,24.955477386934675],[91.8413698630137,24.955477386934675],[91.8413698630137,24.951658291457285]]]}},{"type":"Feature","properties":{"stage":3,"elev":12.8,"name":"peak lowland water"},"geometry":{"type":"Polygon","coordinates":[[[91.78,24.955477386934675],[91.78383561643835,24.955477386934675],[91.78383561643835,24.95929648241206],[91.78,24.95929648241206],[91.78,24.955477386934675]]]}},{"type":"Feature","properties":{"stage":3,"elev":12.4,"name":"peak lowland water"},"geometry":{"type":"Polygon","coordinates":[[[91.79150684931507,24.955477386934675],[91.79534246575342,24.955477386934675],[91.79534246575342,24.95929648241206],[91.79150684931507,24.95929648241206],[91.79150684931507,24.955477386934675]]]}},{"type":"Feature","properties":{"stage":3,"elev":13.4,"name":"peak lowland water"},"geometry":{"type":"Polygon","coordinates":[[[91.79534246575342,24.955477386934675],[91.79917808219179,24.955477386934675],[91.79917808219179,24.95929648241206],[91.79534246575342,24.95929648241206],[91.79534246575342,24.955477386934675]]]}},{"type":"Feature","properties":{"stage":3,"elev":13.4,"name":"peak lowland water"},"geometry":{"type":"Polygon","coordinates":[[[91.79917808219179,24.955477386934675],[91.80301369863014,24.955477386934675],[91.80301369863014,24.95929648241206],[91.79917808219179,24.95929648241206],[91.79917808219179,24.955477386934675]]]}},{"type":"Feature","properties":{"stage":3,"elev":11.8,"name":"peak lowland water"},"geometry":{"type":"Polygon","coordinates":[[[91.80301369863014,24.955477386934675],[91.80684931506849,24.955477386934675],[91.80684931506849,24.95929648241206],[91.80301369863014,24.95929648241206],[91.80301369863014,24.955477386934675]]]}},{"type":"Feature","properties":{"stage":3,"elev":10.9,"name":"peak lowland water"},"geometry":{"type":"Polygon","coordinates":[[[91.80684931506849,24.955477386934675],[91.81068493150686,24.955477386934675],[91.81068493150686,24.95929648241206],[91.80684931506849,24.95929648241206],[91.80684931506849,24.955477386934675]]]}},{"type":"Feature","properties":{"stage":3,"elev":10.1,"name":"peak lowland water"},"geometry":{"type":"Polygon","coordinates":[[[91.81068493150686,24.955477386934675],[91.81452054794521,24.955477386934675],[91.81452054794521,24.95929648241206],[91.81068493150686,24.95929648241206],[91.81068493150686,24.955477386934675]]]}},{"type":"Feature","properties":{"stage":3,"elev":11.8,"name":"peak lowland water"},"geometry":{"type":"Polygon","coordinates":[[[91.81452054794521,24.955477386934675],[91.81835616438356,24.955477386934675],[91.81835616438356,24.95929648241206],[91.81452054794521,24.95929648241206],[91.81452054794521,24.955477386934675]]]}},{"type":"Feature","properties":{"stage":3,"elev":10.5,"name":"peak lowland water"},"geometry":{"type":"Polygon","coordinates":[[[91.81835616438356,24.955477386934675],[91.82219178082192,24.955477386934675],[91.82219178082192,24.95929648241206],[91.81835616438356,24.95929648241206],[91.81835616438356,24.955477386934675]]]}},{"type":"Feature","properties":{"stage":3,"elev":10.4,"name":"peak lowland water"},"geometry":{"type":"Polygon","coordinates":[[[91.82219178082192,24.955477386934675],[91.82602739726028,24.955477386934675],[91.82602739726028,24.95929648241206],[91.82219178082192,24.95929648241206],[91.82219178082192,24.955477386934675]]]}},{"type":"Feature","properties":{"stage":3,"elev":10.7,"name":"peak lowland water"},"geometry":{"type":"Polygon","coordinates":[[[91.82602739726028,24.955477386934675],[91.82986301369863,24.955477386934675],[91.82986301369863,24.95929648241206],[91.82602739726028,24.95929648241206],[91.82602739726028,24.955477386934675]]]}},{"type":"Feature","properties":{"stage":3,"elev":11.3,"name":"peak lowland water"},"geometry":{"type":"Polygon","coordinates":[[[91.82986301369863,24.955477386934675],[91.83369863013698,24.955477386934675],[91.83369863013698,24.95929648241206],[91.82986301369863,24.95929648241206],[91.82986301369863,24.955477386934675]]]}},{"type":"Feature","properties":{"stage":3,"elev":10.6,"name":"peak lowland water"},"geometry":{"type":"Polygon","coordinates":[[[91.83369863013698,24.955477386934675],[91.83753424657534,24.955477386934675],[91.83753424657534,24.95929648241206],[91.83369863013698,24.95929648241206],[91.83369863013698,24.955477386934675]]]}},{"type":"Feature","properties":{"stage":3,"elev":10.2,"name":"peak lowland water"},"geometry":{"type":"Polygon","coordinates":[[[91.83753424657534,24.955477386934675],[91.8413698630137,24.955477386934675],[91.8413698630137,24.95929648241206],[91.83753424657534,24.95929648241206],[91.83753424657534,24.955477386934675]]]}},{"type":"Feature","properties":{"stage":3,"elev":10.8,"name":"peak lowland water"},"geometry":{"type":"Polygon","coordinates":[[[91.8413698630137,24.955477386934675],[91.84520547945205,24.955477386934675],[91.84520547945205,24.95929648241206],[91.8413698630137,24.95929648241206],[91.8413698630137,24.955477386934675]]]}},{"type":"Feature","properties":{"stage":3,"elev":14.3,"name":"peak lowland water"},"geometry":{"type":"Polygon","coordinates":[[[91.84520547945205,24.955477386934675],[91.84904109589041,24.955477386934675],[91.84904109589041,24.95929648241206],[91.84520547945205,24.95929648241206],[91.84520547945205,24.955477386934675]]]}},{"type":"Feature","properties":{"stage":3,"elev":14.9,"name":"peak lowland water"},"geometry":{"type":"Polygon","coordinates":[[[91.84904109589041,24.955477386934675],[91.85287671232877,24.955477386934675],[91.85287671232877,24.95929648241206],[91.84904109589041,24.95929648241206],[91.84904109589041,24.955477386934675]]]}},{"type":"Feature","properties":{"stage":3,"elev":12.2,"name":"peak lowland water"},"geometry":{"type":"Polygon","coordinates":[[[91.78,24.95929648241206],[91.78383561643835,24.95929648241206],[91.78383561643835,24.963115577889447],[91.78,24.963115577889447],[91.78,24.95929648241206]]]}},{"type":"Feature","properties":{"stage":3,"elev":13.6,"name":"peak lowland water"},"geometry":{"type":"Polygon","coordinates":[[[91.78383561643835,24.95929648241206],[91.78767123287672,24.95929648241206],[91.78767123287672,24.963115577889447],[91.78383561643835,24.963115577889447],[91.78383561643835,24.95929648241206]]]}},{"type":"Feature","properties":{"stage":3,"elev":11.9,"name":"peak lowland water"},"geometry":{"type":"Polygon","coordinates":[[[91.79150684931507,24.95929648241206],[91.79534246575342,24.95929648241206],[91.79534246575342,24.963115577889447],[91.79150684931507,24.963115577889447],[91.79150684931507,24.95929648241206]]]}},{"type":"Feature","properties":{"stage":3,"elev":12.9,"name":"peak lowland water"},"geometry":{"type":"Polygon","coordinates":[[[91.79534246575342,24.95929648241206],[91.79917808219179,24.95929648241206],[91.79917808219179,24.963115577889447],[91.79534246575342,24.963115577889447],[91.79534246575342,24.95929648241206]]]}},{"type":"Feature","properties":{"stage":3,"elev":11.3,"name":"peak lowland water"},"geometry":{"type":"Polygon","coordinates":[[[91.79917808219179,24.95929648241206],[91.80301369863014,24.95929648241206],[91.80301369863014,24.963115577889447],[91.79917808219179,24.963115577889447],[91.79917808219179,24.95929648241206]]]}},{"type":"Feature","properties":{"stage":3,"elev":10.7,"name":"peak lowland water"},"geometry":{"type":"Polygon","coordinates":[[[91.80301369863014,24.95929648241206],[91.80684931506849,24.95929648241206],[91.80684931506849,24.963115577889447],[91.80301369863014,24.963115577889447],[91.80301369863014,24.95929648241206]]]}},{"type":"Feature","properties":{"stage":3,"elev":11.8,"name":"peak lowland water"},"geometry":{"type":"Polygon","coordinates":[[[91.80684931506849,24.95929648241206],[91.81068493150686,24.95929648241206],[91.81068493150686,24.963115577889447],[91.80684931506849,24.963115577889447],[91.80684931506849,24.95929648241206]]]}},{"type":"Feature","properties":{"stage":3,"elev":11.4,"name":"peak lowland water"},"geometry":{"type":"Polygon","coordinates":[[[91.81068493150686,24.95929648241206],[91.81452054794521,24.95929648241206],[91.81452054794521,24.963115577889447],[91.81068493150686,24.963115577889447],[91.81068493150686,24.95929648241206]]]}},{"type":"Feature","properties":{"stage":3,"elev":11.3,"name":"peak lowland water"},"geometry":{"type":"Polygon","coordinates":[[[91.81452054794521,24.95929648241206],[91.81835616438356,24.95929648241206],[91.81835616438356,24.963115577889447],[91.81452054794521,24.963115577889447],[91.81452054794521,24.95929648241206]]]}},{"type":"Feature","properties":{"stage":3,"elev":11.8,"name":"peak lowland water"},"geometry":{"type":"Polygon","coordinates":[[[91.81835616438356,24.95929648241206],[91.82219178082192,24.95929648241206],[91.82219178082192,24.963115577889447],[91.81835616438356,24.963115577889447],[91.81835616438356,24.95929648241206]]]}},{"type":"Feature","properties":{"stage":3,"elev":9.4,"name":"peak lowland water"},"geometry":{"type":"Polygon","coordinates":[[[91.82219178082192,24.95929648241206],[91.82602739726028,24.95929648241206],[91.82602739726028,24.963115577889447],[91.82219178082192,24.963115577889447],[91.82219178082192,24.95929648241206]]]}},{"type":"Feature","properties":{"stage":3,"elev":10.1,"name":"peak lowland water"},"geometry":{"type":"Polygon","coordinates":[[[91.82602739726028,24.95929648241206],[91.82986301369863,24.95929648241206],[91.82986301369863,24.963115577889447],[91.82602739726028,24.963115577889447],[91.82602739726028,24.95929648241206]]]}},{"type":"Feature","properties":{"stage":3,"elev":9.9,"name":"peak lowland water"},"geometry":{"type":"Polygon","coordinates":[[[91.82986301369863,24.95929648241206],[91.83369863013698,24.95929648241206],[91.83369863013698,24.963115577889447],[91.82986301369863,24.963115577889447],[91.82986301369863,24.95929648241206]]]}},{"type":"Feature","properties":{"stage":3,"elev":9.9,"name":"peak lowland water"},"geometry":{"type":"Polygon","coordinates":[[[91.83369863013698,24.95929648241206],[91.83753424657534,24.95929648241206],[91.83753424657534,24.963115577889447],[91.83369863013698,24.963115577889447],[91.83369863013698,24.95929648241206]]]}},{"type":"Feature","properties":{"stage":3,"elev":10.4,"name":"peak lowland water"},"geometry":{"type":"Polygon","coordinates":[[[91.83753424657534,24.95929648241206],[91.8413698630137,24.95929648241206],[91.8413698630137,24.963115577889447],[91.83753424657534,24.963115577889447],[91.83753424657534,24.95929648241206]]]}},{"type":"Feature","properties":{"stage":3,"elev":11.3,"name":"peak lowland water"},"geometry":{"type":"Polygon","coordinates":[[[91.8413698630137,24.95929648241206],[91.84520547945205,24.95929648241206],[91.84520547945205,24.963115577889447],[91.8413698630137,24.963115577889447],[91.8413698630137,24.95929648241206]]]}},{"type":"Feature","properties":{"stage":3,"elev":12.1,"name":"peak lowland water"},"geometry":{"type":"Polygon","coordinates":[[[91.84520547945205,24.95929648241206],[91.84904109589041,24.95929648241206],[91.84904109589041,24.963115577889447],[91.84520547945205,24.963115577889447],[91.84520547945205,24.95929648241206]]]}},{"type":"Feature","properties":{"stage":3,"elev":13.5,"name":"peak lowland water"},"geometry":{"type":"Polygon","coordinates":[[[91.84904109589041,24.95929648241206],[91.85287671232877,24.95929648241206],[91.85287671232877,24.963115577889447],[91.84904109589041,24.963115577889447],[91.84904109589041,24.95929648241206]]]}},{"type":"Feature","properties":{"stage":3,"elev":13.1,"name":"peak lowland water"},"geometry":{"type":"Polygon","coordinates":[[[91.78,24.963115577889447],[91.78383561643835,24.963115577889447],[91.78383561643835,24.966934673366833],[91.78,24.966934673366833],[91.78,24.963115577889447]]]}},{"type":"Feature","properties":{"stage":3,"elev":14.7,"name":"peak lowland water"},"geometry":{"type":"Polygon","coordinates":[[[91.78383561643835,24.963115577889447],[91.78767123287672,24.963115577889447],[91.78767123287672,24.966934673366833],[91.78383561643835,24.966934673366833],[91.78383561643835,24.963115577889447]]]}},{"type":"Feature","properties":{"stage":3,"elev":13.9,"name":"peak lowland water"},"geometry":{"type":"Polygon","coordinates":[[[91.79150684931507,24.963115577889447],[91.79534246575342,24.963115577889447],[91.79534246575342,24.966934673366833],[91.79150684931507,24.966934673366833],[91.79150684931507,24.963115577889447]]]}},{"type":"Feature","properties":{"stage":3,"elev":13.1,"name":"peak lowland water"},"geometry":{"type":"Polygon","coordinates":[[[91.79534246575342,24.963115577889447],[91.79917808219179,24.963115577889447],[91.79917808219179,24.966934673366833],[91.79534246575342,24.966934673366833],[91.79534246575342,24.963115577889447]]]}},{"type":"Feature","properties":{"stage":3,"elev":11.5,"name":"peak lowland water"},"geometry":{"type":"Polygon","coordinates":[[[91.79917808219179,24.963115577889447],[91.80301369863014,24.963115577889447],[91.80301369863014,24.966934673366833],[91.79917808219179,24.966934673366833],[91.79917808219179,24.963115577889447]]]}},{"type":"Feature","properties":{"stage":3,"elev":12.6,"name":"peak lowland water"},"geometry":{"type":"Polygon","coordinates":[[[91.80301369863014,24.963115577889447],[91.80684931506849,24.963115577889447],[91.80684931506849,24.966934673366833],[91.80301369863014,24.966934673366833],[91.80301369863014,24.963115577889447]]]}},{"type":"Feature","properties":{"stage":3,"elev":11.1,"name":"peak lowland water"},"geometry":{"type":"Polygon","coordinates":[[[91.80684931506849,24.963115577889447],[91.81068493150686,24.963115577889447],[91.81068493150686,24.966934673366833],[91.80684931506849,24.966934673366833],[91.80684931506849,24.963115577889447]]]}},{"type":"Feature","properties":{"stage":3,"elev":11.5,"name":"peak lowland water"},"geometry":{"type":"Polygon","coordinates":[[[91.81068493150686,24.963115577889447],[91.81452054794521,24.963115577889447],[91.81452054794521,24.966934673366833],[91.81068493150686,24.966934673366833],[91.81068493150686,24.963115577889447]]]}},{"type":"Feature","properties":{"stage":3,"elev":11.1,"name":"peak lowland water"},"geometry":{"type":"Polygon","coordinates":[[[91.81452054794521,24.963115577889447],[91.81835616438356,24.963115577889447],[91.81835616438356,24.966934673366833],[91.81452054794521,24.966934673366833],[91.81452054794521,24.963115577889447]]]}},{"type":"Feature","properties":{"stage":3,"elev":9.4,"name":"peak lowland water"},"geometry":{"type":"Polygon","coordinates":[[[91.81835616438356,24.963115577889447],[91.82219178082192,24.963115577889447],[91.82219178082192,24.966934673366833],[91.81835616438356,24.966934673366833],[91.81835616438356,24.963115577889447]]]}},{"type":"Feature","properties":{"stage":3,"elev":10.8,"name":"peak lowland water"},"geometry":{"type":"Polygon","coordinates":[[[91.82219178082192,24.963115577889447],[91.82602739726028,24.963115577889447],[91.82602739726028,24.966934673366833],[91.82219178082192,24.966934673366833],[91.82219178082192,24.963115577889447]]]}},{"type":"Feature","properties":{"stage":3,"elev":11,"name":"peak lowland water"},"geometry":{"type":"Polygon","coordinates":[[[91.82602739726028,24.963115577889447],[91.82986301369863,24.963115577889447],[91.82986301369863,24.966934673366833],[91.82602739726028,24.966934673366833],[91.82602739726028,24.963115577889447]]]}},{"type":"Feature","properties":{"stage":3,"elev":10.8,"name":"peak lowland water"},"geometry":{"type":"Polygon","coordinates":[[[91.82986301369863,24.963115577889447],[91.83369863013698,24.963115577889447],[91.83369863013698,24.966934673366833],[91.82986301369863,24.966934673366833],[91.82986301369863,24.963115577889447]]]}},{"type":"Feature","properties":{"stage":3,"elev":9.8,"name":"peak lowland water"},"geometry":{"type":"Polygon","coordinates":[[[91.83369863013698,24.963115577889447],[91.83753424657534,24.963115577889447],[91.83753424657534,24.966934673366833],[91.83369863013698,24.966934673366833],[91.83369863013698,24.963115577889447]]]}},{"type":"Feature","properties":{"stage":3,"elev":10.7,"name":"peak lowland water"},"geometry":{"type":"Polygon","coordinates":[[[91.83753424657534,24.963115577889447],[91.8413698630137,24.963115577889447],[91.8413698630137,24.966934673366833],[91.83753424657534,24.966934673366833],[91.83753424657534,24.963115577889447]]]}},{"type":"Feature","properties":{"stage":3,"elev":14.1,"name":"peak lowland water"},"geometry":{"type":"Polygon","coordinates":[[[91.8413698630137,24.963115577889447],[91.84520547945205,24.963115577889447],[91.84520547945205,24.966934673366833],[91.8413698630137,24.966934673366833],[91.8413698630137,24.963115577889447]]]}},{"type":"Feature","properties":{"stage":3,"elev":14.6,"name":"peak lowland water"},"geometry":{"type":"Polygon","coordinates":[[[91.86438356164383,24.963115577889447],[91.86821917808219,24.963115577889447],[91.86821917808219,24.966934673366833],[91.86438356164383,24.966934673366833],[91.86438356164383,24.963115577889447]]]}},{"type":"Feature","properties":{"stage":3,"elev":13.6,"name":"peak lowland water"},"geometry":{"type":"Polygon","coordinates":[[[91.78,24.966934673366833],[91.78383561643835,24.966934673366833],[91.78383561643835,24.970753768844222],[91.78,24.970753768844222],[91.78,24.966934673366833]]]}},{"type":"Feature","properties":{"stage":3,"elev":14.2,"name":"peak lowland water"},"geometry":{"type":"Polygon","coordinates":[[[91.78383561643835,24.966934673366833],[91.78767123287672,24.966934673366833],[91.78767123287672,24.970753768844222],[91.78383561643835,24.970753768844222],[91.78383561643835,24.966934673366833]]]}},{"type":"Feature","properties":{"stage":3,"elev":14.1,"name":"peak lowland water"},"geometry":{"type":"Polygon","coordinates":[[[91.79150684931507,24.966934673366833],[91.79534246575342,24.966934673366833],[91.79534246575342,24.970753768844222],[91.79150684931507,24.970753768844222],[91.79150684931507,24.966934673366833]]]}},{"type":"Feature","properties":{"stage":3,"elev":14.1,"name":"peak lowland water"},"geometry":{"type":"Polygon","coordinates":[[[91.79534246575342,24.966934673366833],[91.79917808219179,24.966934673366833],[91.79917808219179,24.970753768844222],[91.79534246575342,24.970753768844222],[91.79534246575342,24.966934673366833]]]}},{"type":"Feature","properties":{"stage":3,"elev":12.1,"name":"peak lowland water"},"geometry":{"type":"Polygon","coordinates":[[[91.79917808219179,24.966934673366833],[91.80301369863014,24.966934673366833],[91.80301369863014,24.970753768844222],[91.79917808219179,24.970753768844222],[91.79917808219179,24.966934673366833]]]}},{"type":"Feature","properties":{"stage":3,"elev":11.2,"name":"peak lowland water"},"geometry":{"type":"Polygon","coordinates":[[[91.80301369863014,24.966934673366833],[91.80684931506849,24.966934673366833],[91.80684931506849,24.970753768844222],[91.80301369863014,24.970753768844222],[91.80301369863014,24.966934673366833]]]}},{"type":"Feature","properties":{"stage":3,"elev":12,"name":"peak lowland water"},"geometry":{"type":"Polygon","coordinates":[[[91.80684931506849,24.966934673366833],[91.81068493150686,24.966934673366833],[91.81068493150686,24.970753768844222],[91.80684931506849,24.970753768844222],[91.80684931506849,24.966934673366833]]]}},{"type":"Feature","properties":{"stage":3,"elev":11.2,"name":"peak lowland water"},"geometry":{"type":"Polygon","coordinates":[[[91.81068493150686,24.966934673366833],[91.81452054794521,24.966934673366833],[91.81452054794521,24.970753768844222],[91.81068493150686,24.970753768844222],[91.81068493150686,24.966934673366833]]]}},{"type":"Feature","properties":{"stage":3,"elev":10.4,"name":"peak lowland water"},"geometry":{"type":"Polygon","coordinates":[[[91.81452054794521,24.966934673366833],[91.81835616438356,24.966934673366833],[91.81835616438356,24.970753768844222],[91.81452054794521,24.970753768844222],[91.81452054794521,24.966934673366833]]]}},{"type":"Feature","properties":{"stage":3,"elev":10.1,"name":"peak lowland water"},"geometry":{"type":"Polygon","coordinates":[[[91.81835616438356,24.966934673366833],[91.82219178082192,24.966934673366833],[91.82219178082192,24.970753768844222],[91.81835616438356,24.970753768844222],[91.81835616438356,24.966934673366833]]]}},{"type":"Feature","properties":{"stage":3,"elev":10.7,"name":"peak lowland water"},"geometry":{"type":"Polygon","coordinates":[[[91.82219178082192,24.966934673366833],[91.82602739726028,24.966934673366833],[91.82602739726028,24.970753768844222],[91.82219178082192,24.970753768844222],[91.82219178082192,24.966934673366833]]]}},{"type":"Feature","properties":{"stage":3,"elev":11.3,"name":"peak lowland water"},"geometry":{"type":"Polygon","coordinates":[[[91.82602739726028,24.966934673366833],[91.82986301369863,24.966934673366833],[91.82986301369863,24.970753768844222],[91.82602739726028,24.970753768844222],[91.82602739726028,24.966934673366833]]]}},{"type":"Feature","properties":{"stage":3,"elev":10,"name":"peak lowland water"},"geometry":{"type":"Polygon","coordinates":[[[91.82986301369863,24.966934673366833],[91.83369863013698,24.966934673366833],[91.83369863013698,24.970753768844222],[91.82986301369863,24.970753768844222],[91.82986301369863,24.966934673366833]]]}},{"type":"Feature","properties":{"stage":3,"elev":11.4,"name":"peak lowland water"},"geometry":{"type":"Polygon","coordinates":[[[91.83369863013698,24.966934673366833],[91.83753424657534,24.966934673366833],[91.83753424657534,24.970753768844222],[91.83369863013698,24.970753768844222],[91.83369863013698,24.966934673366833]]]}},{"type":"Feature","properties":{"stage":3,"elev":11.4,"name":"peak lowland water"},"geometry":{"type":"Polygon","coordinates":[[[91.83753424657534,24.966934673366833],[91.8413698630137,24.966934673366833],[91.8413698630137,24.970753768844222],[91.83753424657534,24.970753768844222],[91.83753424657534,24.966934673366833]]]}},{"type":"Feature","properties":{"stage":3,"elev":11.2,"name":"peak lowland water"},"geometry":{"type":"Polygon","coordinates":[[[91.8413698630137,24.966934673366833],[91.84520547945205,24.966934673366833],[91.84520547945205,24.970753768844222],[91.8413698630137,24.970753768844222],[91.8413698630137,24.966934673366833]]]}},{"type":"Feature","properties":{"stage":3,"elev":12.1,"name":"peak lowland water"},"geometry":{"type":"Polygon","coordinates":[[[91.84520547945205,24.966934673366833],[91.84904109589041,24.966934673366833],[91.84904109589041,24.970753768844222],[91.84520547945205,24.970753768844222],[91.84520547945205,24.966934673366833]]]}},{"type":"Feature","properties":{"stage":3,"elev":12,"name":"peak lowland water"},"geometry":{"type":"Polygon","coordinates":[[[91.84904109589041,24.966934673366833],[91.85287671232877,24.966934673366833],[91.85287671232877,24.970753768844222],[91.84904109589041,24.970753768844222],[91.84904109589041,24.966934673366833]]]}},{"type":"Feature","properties":{"stage":3,"elev":13.6,"name":"peak lowland water"},"geometry":{"type":"Polygon","coordinates":[[[91.85287671232877,24.966934673366833],[91.85671232876712,24.966934673366833],[91.85671232876712,24.970753768844222],[91.85287671232877,24.970753768844222],[91.85287671232877,24.966934673366833]]]}},{"type":"Feature","properties":{"stage":3,"elev":13.6,"name":"peak lowland water"},"geometry":{"type":"Polygon","coordinates":[[[91.85671232876712,24.966934673366833],[91.86054794520548,24.966934673366833],[91.86054794520548,24.970753768844222],[91.85671232876712,24.970753768844222],[91.85671232876712,24.966934673366833]]]}},{"type":"Feature","properties":{"stage":3,"elev":13.7,"name":"peak lowland water"},"geometry":{"type":"Polygon","coordinates":[[[91.86054794520548,24.966934673366833],[91.86438356164383,24.966934673366833],[91.86438356164383,24.970753768844222],[91.86054794520548,24.970753768844222],[91.86054794520548,24.966934673366833]]]}},{"type":"Feature","properties":{"stage":3,"elev":12.8,"name":"peak lowland water"},"geometry":{"type":"Polygon","coordinates":[[[91.78,24.970753768844222],[91.78383561643835,24.970753768844222],[91.78383561643835,24.97457286432161],[91.78,24.97457286432161],[91.78,24.970753768844222]]]}},{"type":"Feature","properties":{"stage":3,"elev":13.4,"name":"peak lowland water"},"geometry":{"type":"Polygon","coordinates":[[[91.78383561643835,24.970753768844222],[91.78767123287672,24.970753768844222],[91.78767123287672,24.97457286432161],[91.78383561643835,24.97457286432161],[91.78383561643835,24.970753768844222]]]}},{"type":"Feature","properties":{"stage":3,"elev":13.2,"name":"peak lowland water"},"geometry":{"type":"Polygon","coordinates":[[[91.79534246575342,24.970753768844222],[91.79917808219179,24.970753768844222],[91.79917808219179,24.97457286432161],[91.79534246575342,24.97457286432161],[91.79534246575342,24.970753768844222]]]}},{"type":"Feature","properties":{"stage":3,"elev":12.8,"name":"peak lowland water"},"geometry":{"type":"Polygon","coordinates":[[[91.79917808219179,24.970753768844222],[91.80301369863014,24.970753768844222],[91.80301369863014,24.97457286432161],[91.79917808219179,24.97457286432161],[91.79917808219179,24.970753768844222]]]}},{"type":"Feature","properties":{"stage":3,"elev":12.6,"name":"peak lowland water"},"geometry":{"type":"Polygon","coordinates":[[[91.80301369863014,24.970753768844222],[91.80684931506849,24.970753768844222],[91.80684931506849,24.97457286432161],[91.80301369863014,24.97457286432161],[91.80301369863014,24.970753768844222]]]}},{"type":"Feature","properties":{"stage":3,"elev":11.9,"name":"peak lowland water"},"geometry":{"type":"Polygon","coordinates":[[[91.80684931506849,24.970753768844222],[91.81068493150686,24.970753768844222],[91.81068493150686,24.97457286432161],[91.80684931506849,24.97457286432161],[91.80684931506849,24.970753768844222]]]}},{"type":"Feature","properties":{"stage":3,"elev":10.7,"name":"peak lowland water"},"geometry":{"type":"Polygon","coordinates":[[[91.81068493150686,24.970753768844222],[91.81452054794521,24.970753768844222],[91.81452054794521,24.97457286432161],[91.81068493150686,24.97457286432161],[91.81068493150686,24.970753768844222]]]}},{"type":"Feature","properties":{"stage":3,"elev":10.4,"name":"peak lowland water"},"geometry":{"type":"Polygon","coordinates":[[[91.81452054794521,24.970753768844222],[91.81835616438356,24.970753768844222],[91.81835616438356,24.97457286432161],[91.81452054794521,24.97457286432161],[91.81452054794521,24.970753768844222]]]}},{"type":"Feature","properties":{"stage":3,"elev":9.3,"name":"peak lowland water"},"geometry":{"type":"Polygon","coordinates":[[[91.81835616438356,24.970753768844222],[91.82219178082192,24.970753768844222],[91.82219178082192,24.97457286432161],[91.81835616438356,24.97457286432161],[91.81835616438356,24.970753768844222]]]}},{"type":"Feature","properties":{"stage":3,"elev":10.3,"name":"peak lowland water"},"geometry":{"type":"Polygon","coordinates":[[[91.82219178082192,24.970753768844222],[91.82602739726028,24.970753768844222],[91.82602739726028,24.97457286432161],[91.82219178082192,24.97457286432161],[91.82219178082192,24.970753768844222]]]}},{"type":"Feature","properties":{"stage":3,"elev":11.2,"name":"peak lowland water"},"geometry":{"type":"Polygon","coordinates":[[[91.82602739726028,24.970753768844222],[91.82986301369863,24.970753768844222],[91.82986301369863,24.97457286432161],[91.82602739726028,24.97457286432161],[91.82602739726028,24.970753768844222]]]}},{"type":"Feature","properties":{"stage":3,"elev":11.3,"name":"peak lowland water"},"geometry":{"type":"Polygon","coordinates":[[[91.82986301369863,24.970753768844222],[91.83369863013698,24.970753768844222],[91.83369863013698,24.97457286432161],[91.82986301369863,24.97457286432161],[91.82986301369863,24.970753768844222]]]}},{"type":"Feature","properties":{"stage":3,"elev":11.1,"name":"peak lowland water"},"geometry":{"type":"Polygon","coordinates":[[[91.83369863013698,24.970753768844222],[91.83753424657534,24.970753768844222],[91.83753424657534,24.97457286432161],[91.83369863013698,24.97457286432161],[91.83369863013698,24.970753768844222]]]}},{"type":"Feature","properties":{"stage":3,"elev":9.3,"name":"peak lowland water"},"geometry":{"type":"Polygon","coordinates":[[[91.83753424657534,24.970753768844222],[91.8413698630137,24.970753768844222],[91.8413698630137,24.97457286432161],[91.83753424657534,24.97457286432161],[91.83753424657534,24.970753768844222]]]}},{"type":"Feature","properties":{"stage":3,"elev":9.7,"name":"peak lowland water"},"geometry":{"type":"Polygon","coordinates":[[[91.8413698630137,24.970753768844222],[91.84520547945205,24.970753768844222],[91.84520547945205,24.97457286432161],[91.8413698630137,24.97457286432161],[91.8413698630137,24.970753768844222]]]}},{"type":"Feature","properties":{"stage":3,"elev":11.6,"name":"peak lowland water"},"geometry":{"type":"Polygon","coordinates":[[[91.84520547945205,24.970753768844222],[91.84904109589041,24.970753768844222],[91.84904109589041,24.97457286432161],[91.84520547945205,24.97457286432161],[91.84520547945205,24.970753768844222]]]}},{"type":"Feature","properties":{"stage":3,"elev":11.6,"name":"peak lowland water"},"geometry":{"type":"Polygon","coordinates":[[[91.84904109589041,24.970753768844222],[91.85287671232877,24.970753768844222],[91.85287671232877,24.97457286432161],[91.84904109589041,24.97457286432161],[91.84904109589041,24.970753768844222]]]}},{"type":"Feature","properties":{"stage":3,"elev":13.8,"name":"peak lowland water"},"geometry":{"type":"Polygon","coordinates":[[[91.85287671232877,24.970753768844222],[91.85671232876712,24.970753768844222],[91.85671232876712,24.97457286432161],[91.85287671232877,24.97457286432161],[91.85287671232877,24.970753768844222]]]}},{"type":"Feature","properties":{"stage":3,"elev":12.1,"name":"peak lowland water"},"geometry":{"type":"Polygon","coordinates":[[[91.85671232876712,24.970753768844222],[91.86054794520548,24.970753768844222],[91.86054794520548,24.97457286432161],[91.85671232876712,24.97457286432161],[91.85671232876712,24.970753768844222]]]}},{"type":"Feature","properties":{"stage":3,"elev":12.6,"name":"peak lowland water"},"geometry":{"type":"Polygon","coordinates":[[[91.86054794520548,24.970753768844222],[91.86438356164383,24.970753768844222],[91.86438356164383,24.97457286432161],[91.86054794520548,24.97457286432161],[91.86054794520548,24.970753768844222]]]}},{"type":"Feature","properties":{"stage":3,"elev":13.7,"name":"peak lowland water"},"geometry":{"type":"Polygon","coordinates":[[[91.86438356164383,24.970753768844222],[91.86821917808219,24.970753768844222],[91.86821917808219,24.97457286432161],[91.86438356164383,24.97457286432161],[91.86438356164383,24.970753768844222]]]}},{"type":"Feature","properties":{"stage":3,"elev":12.9,"name":"peak lowland water"},"geometry":{"type":"Polygon","coordinates":[[[91.78,24.97457286432161],[91.78383561643835,24.97457286432161],[91.78383561643835,24.978391959798994],[91.78,24.978391959798994],[91.78,24.97457286432161]]]}},{"type":"Feature","properties":{"stage":3,"elev":14,"name":"peak lowland water"},"geometry":{"type":"Polygon","coordinates":[[[91.78767123287672,24.97457286432161],[91.79150684931507,24.97457286432161],[91.79150684931507,24.978391959798994],[91.78767123287672,24.978391959798994],[91.78767123287672,24.97457286432161]]]}},{"type":"Feature","properties":{"stage":3,"elev":14.1,"name":"peak lowland water"},"geometry":{"type":"Polygon","coordinates":[[[91.79534246575342,24.97457286432161],[91.79917808219179,24.97457286432161],[91.79917808219179,24.978391959798994],[91.79534246575342,24.978391959798994],[91.79534246575342,24.97457286432161]]]}},{"type":"Feature","properties":{"stage":3,"elev":11.9,"name":"peak lowland water"},"geometry":{"type":"Polygon","coordinates":[[[91.79917808219179,24.97457286432161],[91.80301369863014,24.97457286432161],[91.80301369863014,24.978391959798994],[91.79917808219179,24.978391959798994],[91.79917808219179,24.97457286432161]]]}},{"type":"Feature","properties":{"stage":3,"elev":11.3,"name":"peak lowland water"},"geometry":{"type":"Polygon","coordinates":[[[91.80301369863014,24.97457286432161],[91.80684931506849,24.97457286432161],[91.80684931506849,24.978391959798994],[91.80301369863014,24.978391959798994],[91.80301369863014,24.97457286432161]]]}},{"type":"Feature","properties":{"stage":3,"elev":11.3,"name":"peak lowland water"},"geometry":{"type":"Polygon","coordinates":[[[91.80684931506849,24.97457286432161],[91.81068493150686,24.97457286432161],[91.81068493150686,24.978391959798994],[91.80684931506849,24.978391959798994],[91.80684931506849,24.97457286432161]]]}},{"type":"Feature","properties":{"stage":3,"elev":10.5,"name":"peak lowland water"},"geometry":{"type":"Polygon","coordinates":[[[91.81068493150686,24.97457286432161],[91.81452054794521,24.97457286432161],[91.81452054794521,24.978391959798994],[91.81068493150686,24.978391959798994],[91.81068493150686,24.97457286432161]]]}},{"type":"Feature","properties":{"stage":3,"elev":9.4,"name":"peak lowland water"},"geometry":{"type":"Polygon","coordinates":[[[91.81452054794521,24.97457286432161],[91.81835616438356,24.97457286432161],[91.81835616438356,24.978391959798994],[91.81452054794521,24.978391959798994],[91.81452054794521,24.97457286432161]]]}},{"type":"Feature","properties":{"stage":3,"elev":11.3,"name":"peak lowland water"},"geometry":{"type":"Polygon","coordinates":[[[91.81835616438356,24.97457286432161],[91.82219178082192,24.97457286432161],[91.82219178082192,24.978391959798994],[91.81835616438356,24.978391959798994],[91.81835616438356,24.97457286432161]]]}},{"type":"Feature","properties":{"stage":3,"elev":12.6,"name":"peak lowland water"},"geometry":{"type":"Polygon","coordinates":[[[91.82219178082192,24.97457286432161],[91.82602739726028,24.97457286432161],[91.82602739726028,24.978391959798994],[91.82219178082192,24.978391959798994],[91.82219178082192,24.97457286432161]]]}},{"type":"Feature","properties":{"stage":3,"elev":10.1,"name":"peak lowland water"},"geometry":{"type":"Polygon","coordinates":[[[91.82602739726028,24.97457286432161],[91.82986301369863,24.97457286432161],[91.82986301369863,24.978391959798994],[91.82602739726028,24.978391959798994],[91.82602739726028,24.97457286432161]]]}},{"type":"Feature","properties":{"stage":3,"elev":11.1,"name":"peak lowland water"},"geometry":{"type":"Polygon","coordinates":[[[91.82986301369863,24.97457286432161],[91.83369863013698,24.97457286432161],[91.83369863013698,24.978391959798994],[91.82986301369863,24.978391959798994],[91.82986301369863,24.97457286432161]]]}},{"type":"Feature","properties":{"stage":3,"elev":10.9,"name":"peak lowland water"},"geometry":{"type":"Polygon","coordinates":[[[91.83369863013698,24.97457286432161],[91.83753424657534,24.97457286432161],[91.83753424657534,24.978391959798994],[91.83369863013698,24.978391959798994],[91.83369863013698,24.97457286432161]]]}},{"type":"Feature","properties":{"stage":3,"elev":10.7,"name":"peak lowland water"},"geometry":{"type":"Polygon","coordinates":[[[91.83753424657534,24.97457286432161],[91.8413698630137,24.97457286432161],[91.8413698630137,24.978391959798994],[91.83753424657534,24.978391959798994],[91.83753424657534,24.97457286432161]]]}},{"type":"Feature","properties":{"stage":3,"elev":11.2,"name":"peak lowland water"},"geometry":{"type":"Polygon","coordinates":[[[91.8413698630137,24.97457286432161],[91.84520547945205,24.97457286432161],[91.84520547945205,24.978391959798994],[91.8413698630137,24.978391959798994],[91.8413698630137,24.97457286432161]]]}},{"type":"Feature","properties":{"stage":3,"elev":12.2,"name":"peak lowland water"},"geometry":{"type":"Polygon","coordinates":[[[91.84520547945205,24.97457286432161],[91.84904109589041,24.97457286432161],[91.84904109589041,24.978391959798994],[91.84520547945205,24.978391959798994],[91.84520547945205,24.97457286432161]]]}},{"type":"Feature","properties":{"stage":3,"elev":13.8,"name":"peak lowland water"},"geometry":{"type":"Polygon","coordinates":[[[91.85287671232877,24.97457286432161],[91.85671232876712,24.97457286432161],[91.85671232876712,24.978391959798994],[91.85287671232877,24.978391959798994],[91.85287671232877,24.97457286432161]]]}},{"type":"Feature","properties":{"stage":3,"elev":13.1,"name":"peak lowland water"},"geometry":{"type":"Polygon","coordinates":[[[91.85671232876712,24.97457286432161],[91.86054794520548,24.97457286432161],[91.86054794520548,24.978391959798994],[91.85671232876712,24.978391959798994],[91.85671232876712,24.97457286432161]]]}},{"type":"Feature","properties":{"stage":3,"elev":11.8,"name":"peak lowland water"},"geometry":{"type":"Polygon","coordinates":[[[91.86054794520548,24.97457286432161],[91.86438356164383,24.97457286432161],[91.86438356164383,24.978391959798994],[91.86054794520548,24.978391959798994],[91.86054794520548,24.97457286432161]]]}},{"type":"Feature","properties":{"stage":3,"elev":13.1,"name":"peak lowland water"},"geometry":{"type":"Polygon","coordinates":[[[91.86438356164383,24.97457286432161],[91.86821917808219,24.97457286432161],[91.86821917808219,24.978391959798994],[91.86438356164383,24.978391959798994],[91.86438356164383,24.97457286432161]]]}},{"type":"Feature","properties":{"stage":3,"elev":14.6,"name":"peak lowland water"},"geometry":{"type":"Polygon","coordinates":[[[91.8758904109589,24.97457286432161],[91.87972602739725,24.97457286432161],[91.87972602739725,24.978391959798994],[91.8758904109589,24.978391959798994],[91.8758904109589,24.97457286432161]]]}},{"type":"Feature","properties":{"stage":3,"elev":13.5,"name":"peak lowland water"},"geometry":{"type":"Polygon","coordinates":[[[91.78,24.978391959798994],[91.78383561643835,24.978391959798994],[91.78383561643835,24.982211055276384],[91.78,24.982211055276384],[91.78,24.978391959798994]]]}},{"type":"Feature","properties":{"stage":3,"elev":13.4,"name":"peak lowland water"},"geometry":{"type":"Polygon","coordinates":[[[91.78767123287672,24.978391959798994],[91.79150684931507,24.978391959798994],[91.79150684931507,24.982211055276384],[91.78767123287672,24.982211055276384],[91.78767123287672,24.978391959798994]]]}},{"type":"Feature","properties":{"stage":3,"elev":13.8,"name":"peak lowland water"},"geometry":{"type":"Polygon","coordinates":[[[91.79534246575342,24.978391959798994],[91.79917808219179,24.978391959798994],[91.79917808219179,24.982211055276384],[91.79534246575342,24.982211055276384],[91.79534246575342,24.978391959798994]]]}},{"type":"Feature","properties":{"stage":3,"elev":13.3,"name":"peak lowland water"},"geometry":{"type":"Polygon","coordinates":[[[91.79917808219179,24.978391959798994],[91.80301369863014,24.978391959798994],[91.80301369863014,24.982211055276384],[91.79917808219179,24.982211055276384],[91.79917808219179,24.978391959798994]]]}},{"type":"Feature","properties":{"stage":3,"elev":11.1,"name":"peak lowland water"},"geometry":{"type":"Polygon","coordinates":[[[91.80301369863014,24.978391959798994],[91.80684931506849,24.978391959798994],[91.80684931506849,24.982211055276384],[91.80301369863014,24.982211055276384],[91.80301369863014,24.978391959798994]]]}},{"type":"Feature","properties":{"stage":3,"elev":10.1,"name":"peak lowland water"},"geometry":{"type":"Polygon","coordinates":[[[91.80684931506849,24.978391959798994],[91.81068493150686,24.978391959798994],[91.81068493150686,24.982211055276384],[91.80684931506849,24.982211055276384],[91.80684931506849,24.978391959798994]]]}},{"type":"Feature","properties":{"stage":3,"elev":11.5,"name":"peak lowland water"},"geometry":{"type":"Polygon","coordinates":[[[91.81068493150686,24.978391959798994],[91.81452054794521,24.978391959798994],[91.81452054794521,24.982211055276384],[91.81068493150686,24.982211055276384],[91.81068493150686,24.978391959798994]]]}},{"type":"Feature","properties":{"stage":3,"elev":11.9,"name":"peak lowland water"},"geometry":{"type":"Polygon","coordinates":[[[91.81452054794521,24.978391959798994],[91.81835616438356,24.978391959798994],[91.81835616438356,24.982211055276384],[91.81452054794521,24.982211055276384],[91.81452054794521,24.978391959798994]]]}},{"type":"Feature","properties":{"stage":3,"elev":11.8,"name":"peak lowland water"},"geometry":{"type":"Polygon","coordinates":[[[91.81835616438356,24.978391959798994],[91.82219178082192,24.978391959798994],[91.82219178082192,24.982211055276384],[91.81835616438356,24.982211055276384],[91.81835616438356,24.978391959798994]]]}},{"type":"Feature","properties":{"stage":3,"elev":10.3,"name":"peak lowland water"},"geometry":{"type":"Polygon","coordinates":[[[91.82219178082192,24.978391959798994],[91.82602739726028,24.978391959798994],[91.82602739726028,24.982211055276384],[91.82219178082192,24.982211055276384],[91.82219178082192,24.978391959798994]]]}},{"type":"Feature","properties":{"stage":3,"elev":11.4,"name":"peak lowland water"},"geometry":{"type":"Polygon","coordinates":[[[91.82602739726028,24.978391959798994],[91.82986301369863,24.978391959798994],[91.82986301369863,24.982211055276384],[91.82602739726028,24.982211055276384],[91.82602739726028,24.978391959798994]]]}},{"type":"Feature","properties":{"stage":3,"elev":10.6,"name":"peak lowland water"},"geometry":{"type":"Polygon","coordinates":[[[91.82986301369863,24.978391959798994],[91.83369863013698,24.978391959798994],[91.83369863013698,24.982211055276384],[91.82986301369863,24.982211055276384],[91.82986301369863,24.978391959798994]]]}},{"type":"Feature","properties":{"stage":3,"elev":10.8,"name":"peak lowland water"},"geometry":{"type":"Polygon","coordinates":[[[91.83369863013698,24.978391959798994],[91.83753424657534,24.978391959798994],[91.83753424657534,24.982211055276384],[91.83369863013698,24.982211055276384],[91.83369863013698,24.978391959798994]]]}},{"type":"Feature","properties":{"stage":3,"elev":13.1,"name":"peak lowland water"},"geometry":{"type":"Polygon","coordinates":[[[91.83753424657534,24.978391959798994],[91.8413698630137,24.978391959798994],[91.8413698630137,24.982211055276384],[91.83753424657534,24.982211055276384],[91.83753424657534,24.978391959798994]]]}},{"type":"Feature","properties":{"stage":3,"elev":15,"name":"peak lowland water"},"geometry":{"type":"Polygon","coordinates":[[[91.85671232876712,24.978391959798994],[91.86054794520548,24.978391959798994],[91.86054794520548,24.982211055276384],[91.85671232876712,24.982211055276384],[91.85671232876712,24.978391959798994]]]}},{"type":"Feature","properties":{"stage":3,"elev":12.8,"name":"peak lowland water"},"geometry":{"type":"Polygon","coordinates":[[[91.86054794520548,24.978391959798994],[91.86438356164383,24.978391959798994],[91.86438356164383,24.982211055276384],[91.86054794520548,24.982211055276384],[91.86054794520548,24.978391959798994]]]}},{"type":"Feature","properties":{"stage":3,"elev":15,"name":"peak lowland water"},"geometry":{"type":"Polygon","coordinates":[[[91.87205479452055,24.978391959798994],[91.8758904109589,24.978391959798994],[91.8758904109589,24.982211055276384],[91.87205479452055,24.982211055276384],[91.87205479452055,24.978391959798994]]]}},{"type":"Feature","properties":{"stage":3,"elev":12.9,"name":"peak lowland water"},"geometry":{"type":"Polygon","coordinates":[[[91.8758904109589,24.978391959798994],[91.87972602739725,24.978391959798994],[91.87972602739725,24.982211055276384],[91.8758904109589,24.982211055276384],[91.8758904109589,24.978391959798994]]]}},{"type":"Feature","properties":{"stage":3,"elev":14.3,"name":"peak lowland water"},"geometry":{"type":"Polygon","coordinates":[[[91.87972602739725,24.978391959798994],[91.88356164383562,24.978391959798994],[91.88356164383562,24.982211055276384],[91.87972602739725,24.982211055276384],[91.87972602739725,24.978391959798994]]]}},{"type":"Feature","properties":{"stage":3,"elev":12.5,"name":"peak lowland water"},"geometry":{"type":"Polygon","coordinates":[[[91.78767123287672,24.982211055276384],[91.79150684931507,24.982211055276384],[91.79150684931507,24.98603015075377],[91.78767123287672,24.98603015075377],[91.78767123287672,24.982211055276384]]]}},{"type":"Feature","properties":{"stage":3,"elev":13,"name":"peak lowland water"},"geometry":{"type":"Polygon","coordinates":[[[91.79150684931507,24.982211055276384],[91.79534246575342,24.982211055276384],[91.79534246575342,24.98603015075377],[91.79150684931507,24.98603015075377],[91.79150684931507,24.982211055276384]]]}},{"type":"Feature","properties":{"stage":3,"elev":11.9,"name":"peak lowland water"},"geometry":{"type":"Polygon","coordinates":[[[91.79534246575342,24.982211055276384],[91.79917808219179,24.982211055276384],[91.79917808219179,24.98603015075377],[91.79534246575342,24.98603015075377],[91.79534246575342,24.982211055276384]]]}},{"type":"Feature","properties":{"stage":3,"elev":12.5,"name":"peak lowland water"},"geometry":{"type":"Polygon","coordinates":[[[91.79917808219179,24.982211055276384],[91.80301369863014,24.982211055276384],[91.80301369863014,24.98603015075377],[91.79917808219179,24.98603015075377],[91.79917808219179,24.982211055276384]]]}},{"type":"Feature","properties":{"stage":3,"elev":11.8,"name":"peak lowland water"},"geometry":{"type":"Polygon","coordinates":[[[91.80301369863014,24.982211055276384],[91.80684931506849,24.982211055276384],[91.80684931506849,24.98603015075377],[91.80301369863014,24.98603015075377],[91.80301369863014,24.982211055276384]]]}},{"type":"Feature","properties":{"stage":3,"elev":11.5,"name":"peak lowland water"},"geometry":{"type":"Polygon","coordinates":[[[91.80684931506849,24.982211055276384],[91.81068493150686,24.982211055276384],[91.81068493150686,24.98603015075377],[91.80684931506849,24.98603015075377],[91.80684931506849,24.982211055276384]]]}},{"type":"Feature","properties":{"stage":3,"elev":11.8,"name":"peak lowland water"},"geometry":{"type":"Polygon","coordinates":[[[91.81068493150686,24.982211055276384],[91.81452054794521,24.982211055276384],[91.81452054794521,24.98603015075377],[91.81068493150686,24.98603015075377],[91.81068493150686,24.982211055276384]]]}},{"type":"Feature","properties":{"stage":3,"elev":12.3,"name":"peak lowland water"},"geometry":{"type":"Polygon","coordinates":[[[91.81452054794521,24.982211055276384],[91.81835616438356,24.982211055276384],[91.81835616438356,24.98603015075377],[91.81452054794521,24.98603015075377],[91.81452054794521,24.982211055276384]]]}},{"type":"Feature","properties":{"stage":3,"elev":11.9,"name":"peak lowland water"},"geometry":{"type":"Polygon","coordinates":[[[91.81835616438356,24.982211055276384],[91.82219178082192,24.982211055276384],[91.82219178082192,24.98603015075377],[91.81835616438356,24.98603015075377],[91.81835616438356,24.982211055276384]]]}},{"type":"Feature","properties":{"stage":3,"elev":10.8,"name":"peak lowland water"},"geometry":{"type":"Polygon","coordinates":[[[91.82219178082192,24.982211055276384],[91.82602739726028,24.982211055276384],[91.82602739726028,24.98603015075377],[91.82219178082192,24.98603015075377],[91.82219178082192,24.982211055276384]]]}},{"type":"Feature","properties":{"stage":3,"elev":9.9,"name":"peak lowland water"},"geometry":{"type":"Polygon","coordinates":[[[91.82602739726028,24.982211055276384],[91.82986301369863,24.982211055276384],[91.82986301369863,24.98603015075377],[91.82602739726028,24.98603015075377],[91.82602739726028,24.982211055276384]]]}},{"type":"Feature","properties":{"stage":3,"elev":11.6,"name":"peak lowland water"},"geometry":{"type":"Polygon","coordinates":[[[91.82986301369863,24.982211055276384],[91.83369863013698,24.982211055276384],[91.83369863013698,24.98603015075377],[91.82986301369863,24.98603015075377],[91.82986301369863,24.982211055276384]]]}},{"type":"Feature","properties":{"stage":3,"elev":11,"name":"peak lowland water"},"geometry":{"type":"Polygon","coordinates":[[[91.83369863013698,24.982211055276384],[91.83753424657534,24.982211055276384],[91.83753424657534,24.98603015075377],[91.83369863013698,24.98603015075377],[91.83369863013698,24.982211055276384]]]}},{"type":"Feature","properties":{"stage":3,"elev":11.8,"name":"peak lowland water"},"geometry":{"type":"Polygon","coordinates":[[[91.83753424657534,24.982211055276384],[91.8413698630137,24.982211055276384],[91.8413698630137,24.98603015075377],[91.83753424657534,24.98603015075377],[91.83753424657534,24.982211055276384]]]}},{"type":"Feature","properties":{"stage":3,"elev":11.6,"name":"peak lowland water"},"geometry":{"type":"Polygon","coordinates":[[[91.8413698630137,24.982211055276384],[91.84520547945205,24.982211055276384],[91.84520547945205,24.98603015075377],[91.8413698630137,24.98603015075377],[91.8413698630137,24.982211055276384]]]}},{"type":"Feature","properties":{"stage":3,"elev":9.8,"name":"peak lowland water"},"geometry":{"type":"Polygon","coordinates":[[[91.84520547945205,24.982211055276384],[91.84904109589041,24.982211055276384],[91.84904109589041,24.98603015075377],[91.84520547945205,24.98603015075377],[91.84520547945205,24.982211055276384]]]}},{"type":"Feature","properties":{"stage":3,"elev":11.5,"name":"peak lowland water"},"geometry":{"type":"Polygon","coordinates":[[[91.84904109589041,24.982211055276384],[91.85287671232877,24.982211055276384],[91.85287671232877,24.98603015075377],[91.84904109589041,24.98603015075377],[91.84904109589041,24.982211055276384]]]}},{"type":"Feature","properties":{"stage":3,"elev":12.3,"name":"peak lowland water"},"geometry":{"type":"Polygon","coordinates":[[[91.85287671232877,24.982211055276384],[91.85671232876712,24.982211055276384],[91.85671232876712,24.98603015075377],[91.85287671232877,24.98603015075377],[91.85287671232877,24.982211055276384]]]}},{"type":"Feature","properties":{"stage":3,"elev":12.3,"name":"peak lowland water"},"geometry":{"type":"Polygon","coordinates":[[[91.85671232876712,24.982211055276384],[91.86054794520548,24.982211055276384],[91.86054794520548,24.98603015075377],[91.85671232876712,24.98603015075377],[91.85671232876712,24.982211055276384]]]}},{"type":"Feature","properties":{"stage":3,"elev":12.1,"name":"peak lowland water"},"geometry":{"type":"Polygon","coordinates":[[[91.86054794520548,24.982211055276384],[91.86438356164383,24.982211055276384],[91.86438356164383,24.98603015075377],[91.86054794520548,24.98603015075377],[91.86054794520548,24.982211055276384]]]}},{"type":"Feature","properties":{"stage":3,"elev":12.1,"name":"peak lowland water"},"geometry":{"type":"Polygon","coordinates":[[[91.86438356164383,24.982211055276384],[91.86821917808219,24.982211055276384],[91.86821917808219,24.98603015075377],[91.86438356164383,24.98603015075377],[91.86438356164383,24.982211055276384]]]}},{"type":"Feature","properties":{"stage":3,"elev":12.1,"name":"peak lowland water"},"geometry":{"type":"Polygon","coordinates":[[[91.86821917808219,24.982211055276384],[91.87205479452055,24.982211055276384],[91.87205479452055,24.98603015075377],[91.86821917808219,24.98603015075377],[91.86821917808219,24.982211055276384]]]}},{"type":"Feature","properties":{"stage":3,"elev":12.4,"name":"peak lowland water"},"geometry":{"type":"Polygon","coordinates":[[[91.87205479452055,24.982211055276384],[91.8758904109589,24.982211055276384],[91.8758904109589,24.98603015075377],[91.87205479452055,24.98603015075377],[91.87205479452055,24.982211055276384]]]}},{"type":"Feature","properties":{"stage":3,"elev":11.8,"name":"peak lowland water"},"geometry":{"type":"Polygon","coordinates":[[[91.8758904109589,24.982211055276384],[91.87972602739725,24.982211055276384],[91.87972602739725,24.98603015075377],[91.8758904109589,24.98603015075377],[91.8758904109589,24.982211055276384]]]}},{"type":"Feature","properties":{"stage":3,"elev":12,"name":"peak lowland water"},"geometry":{"type":"Polygon","coordinates":[[[91.87972602739725,24.982211055276384],[91.88356164383562,24.982211055276384],[91.88356164383562,24.98603015075377],[91.87972602739725,24.98603015075377],[91.87972602739725,24.982211055276384]]]}},{"type":"Feature","properties":{"stage":3,"elev":12.1,"name":"peak lowland water"},"geometry":{"type":"Polygon","coordinates":[[[91.88356164383562,24.982211055276384],[91.88739726027397,24.982211055276384],[91.88739726027397,24.98603015075377],[91.88356164383562,24.98603015075377],[91.88356164383562,24.982211055276384]]]}},{"type":"Feature","properties":{"stage":3,"elev":14.4,"name":"peak lowland water"},"geometry":{"type":"Polygon","coordinates":[[[91.88739726027397,24.982211055276384],[91.89123287671232,24.982211055276384],[91.89123287671232,24.98603015075377],[91.88739726027397,24.98603015075377],[91.88739726027397,24.982211055276384]]]}},{"type":"Feature","properties":{"stage":3,"elev":14.9,"name":"peak lowland water"},"geometry":{"type":"Polygon","coordinates":[[[91.89506849315069,24.982211055276384],[91.89890410958904,24.982211055276384],[91.89890410958904,24.98603015075377],[91.89506849315069,24.98603015075377],[91.89506849315069,24.982211055276384]]]}},{"type":"Feature","properties":{"stage":3,"elev":13.4,"name":"peak lowland water"},"geometry":{"type":"Polygon","coordinates":[[[91.79150684931507,24.98603015075377],[91.79534246575342,24.98603015075377],[91.79534246575342,24.989849246231156],[91.79150684931507,24.989849246231156],[91.79150684931507,24.98603015075377]]]}},{"type":"Feature","properties":{"stage":3,"elev":13.1,"name":"peak lowland water"},"geometry":{"type":"Polygon","coordinates":[[[91.80301369863014,24.98603015075377],[91.80684931506849,24.98603015075377],[91.80684931506849,24.989849246231156],[91.80301369863014,24.989849246231156],[91.80301369863014,24.98603015075377]]]}},{"type":"Feature","properties":{"stage":3,"elev":11.8,"name":"peak lowland water"},"geometry":{"type":"Polygon","coordinates":[[[91.80684931506849,24.98603015075377],[91.81068493150686,24.98603015075377],[91.81068493150686,24.989849246231156],[91.80684931506849,24.989849246231156],[91.80684931506849,24.98603015075377]]]}},{"type":"Feature","properties":{"stage":3,"elev":12.1,"name":"peak lowland water"},"geometry":{"type":"Polygon","coordinates":[[[91.81068493150686,24.98603015075377],[91.81452054794521,24.98603015075377],[91.81452054794521,24.989849246231156],[91.81068493150686,24.989849246231156],[91.81068493150686,24.98603015075377]]]}},{"type":"Feature","properties":{"stage":3,"elev":13,"name":"peak lowland water"},"geometry":{"type":"Polygon","coordinates":[[[91.81452054794521,24.98603015075377],[91.81835616438356,24.98603015075377],[91.81835616438356,24.989849246231156],[91.81452054794521,24.989849246231156],[91.81452054794521,24.98603015075377]]]}},{"type":"Feature","properties":{"stage":3,"elev":12.2,"name":"peak lowland water"},"geometry":{"type":"Polygon","coordinates":[[[91.81835616438356,24.98603015075377],[91.82219178082192,24.98603015075377],[91.82219178082192,24.989849246231156],[91.81835616438356,24.989849246231156],[91.81835616438356,24.98603015075377]]]}},{"type":"Feature","properties":{"stage":3,"elev":10.9,"name":"peak lowland water"},"geometry":{"type":"Polygon","coordinates":[[[91.82219178082192,24.98603015075377],[91.82602739726028,24.98603015075377],[91.82602739726028,24.989849246231156],[91.82219178082192,24.989849246231156],[91.82219178082192,24.98603015075377]]]}},{"type":"Feature","properties":{"stage":3,"elev":11.6,"name":"peak lowland water"},"geometry":{"type":"Polygon","coordinates":[[[91.82602739726028,24.98603015075377],[91.82986301369863,24.98603015075377],[91.82986301369863,24.989849246231156],[91.82602739726028,24.989849246231156],[91.82602739726028,24.98603015075377]]]}},{"type":"Feature","properties":{"stage":3,"elev":11.1,"name":"peak lowland water"},"geometry":{"type":"Polygon","coordinates":[[[91.82986301369863,24.98603015075377],[91.83369863013698,24.98603015075377],[91.83369863013698,24.989849246231156],[91.82986301369863,24.989849246231156],[91.82986301369863,24.98603015075377]]]}},{"type":"Feature","properties":{"stage":3,"elev":9.6,"name":"peak lowland water"},"geometry":{"type":"Polygon","coordinates":[[[91.83369863013698,24.98603015075377],[91.83753424657534,24.98603015075377],[91.83753424657534,24.989849246231156],[91.83369863013698,24.989849246231156],[91.83369863013698,24.98603015075377]]]}},{"type":"Feature","properties":{"stage":3,"elev":10.3,"name":"peak lowland water"},"geometry":{"type":"Polygon","coordinates":[[[91.83753424657534,24.98603015075377],[91.8413698630137,24.98603015075377],[91.8413698630137,24.989849246231156],[91.83753424657534,24.989849246231156],[91.83753424657534,24.98603015075377]]]}},{"type":"Feature","properties":{"stage":3,"elev":9.4,"name":"peak lowland water"},"geometry":{"type":"Polygon","coordinates":[[[91.8413698630137,24.98603015075377],[91.84520547945205,24.98603015075377],[91.84520547945205,24.989849246231156],[91.8413698630137,24.989849246231156],[91.8413698630137,24.98603015075377]]]}},{"type":"Feature","properties":{"stage":3,"elev":11.4,"name":"peak lowland water"},"geometry":{"type":"Polygon","coordinates":[[[91.84520547945205,24.98603015075377],[91.84904109589041,24.98603015075377],[91.84904109589041,24.989849246231156],[91.84520547945205,24.989849246231156],[91.84520547945205,24.98603015075377]]]}},{"type":"Feature","properties":{"stage":3,"elev":11.3,"name":"peak lowland water"},"geometry":{"type":"Polygon","coordinates":[[[91.84904109589041,24.98603015075377],[91.85287671232877,24.98603015075377],[91.85287671232877,24.989849246231156],[91.84904109589041,24.989849246231156],[91.84904109589041,24.98603015075377]]]}},{"type":"Feature","properties":{"stage":3,"elev":12.1,"name":"peak lowland water"},"geometry":{"type":"Polygon","coordinates":[[[91.85287671232877,24.98603015075377],[91.85671232876712,24.98603015075377],[91.85671232876712,24.989849246231156],[91.85287671232877,24.989849246231156],[91.85287671232877,24.98603015075377]]]}},{"type":"Feature","properties":{"stage":3,"elev":11.3,"name":"peak lowland water"},"geometry":{"type":"Polygon","coordinates":[[[91.85671232876712,24.98603015075377],[91.86054794520548,24.98603015075377],[91.86054794520548,24.989849246231156],[91.85671232876712,24.989849246231156],[91.85671232876712,24.98603015075377]]]}},{"type":"Feature","properties":{"stage":3,"elev":9.9,"name":"peak lowland water"},"geometry":{"type":"Polygon","coordinates":[[[91.86054794520548,24.98603015075377],[91.86438356164383,24.98603015075377],[91.86438356164383,24.989849246231156],[91.86054794520548,24.989849246231156],[91.86054794520548,24.98603015075377]]]}},{"type":"Feature","properties":{"stage":3,"elev":10.4,"name":"peak lowland water"},"geometry":{"type":"Polygon","coordinates":[[[91.86438356164383,24.98603015075377],[91.86821917808219,24.98603015075377],[91.86821917808219,24.989849246231156],[91.86438356164383,24.989849246231156],[91.86438356164383,24.98603015075377]]]}},{"type":"Feature","properties":{"stage":3,"elev":10.9,"name":"peak lowland water"},"geometry":{"type":"Polygon","coordinates":[[[91.86821917808219,24.98603015075377],[91.87205479452055,24.98603015075377],[91.87205479452055,24.989849246231156],[91.86821917808219,24.989849246231156],[91.86821917808219,24.98603015075377]]]}},{"type":"Feature","properties":{"stage":3,"elev":11.9,"name":"peak lowland water"},"geometry":{"type":"Polygon","coordinates":[[[91.87205479452055,24.98603015075377],[91.8758904109589,24.98603015075377],[91.8758904109589,24.989849246231156],[91.87205479452055,24.989849246231156],[91.87205479452055,24.98603015075377]]]}},{"type":"Feature","properties":{"stage":3,"elev":11.3,"name":"peak lowland water"},"geometry":{"type":"Polygon","coordinates":[[[91.8758904109589,24.98603015075377],[91.87972602739725,24.98603015075377],[91.87972602739725,24.989849246231156],[91.8758904109589,24.989849246231156],[91.8758904109589,24.98603015075377]]]}},{"type":"Feature","properties":{"stage":3,"elev":10.2,"name":"peak lowland water"},"geometry":{"type":"Polygon","coordinates":[[[91.87972602739725,24.98603015075377],[91.88356164383562,24.98603015075377],[91.88356164383562,24.989849246231156],[91.87972602739725,24.989849246231156],[91.87972602739725,24.98603015075377]]]}},{"type":"Feature","properties":{"stage":3,"elev":10.7,"name":"peak lowland water"},"geometry":{"type":"Polygon","coordinates":[[[91.88356164383562,24.98603015075377],[91.88739726027397,24.98603015075377],[91.88739726027397,24.989849246231156],[91.88356164383562,24.989849246231156],[91.88356164383562,24.98603015075377]]]}},{"type":"Feature","properties":{"stage":3,"elev":11.2,"name":"peak lowland water"},"geometry":{"type":"Polygon","coordinates":[[[91.88739726027397,24.98603015075377],[91.89123287671232,24.98603015075377],[91.89123287671232,24.989849246231156],[91.88739726027397,24.989849246231156],[91.88739726027397,24.98603015075377]]]}},{"type":"Feature","properties":{"stage":3,"elev":12.3,"name":"peak lowland water"},"geometry":{"type":"Polygon","coordinates":[[[91.89123287671232,24.98603015075377],[91.89506849315069,24.98603015075377],[91.89506849315069,24.989849246231156],[91.89123287671232,24.989849246231156],[91.89123287671232,24.98603015075377]]]}},{"type":"Feature","properties":{"stage":3,"elev":12.6,"name":"peak lowland water"},"geometry":{"type":"Polygon","coordinates":[[[91.89506849315069,24.98603015075377],[91.89890410958904,24.98603015075377],[91.89890410958904,24.989849246231156],[91.89506849315069,24.989849246231156],[91.89506849315069,24.98603015075377]]]}},{"type":"Feature","properties":{"stage":3,"elev":13.4,"name":"peak lowland water"},"geometry":{"type":"Polygon","coordinates":[[[91.89890410958904,24.98603015075377],[91.90273972602739,24.98603015075377],[91.90273972602739,24.989849246231156],[91.89890410958904,24.989849246231156],[91.89890410958904,24.98603015075377]]]}},{"type":"Feature","properties":{"stage":3,"elev":14.6,"name":"peak lowland water"},"geometry":{"type":"Polygon","coordinates":[[[91.78,24.989849246231156],[91.78383561643835,24.989849246231156],[91.78383561643835,24.993668341708542],[91.78,24.993668341708542],[91.78,24.989849246231156]]]}},{"type":"Feature","properties":{"stage":3,"elev":14.3,"name":"peak lowland water"},"geometry":{"type":"Polygon","coordinates":[[[91.78383561643835,24.989849246231156],[91.78767123287672,24.989849246231156],[91.78767123287672,24.993668341708542],[91.78383561643835,24.993668341708542],[91.78383561643835,24.989849246231156]]]}},{"type":"Feature","properties":{"stage":3,"elev":13.4,"name":"peak lowland water"},"geometry":{"type":"Polygon","coordinates":[[[91.79150684931507,24.989849246231156],[91.79534246575342,24.989849246231156],[91.79534246575342,24.993668341708542],[91.79150684931507,24.993668341708542],[91.79150684931507,24.989849246231156]]]}},{"type":"Feature","properties":{"stage":3,"elev":13.6,"name":"peak lowland water"},"geometry":{"type":"Polygon","coordinates":[[[91.79534246575342,24.989849246231156],[91.79917808219179,24.989849246231156],[91.79917808219179,24.993668341708542],[91.79534246575342,24.993668341708542],[91.79534246575342,24.989849246231156]]]}},{"type":"Feature","properties":{"stage":3,"elev":13.4,"name":"peak lowland water"},"geometry":{"type":"Polygon","coordinates":[[[91.79917808219179,24.989849246231156],[91.80301369863014,24.989849246231156],[91.80301369863014,24.993668341708542],[91.79917808219179,24.993668341708542],[91.79917808219179,24.989849246231156]]]}},{"type":"Feature","properties":{"stage":3,"elev":12.6,"name":"peak lowland water"},"geometry":{"type":"Polygon","coordinates":[[[91.81835616438356,24.989849246231156],[91.82219178082192,24.989849246231156],[91.82219178082192,24.993668341708542],[91.81835616438356,24.993668341708542],[91.81835616438356,24.989849246231156]]]}},{"type":"Feature","properties":{"stage":3,"elev":12.9,"name":"peak lowland water"},"geometry":{"type":"Polygon","coordinates":[[[91.82219178082192,24.989849246231156],[91.82602739726028,24.989849246231156],[91.82602739726028,24.993668341708542],[91.82219178082192,24.993668341708542],[91.82219178082192,24.989849246231156]]]}},{"type":"Feature","properties":{"stage":3,"elev":12.9,"name":"peak lowland water"},"geometry":{"type":"Polygon","coordinates":[[[91.82602739726028,24.989849246231156],[91.82986301369863,24.989849246231156],[91.82986301369863,24.993668341708542],[91.82602739726028,24.993668341708542],[91.82602739726028,24.989849246231156]]]}},{"type":"Feature","properties":{"stage":3,"elev":11.6,"name":"peak lowland water"},"geometry":{"type":"Polygon","coordinates":[[[91.82986301369863,24.989849246231156],[91.83369863013698,24.989849246231156],[91.83369863013698,24.993668341708542],[91.82986301369863,24.993668341708542],[91.82986301369863,24.989849246231156]]]}},{"type":"Feature","properties":{"stage":3,"elev":10.6,"name":"peak lowland water"},"geometry":{"type":"Polygon","coordinates":[[[91.83369863013698,24.989849246231156],[91.83753424657534,24.989849246231156],[91.83753424657534,24.993668341708542],[91.83369863013698,24.993668341708542],[91.83369863013698,24.989849246231156]]]}},{"type":"Feature","properties":{"stage":3,"elev":10.9,"name":"peak lowland water"},"geometry":{"type":"Polygon","coordinates":[[[91.83753424657534,24.989849246231156],[91.8413698630137,24.989849246231156],[91.8413698630137,24.993668341708542],[91.83753424657534,24.993668341708542],[91.83753424657534,24.989849246231156]]]}},{"type":"Feature","properties":{"stage":3,"elev":9.7,"name":"peak lowland water"},"geometry":{"type":"Polygon","coordinates":[[[91.8413698630137,24.989849246231156],[91.84520547945205,24.989849246231156],[91.84520547945205,24.993668341708542],[91.8413698630137,24.993668341708542],[91.8413698630137,24.989849246231156]]]}},{"type":"Feature","properties":{"stage":3,"elev":11.6,"name":"peak lowland water"},"geometry":{"type":"Polygon","coordinates":[[[91.84520547945205,24.989849246231156],[91.84904109589041,24.989849246231156],[91.84904109589041,24.993668341708542],[91.84520547945205,24.993668341708542],[91.84520547945205,24.989849246231156]]]}},{"type":"Feature","properties":{"stage":3,"elev":12.9,"name":"peak lowland water"},"geometry":{"type":"Polygon","coordinates":[[[91.84904109589041,24.989849246231156],[91.85287671232877,24.989849246231156],[91.85287671232877,24.993668341708542],[91.84904109589041,24.993668341708542],[91.84904109589041,24.989849246231156]]]}},{"type":"Feature","properties":{"stage":3,"elev":12.4,"name":"peak lowland water"},"geometry":{"type":"Polygon","coordinates":[[[91.85287671232877,24.989849246231156],[91.85671232876712,24.989849246231156],[91.85671232876712,24.993668341708542],[91.85287671232877,24.993668341708542],[91.85287671232877,24.989849246231156]]]}},{"type":"Feature","properties":{"stage":3,"elev":13.3,"name":"peak lowland water"},"geometry":{"type":"Polygon","coordinates":[[[91.85671232876712,24.989849246231156],[91.86054794520548,24.989849246231156],[91.86054794520548,24.993668341708542],[91.85671232876712,24.993668341708542],[91.85671232876712,24.989849246231156]]]}},{"type":"Feature","properties":{"stage":3,"elev":11.8,"name":"peak lowland water"},"geometry":{"type":"Polygon","coordinates":[[[91.86054794520548,24.989849246231156],[91.86438356164383,24.989849246231156],[91.86438356164383,24.993668341708542],[91.86054794520548,24.993668341708542],[91.86054794520548,24.989849246231156]]]}},{"type":"Feature","properties":{"stage":3,"elev":11.2,"name":"peak lowland water"},"geometry":{"type":"Polygon","coordinates":[[[91.86438356164383,24.989849246231156],[91.86821917808219,24.989849246231156],[91.86821917808219,24.993668341708542],[91.86438356164383,24.993668341708542],[91.86438356164383,24.989849246231156]]]}},{"type":"Feature","properties":{"stage":3,"elev":10.7,"name":"peak lowland water"},"geometry":{"type":"Polygon","coordinates":[[[91.86821917808219,24.989849246231156],[91.87205479452055,24.989849246231156],[91.87205479452055,24.993668341708542],[91.86821917808219,24.993668341708542],[91.86821917808219,24.989849246231156]]]}},{"type":"Feature","properties":{"stage":3,"elev":13.1,"name":"peak lowland water"},"geometry":{"type":"Polygon","coordinates":[[[91.87205479452055,24.989849246231156],[91.8758904109589,24.989849246231156],[91.8758904109589,24.993668341708542],[91.87205479452055,24.993668341708542],[91.87205479452055,24.989849246231156]]]}},{"type":"Feature","properties":{"stage":3,"elev":12.6,"name":"peak lowland water"},"geometry":{"type":"Polygon","coordinates":[[[91.8758904109589,24.989849246231156],[91.87972602739725,24.989849246231156],[91.87972602739725,24.993668341708542],[91.8758904109589,24.993668341708542],[91.8758904109589,24.989849246231156]]]}},{"type":"Feature","properties":{"stage":3,"elev":10.1,"name":"peak lowland water"},"geometry":{"type":"Polygon","coordinates":[[[91.87972602739725,24.989849246231156],[91.88356164383562,24.989849246231156],[91.88356164383562,24.993668341708542],[91.87972602739725,24.993668341708542],[91.87972602739725,24.989849246231156]]]}},{"type":"Feature","properties":{"stage":3,"elev":9.8,"name":"peak lowland water"},"geometry":{"type":"Polygon","coordinates":[[[91.88356164383562,24.989849246231156],[91.88739726027397,24.989849246231156],[91.88739726027397,24.993668341708542],[91.88356164383562,24.993668341708542],[91.88356164383562,24.989849246231156]]]}},{"type":"Feature","properties":{"stage":3,"elev":10,"name":"peak lowland water"},"geometry":{"type":"Polygon","coordinates":[[[91.88739726027397,24.989849246231156],[91.89123287671232,24.989849246231156],[91.89123287671232,24.993668341708542],[91.88739726027397,24.993668341708542],[91.88739726027397,24.989849246231156]]]}},{"type":"Feature","properties":{"stage":3,"elev":10.4,"name":"peak lowland water"},"geometry":{"type":"Polygon","coordinates":[[[91.89123287671232,24.989849246231156],[91.89506849315069,24.989849246231156],[91.89506849315069,24.993668341708542],[91.89123287671232,24.993668341708542],[91.89123287671232,24.989849246231156]]]}},{"type":"Feature","properties":{"stage":3,"elev":12.4,"name":"peak lowland water"},"geometry":{"type":"Polygon","coordinates":[[[91.89506849315069,24.989849246231156],[91.89890410958904,24.989849246231156],[91.89890410958904,24.993668341708542],[91.89506849315069,24.993668341708542],[91.89506849315069,24.989849246231156]]]}},{"type":"Feature","properties":{"stage":3,"elev":13.2,"name":"peak lowland water"},"geometry":{"type":"Polygon","coordinates":[[[91.89890410958904,24.989849246231156],[91.90273972602739,24.989849246231156],[91.90273972602739,24.993668341708542],[91.89890410958904,24.993668341708542],[91.89890410958904,24.989849246231156]]]}},{"type":"Feature","properties":{"stage":3,"elev":13.7,"name":"peak lowland water"},"geometry":{"type":"Polygon","coordinates":[[[91.90273972602739,24.989849246231156],[91.90657534246576,24.989849246231156],[91.90657534246576,24.993668341708542],[91.90273972602739,24.993668341708542],[91.90273972602739,24.989849246231156]]]}},{"type":"Feature","properties":{"stage":3,"elev":13.8,"name":"peak lowland water"},"geometry":{"type":"Polygon","coordinates":[[[91.90657534246576,24.989849246231156],[91.91041095890411,24.989849246231156],[91.91041095890411,24.993668341708542],[91.90657534246576,24.993668341708542],[91.90657534246576,24.989849246231156]]]}},{"type":"Feature","properties":{"stage":3,"elev":13.5,"name":"peak lowland water"},"geometry":{"type":"Polygon","coordinates":[[[91.78,24.993668341708542],[91.78383561643835,24.993668341708542],[91.78383561643835,24.99748743718593],[91.78,24.99748743718593],[91.78,24.993668341708542]]]}},{"type":"Feature","properties":{"stage":3,"elev":12.4,"name":"peak lowland water"},"geometry":{"type":"Polygon","coordinates":[[[91.78383561643835,24.993668341708542],[91.78767123287672,24.993668341708542],[91.78767123287672,24.99748743718593],[91.78383561643835,24.99748743718593],[91.78383561643835,24.993668341708542]]]}},{"type":"Feature","properties":{"stage":3,"elev":12.9,"name":"peak lowland water"},"geometry":{"type":"Polygon","coordinates":[[[91.78767123287672,24.993668341708542],[91.79150684931507,24.993668341708542],[91.79150684931507,24.99748743718593],[91.78767123287672,24.99748743718593],[91.78767123287672,24.993668341708542]]]}},{"type":"Feature","properties":{"stage":3,"elev":13.1,"name":"peak lowland water"},"geometry":{"type":"Polygon","coordinates":[[[91.79150684931507,24.993668341708542],[91.79534246575342,24.993668341708542],[91.79534246575342,24.99748743718593],[91.79150684931507,24.99748743718593],[91.79150684931507,24.993668341708542]]]}},{"type":"Feature","properties":{"stage":3,"elev":13.2,"name":"peak lowland water"},"geometry":{"type":"Polygon","coordinates":[[[91.79534246575342,24.993668341708542],[91.79917808219179,24.993668341708542],[91.79917808219179,24.99748743718593],[91.79534246575342,24.99748743718593],[91.79534246575342,24.993668341708542]]]}},{"type":"Feature","properties":{"stage":3,"elev":12.3,"name":"peak lowland water"},"geometry":{"type":"Polygon","coordinates":[[[91.79917808219179,24.993668341708542],[91.80301369863014,24.993668341708542],[91.80301369863014,24.99748743718593],[91.79917808219179,24.99748743718593],[91.79917808219179,24.993668341708542]]]}},{"type":"Feature","properties":{"stage":3,"elev":12.1,"name":"peak lowland water"},"geometry":{"type":"Polygon","coordinates":[[[91.80301369863014,24.993668341708542],[91.80684931506849,24.993668341708542],[91.80684931506849,24.99748743718593],[91.80301369863014,24.99748743718593],[91.80301369863014,24.993668341708542]]]}},{"type":"Feature","properties":{"stage":3,"elev":13.8,"name":"peak lowland water"},"geometry":{"type":"Polygon","coordinates":[[[91.80684931506849,24.993668341708542],[91.81068493150686,24.993668341708542],[91.81068493150686,24.99748743718593],[91.80684931506849,24.99748743718593],[91.80684931506849,24.993668341708542]]]}},{"type":"Feature","properties":{"stage":3,"elev":14.9,"name":"peak lowland water"},"geometry":{"type":"Polygon","coordinates":[[[91.81452054794521,24.993668341708542],[91.81835616438356,24.993668341708542],[91.81835616438356,24.99748743718593],[91.81452054794521,24.99748743718593],[91.81452054794521,24.993668341708542]]]}},{"type":"Feature","properties":{"stage":3,"elev":13,"name":"peak lowland water"},"geometry":{"type":"Polygon","coordinates":[[[91.81835616438356,24.993668341708542],[91.82219178082192,24.993668341708542],[91.82219178082192,24.99748743718593],[91.81835616438356,24.99748743718593],[91.81835616438356,24.993668341708542]]]}},{"type":"Feature","properties":{"stage":3,"elev":12.5,"name":"peak lowland water"},"geometry":{"type":"Polygon","coordinates":[[[91.82219178082192,24.993668341708542],[91.82602739726028,24.993668341708542],[91.82602739726028,24.99748743718593],[91.82219178082192,24.99748743718593],[91.82219178082192,24.993668341708542]]]}},{"type":"Feature","properties":{"stage":3,"elev":12.8,"name":"peak lowland water"},"geometry":{"type":"Polygon","coordinates":[[[91.82602739726028,24.993668341708542],[91.82986301369863,24.993668341708542],[91.82986301369863,24.99748743718593],[91.82602739726028,24.99748743718593],[91.82602739726028,24.993668341708542]]]}},{"type":"Feature","properties":{"stage":3,"elev":12.8,"name":"peak lowland water"},"geometry":{"type":"Polygon","coordinates":[[[91.82986301369863,24.993668341708542],[91.83369863013698,24.993668341708542],[91.83369863013698,24.99748743718593],[91.82986301369863,24.99748743718593],[91.82986301369863,24.993668341708542]]]}},{"type":"Feature","properties":{"stage":3,"elev":11.5,"name":"peak lowland water"},"geometry":{"type":"Polygon","coordinates":[[[91.83369863013698,24.993668341708542],[91.83753424657534,24.993668341708542],[91.83753424657534,24.99748743718593],[91.83369863013698,24.99748743718593],[91.83369863013698,24.993668341708542]]]}},{"type":"Feature","properties":{"stage":3,"elev":12.8,"name":"peak lowland water"},"geometry":{"type":"Polygon","coordinates":[[[91.83753424657534,24.993668341708542],[91.8413698630137,24.993668341708542],[91.8413698630137,24.99748743718593],[91.83753424657534,24.99748743718593],[91.83753424657534,24.993668341708542]]]}},{"type":"Feature","properties":{"stage":3,"elev":12.3,"name":"peak lowland water"},"geometry":{"type":"Polygon","coordinates":[[[91.8413698630137,24.993668341708542],[91.84520547945205,24.993668341708542],[91.84520547945205,24.99748743718593],[91.8413698630137,24.99748743718593],[91.8413698630137,24.993668341708542]]]}},{"type":"Feature","properties":{"stage":3,"elev":12.1,"name":"peak lowland water"},"geometry":{"type":"Polygon","coordinates":[[[91.84520547945205,24.993668341708542],[91.84904109589041,24.993668341708542],[91.84904109589041,24.99748743718593],[91.84520547945205,24.99748743718593],[91.84520547945205,24.993668341708542]]]}},{"type":"Feature","properties":{"stage":3,"elev":11.1,"name":"peak lowland water"},"geometry":{"type":"Polygon","coordinates":[[[91.84904109589041,24.993668341708542],[91.85287671232877,24.993668341708542],[91.85287671232877,24.99748743718593],[91.84904109589041,24.99748743718593],[91.84904109589041,24.993668341708542]]]}},{"type":"Feature","properties":{"stage":3,"elev":11.4,"name":"peak lowland water"},"geometry":{"type":"Polygon","coordinates":[[[91.85287671232877,24.993668341708542],[91.85671232876712,24.993668341708542],[91.85671232876712,24.99748743718593],[91.85287671232877,24.99748743718593],[91.85287671232877,24.993668341708542]]]}},{"type":"Feature","properties":{"stage":3,"elev":9.3,"name":"peak lowland water"},"geometry":{"type":"Polygon","coordinates":[[[91.85671232876712,24.993668341708542],[91.86054794520548,24.993668341708542],[91.86054794520548,24.99748743718593],[91.85671232876712,24.99748743718593],[91.85671232876712,24.993668341708542]]]}},{"type":"Feature","properties":{"stage":3,"elev":8.8,"name":"peak lowland water"},"geometry":{"type":"Polygon","coordinates":[[[91.86054794520548,24.993668341708542],[91.86438356164383,24.993668341708542],[91.86438356164383,24.99748743718593],[91.86054794520548,24.99748743718593],[91.86054794520548,24.993668341708542]]]}},{"type":"Feature","properties":{"stage":3,"elev":9,"name":"peak lowland water"},"geometry":{"type":"Polygon","coordinates":[[[91.86438356164383,24.993668341708542],[91.86821917808219,24.993668341708542],[91.86821917808219,24.99748743718593],[91.86438356164383,24.99748743718593],[91.86438356164383,24.993668341708542]]]}},{"type":"Feature","properties":{"stage":3,"elev":11.3,"name":"peak lowland water"},"geometry":{"type":"Polygon","coordinates":[[[91.86821917808219,24.993668341708542],[91.87205479452055,24.993668341708542],[91.87205479452055,24.99748743718593],[91.86821917808219,24.99748743718593],[91.86821917808219,24.993668341708542]]]}},{"type":"Feature","properties":{"stage":3,"elev":12.4,"name":"peak lowland water"},"geometry":{"type":"Polygon","coordinates":[[[91.87205479452055,24.993668341708542],[91.8758904109589,24.993668341708542],[91.8758904109589,24.99748743718593],[91.87205479452055,24.99748743718593],[91.87205479452055,24.993668341708542]]]}},{"type":"Feature","properties":{"stage":3,"elev":13.3,"name":"peak lowland water"},"geometry":{"type":"Polygon","coordinates":[[[91.8758904109589,24.993668341708542],[91.87972602739725,24.993668341708542],[91.87972602739725,24.99748743718593],[91.8758904109589,24.99748743718593],[91.8758904109589,24.993668341708542]]]}},{"type":"Feature","properties":{"stage":3,"elev":11.3,"name":"peak lowland water"},"geometry":{"type":"Polygon","coordinates":[[[91.87972602739725,24.993668341708542],[91.88356164383562,24.993668341708542],[91.88356164383562,24.99748743718593],[91.87972602739725,24.99748743718593],[91.87972602739725,24.993668341708542]]]}},{"type":"Feature","properties":{"stage":3,"elev":10.8,"name":"peak lowland water"},"geometry":{"type":"Polygon","coordinates":[[[91.88356164383562,24.993668341708542],[91.88739726027397,24.993668341708542],[91.88739726027397,24.99748743718593],[91.88356164383562,24.99748743718593],[91.88356164383562,24.993668341708542]]]}},{"type":"Feature","properties":{"stage":3,"elev":9.9,"name":"peak lowland water"},"geometry":{"type":"Polygon","coordinates":[[[91.88739726027397,24.993668341708542],[91.89123287671232,24.993668341708542],[91.89123287671232,24.99748743718593],[91.88739726027397,24.99748743718593],[91.88739726027397,24.993668341708542]]]}},{"type":"Feature","properties":{"stage":3,"elev":12.5,"name":"peak lowland water"},"geometry":{"type":"Polygon","coordinates":[[[91.89123287671232,24.993668341708542],[91.89506849315069,24.993668341708542],[91.89506849315069,24.99748743718593],[91.89123287671232,24.99748743718593],[91.89123287671232,24.993668341708542]]]}},{"type":"Feature","properties":{"stage":3,"elev":10.3,"name":"peak lowland water"},"geometry":{"type":"Polygon","coordinates":[[[91.89506849315069,24.993668341708542],[91.89890410958904,24.993668341708542],[91.89890410958904,24.99748743718593],[91.89506849315069,24.99748743718593],[91.89506849315069,24.993668341708542]]]}},{"type":"Feature","properties":{"stage":3,"elev":9.4,"name":"peak lowland water"},"geometry":{"type":"Polygon","coordinates":[[[91.89890410958904,24.993668341708542],[91.90273972602739,24.993668341708542],[91.90273972602739,24.99748743718593],[91.89890410958904,24.99748743718593],[91.89890410958904,24.993668341708542]]]}},{"type":"Feature","properties":{"stage":3,"elev":11,"name":"peak lowland water"},"geometry":{"type":"Polygon","coordinates":[[[91.90273972602739,24.993668341708542],[91.90657534246576,24.993668341708542],[91.90657534246576,24.99748743718593],[91.90273972602739,24.99748743718593],[91.90273972602739,24.993668341708542]]]}},{"type":"Feature","properties":{"stage":3,"elev":13.8,"name":"peak lowland water"},"geometry":{"type":"Polygon","coordinates":[[[91.90657534246576,24.993668341708542],[91.91041095890411,24.993668341708542],[91.91041095890411,24.99748743718593],[91.90657534246576,24.99748743718593],[91.90657534246576,24.993668341708542]]]}},{"type":"Feature","properties":{"stage":3,"elev":13.7,"name":"peak lowland water"},"geometry":{"type":"Polygon","coordinates":[[[91.91041095890411,24.993668341708542],[91.91424657534246,24.993668341708542],[91.91424657534246,24.99748743718593],[91.91041095890411,24.99748743718593],[91.91041095890411,24.993668341708542]]]}},{"type":"Feature","properties":{"stage":3,"elev":14.3,"name":"peak lowland water"},"geometry":{"type":"Polygon","coordinates":[[[91.91424657534246,24.993668341708542],[91.91808219178083,24.993668341708542],[91.91808219178083,24.99748743718593],[91.91424657534246,24.99748743718593],[91.91424657534246,24.993668341708542]]]}},{"type":"Feature","properties":{"stage":3,"elev":13.8,"name":"peak lowland water"},"geometry":{"type":"Polygon","coordinates":[[[91.78,24.99748743718593],[91.78383561643835,24.99748743718593],[91.78383561643835,25.001306532663317],[91.78,25.001306532663317],[91.78,24.99748743718593]]]}},{"type":"Feature","properties":{"stage":3,"elev":12.3,"name":"peak lowland water"},"geometry":{"type":"Polygon","coordinates":[[[91.78383561643835,24.99748743718593],[91.78767123287672,24.99748743718593],[91.78767123287672,25.001306532663317],[91.78383561643835,25.001306532663317],[91.78383561643835,24.99748743718593]]]}},{"type":"Feature","properties":{"stage":3,"elev":12.9,"name":"peak lowland water"},"geometry":{"type":"Polygon","coordinates":[[[91.78767123287672,24.99748743718593],[91.79150684931507,24.99748743718593],[91.79150684931507,25.001306532663317],[91.78767123287672,25.001306532663317],[91.78767123287672,24.99748743718593]]]}},{"type":"Feature","properties":{"stage":3,"elev":11.3,"name":"peak lowland water"},"geometry":{"type":"Polygon","coordinates":[[[91.79150684931507,24.99748743718593],[91.79534246575342,24.99748743718593],[91.79534246575342,25.001306532663317],[91.79150684931507,25.001306532663317],[91.79150684931507,24.99748743718593]]]}},{"type":"Feature","properties":{"stage":3,"elev":12.2,"name":"peak lowland water"},"geometry":{"type":"Polygon","coordinates":[[[91.79534246575342,24.99748743718593],[91.79917808219179,24.99748743718593],[91.79917808219179,25.001306532663317],[91.79534246575342,25.001306532663317],[91.79534246575342,24.99748743718593]]]}},{"type":"Feature","properties":{"stage":3,"elev":11.7,"name":"peak lowland water"},"geometry":{"type":"Polygon","coordinates":[[[91.79917808219179,24.99748743718593],[91.80301369863014,24.99748743718593],[91.80301369863014,25.001306532663317],[91.79917808219179,25.001306532663317],[91.79917808219179,24.99748743718593]]]}},{"type":"Feature","properties":{"stage":3,"elev":11.6,"name":"peak lowland water"},"geometry":{"type":"Polygon","coordinates":[[[91.80301369863014,24.99748743718593],[91.80684931506849,24.99748743718593],[91.80684931506849,25.001306532663317],[91.80301369863014,25.001306532663317],[91.80301369863014,24.99748743718593]]]}},{"type":"Feature","properties":{"stage":3,"elev":12.8,"name":"peak lowland water"},"geometry":{"type":"Polygon","coordinates":[[[91.80684931506849,24.99748743718593],[91.81068493150686,24.99748743718593],[91.81068493150686,25.001306532663317],[91.80684931506849,25.001306532663317],[91.80684931506849,24.99748743718593]]]}},{"type":"Feature","properties":{"stage":3,"elev":13.4,"name":"peak lowland water"},"geometry":{"type":"Polygon","coordinates":[[[91.81452054794521,24.99748743718593],[91.81835616438356,24.99748743718593],[91.81835616438356,25.001306532663317],[91.81452054794521,25.001306532663317],[91.81452054794521,24.99748743718593]]]}},{"type":"Feature","properties":{"stage":3,"elev":13.5,"name":"peak lowland water"},"geometry":{"type":"Polygon","coordinates":[[[91.81835616438356,24.99748743718593],[91.82219178082192,24.99748743718593],[91.82219178082192,25.001306532663317],[91.81835616438356,25.001306532663317],[91.81835616438356,24.99748743718593]]]}},{"type":"Feature","properties":{"stage":3,"elev":12.4,"name":"peak lowland water"},"geometry":{"type":"Polygon","coordinates":[[[91.82219178082192,24.99748743718593],[91.82602739726028,24.99748743718593],[91.82602739726028,25.001306532663317],[91.82219178082192,25.001306532663317],[91.82219178082192,24.99748743718593]]]}},{"type":"Feature","properties":{"stage":3,"elev":12.4,"name":"peak lowland water"},"geometry":{"type":"Polygon","coordinates":[[[91.82602739726028,24.99748743718593],[91.82986301369863,24.99748743718593],[91.82986301369863,25.001306532663317],[91.82602739726028,25.001306532663317],[91.82602739726028,24.99748743718593]]]}},{"type":"Feature","properties":{"stage":3,"elev":12.1,"name":"peak lowland water"},"geometry":{"type":"Polygon","coordinates":[[[91.83753424657534,24.99748743718593],[91.8413698630137,24.99748743718593],[91.8413698630137,25.001306532663317],[91.83753424657534,25.001306532663317],[91.83753424657534,24.99748743718593]]]}},{"type":"Feature","properties":{"stage":3,"elev":11.2,"name":"peak lowland water"},"geometry":{"type":"Polygon","coordinates":[[[91.8413698630137,24.99748743718593],[91.84520547945205,24.99748743718593],[91.84520547945205,25.001306532663317],[91.8413698630137,25.001306532663317],[91.8413698630137,24.99748743718593]]]}},{"type":"Feature","properties":{"stage":3,"elev":11.2,"name":"peak lowland water"},"geometry":{"type":"Polygon","coordinates":[[[91.84520547945205,24.99748743718593],[91.84904109589041,24.99748743718593],[91.84904109589041,25.001306532663317],[91.84520547945205,25.001306532663317],[91.84520547945205,24.99748743718593]]]}},{"type":"Feature","properties":{"stage":3,"elev":10.4,"name":"peak lowland water"},"geometry":{"type":"Polygon","coordinates":[[[91.84904109589041,24.99748743718593],[91.85287671232877,24.99748743718593],[91.85287671232877,25.001306532663317],[91.84904109589041,25.001306532663317],[91.84904109589041,24.99748743718593]]]}},{"type":"Feature","properties":{"stage":3,"elev":12.1,"name":"peak lowland water"},"geometry":{"type":"Polygon","coordinates":[[[91.85287671232877,24.99748743718593],[91.85671232876712,24.99748743718593],[91.85671232876712,25.001306532663317],[91.85287671232877,25.001306532663317],[91.85287671232877,24.99748743718593]]]}},{"type":"Feature","properties":{"stage":3,"elev":9.8,"name":"peak lowland water"},"geometry":{"type":"Polygon","coordinates":[[[91.85671232876712,24.99748743718593],[91.86054794520548,24.99748743718593],[91.86054794520548,25.001306532663317],[91.85671232876712,25.001306532663317],[91.85671232876712,24.99748743718593]]]}},{"type":"Feature","properties":{"stage":3,"elev":9.6,"name":"peak lowland water"},"geometry":{"type":"Polygon","coordinates":[[[91.86054794520548,24.99748743718593],[91.86438356164383,24.99748743718593],[91.86438356164383,25.001306532663317],[91.86054794520548,25.001306532663317],[91.86054794520548,24.99748743718593]]]}},{"type":"Feature","properties":{"stage":3,"elev":9.1,"name":"peak lowland water"},"geometry":{"type":"Polygon","coordinates":[[[91.86438356164383,24.99748743718593],[91.86821917808219,24.99748743718593],[91.86821917808219,25.001306532663317],[91.86438356164383,25.001306532663317],[91.86438356164383,24.99748743718593]]]}},{"type":"Feature","properties":{"stage":3,"elev":12.7,"name":"peak lowland water"},"geometry":{"type":"Polygon","coordinates":[[[91.86821917808219,24.99748743718593],[91.87205479452055,24.99748743718593],[91.87205479452055,25.001306532663317],[91.86821917808219,25.001306532663317],[91.86821917808219,24.99748743718593]]]}},{"type":"Feature","properties":{"stage":3,"elev":13.6,"name":"peak lowland water"},"geometry":{"type":"Polygon","coordinates":[[[91.87205479452055,24.99748743718593],[91.8758904109589,24.99748743718593],[91.8758904109589,25.001306532663317],[91.87205479452055,25.001306532663317],[91.87205479452055,24.99748743718593]]]}},{"type":"Feature","properties":{"stage":3,"elev":13.4,"name":"peak lowland water"},"geometry":{"type":"Polygon","coordinates":[[[91.8758904109589,24.99748743718593],[91.87972602739725,24.99748743718593],[91.87972602739725,25.001306532663317],[91.8758904109589,25.001306532663317],[91.8758904109589,24.99748743718593]]]}},{"type":"Feature","properties":{"stage":3,"elev":10.9,"name":"peak lowland water"},"geometry":{"type":"Polygon","coordinates":[[[91.87972602739725,24.99748743718593],[91.88356164383562,24.99748743718593],[91.88356164383562,25.001306532663317],[91.87972602739725,25.001306532663317],[91.87972602739725,24.99748743718593]]]}},{"type":"Feature","properties":{"stage":3,"elev":10.4,"name":"peak lowland water"},"geometry":{"type":"Polygon","coordinates":[[[91.88356164383562,24.99748743718593],[91.88739726027397,24.99748743718593],[91.88739726027397,25.001306532663317],[91.88356164383562,25.001306532663317],[91.88356164383562,24.99748743718593]]]}},{"type":"Feature","properties":{"stage":3,"elev":11.3,"name":"peak lowland water"},"geometry":{"type":"Polygon","coordinates":[[[91.88739726027397,24.99748743718593],[91.89123287671232,24.99748743718593],[91.89123287671232,25.001306532663317],[91.88739726027397,25.001306532663317],[91.88739726027397,24.99748743718593]]]}},{"type":"Feature","properties":{"stage":3,"elev":10.6,"name":"peak lowland water"},"geometry":{"type":"Polygon","coordinates":[[[91.89123287671232,24.99748743718593],[91.89506849315069,24.99748743718593],[91.89506849315069,25.001306532663317],[91.89123287671232,25.001306532663317],[91.89123287671232,24.99748743718593]]]}},{"type":"Feature","properties":{"stage":3,"elev":10,"name":"peak lowland water"},"geometry":{"type":"Polygon","coordinates":[[[91.89506849315069,24.99748743718593],[91.89890410958904,24.99748743718593],[91.89890410958904,25.001306532663317],[91.89506849315069,25.001306532663317],[91.89506849315069,24.99748743718593]]]}},{"type":"Feature","properties":{"stage":3,"elev":10.3,"name":"peak lowland water"},"geometry":{"type":"Polygon","coordinates":[[[91.89890410958904,24.99748743718593],[91.90273972602739,24.99748743718593],[91.90273972602739,25.001306532663317],[91.89890410958904,25.001306532663317],[91.89890410958904,24.99748743718593]]]}},{"type":"Feature","properties":{"stage":3,"elev":10.3,"name":"peak lowland water"},"geometry":{"type":"Polygon","coordinates":[[[91.90273972602739,24.99748743718593],[91.90657534246576,24.99748743718593],[91.90657534246576,25.001306532663317],[91.90273972602739,25.001306532663317],[91.90273972602739,24.99748743718593]]]}},{"type":"Feature","properties":{"stage":3,"elev":12.3,"name":"peak lowland water"},"geometry":{"type":"Polygon","coordinates":[[[91.90657534246576,24.99748743718593],[91.91041095890411,24.99748743718593],[91.91041095890411,25.001306532663317],[91.90657534246576,25.001306532663317],[91.90657534246576,24.99748743718593]]]}},{"type":"Feature","properties":{"stage":3,"elev":12.7,"name":"peak lowland water"},"geometry":{"type":"Polygon","coordinates":[[[91.91041095890411,24.99748743718593],[91.91424657534246,24.99748743718593],[91.91424657534246,25.001306532663317],[91.91041095890411,25.001306532663317],[91.91041095890411,24.99748743718593]]]}},{"type":"Feature","properties":{"stage":3,"elev":13.6,"name":"peak lowland water"},"geometry":{"type":"Polygon","coordinates":[[[91.91424657534246,24.99748743718593],[91.91808219178083,24.99748743718593],[91.91808219178083,25.001306532663317],[91.91424657534246,25.001306532663317],[91.91424657534246,24.99748743718593]]]}},{"type":"Feature","properties":{"stage":3,"elev":14.6,"name":"peak lowland water"},"geometry":{"type":"Polygon","coordinates":[[[91.91808219178083,24.99748743718593],[91.92191780821918,24.99748743718593],[91.92191780821918,25.001306532663317],[91.91808219178083,25.001306532663317],[91.91808219178083,24.99748743718593]]]}},{"type":"Feature","properties":{"stage":3,"elev":11.1,"name":"peak lowland water"},"geometry":{"type":"Polygon","coordinates":[[[91.78,25.001306532663317],[91.78383561643835,25.001306532663317],[91.78383561643835,25.005125628140703],[91.78,25.005125628140703],[91.78,25.001306532663317]]]}},{"type":"Feature","properties":{"stage":3,"elev":11.6,"name":"peak lowland water"},"geometry":{"type":"Polygon","coordinates":[[[91.78383561643835,25.001306532663317],[91.78767123287672,25.001306532663317],[91.78767123287672,25.005125628140703],[91.78383561643835,25.005125628140703],[91.78383561643835,25.001306532663317]]]}},{"type":"Feature","properties":{"stage":3,"elev":12.3,"name":"peak lowland water"},"geometry":{"type":"Polygon","coordinates":[[[91.78767123287672,25.001306532663317],[91.79150684931507,25.001306532663317],[91.79150684931507,25.005125628140703],[91.78767123287672,25.005125628140703],[91.78767123287672,25.001306532663317]]]}},{"type":"Feature","properties":{"stage":3,"elev":12.2,"name":"peak lowland water"},"geometry":{"type":"Polygon","coordinates":[[[91.79150684931507,25.001306532663317],[91.79534246575342,25.001306532663317],[91.79534246575342,25.005125628140703],[91.79150684931507,25.005125628140703],[91.79150684931507,25.001306532663317]]]}},{"type":"Feature","properties":{"stage":3,"elev":11.1,"name":"peak lowland water"},"geometry":{"type":"Polygon","coordinates":[[[91.79534246575342,25.001306532663317],[91.79917808219179,25.001306532663317],[91.79917808219179,25.005125628140703],[91.79534246575342,25.005125628140703],[91.79534246575342,25.001306532663317]]]}},{"type":"Feature","properties":{"stage":3,"elev":11.2,"name":"peak lowland water"},"geometry":{"type":"Polygon","coordinates":[[[91.79917808219179,25.001306532663317],[91.80301369863014,25.001306532663317],[91.80301369863014,25.005125628140703],[91.79917808219179,25.005125628140703],[91.79917808219179,25.001306532663317]]]}},{"type":"Feature","properties":{"stage":3,"elev":11.9,"name":"peak lowland water"},"geometry":{"type":"Polygon","coordinates":[[[91.80301369863014,25.001306532663317],[91.80684931506849,25.001306532663317],[91.80684931506849,25.005125628140703],[91.80301369863014,25.005125628140703],[91.80301369863014,25.001306532663317]]]}},{"type":"Feature","properties":{"stage":3,"elev":14.9,"name":"peak lowland water"},"geometry":{"type":"Polygon","coordinates":[[[91.81452054794521,25.001306532663317],[91.81835616438356,25.001306532663317],[91.81835616438356,25.005125628140703],[91.81452054794521,25.005125628140703],[91.81452054794521,25.001306532663317]]]}},{"type":"Feature","properties":{"stage":3,"elev":12.6,"name":"peak lowland water"},"geometry":{"type":"Polygon","coordinates":[[[91.81835616438356,25.001306532663317],[91.82219178082192,25.001306532663317],[91.82219178082192,25.005125628140703],[91.81835616438356,25.005125628140703],[91.81835616438356,25.001306532663317]]]}},{"type":"Feature","properties":{"stage":3,"elev":13.4,"name":"peak lowland water"},"geometry":{"type":"Polygon","coordinates":[[[91.82219178082192,25.001306532663317],[91.82602739726028,25.001306532663317],[91.82602739726028,25.005125628140703],[91.82219178082192,25.005125628140703],[91.82219178082192,25.001306532663317]]]}},{"type":"Feature","properties":{"stage":3,"elev":14.4,"name":"peak lowland water"},"geometry":{"type":"Polygon","coordinates":[[[91.82602739726028,25.001306532663317],[91.82986301369863,25.001306532663317],[91.82986301369863,25.005125628140703],[91.82602739726028,25.005125628140703],[91.82602739726028,25.001306532663317]]]}},{"type":"Feature","properties":{"stage":3,"elev":13.1,"name":"peak lowland water"},"geometry":{"type":"Polygon","coordinates":[[[91.83753424657534,25.001306532663317],[91.8413698630137,25.001306532663317],[91.8413698630137,25.005125628140703],[91.83753424657534,25.005125628140703],[91.83753424657534,25.001306532663317]]]}},{"type":"Feature","properties":{"stage":3,"elev":13.3,"name":"peak lowland water"},"geometry":{"type":"Polygon","coordinates":[[[91.8413698630137,25.001306532663317],[91.84520547945205,25.001306532663317],[91.84520547945205,25.005125628140703],[91.8413698630137,25.005125628140703],[91.8413698630137,25.001306532663317]]]}},{"type":"Feature","properties":{"stage":3,"elev":11.4,"name":"peak lowland water"},"geometry":{"type":"Polygon","coordinates":[[[91.84520547945205,25.001306532663317],[91.84904109589041,25.001306532663317],[91.84904109589041,25.005125628140703],[91.84520547945205,25.005125628140703],[91.84520547945205,25.001306532663317]]]}},{"type":"Feature","properties":{"stage":3,"elev":8.9,"name":"peak lowland water"},"geometry":{"type":"Polygon","coordinates":[[[91.84904109589041,25.001306532663317],[91.85287671232877,25.001306532663317],[91.85287671232877,25.005125628140703],[91.84904109589041,25.005125628140703],[91.84904109589041,25.001306532663317]]]}},{"type":"Feature","properties":{"stage":3,"elev":11.6,"name":"peak lowland water"},"geometry":{"type":"Polygon","coordinates":[[[91.85287671232877,25.001306532663317],[91.85671232876712,25.001306532663317],[91.85671232876712,25.005125628140703],[91.85287671232877,25.005125628140703],[91.85287671232877,25.001306532663317]]]}},{"type":"Feature","properties":{"stage":3,"elev":11.9,"name":"peak lowland water"},"geometry":{"type":"Polygon","coordinates":[[[91.85671232876712,25.001306532663317],[91.86054794520548,25.001306532663317],[91.86054794520548,25.005125628140703],[91.85671232876712,25.005125628140703],[91.85671232876712,25.001306532663317]]]}},{"type":"Feature","properties":{"stage":3,"elev":11.6,"name":"peak lowland water"},"geometry":{"type":"Polygon","coordinates":[[[91.86054794520548,25.001306532663317],[91.86438356164383,25.001306532663317],[91.86438356164383,25.005125628140703],[91.86054794520548,25.005125628140703],[91.86054794520548,25.001306532663317]]]}},{"type":"Feature","properties":{"stage":3,"elev":12.6,"name":"peak lowland water"},"geometry":{"type":"Polygon","coordinates":[[[91.86438356164383,25.001306532663317],[91.86821917808219,25.001306532663317],[91.86821917808219,25.005125628140703],[91.86438356164383,25.005125628140703],[91.86438356164383,25.001306532663317]]]}},{"type":"Feature","properties":{"stage":3,"elev":12.4,"name":"peak lowland water"},"geometry":{"type":"Polygon","coordinates":[[[91.86821917808219,25.001306532663317],[91.87205479452055,25.001306532663317],[91.87205479452055,25.005125628140703],[91.86821917808219,25.005125628140703],[91.86821917808219,25.001306532663317]]]}},{"type":"Feature","properties":{"stage":3,"elev":12.6,"name":"peak lowland water"},"geometry":{"type":"Polygon","coordinates":[[[91.87205479452055,25.001306532663317],[91.8758904109589,25.001306532663317],[91.8758904109589,25.005125628140703],[91.87205479452055,25.005125628140703],[91.87205479452055,25.001306532663317]]]}},{"type":"Feature","properties":{"stage":3,"elev":12.1,"name":"peak lowland water"},"geometry":{"type":"Polygon","coordinates":[[[91.8758904109589,25.001306532663317],[91.87972602739725,25.001306532663317],[91.87972602739725,25.005125628140703],[91.8758904109589,25.005125628140703],[91.8758904109589,25.001306532663317]]]}},{"type":"Feature","properties":{"stage":3,"elev":10.2,"name":"peak lowland water"},"geometry":{"type":"Polygon","coordinates":[[[91.87972602739725,25.001306532663317],[91.88356164383562,25.001306532663317],[91.88356164383562,25.005125628140703],[91.87972602739725,25.005125628140703],[91.87972602739725,25.001306532663317]]]}},{"type":"Feature","properties":{"stage":3,"elev":10.4,"name":"peak lowland water"},"geometry":{"type":"Polygon","coordinates":[[[91.88356164383562,25.001306532663317],[91.88739726027397,25.001306532663317],[91.88739726027397,25.005125628140703],[91.88356164383562,25.005125628140703],[91.88356164383562,25.001306532663317]]]}},{"type":"Feature","properties":{"stage":3,"elev":10.9,"name":"peak lowland water"},"geometry":{"type":"Polygon","coordinates":[[[91.88739726027397,25.001306532663317],[91.89123287671232,25.001306532663317],[91.89123287671232,25.005125628140703],[91.88739726027397,25.005125628140703],[91.88739726027397,25.001306532663317]]]}},{"type":"Feature","properties":{"stage":3,"elev":12,"name":"peak lowland water"},"geometry":{"type":"Polygon","coordinates":[[[91.89123287671232,25.001306532663317],[91.89506849315069,25.001306532663317],[91.89506849315069,25.005125628140703],[91.89123287671232,25.005125628140703],[91.89123287671232,25.001306532663317]]]}},{"type":"Feature","properties":{"stage":3,"elev":11.1,"name":"peak lowland water"},"geometry":{"type":"Polygon","coordinates":[[[91.89506849315069,25.001306532663317],[91.89890410958904,25.001306532663317],[91.89890410958904,25.005125628140703],[91.89506849315069,25.005125628140703],[91.89506849315069,25.001306532663317]]]}},{"type":"Feature","properties":{"stage":3,"elev":10.4,"name":"peak lowland water"},"geometry":{"type":"Polygon","coordinates":[[[91.89890410958904,25.001306532663317],[91.90273972602739,25.001306532663317],[91.90273972602739,25.005125628140703],[91.89890410958904,25.005125628140703],[91.89890410958904,25.001306532663317]]]}},{"type":"Feature","properties":{"stage":3,"elev":11.3,"name":"peak lowland water"},"geometry":{"type":"Polygon","coordinates":[[[91.90273972602739,25.001306532663317],[91.90657534246576,25.001306532663317],[91.90657534246576,25.005125628140703],[91.90273972602739,25.005125628140703],[91.90273972602739,25.001306532663317]]]}},{"type":"Feature","properties":{"stage":3,"elev":10.4,"name":"peak lowland water"},"geometry":{"type":"Polygon","coordinates":[[[91.90657534246576,25.001306532663317],[91.91041095890411,25.001306532663317],[91.91041095890411,25.005125628140703],[91.90657534246576,25.005125628140703],[91.90657534246576,25.001306532663317]]]}},{"type":"Feature","properties":{"stage":3,"elev":11.5,"name":"peak lowland water"},"geometry":{"type":"Polygon","coordinates":[[[91.91041095890411,25.001306532663317],[91.91424657534246,25.001306532663317],[91.91424657534246,25.005125628140703],[91.91041095890411,25.005125628140703],[91.91041095890411,25.001306532663317]]]}},{"type":"Feature","properties":{"stage":3,"elev":11.7,"name":"peak lowland water"},"geometry":{"type":"Polygon","coordinates":[[[91.91424657534246,25.001306532663317],[91.91808219178083,25.001306532663317],[91.91808219178083,25.005125628140703],[91.91424657534246,25.005125628140703],[91.91424657534246,25.001306532663317]]]}},{"type":"Feature","properties":{"stage":3,"elev":14.1,"name":"peak lowland water"},"geometry":{"type":"Polygon","coordinates":[[[91.91808219178083,25.001306532663317],[91.92191780821918,25.001306532663317],[91.92191780821918,25.005125628140703],[91.91808219178083,25.005125628140703],[91.91808219178083,25.001306532663317]]]}},{"type":"Feature","properties":{"stage":3,"elev":14.8,"name":"peak lowland water"},"geometry":{"type":"Polygon","coordinates":[[[91.94109589041095,25.001306532663317],[91.94493150684931,25.001306532663317],[91.94493150684931,25.005125628140703],[91.94109589041095,25.005125628140703],[91.94109589041095,25.001306532663317]]]}},{"type":"Feature","properties":{"stage":3,"elev":10.9,"name":"peak lowland water"},"geometry":{"type":"Polygon","coordinates":[[[91.78,25.005125628140703],[91.78383561643835,25.005125628140703],[91.78383561643835,25.00894472361809],[91.78,25.00894472361809],[91.78,25.005125628140703]]]}},{"type":"Feature","properties":{"stage":3,"elev":11.1,"name":"peak lowland water"},"geometry":{"type":"Polygon","coordinates":[[[91.78383561643835,25.005125628140703],[91.78767123287672,25.005125628140703],[91.78767123287672,25.00894472361809],[91.78383561643835,25.00894472361809],[91.78383561643835,25.005125628140703]]]}},{"type":"Feature","properties":{"stage":3,"elev":11.4,"name":"peak lowland water"},"geometry":{"type":"Polygon","coordinates":[[[91.78767123287672,25.005125628140703],[91.79150684931507,25.005125628140703],[91.79150684931507,25.00894472361809],[91.78767123287672,25.00894472361809],[91.78767123287672,25.005125628140703]]]}},{"type":"Feature","properties":{"stage":3,"elev":11.3,"name":"peak lowland water"},"geometry":{"type":"Polygon","coordinates":[[[91.79150684931507,25.005125628140703],[91.79534246575342,25.005125628140703],[91.79534246575342,25.00894472361809],[91.79150684931507,25.00894472361809],[91.79150684931507,25.005125628140703]]]}},{"type":"Feature","properties":{"stage":3,"elev":9.8,"name":"peak lowland water"},"geometry":{"type":"Polygon","coordinates":[[[91.79534246575342,25.005125628140703],[91.79917808219179,25.005125628140703],[91.79917808219179,25.00894472361809],[91.79534246575342,25.00894472361809],[91.79534246575342,25.005125628140703]]]}},{"type":"Feature","properties":{"stage":3,"elev":11.2,"name":"peak lowland water"},"geometry":{"type":"Polygon","coordinates":[[[91.79917808219179,25.005125628140703],[91.80301369863014,25.005125628140703],[91.80301369863014,25.00894472361809],[91.79917808219179,25.00894472361809],[91.79917808219179,25.005125628140703]]]}},{"type":"Feature","properties":{"stage":3,"elev":12.1,"name":"peak lowland water"},"geometry":{"type":"Polygon","coordinates":[[[91.80301369863014,25.005125628140703],[91.80684931506849,25.005125628140703],[91.80684931506849,25.00894472361809],[91.80301369863014,25.00894472361809],[91.80301369863014,25.005125628140703]]]}},{"type":"Feature","properties":{"stage":3,"elev":13.8,"name":"peak lowland water"},"geometry":{"type":"Polygon","coordinates":[[[91.80684931506849,25.005125628140703],[91.81068493150686,25.005125628140703],[91.81068493150686,25.00894472361809],[91.80684931506849,25.00894472361809],[91.80684931506849,25.005125628140703]]]}},{"type":"Feature","properties":{"stage":3,"elev":13.1,"name":"peak lowland water"},"geometry":{"type":"Polygon","coordinates":[[[91.81068493150686,25.005125628140703],[91.81452054794521,25.005125628140703],[91.81452054794521,25.00894472361809],[91.81068493150686,25.00894472361809],[91.81068493150686,25.005125628140703]]]}},{"type":"Feature","properties":{"stage":3,"elev":13.1,"name":"peak lowland water"},"geometry":{"type":"Polygon","coordinates":[[[91.82986301369863,25.005125628140703],[91.83369863013698,25.005125628140703],[91.83369863013698,25.00894472361809],[91.82986301369863,25.00894472361809],[91.82986301369863,25.005125628140703]]]}},{"type":"Feature","properties":{"stage":3,"elev":14.9,"name":"peak lowland water"},"geometry":{"type":"Polygon","coordinates":[[[91.83369863013698,25.005125628140703],[91.83753424657534,25.005125628140703],[91.83753424657534,25.00894472361809],[91.83369863013698,25.00894472361809],[91.83369863013698,25.005125628140703]]]}},{"type":"Feature","properties":{"stage":3,"elev":13.3,"name":"peak lowland water"},"geometry":{"type":"Polygon","coordinates":[[[91.83753424657534,25.005125628140703],[91.8413698630137,25.005125628140703],[91.8413698630137,25.00894472361809],[91.83753424657534,25.00894472361809],[91.83753424657534,25.005125628140703]]]}},{"type":"Feature","properties":{"stage":3,"elev":12.1,"name":"peak lowland water"},"geometry":{"type":"Polygon","coordinates":[[[91.8413698630137,25.005125628140703],[91.84520547945205,25.005125628140703],[91.84520547945205,25.00894472361809],[91.8413698630137,25.00894472361809],[91.8413698630137,25.005125628140703]]]}},{"type":"Feature","properties":{"stage":3,"elev":12.8,"name":"peak lowland water"},"geometry":{"type":"Polygon","coordinates":[[[91.84520547945205,25.005125628140703],[91.84904109589041,25.005125628140703],[91.84904109589041,25.00894472361809],[91.84520547945205,25.00894472361809],[91.84520547945205,25.005125628140703]]]}},{"type":"Feature","properties":{"stage":3,"elev":12.4,"name":"peak lowland water"},"geometry":{"type":"Polygon","coordinates":[[[91.84904109589041,25.005125628140703],[91.85287671232877,25.005125628140703],[91.85287671232877,25.00894472361809],[91.84904109589041,25.00894472361809],[91.84904109589041,25.005125628140703]]]}},{"type":"Feature","properties":{"stage":3,"elev":12.3,"name":"peak lowland water"},"geometry":{"type":"Polygon","coordinates":[[[91.85287671232877,25.005125628140703],[91.85671232876712,25.005125628140703],[91.85671232876712,25.00894472361809],[91.85287671232877,25.00894472361809],[91.85287671232877,25.005125628140703]]]}},{"type":"Feature","properties":{"stage":3,"elev":13.8,"name":"peak lowland water"},"geometry":{"type":"Polygon","coordinates":[[[91.85671232876712,25.005125628140703],[91.86054794520548,25.005125628140703],[91.86054794520548,25.00894472361809],[91.85671232876712,25.00894472361809],[91.85671232876712,25.005125628140703]]]}},{"type":"Feature","properties":{"stage":3,"elev":13.4,"name":"peak lowland water"},"geometry":{"type":"Polygon","coordinates":[[[91.86054794520548,25.005125628140703],[91.86438356164383,25.005125628140703],[91.86438356164383,25.00894472361809],[91.86054794520548,25.00894472361809],[91.86054794520548,25.005125628140703]]]}},{"type":"Feature","properties":{"stage":3,"elev":12.3,"name":"peak lowland water"},"geometry":{"type":"Polygon","coordinates":[[[91.86438356164383,25.005125628140703],[91.86821917808219,25.005125628140703],[91.86821917808219,25.00894472361809],[91.86438356164383,25.00894472361809],[91.86438356164383,25.005125628140703]]]}},{"type":"Feature","properties":{"stage":3,"elev":14.2,"name":"peak lowland water"},"geometry":{"type":"Polygon","coordinates":[[[91.86821917808219,25.005125628140703],[91.87205479452055,25.005125628140703],[91.87205479452055,25.00894472361809],[91.86821917808219,25.00894472361809],[91.86821917808219,25.005125628140703]]]}},{"type":"Feature","properties":{"stage":3,"elev":11.7,"name":"peak lowland water"},"geometry":{"type":"Polygon","coordinates":[[[91.87205479452055,25.005125628140703],[91.8758904109589,25.005125628140703],[91.8758904109589,25.00894472361809],[91.87205479452055,25.00894472361809],[91.87205479452055,25.005125628140703]]]}},{"type":"Feature","properties":{"stage":3,"elev":10,"name":"peak lowland water"},"geometry":{"type":"Polygon","coordinates":[[[91.8758904109589,25.005125628140703],[91.87972602739725,25.005125628140703],[91.87972602739725,25.00894472361809],[91.8758904109589,25.00894472361809],[91.8758904109589,25.005125628140703]]]}},{"type":"Feature","properties":{"stage":3,"elev":9.1,"name":"peak lowland water"},"geometry":{"type":"Polygon","coordinates":[[[91.87972602739725,25.005125628140703],[91.88356164383562,25.005125628140703],[91.88356164383562,25.00894472361809],[91.87972602739725,25.00894472361809],[91.87972602739725,25.005125628140703]]]}},{"type":"Feature","properties":{"stage":3,"elev":9.7,"name":"peak lowland water"},"geometry":{"type":"Polygon","coordinates":[[[91.88356164383562,25.005125628140703],[91.88739726027397,25.005125628140703],[91.88739726027397,25.00894472361809],[91.88356164383562,25.00894472361809],[91.88356164383562,25.005125628140703]]]}},{"type":"Feature","properties":{"stage":3,"elev":10.9,"name":"peak lowland water"},"geometry":{"type":"Polygon","coordinates":[[[91.88739726027397,25.005125628140703],[91.89123287671232,25.005125628140703],[91.89123287671232,25.00894472361809],[91.88739726027397,25.00894472361809],[91.88739726027397,25.005125628140703]]]}},{"type":"Feature","properties":{"stage":3,"elev":9.8,"name":"peak lowland water"},"geometry":{"type":"Polygon","coordinates":[[[91.89123287671232,25.005125628140703],[91.89506849315069,25.005125628140703],[91.89506849315069,25.00894472361809],[91.89123287671232,25.00894472361809],[91.89123287671232,25.005125628140703]]]}},{"type":"Feature","properties":{"stage":3,"elev":9.7,"name":"peak lowland water"},"geometry":{"type":"Polygon","coordinates":[[[91.89506849315069,25.005125628140703],[91.89890410958904,25.005125628140703],[91.89890410958904,25.00894472361809],[91.89506849315069,25.00894472361809],[91.89506849315069,25.005125628140703]]]}},{"type":"Feature","properties":{"stage":3,"elev":11,"name":"peak lowland water"},"geometry":{"type":"Polygon","coordinates":[[[91.89890410958904,25.005125628140703],[91.90273972602739,25.005125628140703],[91.90273972602739,25.00894472361809],[91.89890410958904,25.00894472361809],[91.89890410958904,25.005125628140703]]]}},{"type":"Feature","properties":{"stage":3,"elev":10.8,"name":"peak lowland water"},"geometry":{"type":"Polygon","coordinates":[[[91.90273972602739,25.005125628140703],[91.90657534246576,25.005125628140703],[91.90657534246576,25.00894472361809],[91.90273972602739,25.00894472361809],[91.90273972602739,25.005125628140703]]]}},{"type":"Feature","properties":{"stage":3,"elev":10.8,"name":"peak lowland water"},"geometry":{"type":"Polygon","coordinates":[[[91.90657534246576,25.005125628140703],[91.91041095890411,25.005125628140703],[91.91041095890411,25.00894472361809],[91.90657534246576,25.00894472361809],[91.90657534246576,25.005125628140703]]]}},{"type":"Feature","properties":{"stage":3,"elev":12.5,"name":"peak lowland water"},"geometry":{"type":"Polygon","coordinates":[[[91.91041095890411,25.005125628140703],[91.91424657534246,25.005125628140703],[91.91424657534246,25.00894472361809],[91.91041095890411,25.00894472361809],[91.91041095890411,25.005125628140703]]]}},{"type":"Feature","properties":{"stage":3,"elev":11.4,"name":"peak lowland water"},"geometry":{"type":"Polygon","coordinates":[[[91.91424657534246,25.005125628140703],[91.91808219178083,25.005125628140703],[91.91808219178083,25.00894472361809],[91.91424657534246,25.00894472361809],[91.91424657534246,25.005125628140703]]]}},{"type":"Feature","properties":{"stage":3,"elev":12.1,"name":"peak lowland water"},"geometry":{"type":"Polygon","coordinates":[[[91.91808219178083,25.005125628140703],[91.92191780821918,25.005125628140703],[91.92191780821918,25.00894472361809],[91.91808219178083,25.00894472361809],[91.91808219178083,25.005125628140703]]]}},{"type":"Feature","properties":{"stage":3,"elev":12.4,"name":"peak lowland water"},"geometry":{"type":"Polygon","coordinates":[[[91.92191780821918,25.005125628140703],[91.92575342465753,25.005125628140703],[91.92575342465753,25.00894472361809],[91.92191780821918,25.00894472361809],[91.92191780821918,25.005125628140703]]]}},{"type":"Feature","properties":{"stage":3,"elev":13.8,"name":"peak lowland water"},"geometry":{"type":"Polygon","coordinates":[[[91.92575342465753,25.005125628140703],[91.92958904109588,25.005125628140703],[91.92958904109588,25.00894472361809],[91.92575342465753,25.00894472361809],[91.92575342465753,25.005125628140703]]]}},{"type":"Feature","properties":{"stage":3,"elev":13.3,"name":"peak lowland water"},"geometry":{"type":"Polygon","coordinates":[[[91.92958904109588,25.005125628140703],[91.93342465753425,25.005125628140703],[91.93342465753425,25.00894472361809],[91.92958904109588,25.00894472361809],[91.92958904109588,25.005125628140703]]]}},{"type":"Feature","properties":{"stage":3,"elev":13.8,"name":"peak lowland water"},"geometry":{"type":"Polygon","coordinates":[[[91.93342465753425,25.005125628140703],[91.9372602739726,25.005125628140703],[91.9372602739726,25.00894472361809],[91.93342465753425,25.00894472361809],[91.93342465753425,25.005125628140703]]]}},{"type":"Feature","properties":{"stage":3,"elev":14,"name":"peak lowland water"},"geometry":{"type":"Polygon","coordinates":[[[91.9372602739726,25.005125628140703],[91.94109589041095,25.005125628140703],[91.94109589041095,25.00894472361809],[91.9372602739726,25.00894472361809],[91.9372602739726,25.005125628140703]]]}},{"type":"Feature","properties":{"stage":3,"elev":14.1,"name":"peak lowland water"},"geometry":{"type":"Polygon","coordinates":[[[91.94109589041095,25.005125628140703],[91.94493150684931,25.005125628140703],[91.94493150684931,25.00894472361809],[91.94109589041095,25.00894472361809],[91.94109589041095,25.005125628140703]]]}},{"type":"Feature","properties":{"stage":3,"elev":14.6,"name":"peak lowland water"},"geometry":{"type":"Polygon","coordinates":[[[91.94493150684931,25.005125628140703],[91.94876712328767,25.005125628140703],[91.94876712328767,25.00894472361809],[91.94493150684931,25.00894472361809],[91.94493150684931,25.005125628140703]]]}},{"type":"Feature","properties":{"stage":3,"elev":13.8,"name":"peak lowland water"},"geometry":{"type":"Polygon","coordinates":[[[91.94876712328767,25.005125628140703],[91.95260273972602,25.005125628140703],[91.95260273972602,25.00894472361809],[91.94876712328767,25.00894472361809],[91.94876712328767,25.005125628140703]]]}},{"type":"Feature","properties":{"stage":3,"elev":14.1,"name":"peak lowland water"},"geometry":{"type":"Polygon","coordinates":[[[91.95260273972602,25.005125628140703],[91.95643835616438,25.005125628140703],[91.95643835616438,25.00894472361809],[91.95260273972602,25.00894472361809],[91.95260273972602,25.005125628140703]]]}},{"type":"Feature","properties":{"stage":3,"elev":14,"name":"peak lowland water"},"geometry":{"type":"Polygon","coordinates":[[[91.95643835616438,25.005125628140703],[91.96027397260274,25.005125628140703],[91.96027397260274,25.00894472361809],[91.95643835616438,25.00894472361809],[91.95643835616438,25.005125628140703]]]}},{"type":"Feature","properties":{"stage":3,"elev":13.9,"name":"peak lowland water"},"geometry":{"type":"Polygon","coordinates":[[[91.96027397260274,25.005125628140703],[91.96410958904109,25.005125628140703],[91.96410958904109,25.00894472361809],[91.96027397260274,25.00894472361809],[91.96027397260274,25.005125628140703]]]}},{"type":"Feature","properties":{"stage":3,"elev":14.7,"name":"peak lowland water"},"geometry":{"type":"Polygon","coordinates":[[[91.96410958904109,25.005125628140703],[91.96794520547945,25.005125628140703],[91.96794520547945,25.00894472361809],[91.96410958904109,25.00894472361809],[91.96410958904109,25.005125628140703]]]}},{"type":"Feature","properties":{"stage":3,"elev":13.9,"name":"peak lowland water"},"geometry":{"type":"Polygon","coordinates":[[[91.96794520547945,25.005125628140703],[91.9717808219178,25.005125628140703],[91.9717808219178,25.00894472361809],[91.96794520547945,25.00894472361809],[91.96794520547945,25.005125628140703]]]}},{"type":"Feature","properties":{"stage":3,"elev":14.5,"name":"peak lowland water"},"geometry":{"type":"Polygon","coordinates":[[[91.9717808219178,25.005125628140703],[91.97561643835616,25.005125628140703],[91.97561643835616,25.00894472361809],[91.9717808219178,25.00894472361809],[91.9717808219178,25.005125628140703]]]}},{"type":"Feature","properties":{"stage":3,"elev":14.7,"name":"peak lowland water"},"geometry":{"type":"Polygon","coordinates":[[[91.97945205479452,25.005125628140703],[91.98328767123287,25.005125628140703],[91.98328767123287,25.00894472361809],[91.97945205479452,25.00894472361809],[91.97945205479452,25.005125628140703]]]}},{"type":"Feature","properties":{"stage":3,"elev":12.6,"name":"peak lowland water"},"geometry":{"type":"Polygon","coordinates":[[[91.78,25.00894472361809],[91.78383561643835,25.00894472361809],[91.78383561643835,25.01276381909548],[91.78,25.01276381909548],[91.78,25.00894472361809]]]}},{"type":"Feature","properties":{"stage":3,"elev":11.9,"name":"peak lowland water"},"geometry":{"type":"Polygon","coordinates":[[[91.78383561643835,25.00894472361809],[91.78767123287672,25.00894472361809],[91.78767123287672,25.01276381909548],[91.78383561643835,25.01276381909548],[91.78383561643835,25.00894472361809]]]}},{"type":"Feature","properties":{"stage":3,"elev":11.8,"name":"peak lowland water"},"geometry":{"type":"Polygon","coordinates":[[[91.78767123287672,25.00894472361809],[91.79150684931507,25.00894472361809],[91.79150684931507,25.01276381909548],[91.78767123287672,25.01276381909548],[91.78767123287672,25.00894472361809]]]}},{"type":"Feature","properties":{"stage":3,"elev":10.5,"name":"peak lowland water"},"geometry":{"type":"Polygon","coordinates":[[[91.79150684931507,25.00894472361809],[91.79534246575342,25.00894472361809],[91.79534246575342,25.01276381909548],[91.79150684931507,25.01276381909548],[91.79150684931507,25.00894472361809]]]}},{"type":"Feature","properties":{"stage":3,"elev":10.7,"name":"peak lowland water"},"geometry":{"type":"Polygon","coordinates":[[[91.79534246575342,25.00894472361809],[91.79917808219179,25.00894472361809],[91.79917808219179,25.01276381909548],[91.79534246575342,25.01276381909548],[91.79534246575342,25.00894472361809]]]}},{"type":"Feature","properties":{"stage":3,"elev":11.6,"name":"peak lowland water"},"geometry":{"type":"Polygon","coordinates":[[[91.79917808219179,25.00894472361809],[91.80301369863014,25.00894472361809],[91.80301369863014,25.01276381909548],[91.79917808219179,25.01276381909548],[91.79917808219179,25.00894472361809]]]}},{"type":"Feature","properties":{"stage":3,"elev":9.9,"name":"peak lowland water"},"geometry":{"type":"Polygon","coordinates":[[[91.80301369863014,25.00894472361809],[91.80684931506849,25.00894472361809],[91.80684931506849,25.01276381909548],[91.80301369863014,25.01276381909548],[91.80301369863014,25.00894472361809]]]}},{"type":"Feature","properties":{"stage":3,"elev":14.4,"name":"peak lowland water"},"geometry":{"type":"Polygon","coordinates":[[[91.80684931506849,25.00894472361809],[91.81068493150686,25.00894472361809],[91.81068493150686,25.01276381909548],[91.80684931506849,25.01276381909548],[91.80684931506849,25.00894472361809]]]}},{"type":"Feature","properties":{"stage":3,"elev":12.1,"name":"peak lowland water"},"geometry":{"type":"Polygon","coordinates":[[[91.81068493150686,25.00894472361809],[91.81452054794521,25.00894472361809],[91.81452054794521,25.01276381909548],[91.81068493150686,25.01276381909548],[91.81068493150686,25.00894472361809]]]}},{"type":"Feature","properties":{"stage":3,"elev":11.6,"name":"peak lowland water"},"geometry":{"type":"Polygon","coordinates":[[[91.81452054794521,25.00894472361809],[91.81835616438356,25.00894472361809],[91.81835616438356,25.01276381909548],[91.81452054794521,25.01276381909548],[91.81452054794521,25.00894472361809]]]}},{"type":"Feature","properties":{"stage":3,"elev":13.1,"name":"peak lowland water"},"geometry":{"type":"Polygon","coordinates":[[[91.81835616438356,25.00894472361809],[91.82219178082192,25.00894472361809],[91.82219178082192,25.01276381909548],[91.81835616438356,25.01276381909548],[91.81835616438356,25.00894472361809]]]}},{"type":"Feature","properties":{"stage":3,"elev":13.6,"name":"peak lowland water"},"geometry":{"type":"Polygon","coordinates":[[[91.82219178082192,25.00894472361809],[91.82602739726028,25.00894472361809],[91.82602739726028,25.01276381909548],[91.82219178082192,25.01276381909548],[91.82219178082192,25.00894472361809]]]}},{"type":"Feature","properties":{"stage":3,"elev":12.6,"name":"peak lowland water"},"geometry":{"type":"Polygon","coordinates":[[[91.82602739726028,25.00894472361809],[91.82986301369863,25.00894472361809],[91.82986301369863,25.01276381909548],[91.82602739726028,25.01276381909548],[91.82602739726028,25.00894472361809]]]}},{"type":"Feature","properties":{"stage":3,"elev":11.6,"name":"peak lowland water"},"geometry":{"type":"Polygon","coordinates":[[[91.82986301369863,25.00894472361809],[91.83369863013698,25.00894472361809],[91.83369863013698,25.01276381909548],[91.82986301369863,25.01276381909548],[91.82986301369863,25.00894472361809]]]}},{"type":"Feature","properties":{"stage":3,"elev":11.9,"name":"peak lowland water"},"geometry":{"type":"Polygon","coordinates":[[[91.83369863013698,25.00894472361809],[91.83753424657534,25.00894472361809],[91.83753424657534,25.01276381909548],[91.83369863013698,25.01276381909548],[91.83369863013698,25.00894472361809]]]}},{"type":"Feature","properties":{"stage":3,"elev":13.6,"name":"peak lowland water"},"geometry":{"type":"Polygon","coordinates":[[[91.83753424657534,25.00894472361809],[91.8413698630137,25.00894472361809],[91.8413698630137,25.01276381909548],[91.83753424657534,25.01276381909548],[91.83753424657534,25.00894472361809]]]}},{"type":"Feature","properties":{"stage":3,"elev":12.6,"name":"peak lowland water"},"geometry":{"type":"Polygon","coordinates":[[[91.8413698630137,25.00894472361809],[91.84520547945205,25.00894472361809],[91.84520547945205,25.01276381909548],[91.8413698630137,25.01276381909548],[91.8413698630137,25.00894472361809]]]}},{"type":"Feature","properties":{"stage":3,"elev":12.5,"name":"peak lowland water"},"geometry":{"type":"Polygon","coordinates":[[[91.84520547945205,25.00894472361809],[91.84904109589041,25.00894472361809],[91.84904109589041,25.01276381909548],[91.84520547945205,25.01276381909548],[91.84520547945205,25.00894472361809]]]}},{"type":"Feature","properties":{"stage":3,"elev":12.8,"name":"peak lowland water"},"geometry":{"type":"Polygon","coordinates":[[[91.84904109589041,25.00894472361809],[91.85287671232877,25.00894472361809],[91.85287671232877,25.01276381909548],[91.84904109589041,25.01276381909548],[91.84904109589041,25.00894472361809]]]}},{"type":"Feature","properties":{"stage":3,"elev":13.4,"name":"peak lowland water"},"geometry":{"type":"Polygon","coordinates":[[[91.85287671232877,25.00894472361809],[91.85671232876712,25.00894472361809],[91.85671232876712,25.01276381909548],[91.85287671232877,25.01276381909548],[91.85287671232877,25.00894472361809]]]}},{"type":"Feature","properties":{"stage":3,"elev":15,"name":"peak lowland water"},"geometry":{"type":"Polygon","coordinates":[[[91.85671232876712,25.00894472361809],[91.86054794520548,25.00894472361809],[91.86054794520548,25.01276381909548],[91.85671232876712,25.01276381909548],[91.85671232876712,25.00894472361809]]]}},{"type":"Feature","properties":{"stage":3,"elev":13.4,"name":"peak lowland water"},"geometry":{"type":"Polygon","coordinates":[[[91.86054794520548,25.00894472361809],[91.86438356164383,25.00894472361809],[91.86438356164383,25.01276381909548],[91.86054794520548,25.01276381909548],[91.86054794520548,25.00894472361809]]]}},{"type":"Feature","properties":{"stage":3,"elev":11.6,"name":"peak lowland water"},"geometry":{"type":"Polygon","coordinates":[[[91.86438356164383,25.00894472361809],[91.86821917808219,25.00894472361809],[91.86821917808219,25.01276381909548],[91.86438356164383,25.01276381909548],[91.86438356164383,25.00894472361809]]]}},{"type":"Feature","properties":{"stage":3,"elev":12.4,"name":"peak lowland water"},"geometry":{"type":"Polygon","coordinates":[[[91.86821917808219,25.00894472361809],[91.87205479452055,25.00894472361809],[91.87205479452055,25.01276381909548],[91.86821917808219,25.01276381909548],[91.86821917808219,25.00894472361809]]]}},{"type":"Feature","properties":{"stage":3,"elev":12.5,"name":"peak lowland water"},"geometry":{"type":"Polygon","coordinates":[[[91.87205479452055,25.00894472361809],[91.8758904109589,25.00894472361809],[91.8758904109589,25.01276381909548],[91.87205479452055,25.01276381909548],[91.87205479452055,25.00894472361809]]]}},{"type":"Feature","properties":{"stage":3,"elev":11.1,"name":"peak lowland water"},"geometry":{"type":"Polygon","coordinates":[[[91.8758904109589,25.00894472361809],[91.87972602739725,25.00894472361809],[91.87972602739725,25.01276381909548],[91.8758904109589,25.01276381909548],[91.8758904109589,25.00894472361809]]]}},{"type":"Feature","properties":{"stage":3,"elev":8.3,"name":"peak lowland water"},"geometry":{"type":"Polygon","coordinates":[[[91.87972602739725,25.00894472361809],[91.88356164383562,25.00894472361809],[91.88356164383562,25.01276381909548],[91.87972602739725,25.01276381909548],[91.87972602739725,25.00894472361809]]]}},{"type":"Feature","properties":{"stage":3,"elev":9.5,"name":"peak lowland water"},"geometry":{"type":"Polygon","coordinates":[[[91.88356164383562,25.00894472361809],[91.88739726027397,25.00894472361809],[91.88739726027397,25.01276381909548],[91.88356164383562,25.01276381909548],[91.88356164383562,25.00894472361809]]]}},{"type":"Feature","properties":{"stage":3,"elev":10.4,"name":"peak lowland water"},"geometry":{"type":"Polygon","coordinates":[[[91.88739726027397,25.00894472361809],[91.89123287671232,25.00894472361809],[91.89123287671232,25.01276381909548],[91.88739726027397,25.01276381909548],[91.88739726027397,25.00894472361809]]]}},{"type":"Feature","properties":{"stage":3,"elev":10.1,"name":"peak lowland water"},"geometry":{"type":"Polygon","coordinates":[[[91.89123287671232,25.00894472361809],[91.89506849315069,25.00894472361809],[91.89506849315069,25.01276381909548],[91.89123287671232,25.01276381909548],[91.89123287671232,25.00894472361809]]]}},{"type":"Feature","properties":{"stage":3,"elev":9.8,"name":"peak lowland water"},"geometry":{"type":"Polygon","coordinates":[[[91.89506849315069,25.00894472361809],[91.89890410958904,25.00894472361809],[91.89890410958904,25.01276381909548],[91.89506849315069,25.01276381909548],[91.89506849315069,25.00894472361809]]]}},{"type":"Feature","properties":{"stage":3,"elev":10.1,"name":"peak lowland water"},"geometry":{"type":"Polygon","coordinates":[[[91.89890410958904,25.00894472361809],[91.90273972602739,25.00894472361809],[91.90273972602739,25.01276381909548],[91.89890410958904,25.01276381909548],[91.89890410958904,25.00894472361809]]]}},{"type":"Feature","properties":{"stage":3,"elev":11.9,"name":"peak lowland water"},"geometry":{"type":"Polygon","coordinates":[[[91.90273972602739,25.00894472361809],[91.90657534246576,25.00894472361809],[91.90657534246576,25.01276381909548],[91.90273972602739,25.01276381909548],[91.90273972602739,25.00894472361809]]]}},{"type":"Feature","properties":{"stage":3,"elev":11.9,"name":"peak lowland water"},"geometry":{"type":"Polygon","coordinates":[[[91.90657534246576,25.00894472361809],[91.91041095890411,25.00894472361809],[91.91041095890411,25.01276381909548],[91.90657534246576,25.01276381909548],[91.90657534246576,25.00894472361809]]]}},{"type":"Feature","properties":{"stage":3,"elev":11.8,"name":"peak lowland water"},"geometry":{"type":"Polygon","coordinates":[[[91.91041095890411,25.00894472361809],[91.91424657534246,25.00894472361809],[91.91424657534246,25.01276381909548],[91.91041095890411,25.01276381909548],[91.91041095890411,25.00894472361809]]]}},{"type":"Feature","properties":{"stage":3,"elev":11.8,"name":"peak lowland water"},"geometry":{"type":"Polygon","coordinates":[[[91.91424657534246,25.00894472361809],[91.91808219178083,25.00894472361809],[91.91808219178083,25.01276381909548],[91.91424657534246,25.01276381909548],[91.91424657534246,25.00894472361809]]]}},{"type":"Feature","properties":{"stage":3,"elev":14.3,"name":"peak lowland water"},"geometry":{"type":"Polygon","coordinates":[[[91.91808219178083,25.00894472361809],[91.92191780821918,25.00894472361809],[91.92191780821918,25.01276381909548],[91.91808219178083,25.01276381909548],[91.91808219178083,25.00894472361809]]]}},{"type":"Feature","properties":{"stage":3,"elev":13.4,"name":"peak lowland water"},"geometry":{"type":"Polygon","coordinates":[[[91.92191780821918,25.00894472361809],[91.92575342465753,25.00894472361809],[91.92575342465753,25.01276381909548],[91.92191780821918,25.01276381909548],[91.92191780821918,25.00894472361809]]]}},{"type":"Feature","properties":{"stage":3,"elev":13.8,"name":"peak lowland water"},"geometry":{"type":"Polygon","coordinates":[[[91.92575342465753,25.00894472361809],[91.92958904109588,25.00894472361809],[91.92958904109588,25.01276381909548],[91.92575342465753,25.01276381909548],[91.92575342465753,25.00894472361809]]]}},{"type":"Feature","properties":{"stage":3,"elev":12.5,"name":"peak lowland water"},"geometry":{"type":"Polygon","coordinates":[[[91.92958904109588,25.00894472361809],[91.93342465753425,25.00894472361809],[91.93342465753425,25.01276381909548],[91.92958904109588,25.01276381909548],[91.92958904109588,25.00894472361809]]]}},{"type":"Feature","properties":{"stage":3,"elev":13,"name":"peak lowland water"},"geometry":{"type":"Polygon","coordinates":[[[91.93342465753425,25.00894472361809],[91.9372602739726,25.00894472361809],[91.9372602739726,25.01276381909548],[91.93342465753425,25.01276381909548],[91.93342465753425,25.00894472361809]]]}},{"type":"Feature","properties":{"stage":3,"elev":13.2,"name":"peak lowland water"},"geometry":{"type":"Polygon","coordinates":[[[91.9372602739726,25.00894472361809],[91.94109589041095,25.00894472361809],[91.94109589041095,25.01276381909548],[91.9372602739726,25.01276381909548],[91.9372602739726,25.00894472361809]]]}},{"type":"Feature","properties":{"stage":3,"elev":12.2,"name":"peak lowland water"},"geometry":{"type":"Polygon","coordinates":[[[91.94109589041095,25.00894472361809],[91.94493150684931,25.00894472361809],[91.94493150684931,25.01276381909548],[91.94109589041095,25.01276381909548],[91.94109589041095,25.00894472361809]]]}},{"type":"Feature","properties":{"stage":3,"elev":12.8,"name":"peak lowland water"},"geometry":{"type":"Polygon","coordinates":[[[91.94493150684931,25.00894472361809],[91.94876712328767,25.00894472361809],[91.94876712328767,25.01276381909548],[91.94493150684931,25.01276381909548],[91.94493150684931,25.00894472361809]]]}},{"type":"Feature","properties":{"stage":3,"elev":12.6,"name":"peak lowland water"},"geometry":{"type":"Polygon","coordinates":[[[91.94876712328767,25.00894472361809],[91.95260273972602,25.00894472361809],[91.95260273972602,25.01276381909548],[91.94876712328767,25.01276381909548],[91.94876712328767,25.00894472361809]]]}},{"type":"Feature","properties":{"stage":3,"elev":13.3,"name":"peak lowland water"},"geometry":{"type":"Polygon","coordinates":[[[91.95260273972602,25.00894472361809],[91.95643835616438,25.00894472361809],[91.95643835616438,25.01276381909548],[91.95260273972602,25.01276381909548],[91.95260273972602,25.00894472361809]]]}},{"type":"Feature","properties":{"stage":3,"elev":12.6,"name":"peak lowland water"},"geometry":{"type":"Polygon","coordinates":[[[91.95643835616438,25.00894472361809],[91.96027397260274,25.00894472361809],[91.96027397260274,25.01276381909548],[91.95643835616438,25.01276381909548],[91.95643835616438,25.00894472361809]]]}},{"type":"Feature","properties":{"stage":3,"elev":12.6,"name":"peak lowland water"},"geometry":{"type":"Polygon","coordinates":[[[91.96027397260274,25.00894472361809],[91.96410958904109,25.00894472361809],[91.96410958904109,25.01276381909548],[91.96027397260274,25.01276381909548],[91.96027397260274,25.00894472361809]]]}},{"type":"Feature","properties":{"stage":3,"elev":13.2,"name":"peak lowland water"},"geometry":{"type":"Polygon","coordinates":[[[91.96410958904109,25.00894472361809],[91.96794520547945,25.00894472361809],[91.96794520547945,25.01276381909548],[91.96410958904109,25.01276381909548],[91.96410958904109,25.00894472361809]]]}},{"type":"Feature","properties":{"stage":3,"elev":13.4,"name":"peak lowland water"},"geometry":{"type":"Polygon","coordinates":[[[91.96794520547945,25.00894472361809],[91.9717808219178,25.00894472361809],[91.9717808219178,25.01276381909548],[91.96794520547945,25.01276381909548],[91.96794520547945,25.00894472361809]]]}},{"type":"Feature","properties":{"stage":3,"elev":13.8,"name":"peak lowland water"},"geometry":{"type":"Polygon","coordinates":[[[91.9717808219178,25.00894472361809],[91.97561643835616,25.00894472361809],[91.97561643835616,25.01276381909548],[91.9717808219178,25.01276381909548],[91.9717808219178,25.00894472361809]]]}},{"type":"Feature","properties":{"stage":3,"elev":14.2,"name":"peak lowland water"},"geometry":{"type":"Polygon","coordinates":[[[91.97561643835616,25.00894472361809],[91.97945205479452,25.00894472361809],[91.97945205479452,25.01276381909548],[91.97561643835616,25.01276381909548],[91.97561643835616,25.00894472361809]]]}},{"type":"Feature","properties":{"stage":3,"elev":12.8,"name":"peak lowland water"},"geometry":{"type":"Polygon","coordinates":[[[91.97945205479452,25.00894472361809],[91.98328767123287,25.00894472361809],[91.98328767123287,25.01276381909548],[91.97945205479452,25.01276381909548],[91.97945205479452,25.00894472361809]]]}},{"type":"Feature","properties":{"stage":3,"elev":12.8,"name":"peak lowland water"},"geometry":{"type":"Polygon","coordinates":[[[91.98328767123287,25.00894472361809],[91.98712328767122,25.00894472361809],[91.98712328767122,25.01276381909548],[91.98328767123287,25.01276381909548],[91.98328767123287,25.00894472361809]]]}},{"type":"Feature","properties":{"stage":3,"elev":12.5,"name":"peak lowland water"},"geometry":{"type":"Polygon","coordinates":[[[91.78,25.01276381909548],[91.78383561643835,25.01276381909548],[91.78383561643835,25.016582914572865],[91.78,25.016582914572865],[91.78,25.01276381909548]]]}},{"type":"Feature","properties":{"stage":3,"elev":13.4,"name":"peak lowland water"},"geometry":{"type":"Polygon","coordinates":[[[91.78383561643835,25.01276381909548],[91.78767123287672,25.01276381909548],[91.78767123287672,25.016582914572865],[91.78383561643835,25.016582914572865],[91.78383561643835,25.01276381909548]]]}},{"type":"Feature","properties":{"stage":3,"elev":14.9,"name":"peak lowland water"},"geometry":{"type":"Polygon","coordinates":[[[91.79150684931507,25.01276381909548],[91.79534246575342,25.01276381909548],[91.79534246575342,25.016582914572865],[91.79150684931507,25.016582914572865],[91.79150684931507,25.01276381909548]]]}},{"type":"Feature","properties":{"stage":3,"elev":13.6,"name":"peak lowland water"},"geometry":{"type":"Polygon","coordinates":[[[91.79534246575342,25.01276381909548],[91.79917808219179,25.01276381909548],[91.79917808219179,25.016582914572865],[91.79534246575342,25.016582914572865],[91.79534246575342,25.01276381909548]]]}},{"type":"Feature","properties":{"stage":3,"elev":14.9,"name":"peak lowland water"},"geometry":{"type":"Polygon","coordinates":[[[91.79917808219179,25.01276381909548],[91.80301369863014,25.01276381909548],[91.80301369863014,25.016582914572865],[91.79917808219179,25.016582914572865],[91.79917808219179,25.01276381909548]]]}},{"type":"Feature","properties":{"stage":3,"elev":12.8,"name":"peak lowland water"},"geometry":{"type":"Polygon","coordinates":[[[91.80301369863014,25.01276381909548],[91.80684931506849,25.01276381909548],[91.80684931506849,25.016582914572865],[91.80301369863014,25.016582914572865],[91.80301369863014,25.01276381909548]]]}},{"type":"Feature","properties":{"stage":3,"elev":13.4,"name":"peak lowland water"},"geometry":{"type":"Polygon","coordinates":[[[91.80684931506849,25.01276381909548],[91.81068493150686,25.01276381909548],[91.81068493150686,25.016582914572865],[91.80684931506849,25.016582914572865],[91.80684931506849,25.01276381909548]]]}},{"type":"Feature","properties":{"stage":3,"elev":10.8,"name":"peak lowland water"},"geometry":{"type":"Polygon","coordinates":[[[91.81068493150686,25.01276381909548],[91.81452054794521,25.01276381909548],[91.81452054794521,25.016582914572865],[91.81068493150686,25.016582914572865],[91.81068493150686,25.01276381909548]]]}},{"type":"Feature","properties":{"stage":3,"elev":12.2,"name":"peak lowland water"},"geometry":{"type":"Polygon","coordinates":[[[91.81452054794521,25.01276381909548],[91.81835616438356,25.01276381909548],[91.81835616438356,25.016582914572865],[91.81452054794521,25.016582914572865],[91.81452054794521,25.01276381909548]]]}},{"type":"Feature","properties":{"stage":3,"elev":12.6,"name":"peak lowland water"},"geometry":{"type":"Polygon","coordinates":[[[91.81835616438356,25.01276381909548],[91.82219178082192,25.01276381909548],[91.82219178082192,25.016582914572865],[91.81835616438356,25.016582914572865],[91.81835616438356,25.01276381909548]]]}},{"type":"Feature","properties":{"stage":3,"elev":13,"name":"peak lowland water"},"geometry":{"type":"Polygon","coordinates":[[[91.82219178082192,25.01276381909548],[91.82602739726028,25.01276381909548],[91.82602739726028,25.016582914572865],[91.82219178082192,25.016582914572865],[91.82219178082192,25.01276381909548]]]}},{"type":"Feature","properties":{"stage":3,"elev":12.2,"name":"peak lowland water"},"geometry":{"type":"Polygon","coordinates":[[[91.82602739726028,25.01276381909548],[91.82986301369863,25.01276381909548],[91.82986301369863,25.016582914572865],[91.82602739726028,25.016582914572865],[91.82602739726028,25.01276381909548]]]}},{"type":"Feature","properties":{"stage":3,"elev":12.5,"name":"peak lowland water"},"geometry":{"type":"Polygon","coordinates":[[[91.82986301369863,25.01276381909548],[91.83369863013698,25.01276381909548],[91.83369863013698,25.016582914572865],[91.82986301369863,25.016582914572865],[91.82986301369863,25.01276381909548]]]}},{"type":"Feature","properties":{"stage":3,"elev":12.5,"name":"peak lowland water"},"geometry":{"type":"Polygon","coordinates":[[[91.83753424657534,25.01276381909548],[91.8413698630137,25.01276381909548],[91.8413698630137,25.016582914572865],[91.83753424657534,25.016582914572865],[91.83753424657534,25.01276381909548]]]}},{"type":"Feature","properties":{"stage":3,"elev":13.6,"name":"peak lowland water"},"geometry":{"type":"Polygon","coordinates":[[[91.8413698630137,25.01276381909548],[91.84520547945205,25.01276381909548],[91.84520547945205,25.016582914572865],[91.8413698630137,25.016582914572865],[91.8413698630137,25.01276381909548]]]}},{"type":"Feature","properties":{"stage":3,"elev":14.7,"name":"peak lowland water"},"geometry":{"type":"Polygon","coordinates":[[[91.84520547945205,25.01276381909548],[91.84904109589041,25.01276381909548],[91.84904109589041,25.016582914572865],[91.84520547945205,25.016582914572865],[91.84520547945205,25.01276381909548]]]}},{"type":"Feature","properties":{"stage":3,"elev":13.4,"name":"peak lowland water"},"geometry":{"type":"Polygon","coordinates":[[[91.86054794520548,25.01276381909548],[91.86438356164383,25.01276381909548],[91.86438356164383,25.016582914572865],[91.86054794520548,25.016582914572865],[91.86054794520548,25.01276381909548]]]}},{"type":"Feature","properties":{"stage":3,"elev":12.1,"name":"peak lowland water"},"geometry":{"type":"Polygon","coordinates":[[[91.86438356164383,25.01276381909548],[91.86821917808219,25.01276381909548],[91.86821917808219,25.016582914572865],[91.86438356164383,25.016582914572865],[91.86438356164383,25.01276381909548]]]}},{"type":"Feature","properties":{"stage":3,"elev":12.4,"name":"peak lowland water"},"geometry":{"type":"Polygon","coordinates":[[[91.86821917808219,25.01276381909548],[91.87205479452055,25.01276381909548],[91.87205479452055,25.016582914572865],[91.86821917808219,25.016582914572865],[91.86821917808219,25.01276381909548]]]}},{"type":"Feature","properties":{"stage":3,"elev":11.4,"name":"peak lowland water"},"geometry":{"type":"Polygon","coordinates":[[[91.87205479452055,25.01276381909548],[91.8758904109589,25.01276381909548],[91.8758904109589,25.016582914572865],[91.87205479452055,25.016582914572865],[91.87205479452055,25.01276381909548]]]}},{"type":"Feature","properties":{"stage":3,"elev":11.4,"name":"peak lowland water"},"geometry":{"type":"Polygon","coordinates":[[[91.8758904109589,25.01276381909548],[91.87972602739725,25.01276381909548],[91.87972602739725,25.016582914572865],[91.8758904109589,25.016582914572865],[91.8758904109589,25.01276381909548]]]}},{"type":"Feature","properties":{"stage":3,"elev":10.2,"name":"peak lowland water"},"geometry":{"type":"Polygon","coordinates":[[[91.87972602739725,25.01276381909548],[91.88356164383562,25.01276381909548],[91.88356164383562,25.016582914572865],[91.87972602739725,25.016582914572865],[91.87972602739725,25.01276381909548]]]}},{"type":"Feature","properties":{"stage":3,"elev":7,"name":"peak lowland water"},"geometry":{"type":"Polygon","coordinates":[[[91.88356164383562,25.01276381909548],[91.88739726027397,25.01276381909548],[91.88739726027397,25.016582914572865],[91.88356164383562,25.016582914572865],[91.88356164383562,25.01276381909548]]]}},{"type":"Feature","properties":{"stage":3,"elev":6.5,"name":"peak lowland water"},"geometry":{"type":"Polygon","coordinates":[[[91.88739726027397,25.01276381909548],[91.89123287671232,25.01276381909548],[91.89123287671232,25.016582914572865],[91.88739726027397,25.016582914572865],[91.88739726027397,25.01276381909548]]]}},{"type":"Feature","properties":{"stage":3,"elev":9.3,"name":"peak lowland water"},"geometry":{"type":"Polygon","coordinates":[[[91.89123287671232,25.01276381909548],[91.89506849315069,25.01276381909548],[91.89506849315069,25.016582914572865],[91.89123287671232,25.016582914572865],[91.89123287671232,25.01276381909548]]]}},{"type":"Feature","properties":{"stage":3,"elev":9.4,"name":"peak lowland water"},"geometry":{"type":"Polygon","coordinates":[[[91.89506849315069,25.01276381909548],[91.89890410958904,25.01276381909548],[91.89890410958904,25.016582914572865],[91.89506849315069,25.016582914572865],[91.89506849315069,25.01276381909548]]]}},{"type":"Feature","properties":{"stage":3,"elev":11.1,"name":"peak lowland water"},"geometry":{"type":"Polygon","coordinates":[[[91.89890410958904,25.01276381909548],[91.90273972602739,25.01276381909548],[91.90273972602739,25.016582914572865],[91.89890410958904,25.016582914572865],[91.89890410958904,25.01276381909548]]]}},{"type":"Feature","properties":{"stage":3,"elev":10.9,"name":"peak lowland water"},"geometry":{"type":"Polygon","coordinates":[[[91.90273972602739,25.01276381909548],[91.90657534246576,25.01276381909548],[91.90657534246576,25.016582914572865],[91.90273972602739,25.016582914572865],[91.90273972602739,25.01276381909548]]]}},{"type":"Feature","properties":{"stage":3,"elev":10.3,"name":"peak lowland water"},"geometry":{"type":"Polygon","coordinates":[[[91.90657534246576,25.01276381909548],[91.91041095890411,25.01276381909548],[91.91041095890411,25.016582914572865],[91.90657534246576,25.016582914572865],[91.90657534246576,25.01276381909548]]]}},{"type":"Feature","properties":{"stage":3,"elev":11.4,"name":"peak lowland water"},"geometry":{"type":"Polygon","coordinates":[[[91.91041095890411,25.01276381909548],[91.91424657534246,25.01276381909548],[91.91424657534246,25.016582914572865],[91.91041095890411,25.016582914572865],[91.91041095890411,25.01276381909548]]]}},{"type":"Feature","properties":{"stage":3,"elev":11.1,"name":"peak lowland water"},"geometry":{"type":"Polygon","coordinates":[[[91.91424657534246,25.01276381909548],[91.91808219178083,25.01276381909548],[91.91808219178083,25.016582914572865],[91.91424657534246,25.016582914572865],[91.91424657534246,25.01276381909548]]]}},{"type":"Feature","properties":{"stage":3,"elev":13.7,"name":"peak lowland water"},"geometry":{"type":"Polygon","coordinates":[[[91.91808219178083,25.01276381909548],[91.92191780821918,25.01276381909548],[91.92191780821918,25.016582914572865],[91.91808219178083,25.016582914572865],[91.91808219178083,25.01276381909548]]]}},{"type":"Feature","properties":{"stage":3,"elev":11.9,"name":"peak lowland water"},"geometry":{"type":"Polygon","coordinates":[[[91.92191780821918,25.01276381909548],[91.92575342465753,25.01276381909548],[91.92575342465753,25.016582914572865],[91.92191780821918,25.016582914572865],[91.92191780821918,25.01276381909548]]]}},{"type":"Feature","properties":{"stage":3,"elev":12.8,"name":"peak lowland water"},"geometry":{"type":"Polygon","coordinates":[[[91.92958904109588,25.01276381909548],[91.93342465753425,25.01276381909548],[91.93342465753425,25.016582914572865],[91.92958904109588,25.016582914572865],[91.92958904109588,25.01276381909548]]]}},{"type":"Feature","properties":{"stage":3,"elev":12.3,"name":"peak lowland water"},"geometry":{"type":"Polygon","coordinates":[[[91.93342465753425,25.01276381909548],[91.9372602739726,25.01276381909548],[91.9372602739726,25.016582914572865],[91.93342465753425,25.016582914572865],[91.93342465753425,25.01276381909548]]]}},{"type":"Feature","properties":{"stage":3,"elev":11.4,"name":"peak lowland water"},"geometry":{"type":"Polygon","coordinates":[[[91.9372602739726,25.01276381909548],[91.94109589041095,25.01276381909548],[91.94109589041095,25.016582914572865],[91.9372602739726,25.016582914572865],[91.9372602739726,25.01276381909548]]]}},{"type":"Feature","properties":{"stage":3,"elev":12.3,"name":"peak lowland water"},"geometry":{"type":"Polygon","coordinates":[[[91.94109589041095,25.01276381909548],[91.94493150684931,25.01276381909548],[91.94493150684931,25.016582914572865],[91.94109589041095,25.016582914572865],[91.94109589041095,25.01276381909548]]]}},{"type":"Feature","properties":{"stage":3,"elev":12.6,"name":"peak lowland water"},"geometry":{"type":"Polygon","coordinates":[[[91.94493150684931,25.01276381909548],[91.94876712328767,25.01276381909548],[91.94876712328767,25.016582914572865],[91.94493150684931,25.016582914572865],[91.94493150684931,25.01276381909548]]]}},{"type":"Feature","properties":{"stage":3,"elev":12.2,"name":"peak lowland water"},"geometry":{"type":"Polygon","coordinates":[[[91.94876712328767,25.01276381909548],[91.95260273972602,25.01276381909548],[91.95260273972602,25.016582914572865],[91.94876712328767,25.016582914572865],[91.94876712328767,25.01276381909548]]]}},{"type":"Feature","properties":{"stage":3,"elev":12.1,"name":"peak lowland water"},"geometry":{"type":"Polygon","coordinates":[[[91.95260273972602,25.01276381909548],[91.95643835616438,25.01276381909548],[91.95643835616438,25.016582914572865],[91.95260273972602,25.016582914572865],[91.95260273972602,25.01276381909548]]]}},{"type":"Feature","properties":{"stage":3,"elev":11.8,"name":"peak lowland water"},"geometry":{"type":"Polygon","coordinates":[[[91.95643835616438,25.01276381909548],[91.96027397260274,25.01276381909548],[91.96027397260274,25.016582914572865],[91.95643835616438,25.016582914572865],[91.95643835616438,25.01276381909548]]]}},{"type":"Feature","properties":{"stage":3,"elev":12.4,"name":"peak lowland water"},"geometry":{"type":"Polygon","coordinates":[[[91.96027397260274,25.01276381909548],[91.96410958904109,25.01276381909548],[91.96410958904109,25.016582914572865],[91.96027397260274,25.016582914572865],[91.96027397260274,25.01276381909548]]]}},{"type":"Feature","properties":{"stage":3,"elev":13.4,"name":"peak lowland water"},"geometry":{"type":"Polygon","coordinates":[[[91.96410958904109,25.01276381909548],[91.96794520547945,25.01276381909548],[91.96794520547945,25.016582914572865],[91.96410958904109,25.016582914572865],[91.96410958904109,25.01276381909548]]]}},{"type":"Feature","properties":{"stage":3,"elev":14.4,"name":"peak lowland water"},"geometry":{"type":"Polygon","coordinates":[[[91.9717808219178,25.01276381909548],[91.97561643835616,25.01276381909548],[91.97561643835616,25.016582914572865],[91.9717808219178,25.016582914572865],[91.9717808219178,25.01276381909548]]]}},{"type":"Feature","properties":{"stage":3,"elev":13.8,"name":"peak lowland water"},"geometry":{"type":"Polygon","coordinates":[[[91.97561643835616,25.01276381909548],[91.97945205479452,25.01276381909548],[91.97945205479452,25.016582914572865],[91.97561643835616,25.016582914572865],[91.97561643835616,25.01276381909548]]]}},{"type":"Feature","properties":{"stage":3,"elev":13.4,"name":"peak lowland water"},"geometry":{"type":"Polygon","coordinates":[[[91.97945205479452,25.01276381909548],[91.98328767123287,25.01276381909548],[91.98328767123287,25.016582914572865],[91.97945205479452,25.016582914572865],[91.97945205479452,25.01276381909548]]]}},{"type":"Feature","properties":{"stage":3,"elev":13.3,"name":"peak lowland water"},"geometry":{"type":"Polygon","coordinates":[[[91.98328767123287,25.01276381909548],[91.98712328767122,25.01276381909548],[91.98712328767122,25.016582914572865],[91.98328767123287,25.016582914572865],[91.98328767123287,25.01276381909548]]]}},{"type":"Feature","properties":{"stage":3,"elev":11.4,"name":"peak lowland water"},"geometry":{"type":"Polygon","coordinates":[[[91.78,25.016582914572865],[91.78383561643835,25.016582914572865],[91.78383561643835,25.02040201005025],[91.78,25.02040201005025],[91.78,25.016582914572865]]]}},{"type":"Feature","properties":{"stage":3,"elev":12.1,"name":"peak lowland water"},"geometry":{"type":"Polygon","coordinates":[[[91.78383561643835,25.016582914572865],[91.78767123287672,25.016582914572865],[91.78767123287672,25.02040201005025],[91.78383561643835,25.02040201005025],[91.78383561643835,25.016582914572865]]]}},{"type":"Feature","properties":{"stage":3,"elev":14.1,"name":"peak lowland water"},"geometry":{"type":"Polygon","coordinates":[[[91.80301369863014,25.016582914572865],[91.80684931506849,25.016582914572865],[91.80684931506849,25.02040201005025],[91.80301369863014,25.02040201005025],[91.80301369863014,25.016582914572865]]]}},{"type":"Feature","properties":{"stage":3,"elev":12.8,"name":"peak lowland water"},"geometry":{"type":"Polygon","coordinates":[[[91.80684931506849,25.016582914572865],[91.81068493150686,25.016582914572865],[91.81068493150686,25.02040201005025],[91.80684931506849,25.02040201005025],[91.80684931506849,25.016582914572865]]]}},{"type":"Feature","properties":{"stage":3,"elev":10.9,"name":"peak lowland water"},"geometry":{"type":"Polygon","coordinates":[[[91.81068493150686,25.016582914572865],[91.81452054794521,25.016582914572865],[91.81452054794521,25.02040201005025],[91.81068493150686,25.02040201005025],[91.81068493150686,25.016582914572865]]]}},{"type":"Feature","properties":{"stage":3,"elev":11.8,"name":"peak lowland water"},"geometry":{"type":"Polygon","coordinates":[[[91.81452054794521,25.016582914572865],[91.81835616438356,25.016582914572865],[91.81835616438356,25.02040201005025],[91.81452054794521,25.02040201005025],[91.81452054794521,25.016582914572865]]]}},{"type":"Feature","properties":{"stage":3,"elev":12.6,"name":"peak lowland water"},"geometry":{"type":"Polygon","coordinates":[[[91.81835616438356,25.016582914572865],[91.82219178082192,25.016582914572865],[91.82219178082192,25.02040201005025],[91.81835616438356,25.02040201005025],[91.81835616438356,25.016582914572865]]]}},{"type":"Feature","properties":{"stage":3,"elev":12.4,"name":"peak lowland water"},"geometry":{"type":"Polygon","coordinates":[[[91.82219178082192,25.016582914572865],[91.82602739726028,25.016582914572865],[91.82602739726028,25.02040201005025],[91.82219178082192,25.02040201005025],[91.82219178082192,25.016582914572865]]]}},{"type":"Feature","properties":{"stage":3,"elev":12.1,"name":"peak lowland water"},"geometry":{"type":"Polygon","coordinates":[[[91.82602739726028,25.016582914572865],[91.82986301369863,25.016582914572865],[91.82986301369863,25.02040201005025],[91.82602739726028,25.02040201005025],[91.82602739726028,25.016582914572865]]]}},{"type":"Feature","properties":{"stage":3,"elev":14.2,"name":"peak lowland water"},"geometry":{"type":"Polygon","coordinates":[[[91.82986301369863,25.016582914572865],[91.83369863013698,25.016582914572865],[91.83369863013698,25.02040201005025],[91.82986301369863,25.02040201005025],[91.82986301369863,25.016582914572865]]]}},{"type":"Feature","properties":{"stage":3,"elev":12.6,"name":"peak lowland water"},"geometry":{"type":"Polygon","coordinates":[[[91.83369863013698,25.016582914572865],[91.83753424657534,25.016582914572865],[91.83753424657534,25.02040201005025],[91.83369863013698,25.02040201005025],[91.83369863013698,25.016582914572865]]]}},{"type":"Feature","properties":{"stage":3,"elev":13.7,"name":"peak lowland water"},"geometry":{"type":"Polygon","coordinates":[[[91.83753424657534,25.016582914572865],[91.8413698630137,25.016582914572865],[91.8413698630137,25.02040201005025],[91.83753424657534,25.02040201005025],[91.83753424657534,25.016582914572865]]]}},{"type":"Feature","properties":{"stage":3,"elev":15,"name":"peak lowland water"},"geometry":{"type":"Polygon","coordinates":[[[91.84904109589041,25.016582914572865],[91.85287671232877,25.016582914572865],[91.85287671232877,25.02040201005025],[91.84904109589041,25.02040201005025],[91.84904109589041,25.016582914572865]]]}},{"type":"Feature","properties":{"stage":3,"elev":13.9,"name":"peak lowland water"},"geometry":{"type":"Polygon","coordinates":[[[91.85287671232877,25.016582914572865],[91.85671232876712,25.016582914572865],[91.85671232876712,25.02040201005025],[91.85287671232877,25.02040201005025],[91.85287671232877,25.016582914572865]]]}},{"type":"Feature","properties":{"stage":3,"elev":13.7,"name":"peak lowland water"},"geometry":{"type":"Polygon","coordinates":[[[91.86054794520548,25.016582914572865],[91.86438356164383,25.016582914572865],[91.86438356164383,25.02040201005025],[91.86054794520548,25.02040201005025],[91.86054794520548,25.016582914572865]]]}},{"type":"Feature","properties":{"stage":3,"elev":12.2,"name":"peak lowland water"},"geometry":{"type":"Polygon","coordinates":[[[91.86438356164383,25.016582914572865],[91.86821917808219,25.016582914572865],[91.86821917808219,25.02040201005025],[91.86438356164383,25.02040201005025],[91.86438356164383,25.016582914572865]]]}},{"type":"Feature","properties":{"stage":3,"elev":11.4,"name":"peak lowland water"},"geometry":{"type":"Polygon","coordinates":[[[91.86821917808219,25.016582914572865],[91.87205479452055,25.016582914572865],[91.87205479452055,25.02040201005025],[91.86821917808219,25.02040201005025],[91.86821917808219,25.016582914572865]]]}},{"type":"Feature","properties":{"stage":3,"elev":12,"name":"peak lowland water"},"geometry":{"type":"Polygon","coordinates":[[[91.87205479452055,25.016582914572865],[91.8758904109589,25.016582914572865],[91.8758904109589,25.02040201005025],[91.87205479452055,25.02040201005025],[91.87205479452055,25.016582914572865]]]}},{"type":"Feature","properties":{"stage":3,"elev":11.6,"name":"peak lowland water"},"geometry":{"type":"Polygon","coordinates":[[[91.8758904109589,25.016582914572865],[91.87972602739725,25.016582914572865],[91.87972602739725,25.02040201005025],[91.8758904109589,25.02040201005025],[91.8758904109589,25.016582914572865]]]}},{"type":"Feature","properties":{"stage":3,"elev":11.4,"name":"peak lowland water"},"geometry":{"type":"Polygon","coordinates":[[[91.87972602739725,25.016582914572865],[91.88356164383562,25.016582914572865],[91.88356164383562,25.02040201005025],[91.87972602739725,25.02040201005025],[91.87972602739725,25.016582914572865]]]}},{"type":"Feature","properties":{"stage":3,"elev":10.8,"name":"peak lowland water"},"geometry":{"type":"Polygon","coordinates":[[[91.88356164383562,25.016582914572865],[91.88739726027397,25.016582914572865],[91.88739726027397,25.02040201005025],[91.88356164383562,25.02040201005025],[91.88356164383562,25.016582914572865]]]}},{"type":"Feature","properties":{"stage":3,"elev":9.9,"name":"peak lowland water"},"geometry":{"type":"Polygon","coordinates":[[[91.88739726027397,25.016582914572865],[91.89123287671232,25.016582914572865],[91.89123287671232,25.02040201005025],[91.88739726027397,25.02040201005025],[91.88739726027397,25.016582914572865]]]}},{"type":"Feature","properties":{"stage":3,"elev":10.7,"name":"peak lowland water"},"geometry":{"type":"Polygon","coordinates":[[[91.89123287671232,25.016582914572865],[91.89506849315069,25.016582914572865],[91.89506849315069,25.02040201005025],[91.89123287671232,25.02040201005025],[91.89123287671232,25.016582914572865]]]}},{"type":"Feature","properties":{"stage":3,"elev":11.2,"name":"peak lowland water"},"geometry":{"type":"Polygon","coordinates":[[[91.89506849315069,25.016582914572865],[91.89890410958904,25.016582914572865],[91.89890410958904,25.02040201005025],[91.89506849315069,25.02040201005025],[91.89506849315069,25.016582914572865]]]}},{"type":"Feature","properties":{"stage":3,"elev":10.4,"name":"peak lowland water"},"geometry":{"type":"Polygon","coordinates":[[[91.89890410958904,25.016582914572865],[91.90273972602739,25.016582914572865],[91.90273972602739,25.02040201005025],[91.89890410958904,25.02040201005025],[91.89890410958904,25.016582914572865]]]}},{"type":"Feature","properties":{"stage":3,"elev":11.6,"name":"peak lowland water"},"geometry":{"type":"Polygon","coordinates":[[[91.90273972602739,25.016582914572865],[91.90657534246576,25.016582914572865],[91.90657534246576,25.02040201005025],[91.90273972602739,25.02040201005025],[91.90273972602739,25.016582914572865]]]}},{"type":"Feature","properties":{"stage":3,"elev":11.1,"name":"peak lowland water"},"geometry":{"type":"Polygon","coordinates":[[[91.90657534246576,25.016582914572865],[91.91041095890411,25.016582914572865],[91.91041095890411,25.02040201005025],[91.90657534246576,25.02040201005025],[91.90657534246576,25.016582914572865]]]}},{"type":"Feature","properties":{"stage":3,"elev":11.1,"name":"peak lowland water"},"geometry":{"type":"Polygon","coordinates":[[[91.91041095890411,25.016582914572865],[91.91424657534246,25.016582914572865],[91.91424657534246,25.02040201005025],[91.91041095890411,25.02040201005025],[91.91041095890411,25.016582914572865]]]}},{"type":"Feature","properties":{"stage":3,"elev":12.7,"name":"peak lowland water"},"geometry":{"type":"Polygon","coordinates":[[[91.91424657534246,25.016582914572865],[91.91808219178083,25.016582914572865],[91.91808219178083,25.02040201005025],[91.91424657534246,25.02040201005025],[91.91424657534246,25.016582914572865]]]}},{"type":"Feature","properties":{"stage":3,"elev":12.5,"name":"peak lowland water"},"geometry":{"type":"Polygon","coordinates":[[[91.91808219178083,25.016582914572865],[91.92191780821918,25.016582914572865],[91.92191780821918,25.02040201005025],[91.91808219178083,25.02040201005025],[91.91808219178083,25.016582914572865]]]}},{"type":"Feature","properties":{"stage":3,"elev":12.2,"name":"peak lowland water"},"geometry":{"type":"Polygon","coordinates":[[[91.92191780821918,25.016582914572865],[91.92575342465753,25.016582914572865],[91.92575342465753,25.02040201005025],[91.92191780821918,25.02040201005025],[91.92191780821918,25.016582914572865]]]}},{"type":"Feature","properties":{"stage":3,"elev":13.1,"name":"peak lowland water"},"geometry":{"type":"Polygon","coordinates":[[[91.92575342465753,25.016582914572865],[91.92958904109588,25.016582914572865],[91.92958904109588,25.02040201005025],[91.92575342465753,25.02040201005025],[91.92575342465753,25.016582914572865]]]}},{"type":"Feature","properties":{"stage":3,"elev":13.2,"name":"peak lowland water"},"geometry":{"type":"Polygon","coordinates":[[[91.92958904109588,25.016582914572865],[91.93342465753425,25.016582914572865],[91.93342465753425,25.02040201005025],[91.92958904109588,25.02040201005025],[91.92958904109588,25.016582914572865]]]}},{"type":"Feature","properties":{"stage":3,"elev":12.1,"name":"peak lowland water"},"geometry":{"type":"Polygon","coordinates":[[[91.93342465753425,25.016582914572865],[91.9372602739726,25.016582914572865],[91.9372602739726,25.02040201005025],[91.93342465753425,25.02040201005025],[91.93342465753425,25.016582914572865]]]}},{"type":"Feature","properties":{"stage":3,"elev":11.8,"name":"peak lowland water"},"geometry":{"type":"Polygon","coordinates":[[[91.9372602739726,25.016582914572865],[91.94109589041095,25.016582914572865],[91.94109589041095,25.02040201005025],[91.9372602739726,25.02040201005025],[91.9372602739726,25.016582914572865]]]}},{"type":"Feature","properties":{"stage":3,"elev":11.2,"name":"peak lowland water"},"geometry":{"type":"Polygon","coordinates":[[[91.94109589041095,25.016582914572865],[91.94493150684931,25.016582914572865],[91.94493150684931,25.02040201005025],[91.94109589041095,25.02040201005025],[91.94109589041095,25.016582914572865]]]}},{"type":"Feature","properties":{"stage":3,"elev":11.9,"name":"peak lowland water"},"geometry":{"type":"Polygon","coordinates":[[[91.94493150684931,25.016582914572865],[91.94876712328767,25.016582914572865],[91.94876712328767,25.02040201005025],[91.94493150684931,25.02040201005025],[91.94493150684931,25.016582914572865]]]}},{"type":"Feature","properties":{"stage":3,"elev":12.8,"name":"peak lowland water"},"geometry":{"type":"Polygon","coordinates":[[[91.94876712328767,25.016582914572865],[91.95260273972602,25.016582914572865],[91.95260273972602,25.02040201005025],[91.94876712328767,25.02040201005025],[91.94876712328767,25.016582914572865]]]}},{"type":"Feature","properties":{"stage":3,"elev":13.1,"name":"peak lowland water"},"geometry":{"type":"Polygon","coordinates":[[[91.95260273972602,25.016582914572865],[91.95643835616438,25.016582914572865],[91.95643835616438,25.02040201005025],[91.95260273972602,25.02040201005025],[91.95260273972602,25.016582914572865]]]}},{"type":"Feature","properties":{"stage":3,"elev":12.7,"name":"peak lowland water"},"geometry":{"type":"Polygon","coordinates":[[[91.95643835616438,25.016582914572865],[91.96027397260274,25.016582914572865],[91.96027397260274,25.02040201005025],[91.95643835616438,25.02040201005025],[91.95643835616438,25.016582914572865]]]}},{"type":"Feature","properties":{"stage":3,"elev":12.4,"name":"peak lowland water"},"geometry":{"type":"Polygon","coordinates":[[[91.96027397260274,25.016582914572865],[91.96410958904109,25.016582914572865],[91.96410958904109,25.02040201005025],[91.96027397260274,25.02040201005025],[91.96027397260274,25.016582914572865]]]}},{"type":"Feature","properties":{"stage":3,"elev":12.6,"name":"peak lowland water"},"geometry":{"type":"Polygon","coordinates":[[[91.96410958904109,25.016582914572865],[91.96794520547945,25.016582914572865],[91.96794520547945,25.02040201005025],[91.96410958904109,25.02040201005025],[91.96410958904109,25.016582914572865]]]}},{"type":"Feature","properties":{"stage":3,"elev":13.6,"name":"peak lowland water"},"geometry":{"type":"Polygon","coordinates":[[[91.96794520547945,25.016582914572865],[91.9717808219178,25.016582914572865],[91.9717808219178,25.02040201005025],[91.96794520547945,25.02040201005025],[91.96794520547945,25.016582914572865]]]}},{"type":"Feature","properties":{"stage":3,"elev":12.5,"name":"peak lowland water"},"geometry":{"type":"Polygon","coordinates":[[[91.9717808219178,25.016582914572865],[91.97561643835616,25.016582914572865],[91.97561643835616,25.02040201005025],[91.9717808219178,25.02040201005025],[91.9717808219178,25.016582914572865]]]}},{"type":"Feature","properties":{"stage":3,"elev":12.6,"name":"peak lowland water"},"geometry":{"type":"Polygon","coordinates":[[[91.97561643835616,25.016582914572865],[91.97945205479452,25.016582914572865],[91.97945205479452,25.02040201005025],[91.97561643835616,25.02040201005025],[91.97561643835616,25.016582914572865]]]}},{"type":"Feature","properties":{"stage":3,"elev":13.4,"name":"peak lowland water"},"geometry":{"type":"Polygon","coordinates":[[[91.97945205479452,25.016582914572865],[91.98328767123287,25.016582914572865],[91.98328767123287,25.02040201005025],[91.97945205479452,25.02040201005025],[91.97945205479452,25.016582914572865]]]}},{"type":"Feature","properties":{"stage":3,"elev":12.1,"name":"peak lowland water"},"geometry":{"type":"Polygon","coordinates":[[[91.98328767123287,25.016582914572865],[91.98712328767122,25.016582914572865],[91.98712328767122,25.02040201005025],[91.98328767123287,25.02040201005025],[91.98328767123287,25.016582914572865]]]}},{"type":"Feature","properties":{"stage":3,"elev":10.6,"name":"peak lowland water"},"geometry":{"type":"Polygon","coordinates":[[[91.78,25.02040201005025],[91.78383561643835,25.02040201005025],[91.78383561643835,25.024221105527637],[91.78,25.024221105527637],[91.78,25.02040201005025]]]}},{"type":"Feature","properties":{"stage":3,"elev":11.8,"name":"peak lowland water"},"geometry":{"type":"Polygon","coordinates":[[[91.78383561643835,25.02040201005025],[91.78767123287672,25.02040201005025],[91.78767123287672,25.024221105527637],[91.78383561643835,25.024221105527637],[91.78383561643835,25.02040201005025]]]}},{"type":"Feature","properties":{"stage":3,"elev":10.8,"name":"peak lowland water"},"geometry":{"type":"Polygon","coordinates":[[[91.78767123287672,25.02040201005025],[91.79150684931507,25.02040201005025],[91.79150684931507,25.024221105527637],[91.78767123287672,25.024221105527637],[91.78767123287672,25.02040201005025]]]}},{"type":"Feature","properties":{"stage":3,"elev":12.6,"name":"peak lowland water"},"geometry":{"type":"Polygon","coordinates":[[[91.79150684931507,25.02040201005025],[91.79534246575342,25.02040201005025],[91.79534246575342,25.024221105527637],[91.79150684931507,25.024221105527637],[91.79150684931507,25.02040201005025]]]}},{"type":"Feature","properties":{"stage":3,"elev":12.1,"name":"peak lowland water"},"geometry":{"type":"Polygon","coordinates":[[[91.79534246575342,25.02040201005025],[91.79917808219179,25.02040201005025],[91.79917808219179,25.024221105527637],[91.79534246575342,25.024221105527637],[91.79534246575342,25.02040201005025]]]}},{"type":"Feature","properties":{"stage":3,"elev":14.3,"name":"peak lowland water"},"geometry":{"type":"Polygon","coordinates":[[[91.79917808219179,25.02040201005025],[91.80301369863014,25.02040201005025],[91.80301369863014,25.024221105527637],[91.79917808219179,25.024221105527637],[91.79917808219179,25.02040201005025]]]}},{"type":"Feature","properties":{"stage":3,"elev":12.6,"name":"peak lowland water"},"geometry":{"type":"Polygon","coordinates":[[[91.80684931506849,25.02040201005025],[91.81068493150686,25.02040201005025],[91.81068493150686,25.024221105527637],[91.80684931506849,25.024221105527637],[91.80684931506849,25.02040201005025]]]}},{"type":"Feature","properties":{"stage":3,"elev":12.9,"name":"peak lowland water"},"geometry":{"type":"Polygon","coordinates":[[[91.81068493150686,25.02040201005025],[91.81452054794521,25.02040201005025],[91.81452054794521,25.024221105527637],[91.81068493150686,25.024221105527637],[91.81068493150686,25.02040201005025]]]}},{"type":"Feature","properties":{"stage":3,"elev":12.6,"name":"peak lowland water"},"geometry":{"type":"Polygon","coordinates":[[[91.81452054794521,25.02040201005025],[91.81835616438356,25.02040201005025],[91.81835616438356,25.024221105527637],[91.81452054794521,25.024221105527637],[91.81452054794521,25.02040201005025]]]}},{"type":"Feature","properties":{"stage":3,"elev":12.8,"name":"peak lowland water"},"geometry":{"type":"Polygon","coordinates":[[[91.81835616438356,25.02040201005025],[91.82219178082192,25.02040201005025],[91.82219178082192,25.024221105527637],[91.81835616438356,25.024221105527637],[91.81835616438356,25.02040201005025]]]}},{"type":"Feature","properties":{"stage":3,"elev":12.6,"name":"peak lowland water"},"geometry":{"type":"Polygon","coordinates":[[[91.82219178082192,25.02040201005025],[91.82602739726028,25.02040201005025],[91.82602739726028,25.024221105527637],[91.82219178082192,25.024221105527637],[91.82219178082192,25.02040201005025]]]}},{"type":"Feature","properties":{"stage":3,"elev":12.9,"name":"peak lowland water"},"geometry":{"type":"Polygon","coordinates":[[[91.82986301369863,25.02040201005025],[91.83369863013698,25.02040201005025],[91.83369863013698,25.024221105527637],[91.82986301369863,25.024221105527637],[91.82986301369863,25.02040201005025]]]}},{"type":"Feature","properties":{"stage":3,"elev":14.6,"name":"peak lowland water"},"geometry":{"type":"Polygon","coordinates":[[[91.83369863013698,25.02040201005025],[91.83753424657534,25.02040201005025],[91.83753424657534,25.024221105527637],[91.83369863013698,25.024221105527637],[91.83369863013698,25.02040201005025]]]}},{"type":"Feature","properties":{"stage":3,"elev":14,"name":"peak lowland water"},"geometry":{"type":"Polygon","coordinates":[[[91.83753424657534,25.02040201005025],[91.8413698630137,25.02040201005025],[91.8413698630137,25.024221105527637],[91.83753424657534,25.024221105527637],[91.83753424657534,25.02040201005025]]]}},{"type":"Feature","properties":{"stage":3,"elev":12.1,"name":"peak lowland water"},"geometry":{"type":"Polygon","coordinates":[[[91.8413698630137,25.02040201005025],[91.84520547945205,25.02040201005025],[91.84520547945205,25.024221105527637],[91.8413698630137,25.024221105527637],[91.8413698630137,25.02040201005025]]]}},{"type":"Feature","properties":{"stage":3,"elev":11.8,"name":"peak lowland water"},"geometry":{"type":"Polygon","coordinates":[[[91.84520547945205,25.02040201005025],[91.84904109589041,25.02040201005025],[91.84904109589041,25.024221105527637],[91.84520547945205,25.024221105527637],[91.84520547945205,25.02040201005025]]]}},{"type":"Feature","properties":{"stage":3,"elev":13,"name":"peak lowland water"},"geometry":{"type":"Polygon","coordinates":[[[91.84904109589041,25.02040201005025],[91.85287671232877,25.02040201005025],[91.85287671232877,25.024221105527637],[91.84904109589041,25.024221105527637],[91.84904109589041,25.02040201005025]]]}},{"type":"Feature","properties":{"stage":3,"elev":12.8,"name":"peak lowland water"},"geometry":{"type":"Polygon","coordinates":[[[91.85287671232877,25.02040201005025],[91.85671232876712,25.02040201005025],[91.85671232876712,25.024221105527637],[91.85287671232877,25.024221105527637],[91.85287671232877,25.02040201005025]]]}},{"type":"Feature","properties":{"stage":3,"elev":14.9,"name":"peak lowland water"},"geometry":{"type":"Polygon","coordinates":[[[91.85671232876712,25.02040201005025],[91.86054794520548,25.02040201005025],[91.86054794520548,25.024221105527637],[91.85671232876712,25.024221105527637],[91.85671232876712,25.02040201005025]]]}},{"type":"Feature","properties":{"stage":3,"elev":13.3,"name":"peak lowland water"},"geometry":{"type":"Polygon","coordinates":[[[91.86054794520548,25.02040201005025],[91.86438356164383,25.02040201005025],[91.86438356164383,25.024221105527637],[91.86054794520548,25.024221105527637],[91.86054794520548,25.02040201005025]]]}},{"type":"Feature","properties":{"stage":3,"elev":12.6,"name":"peak lowland water"},"geometry":{"type":"Polygon","coordinates":[[[91.86438356164383,25.02040201005025],[91.86821917808219,25.02040201005025],[91.86821917808219,25.024221105527637],[91.86438356164383,25.024221105527637],[91.86438356164383,25.02040201005025]]]}},{"type":"Feature","properties":{"stage":3,"elev":11.8,"name":"peak lowland water"},"geometry":{"type":"Polygon","coordinates":[[[91.86821917808219,25.02040201005025],[91.87205479452055,25.02040201005025],[91.87205479452055,25.024221105527637],[91.86821917808219,25.024221105527637],[91.86821917808219,25.02040201005025]]]}},{"type":"Feature","properties":{"stage":3,"elev":11.3,"name":"peak lowland water"},"geometry":{"type":"Polygon","coordinates":[[[91.87205479452055,25.02040201005025],[91.8758904109589,25.02040201005025],[91.8758904109589,25.024221105527637],[91.87205479452055,25.024221105527637],[91.87205479452055,25.02040201005025]]]}},{"type":"Feature","properties":{"stage":3,"elev":11.4,"name":"peak lowland water"},"geometry":{"type":"Polygon","coordinates":[[[91.8758904109589,25.02040201005025],[91.87972602739725,25.02040201005025],[91.87972602739725,25.024221105527637],[91.8758904109589,25.024221105527637],[91.8758904109589,25.02040201005025]]]}},{"type":"Feature","properties":{"stage":3,"elev":11.4,"name":"peak lowland water"},"geometry":{"type":"Polygon","coordinates":[[[91.87972602739725,25.02040201005025],[91.88356164383562,25.02040201005025],[91.88356164383562,25.024221105527637],[91.87972602739725,25.024221105527637],[91.87972602739725,25.02040201005025]]]}},{"type":"Feature","properties":{"stage":3,"elev":11.8,"name":"peak lowland water"},"geometry":{"type":"Polygon","coordinates":[[[91.88356164383562,25.02040201005025],[91.88739726027397,25.02040201005025],[91.88739726027397,25.024221105527637],[91.88356164383562,25.024221105527637],[91.88356164383562,25.02040201005025]]]}},{"type":"Feature","properties":{"stage":3,"elev":11.6,"name":"peak lowland water"},"geometry":{"type":"Polygon","coordinates":[[[91.88739726027397,25.02040201005025],[91.89123287671232,25.02040201005025],[91.89123287671232,25.024221105527637],[91.88739726027397,25.024221105527637],[91.88739726027397,25.02040201005025]]]}},{"type":"Feature","properties":{"stage":3,"elev":12.4,"name":"peak lowland water"},"geometry":{"type":"Polygon","coordinates":[[[91.89123287671232,25.02040201005025],[91.89506849315069,25.02040201005025],[91.89506849315069,25.024221105527637],[91.89123287671232,25.024221105527637],[91.89123287671232,25.02040201005025]]]}},{"type":"Feature","properties":{"stage":3,"elev":11.9,"name":"peak lowland water"},"geometry":{"type":"Polygon","coordinates":[[[91.89506849315069,25.02040201005025],[91.89890410958904,25.02040201005025],[91.89890410958904,25.024221105527637],[91.89506849315069,25.024221105527637],[91.89506849315069,25.02040201005025]]]}},{"type":"Feature","properties":{"stage":3,"elev":11.8,"name":"peak lowland water"},"geometry":{"type":"Polygon","coordinates":[[[91.89890410958904,25.02040201005025],[91.90273972602739,25.02040201005025],[91.90273972602739,25.024221105527637],[91.89890410958904,25.024221105527637],[91.89890410958904,25.02040201005025]]]}},{"type":"Feature","properties":{"stage":3,"elev":9.8,"name":"peak lowland water"},"geometry":{"type":"Polygon","coordinates":[[[91.90273972602739,25.02040201005025],[91.90657534246576,25.02040201005025],[91.90657534246576,25.024221105527637],[91.90273972602739,25.024221105527637],[91.90273972602739,25.02040201005025]]]}},{"type":"Feature","properties":{"stage":3,"elev":10.1,"name":"peak lowland water"},"geometry":{"type":"Polygon","coordinates":[[[91.90657534246576,25.02040201005025],[91.91041095890411,25.02040201005025],[91.91041095890411,25.024221105527637],[91.90657534246576,25.024221105527637],[91.90657534246576,25.02040201005025]]]}},{"type":"Feature","properties":{"stage":3,"elev":11.1,"name":"peak lowland water"},"geometry":{"type":"Polygon","coordinates":[[[91.91041095890411,25.02040201005025],[91.91424657534246,25.02040201005025],[91.91424657534246,25.024221105527637],[91.91041095890411,25.024221105527637],[91.91041095890411,25.02040201005025]]]}},{"type":"Feature","properties":{"stage":3,"elev":12.3,"name":"peak lowland water"},"geometry":{"type":"Polygon","coordinates":[[[91.91424657534246,25.02040201005025],[91.91808219178083,25.02040201005025],[91.91808219178083,25.024221105527637],[91.91424657534246,25.024221105527637],[91.91424657534246,25.02040201005025]]]}},{"type":"Feature","properties":{"stage":3,"elev":11.6,"name":"peak lowland water"},"geometry":{"type":"Polygon","coordinates":[[[91.91808219178083,25.02040201005025],[91.92191780821918,25.02040201005025],[91.92191780821918,25.024221105527637],[91.91808219178083,25.024221105527637],[91.91808219178083,25.02040201005025]]]}},{"type":"Feature","properties":{"stage":3,"elev":11.1,"name":"peak lowland water"},"geometry":{"type":"Polygon","coordinates":[[[91.92191780821918,25.02040201005025],[91.92575342465753,25.02040201005025],[91.92575342465753,25.024221105527637],[91.92191780821918,25.024221105527637],[91.92191780821918,25.02040201005025]]]}},{"type":"Feature","properties":{"stage":3,"elev":11.1,"name":"peak lowland water"},"geometry":{"type":"Polygon","coordinates":[[[91.92575342465753,25.02040201005025],[91.92958904109588,25.02040201005025],[91.92958904109588,25.024221105527637],[91.92575342465753,25.024221105527637],[91.92575342465753,25.02040201005025]]]}},{"type":"Feature","properties":{"stage":3,"elev":11,"name":"peak lowland water"},"geometry":{"type":"Polygon","coordinates":[[[91.92958904109588,25.02040201005025],[91.93342465753425,25.02040201005025],[91.93342465753425,25.024221105527637],[91.92958904109588,25.024221105527637],[91.92958904109588,25.02040201005025]]]}},{"type":"Feature","properties":{"stage":3,"elev":11.1,"name":"peak lowland water"},"geometry":{"type":"Polygon","coordinates":[[[91.93342465753425,25.02040201005025],[91.9372602739726,25.02040201005025],[91.9372602739726,25.024221105527637],[91.93342465753425,25.024221105527637],[91.93342465753425,25.02040201005025]]]}},{"type":"Feature","properties":{"stage":3,"elev":11.4,"name":"peak lowland water"},"geometry":{"type":"Polygon","coordinates":[[[91.9372602739726,25.02040201005025],[91.94109589041095,25.02040201005025],[91.94109589041095,25.024221105527637],[91.9372602739726,25.024221105527637],[91.9372602739726,25.02040201005025]]]}},{"type":"Feature","properties":{"stage":3,"elev":12.1,"name":"peak lowland water"},"geometry":{"type":"Polygon","coordinates":[[[91.94109589041095,25.02040201005025],[91.94493150684931,25.02040201005025],[91.94493150684931,25.024221105527637],[91.94109589041095,25.024221105527637],[91.94109589041095,25.02040201005025]]]}},{"type":"Feature","properties":{"stage":3,"elev":11.6,"name":"peak lowland water"},"geometry":{"type":"Polygon","coordinates":[[[91.94493150684931,25.02040201005025],[91.94876712328767,25.02040201005025],[91.94876712328767,25.024221105527637],[91.94493150684931,25.024221105527637],[91.94493150684931,25.02040201005025]]]}},{"type":"Feature","properties":{"stage":3,"elev":12.5,"name":"peak lowland water"},"geometry":{"type":"Polygon","coordinates":[[[91.94876712328767,25.02040201005025],[91.95260273972602,25.02040201005025],[91.95260273972602,25.024221105527637],[91.94876712328767,25.024221105527637],[91.94876712328767,25.02040201005025]]]}},{"type":"Feature","properties":{"stage":3,"elev":12.4,"name":"peak lowland water"},"geometry":{"type":"Polygon","coordinates":[[[91.95260273972602,25.02040201005025],[91.95643835616438,25.02040201005025],[91.95643835616438,25.024221105527637],[91.95260273972602,25.024221105527637],[91.95260273972602,25.02040201005025]]]}},{"type":"Feature","properties":{"stage":3,"elev":12.1,"name":"peak lowland water"},"geometry":{"type":"Polygon","coordinates":[[[91.95643835616438,25.02040201005025],[91.96027397260274,25.02040201005025],[91.96027397260274,25.024221105527637],[91.95643835616438,25.024221105527637],[91.95643835616438,25.02040201005025]]]}},{"type":"Feature","properties":{"stage":3,"elev":12.9,"name":"peak lowland water"},"geometry":{"type":"Polygon","coordinates":[[[91.96027397260274,25.02040201005025],[91.96410958904109,25.02040201005025],[91.96410958904109,25.024221105527637],[91.96027397260274,25.024221105527637],[91.96027397260274,25.02040201005025]]]}},{"type":"Feature","properties":{"stage":3,"elev":13.6,"name":"peak lowland water"},"geometry":{"type":"Polygon","coordinates":[[[91.96410958904109,25.02040201005025],[91.96794520547945,25.02040201005025],[91.96794520547945,25.024221105527637],[91.96410958904109,25.024221105527637],[91.96410958904109,25.02040201005025]]]}},{"type":"Feature","properties":{"stage":3,"elev":12.8,"name":"peak lowland water"},"geometry":{"type":"Polygon","coordinates":[[[91.96794520547945,25.02040201005025],[91.9717808219178,25.02040201005025],[91.9717808219178,25.024221105527637],[91.96794520547945,25.024221105527637],[91.96794520547945,25.02040201005025]]]}},{"type":"Feature","properties":{"stage":3,"elev":12.4,"name":"peak lowland water"},"geometry":{"type":"Polygon","coordinates":[[[91.9717808219178,25.02040201005025],[91.97561643835616,25.02040201005025],[91.97561643835616,25.024221105527637],[91.9717808219178,25.024221105527637],[91.9717808219178,25.02040201005025]]]}},{"type":"Feature","properties":{"stage":3,"elev":11.9,"name":"peak lowland water"},"geometry":{"type":"Polygon","coordinates":[[[91.97561643835616,25.02040201005025],[91.97945205479452,25.02040201005025],[91.97945205479452,25.024221105527637],[91.97561643835616,25.024221105527637],[91.97561643835616,25.02040201005025]]]}},{"type":"Feature","properties":{"stage":3,"elev":12.7,"name":"peak lowland water"},"geometry":{"type":"Polygon","coordinates":[[[91.97945205479452,25.02040201005025],[91.98328767123287,25.02040201005025],[91.98328767123287,25.024221105527637],[91.97945205479452,25.024221105527637],[91.97945205479452,25.02040201005025]]]}},{"type":"Feature","properties":{"stage":3,"elev":11.7,"name":"peak lowland water"},"geometry":{"type":"Polygon","coordinates":[[[91.98328767123287,25.02040201005025],[91.98712328767122,25.02040201005025],[91.98712328767122,25.024221105527637],[91.98328767123287,25.024221105527637],[91.98328767123287,25.02040201005025]]]}},{"type":"Feature","properties":{"stage":3,"elev":11.9,"name":"peak lowland water"},"geometry":{"type":"Polygon","coordinates":[[[91.78,25.024221105527637],[91.78383561643835,25.024221105527637],[91.78383561643835,25.028040201005027],[91.78,25.028040201005027],[91.78,25.024221105527637]]]}},{"type":"Feature","properties":{"stage":3,"elev":11.2,"name":"peak lowland water"},"geometry":{"type":"Polygon","coordinates":[[[91.78383561643835,25.024221105527637],[91.78767123287672,25.024221105527637],[91.78767123287672,25.028040201005027],[91.78383561643835,25.028040201005027],[91.78383561643835,25.024221105527637]]]}},{"type":"Feature","properties":{"stage":3,"elev":12,"name":"peak lowland water"},"geometry":{"type":"Polygon","coordinates":[[[91.78767123287672,25.024221105527637],[91.79150684931507,25.024221105527637],[91.79150684931507,25.028040201005027],[91.78767123287672,25.028040201005027],[91.78767123287672,25.024221105527637]]]}},{"type":"Feature","properties":{"stage":3,"elev":13.2,"name":"peak lowland water"},"geometry":{"type":"Polygon","coordinates":[[[91.79150684931507,25.024221105527637],[91.79534246575342,25.024221105527637],[91.79534246575342,25.028040201005027],[91.79150684931507,25.028040201005027],[91.79150684931507,25.024221105527637]]]}},{"type":"Feature","properties":{"stage":3,"elev":11.8,"name":"peak lowland water"},"geometry":{"type":"Polygon","coordinates":[[[91.79534246575342,25.024221105527637],[91.79917808219179,25.024221105527637],[91.79917808219179,25.028040201005027],[91.79534246575342,25.028040201005027],[91.79534246575342,25.024221105527637]]]}},{"type":"Feature","properties":{"stage":3,"elev":11.4,"name":"peak lowland water"},"geometry":{"type":"Polygon","coordinates":[[[91.79917808219179,25.024221105527637],[91.80301369863014,25.024221105527637],[91.80301369863014,25.028040201005027],[91.79917808219179,25.028040201005027],[91.79917808219179,25.024221105527637]]]}},{"type":"Feature","properties":{"stage":3,"elev":13,"name":"peak lowland water"},"geometry":{"type":"Polygon","coordinates":[[[91.80301369863014,25.024221105527637],[91.80684931506849,25.024221105527637],[91.80684931506849,25.028040201005027],[91.80301369863014,25.028040201005027],[91.80301369863014,25.024221105527637]]]}},{"type":"Feature","properties":{"stage":3,"elev":12.5,"name":"peak lowland water"},"geometry":{"type":"Polygon","coordinates":[[[91.80684931506849,25.024221105527637],[91.81068493150686,25.024221105527637],[91.81068493150686,25.028040201005027],[91.80684931506849,25.028040201005027],[91.80684931506849,25.024221105527637]]]}},{"type":"Feature","properties":{"stage":3,"elev":12.6,"name":"peak lowland water"},"geometry":{"type":"Polygon","coordinates":[[[91.81068493150686,25.024221105527637],[91.81452054794521,25.024221105527637],[91.81452054794521,25.028040201005027],[91.81068493150686,25.028040201005027],[91.81068493150686,25.024221105527637]]]}},{"type":"Feature","properties":{"stage":3,"elev":12.9,"name":"peak lowland water"},"geometry":{"type":"Polygon","coordinates":[[[91.81452054794521,25.024221105527637],[91.81835616438356,25.024221105527637],[91.81835616438356,25.028040201005027],[91.81452054794521,25.028040201005027],[91.81452054794521,25.024221105527637]]]}},{"type":"Feature","properties":{"stage":3,"elev":14.1,"name":"peak lowland water"},"geometry":{"type":"Polygon","coordinates":[[[91.81835616438356,25.024221105527637],[91.82219178082192,25.024221105527637],[91.82219178082192,25.028040201005027],[91.81835616438356,25.028040201005027],[91.81835616438356,25.024221105527637]]]}},{"type":"Feature","properties":{"stage":3,"elev":13.8,"name":"peak lowland water"},"geometry":{"type":"Polygon","coordinates":[[[91.82986301369863,25.024221105527637],[91.83369863013698,25.024221105527637],[91.83369863013698,25.028040201005027],[91.82986301369863,25.028040201005027],[91.82986301369863,25.024221105527637]]]}},{"type":"Feature","properties":{"stage":3,"elev":14.1,"name":"peak lowland water"},"geometry":{"type":"Polygon","coordinates":[[[91.83369863013698,25.024221105527637],[91.83753424657534,25.024221105527637],[91.83753424657534,25.028040201005027],[91.83369863013698,25.028040201005027],[91.83369863013698,25.024221105527637]]]}},{"type":"Feature","properties":{"stage":3,"elev":12.8,"name":"peak lowland water"},"geometry":{"type":"Polygon","coordinates":[[[91.83753424657534,25.024221105527637],[91.8413698630137,25.024221105527637],[91.8413698630137,25.028040201005027],[91.83753424657534,25.028040201005027],[91.83753424657534,25.024221105527637]]]}},{"type":"Feature","properties":{"stage":3,"elev":12.2,"name":"peak lowland water"},"geometry":{"type":"Polygon","coordinates":[[[91.8413698630137,25.024221105527637],[91.84520547945205,25.024221105527637],[91.84520547945205,25.028040201005027],[91.8413698630137,25.028040201005027],[91.8413698630137,25.024221105527637]]]}},{"type":"Feature","properties":{"stage":3,"elev":13.5,"name":"peak lowland water"},"geometry":{"type":"Polygon","coordinates":[[[91.84520547945205,25.024221105527637],[91.84904109589041,25.024221105527637],[91.84904109589041,25.028040201005027],[91.84520547945205,25.028040201005027],[91.84520547945205,25.024221105527637]]]}},{"type":"Feature","properties":{"stage":3,"elev":12.7,"name":"peak lowland water"},"geometry":{"type":"Polygon","coordinates":[[[91.84904109589041,25.024221105527637],[91.85287671232877,25.024221105527637],[91.85287671232877,25.028040201005027],[91.84904109589041,25.028040201005027],[91.84904109589041,25.024221105527637]]]}},{"type":"Feature","properties":{"stage":3,"elev":11.9,"name":"peak lowland water"},"geometry":{"type":"Polygon","coordinates":[[[91.85287671232877,25.024221105527637],[91.85671232876712,25.024221105527637],[91.85671232876712,25.028040201005027],[91.85287671232877,25.028040201005027],[91.85287671232877,25.024221105527637]]]}},{"type":"Feature","properties":{"stage":3,"elev":12.7,"name":"peak lowland water"},"geometry":{"type":"Polygon","coordinates":[[[91.85671232876712,25.024221105527637],[91.86054794520548,25.024221105527637],[91.86054794520548,25.028040201005027],[91.85671232876712,25.028040201005027],[91.85671232876712,25.024221105527637]]]}},{"type":"Feature","properties":{"stage":3,"elev":12.6,"name":"peak lowland water"},"geometry":{"type":"Polygon","coordinates":[[[91.86054794520548,25.024221105527637],[91.86438356164383,25.024221105527637],[91.86438356164383,25.028040201005027],[91.86054794520548,25.028040201005027],[91.86054794520548,25.024221105527637]]]}},{"type":"Feature","properties":{"stage":3,"elev":12.4,"name":"peak lowland water"},"geometry":{"type":"Polygon","coordinates":[[[91.86438356164383,25.024221105527637],[91.86821917808219,25.024221105527637],[91.86821917808219,25.028040201005027],[91.86438356164383,25.028040201005027],[91.86438356164383,25.024221105527637]]]}},{"type":"Feature","properties":{"stage":3,"elev":12.5,"name":"peak lowland water"},"geometry":{"type":"Polygon","coordinates":[[[91.86821917808219,25.024221105527637],[91.87205479452055,25.024221105527637],[91.87205479452055,25.028040201005027],[91.86821917808219,25.028040201005027],[91.86821917808219,25.024221105527637]]]}},{"type":"Feature","properties":{"stage":3,"elev":11.2,"name":"peak lowland water"},"geometry":{"type":"Polygon","coordinates":[[[91.87205479452055,25.024221105527637],[91.8758904109589,25.024221105527637],[91.8758904109589,25.028040201005027],[91.87205479452055,25.028040201005027],[91.87205479452055,25.024221105527637]]]}},{"type":"Feature","properties":{"stage":3,"elev":12,"name":"peak lowland water"},"geometry":{"type":"Polygon","coordinates":[[[91.8758904109589,25.024221105527637],[91.87972602739725,25.024221105527637],[91.87972602739725,25.028040201005027],[91.8758904109589,25.028040201005027],[91.8758904109589,25.024221105527637]]]}},{"type":"Feature","properties":{"stage":3,"elev":11.3,"name":"peak lowland water"},"geometry":{"type":"Polygon","coordinates":[[[91.87972602739725,25.024221105527637],[91.88356164383562,25.024221105527637],[91.88356164383562,25.028040201005027],[91.87972602739725,25.028040201005027],[91.87972602739725,25.024221105527637]]]}},{"type":"Feature","properties":{"stage":3,"elev":9.6,"name":"peak lowland water"},"geometry":{"type":"Polygon","coordinates":[[[91.88356164383562,25.024221105527637],[91.88739726027397,25.024221105527637],[91.88739726027397,25.028040201005027],[91.88356164383562,25.028040201005027],[91.88356164383562,25.024221105527637]]]}},{"type":"Feature","properties":{"stage":3,"elev":10.3,"name":"peak lowland water"},"geometry":{"type":"Polygon","coordinates":[[[91.88739726027397,25.024221105527637],[91.89123287671232,25.024221105527637],[91.89123287671232,25.028040201005027],[91.88739726027397,25.028040201005027],[91.88739726027397,25.024221105527637]]]}},{"type":"Feature","properties":{"stage":3,"elev":12.2,"name":"peak lowland water"},"geometry":{"type":"Polygon","coordinates":[[[91.89123287671232,25.024221105527637],[91.89506849315069,25.024221105527637],[91.89506849315069,25.028040201005027],[91.89123287671232,25.028040201005027],[91.89123287671232,25.024221105527637]]]}},{"type":"Feature","properties":{"stage":3,"elev":11.1,"name":"peak lowland water"},"geometry":{"type":"Polygon","coordinates":[[[91.89506849315069,25.024221105527637],[91.89890410958904,25.024221105527637],[91.89890410958904,25.028040201005027],[91.89506849315069,25.028040201005027],[91.89506849315069,25.024221105527637]]]}},{"type":"Feature","properties":{"stage":3,"elev":11,"name":"peak lowland water"},"geometry":{"type":"Polygon","coordinates":[[[91.89890410958904,25.024221105527637],[91.90273972602739,25.024221105527637],[91.90273972602739,25.028040201005027],[91.89890410958904,25.028040201005027],[91.89890410958904,25.024221105527637]]]}},{"type":"Feature","properties":{"stage":3,"elev":9.6,"name":"peak lowland water"},"geometry":{"type":"Polygon","coordinates":[[[91.90273972602739,25.024221105527637],[91.90657534246576,25.024221105527637],[91.90657534246576,25.028040201005027],[91.90273972602739,25.028040201005027],[91.90273972602739,25.024221105527637]]]}},{"type":"Feature","properties":{"stage":3,"elev":9.9,"name":"peak lowland water"},"geometry":{"type":"Polygon","coordinates":[[[91.90657534246576,25.024221105527637],[91.91041095890411,25.024221105527637],[91.91041095890411,25.028040201005027],[91.90657534246576,25.028040201005027],[91.90657534246576,25.024221105527637]]]}},{"type":"Feature","properties":{"stage":3,"elev":9.6,"name":"peak lowland water"},"geometry":{"type":"Polygon","coordinates":[[[91.91041095890411,25.024221105527637],[91.91424657534246,25.024221105527637],[91.91424657534246,25.028040201005027],[91.91041095890411,25.028040201005027],[91.91041095890411,25.024221105527637]]]}},{"type":"Feature","properties":{"stage":3,"elev":10.2,"name":"peak lowland water"},"geometry":{"type":"Polygon","coordinates":[[[91.91424657534246,25.024221105527637],[91.91808219178083,25.024221105527637],[91.91808219178083,25.028040201005027],[91.91424657534246,25.028040201005027],[91.91424657534246,25.024221105527637]]]}},{"type":"Feature","properties":{"stage":3,"elev":10.9,"name":"peak lowland water"},"geometry":{"type":"Polygon","coordinates":[[[91.91808219178083,25.024221105527637],[91.92191780821918,25.024221105527637],[91.92191780821918,25.028040201005027],[91.91808219178083,25.028040201005027],[91.91808219178083,25.024221105527637]]]}},{"type":"Feature","properties":{"stage":3,"elev":11,"name":"peak lowland water"},"geometry":{"type":"Polygon","coordinates":[[[91.92191780821918,25.024221105527637],[91.92575342465753,25.024221105527637],[91.92575342465753,25.028040201005027],[91.92191780821918,25.028040201005027],[91.92191780821918,25.024221105527637]]]}},{"type":"Feature","properties":{"stage":3,"elev":10.2,"name":"peak lowland water"},"geometry":{"type":"Polygon","coordinates":[[[91.92575342465753,25.024221105527637],[91.92958904109588,25.024221105527637],[91.92958904109588,25.028040201005027],[91.92575342465753,25.028040201005027],[91.92575342465753,25.024221105527637]]]}},{"type":"Feature","properties":{"stage":3,"elev":10.2,"name":"peak lowland water"},"geometry":{"type":"Polygon","coordinates":[[[91.92958904109588,25.024221105527637],[91.93342465753425,25.024221105527637],[91.93342465753425,25.028040201005027],[91.92958904109588,25.028040201005027],[91.92958904109588,25.024221105527637]]]}},{"type":"Feature","properties":{"stage":3,"elev":12,"name":"peak lowland water"},"geometry":{"type":"Polygon","coordinates":[[[91.93342465753425,25.024221105527637],[91.9372602739726,25.024221105527637],[91.9372602739726,25.028040201005027],[91.93342465753425,25.028040201005027],[91.93342465753425,25.024221105527637]]]}},{"type":"Feature","properties":{"stage":3,"elev":11.7,"name":"peak lowland water"},"geometry":{"type":"Polygon","coordinates":[[[91.9372602739726,25.024221105527637],[91.94109589041095,25.024221105527637],[91.94109589041095,25.028040201005027],[91.9372602739726,25.028040201005027],[91.9372602739726,25.024221105527637]]]}},{"type":"Feature","properties":{"stage":3,"elev":11,"name":"peak lowland water"},"geometry":{"type":"Polygon","coordinates":[[[91.94109589041095,25.024221105527637],[91.94493150684931,25.024221105527637],[91.94493150684931,25.028040201005027],[91.94109589041095,25.028040201005027],[91.94109589041095,25.024221105527637]]]}},{"type":"Feature","properties":{"stage":3,"elev":12.1,"name":"peak lowland water"},"geometry":{"type":"Polygon","coordinates":[[[91.94493150684931,25.024221105527637],[91.94876712328767,25.024221105527637],[91.94876712328767,25.028040201005027],[91.94493150684931,25.028040201005027],[91.94493150684931,25.024221105527637]]]}},{"type":"Feature","properties":{"stage":3,"elev":10.4,"name":"peak lowland water"},"geometry":{"type":"Polygon","coordinates":[[[91.94876712328767,25.024221105527637],[91.95260273972602,25.024221105527637],[91.95260273972602,25.028040201005027],[91.94876712328767,25.028040201005027],[91.94876712328767,25.024221105527637]]]}},{"type":"Feature","properties":{"stage":3,"elev":10.6,"name":"peak lowland water"},"geometry":{"type":"Polygon","coordinates":[[[91.95260273972602,25.024221105527637],[91.95643835616438,25.024221105527637],[91.95643835616438,25.028040201005027],[91.95260273972602,25.028040201005027],[91.95260273972602,25.024221105527637]]]}},{"type":"Feature","properties":{"stage":3,"elev":12,"name":"peak lowland water"},"geometry":{"type":"Polygon","coordinates":[[[91.95643835616438,25.024221105527637],[91.96027397260274,25.024221105527637],[91.96027397260274,25.028040201005027],[91.95643835616438,25.028040201005027],[91.95643835616438,25.024221105527637]]]}},{"type":"Feature","properties":{"stage":3,"elev":11.4,"name":"peak lowland water"},"geometry":{"type":"Polygon","coordinates":[[[91.96027397260274,25.024221105527637],[91.96410958904109,25.024221105527637],[91.96410958904109,25.028040201005027],[91.96027397260274,25.028040201005027],[91.96027397260274,25.024221105527637]]]}},{"type":"Feature","properties":{"stage":3,"elev":11.7,"name":"peak lowland water"},"geometry":{"type":"Polygon","coordinates":[[[91.96410958904109,25.024221105527637],[91.96794520547945,25.024221105527637],[91.96794520547945,25.028040201005027],[91.96410958904109,25.028040201005027],[91.96410958904109,25.024221105527637]]]}},{"type":"Feature","properties":{"stage":3,"elev":13,"name":"peak lowland water"},"geometry":{"type":"Polygon","coordinates":[[[91.96794520547945,25.024221105527637],[91.9717808219178,25.024221105527637],[91.9717808219178,25.028040201005027],[91.96794520547945,25.028040201005027],[91.96794520547945,25.024221105527637]]]}},{"type":"Feature","properties":{"stage":3,"elev":13.4,"name":"peak lowland water"},"geometry":{"type":"Polygon","coordinates":[[[91.9717808219178,25.024221105527637],[91.97561643835616,25.024221105527637],[91.97561643835616,25.028040201005027],[91.9717808219178,25.028040201005027],[91.9717808219178,25.024221105527637]]]}},{"type":"Feature","properties":{"stage":3,"elev":12,"name":"peak lowland water"},"geometry":{"type":"Polygon","coordinates":[[[91.97561643835616,25.024221105527637],[91.97945205479452,25.024221105527637],[91.97945205479452,25.028040201005027],[91.97561643835616,25.028040201005027],[91.97561643835616,25.024221105527637]]]}},{"type":"Feature","properties":{"stage":3,"elev":12.5,"name":"peak lowland water"},"geometry":{"type":"Polygon","coordinates":[[[91.97945205479452,25.024221105527637],[91.98328767123287,25.024221105527637],[91.98328767123287,25.028040201005027],[91.97945205479452,25.028040201005027],[91.97945205479452,25.024221105527637]]]}},{"type":"Feature","properties":{"stage":3,"elev":13.3,"name":"peak lowland water"},"geometry":{"type":"Polygon","coordinates":[[[91.98328767123287,25.024221105527637],[91.98712328767122,25.024221105527637],[91.98712328767122,25.028040201005027],[91.98328767123287,25.028040201005027],[91.98328767123287,25.024221105527637]]]}},{"type":"Feature","properties":{"stage":3,"elev":13,"name":"peak lowland water"},"geometry":{"type":"Polygon","coordinates":[[[91.78,25.028040201005027],[91.78383561643835,25.028040201005027],[91.78383561643835,25.031859296482413],[91.78,25.031859296482413],[91.78,25.028040201005027]]]}},{"type":"Feature","properties":{"stage":3,"elev":12,"name":"peak lowland water"},"geometry":{"type":"Polygon","coordinates":[[[91.78383561643835,25.028040201005027],[91.78767123287672,25.028040201005027],[91.78767123287672,25.031859296482413],[91.78383561643835,25.031859296482413],[91.78383561643835,25.028040201005027]]]}},{"type":"Feature","properties":{"stage":3,"elev":11.1,"name":"peak lowland water"},"geometry":{"type":"Polygon","coordinates":[[[91.78767123287672,25.028040201005027],[91.79150684931507,25.028040201005027],[91.79150684931507,25.031859296482413],[91.78767123287672,25.031859296482413],[91.78767123287672,25.028040201005027]]]}},{"type":"Feature","properties":{"stage":3,"elev":11.9,"name":"peak lowland water"},"geometry":{"type":"Polygon","coordinates":[[[91.79150684931507,25.028040201005027],[91.79534246575342,25.028040201005027],[91.79534246575342,25.031859296482413],[91.79150684931507,25.031859296482413],[91.79150684931507,25.028040201005027]]]}},{"type":"Feature","properties":{"stage":3,"elev":11.4,"name":"peak lowland water"},"geometry":{"type":"Polygon","coordinates":[[[91.79534246575342,25.028040201005027],[91.79917808219179,25.028040201005027],[91.79917808219179,25.031859296482413],[91.79534246575342,25.031859296482413],[91.79534246575342,25.028040201005027]]]}},{"type":"Feature","properties":{"stage":3,"elev":11.8,"name":"peak lowland water"},"geometry":{"type":"Polygon","coordinates":[[[91.79917808219179,25.028040201005027],[91.80301369863014,25.028040201005027],[91.80301369863014,25.031859296482413],[91.79917808219179,25.031859296482413],[91.79917808219179,25.028040201005027]]]}},{"type":"Feature","properties":{"stage":3,"elev":12.1,"name":"peak lowland water"},"geometry":{"type":"Polygon","coordinates":[[[91.80301369863014,25.028040201005027],[91.80684931506849,25.028040201005027],[91.80684931506849,25.031859296482413],[91.80301369863014,25.031859296482413],[91.80301369863014,25.028040201005027]]]}},{"type":"Feature","properties":{"stage":3,"elev":12.8,"name":"peak lowland water"},"geometry":{"type":"Polygon","coordinates":[[[91.80684931506849,25.028040201005027],[91.81068493150686,25.028040201005027],[91.81068493150686,25.031859296482413],[91.80684931506849,25.031859296482413],[91.80684931506849,25.028040201005027]]]}},{"type":"Feature","properties":{"stage":3,"elev":12.3,"name":"peak lowland water"},"geometry":{"type":"Polygon","coordinates":[[[91.81068493150686,25.028040201005027],[91.81452054794521,25.028040201005027],[91.81452054794521,25.031859296482413],[91.81068493150686,25.031859296482413],[91.81068493150686,25.028040201005027]]]}},{"type":"Feature","properties":{"stage":3,"elev":12.6,"name":"peak lowland water"},"geometry":{"type":"Polygon","coordinates":[[[91.81452054794521,25.028040201005027],[91.81835616438356,25.028040201005027],[91.81835616438356,25.031859296482413],[91.81452054794521,25.031859296482413],[91.81452054794521,25.028040201005027]]]}},{"type":"Feature","properties":{"stage":3,"elev":12.7,"name":"peak lowland water"},"geometry":{"type":"Polygon","coordinates":[[[91.81835616438356,25.028040201005027],[91.82219178082192,25.028040201005027],[91.82219178082192,25.031859296482413],[91.81835616438356,25.031859296482413],[91.81835616438356,25.028040201005027]]]}},{"type":"Feature","properties":{"stage":3,"elev":12.2,"name":"peak lowland water"},"geometry":{"type":"Polygon","coordinates":[[[91.82219178082192,25.028040201005027],[91.82602739726028,25.028040201005027],[91.82602739726028,25.031859296482413],[91.82219178082192,25.031859296482413],[91.82219178082192,25.028040201005027]]]}},{"type":"Feature","properties":{"stage":3,"elev":13.9,"name":"peak lowland water"},"geometry":{"type":"Polygon","coordinates":[[[91.82602739726028,25.028040201005027],[91.82986301369863,25.028040201005027],[91.82986301369863,25.031859296482413],[91.82602739726028,25.031859296482413],[91.82602739726028,25.028040201005027]]]}},{"type":"Feature","properties":{"stage":3,"elev":13.9,"name":"peak lowland water"},"geometry":{"type":"Polygon","coordinates":[[[91.82986301369863,25.028040201005027],[91.83369863013698,25.028040201005027],[91.83369863013698,25.031859296482413],[91.82986301369863,25.031859296482413],[91.82986301369863,25.028040201005027]]]}},{"type":"Feature","properties":{"stage":3,"elev":13.6,"name":"peak lowland water"},"geometry":{"type":"Polygon","coordinates":[[[91.83369863013698,25.028040201005027],[91.83753424657534,25.028040201005027],[91.83753424657534,25.031859296482413],[91.83369863013698,25.031859296482413],[91.83369863013698,25.028040201005027]]]}},{"type":"Feature","properties":{"stage":3,"elev":11.1,"name":"peak lowland water"},"geometry":{"type":"Polygon","coordinates":[[[91.83753424657534,25.028040201005027],[91.8413698630137,25.028040201005027],[91.8413698630137,25.031859296482413],[91.83753424657534,25.031859296482413],[91.83753424657534,25.028040201005027]]]}},{"type":"Feature","properties":{"stage":3,"elev":14.2,"name":"peak lowland water"},"geometry":{"type":"Polygon","coordinates":[[[91.84520547945205,25.028040201005027],[91.84904109589041,25.028040201005027],[91.84904109589041,25.031859296482413],[91.84520547945205,25.031859296482413],[91.84520547945205,25.028040201005027]]]}},{"type":"Feature","properties":{"stage":3,"elev":11.8,"name":"peak lowland water"},"geometry":{"type":"Polygon","coordinates":[[[91.84904109589041,25.028040201005027],[91.85287671232877,25.028040201005027],[91.85287671232877,25.031859296482413],[91.84904109589041,25.031859296482413],[91.84904109589041,25.028040201005027]]]}},{"type":"Feature","properties":{"stage":3,"elev":11.3,"name":"peak lowland water"},"geometry":{"type":"Polygon","coordinates":[[[91.85287671232877,25.028040201005027],[91.85671232876712,25.028040201005027],[91.85671232876712,25.031859296482413],[91.85287671232877,25.031859296482413],[91.85287671232877,25.028040201005027]]]}},{"type":"Feature","properties":{"stage":3,"elev":12.8,"name":"peak lowland water"},"geometry":{"type":"Polygon","coordinates":[[[91.85671232876712,25.028040201005027],[91.86054794520548,25.028040201005027],[91.86054794520548,25.031859296482413],[91.85671232876712,25.031859296482413],[91.85671232876712,25.028040201005027]]]}},{"type":"Feature","properties":{"stage":3,"elev":12.3,"name":"peak lowland water"},"geometry":{"type":"Polygon","coordinates":[[[91.86054794520548,25.028040201005027],[91.86438356164383,25.028040201005027],[91.86438356164383,25.031859296482413],[91.86054794520548,25.031859296482413],[91.86054794520548,25.028040201005027]]]}},{"type":"Feature","properties":{"stage":3,"elev":12.3,"name":"peak lowland water"},"geometry":{"type":"Polygon","coordinates":[[[91.86438356164383,25.028040201005027],[91.86821917808219,25.028040201005027],[91.86821917808219,25.031859296482413],[91.86438356164383,25.031859296482413],[91.86438356164383,25.028040201005027]]]}},{"type":"Feature","properties":{"stage":3,"elev":13.9,"name":"peak lowland water"},"geometry":{"type":"Polygon","coordinates":[[[91.86821917808219,25.028040201005027],[91.87205479452055,25.028040201005027],[91.87205479452055,25.031859296482413],[91.86821917808219,25.031859296482413],[91.86821917808219,25.028040201005027]]]}},{"type":"Feature","properties":{"stage":3,"elev":13.1,"name":"peak lowland water"},"geometry":{"type":"Polygon","coordinates":[[[91.87205479452055,25.028040201005027],[91.8758904109589,25.028040201005027],[91.8758904109589,25.031859296482413],[91.87205479452055,25.031859296482413],[91.87205479452055,25.028040201005027]]]}},{"type":"Feature","properties":{"stage":3,"elev":11.9,"name":"peak lowland water"},"geometry":{"type":"Polygon","coordinates":[[[91.8758904109589,25.028040201005027],[91.87972602739725,25.028040201005027],[91.87972602739725,25.031859296482413],[91.8758904109589,25.031859296482413],[91.8758904109589,25.028040201005027]]]}},{"type":"Feature","properties":{"stage":3,"elev":9.9,"name":"peak lowland water"},"geometry":{"type":"Polygon","coordinates":[[[91.87972602739725,25.028040201005027],[91.88356164383562,25.028040201005027],[91.88356164383562,25.031859296482413],[91.87972602739725,25.031859296482413],[91.87972602739725,25.028040201005027]]]}},{"type":"Feature","properties":{"stage":3,"elev":11.3,"name":"peak lowland water"},"geometry":{"type":"Polygon","coordinates":[[[91.88356164383562,25.028040201005027],[91.88739726027397,25.028040201005027],[91.88739726027397,25.031859296482413],[91.88356164383562,25.031859296482413],[91.88356164383562,25.028040201005027]]]}},{"type":"Feature","properties":{"stage":3,"elev":11.4,"name":"peak lowland water"},"geometry":{"type":"Polygon","coordinates":[[[91.88739726027397,25.028040201005027],[91.89123287671232,25.028040201005027],[91.89123287671232,25.031859296482413],[91.88739726027397,25.031859296482413],[91.88739726027397,25.028040201005027]]]}},{"type":"Feature","properties":{"stage":3,"elev":10.7,"name":"peak lowland water"},"geometry":{"type":"Polygon","coordinates":[[[91.89123287671232,25.028040201005027],[91.89506849315069,25.028040201005027],[91.89506849315069,25.031859296482413],[91.89123287671232,25.031859296482413],[91.89123287671232,25.028040201005027]]]}},{"type":"Feature","properties":{"stage":3,"elev":10.2,"name":"peak lowland water"},"geometry":{"type":"Polygon","coordinates":[[[91.89506849315069,25.028040201005027],[91.89890410958904,25.028040201005027],[91.89890410958904,25.031859296482413],[91.89506849315069,25.031859296482413],[91.89506849315069,25.028040201005027]]]}},{"type":"Feature","properties":{"stage":3,"elev":12.8,"name":"peak lowland water"},"geometry":{"type":"Polygon","coordinates":[[[91.89890410958904,25.028040201005027],[91.90273972602739,25.028040201005027],[91.90273972602739,25.031859296482413],[91.89890410958904,25.031859296482413],[91.89890410958904,25.028040201005027]]]}},{"type":"Feature","properties":{"stage":3,"elev":10.9,"name":"peak lowland water"},"geometry":{"type":"Polygon","coordinates":[[[91.90273972602739,25.028040201005027],[91.90657534246576,25.028040201005027],[91.90657534246576,25.031859296482413],[91.90273972602739,25.031859296482413],[91.90273972602739,25.028040201005027]]]}},{"type":"Feature","properties":{"stage":3,"elev":10.2,"name":"peak lowland water"},"geometry":{"type":"Polygon","coordinates":[[[91.90657534246576,25.028040201005027],[91.91041095890411,25.028040201005027],[91.91041095890411,25.031859296482413],[91.90657534246576,25.031859296482413],[91.90657534246576,25.028040201005027]]]}},{"type":"Feature","properties":{"stage":3,"elev":9.6,"name":"peak lowland water"},"geometry":{"type":"Polygon","coordinates":[[[91.91041095890411,25.028040201005027],[91.91424657534246,25.028040201005027],[91.91424657534246,25.031859296482413],[91.91041095890411,25.031859296482413],[91.91041095890411,25.028040201005027]]]}},{"type":"Feature","properties":{"stage":3,"elev":10.3,"name":"peak lowland water"},"geometry":{"type":"Polygon","coordinates":[[[91.91424657534246,25.028040201005027],[91.91808219178083,25.028040201005027],[91.91808219178083,25.031859296482413],[91.91424657534246,25.031859296482413],[91.91424657534246,25.028040201005027]]]}},{"type":"Feature","properties":{"stage":3,"elev":10.3,"name":"peak lowland water"},"geometry":{"type":"Polygon","coordinates":[[[91.91808219178083,25.028040201005027],[91.92191780821918,25.028040201005027],[91.92191780821918,25.031859296482413],[91.91808219178083,25.031859296482413],[91.91808219178083,25.028040201005027]]]}},{"type":"Feature","properties":{"stage":3,"elev":10,"name":"peak lowland water"},"geometry":{"type":"Polygon","coordinates":[[[91.92191780821918,25.028040201005027],[91.92575342465753,25.028040201005027],[91.92575342465753,25.031859296482413],[91.92191780821918,25.031859296482413],[91.92191780821918,25.028040201005027]]]}},{"type":"Feature","properties":{"stage":3,"elev":11,"name":"peak lowland water"},"geometry":{"type":"Polygon","coordinates":[[[91.92575342465753,25.028040201005027],[91.92958904109588,25.028040201005027],[91.92958904109588,25.031859296482413],[91.92575342465753,25.031859296482413],[91.92575342465753,25.028040201005027]]]}},{"type":"Feature","properties":{"stage":3,"elev":11.2,"name":"peak lowland water"},"geometry":{"type":"Polygon","coordinates":[[[91.92958904109588,25.028040201005027],[91.93342465753425,25.028040201005027],[91.93342465753425,25.031859296482413],[91.92958904109588,25.031859296482413],[91.92958904109588,25.028040201005027]]]}},{"type":"Feature","properties":{"stage":3,"elev":10.7,"name":"peak lowland water"},"geometry":{"type":"Polygon","coordinates":[[[91.93342465753425,25.028040201005027],[91.9372602739726,25.028040201005027],[91.9372602739726,25.031859296482413],[91.93342465753425,25.031859296482413],[91.93342465753425,25.028040201005027]]]}},{"type":"Feature","properties":{"stage":3,"elev":12.8,"name":"peak lowland water"},"geometry":{"type":"Polygon","coordinates":[[[91.9372602739726,25.028040201005027],[91.94109589041095,25.028040201005027],[91.94109589041095,25.031859296482413],[91.9372602739726,25.031859296482413],[91.9372602739726,25.028040201005027]]]}},{"type":"Feature","properties":{"stage":3,"elev":11.6,"name":"peak lowland water"},"geometry":{"type":"Polygon","coordinates":[[[91.94109589041095,25.028040201005027],[91.94493150684931,25.028040201005027],[91.94493150684931,25.031859296482413],[91.94109589041095,25.031859296482413],[91.94109589041095,25.028040201005027]]]}},{"type":"Feature","properties":{"stage":3,"elev":10.3,"name":"peak lowland water"},"geometry":{"type":"Polygon","coordinates":[[[91.94493150684931,25.028040201005027],[91.94876712328767,25.028040201005027],[91.94876712328767,25.031859296482413],[91.94493150684931,25.031859296482413],[91.94493150684931,25.028040201005027]]]}},{"type":"Feature","properties":{"stage":3,"elev":10.9,"name":"peak lowland water"},"geometry":{"type":"Polygon","coordinates":[[[91.94876712328767,25.028040201005027],[91.95260273972602,25.028040201005027],[91.95260273972602,25.031859296482413],[91.94876712328767,25.031859296482413],[91.94876712328767,25.028040201005027]]]}},{"type":"Feature","properties":{"stage":3,"elev":12.1,"name":"peak lowland water"},"geometry":{"type":"Polygon","coordinates":[[[91.95260273972602,25.028040201005027],[91.95643835616438,25.028040201005027],[91.95643835616438,25.031859296482413],[91.95260273972602,25.031859296482413],[91.95260273972602,25.028040201005027]]]}},{"type":"Feature","properties":{"stage":3,"elev":11.8,"name":"peak lowland water"},"geometry":{"type":"Polygon","coordinates":[[[91.95643835616438,25.028040201005027],[91.96027397260274,25.028040201005027],[91.96027397260274,25.031859296482413],[91.95643835616438,25.031859296482413],[91.95643835616438,25.028040201005027]]]}},{"type":"Feature","properties":{"stage":3,"elev":10.4,"name":"peak lowland water"},"geometry":{"type":"Polygon","coordinates":[[[91.96027397260274,25.028040201005027],[91.96410958904109,25.028040201005027],[91.96410958904109,25.031859296482413],[91.96027397260274,25.031859296482413],[91.96027397260274,25.028040201005027]]]}},{"type":"Feature","properties":{"stage":3,"elev":12.1,"name":"peak lowland water"},"geometry":{"type":"Polygon","coordinates":[[[91.96410958904109,25.028040201005027],[91.96794520547945,25.028040201005027],[91.96794520547945,25.031859296482413],[91.96410958904109,25.031859296482413],[91.96410958904109,25.028040201005027]]]}},{"type":"Feature","properties":{"stage":3,"elev":11.7,"name":"peak lowland water"},"geometry":{"type":"Polygon","coordinates":[[[91.96794520547945,25.028040201005027],[91.9717808219178,25.028040201005027],[91.9717808219178,25.031859296482413],[91.96794520547945,25.031859296482413],[91.96794520547945,25.028040201005027]]]}},{"type":"Feature","properties":{"stage":3,"elev":12.9,"name":"peak lowland water"},"geometry":{"type":"Polygon","coordinates":[[[91.9717808219178,25.028040201005027],[91.97561643835616,25.028040201005027],[91.97561643835616,25.031859296482413],[91.9717808219178,25.031859296482413],[91.9717808219178,25.028040201005027]]]}},{"type":"Feature","properties":{"stage":3,"elev":12.1,"name":"peak lowland water"},"geometry":{"type":"Polygon","coordinates":[[[91.97561643835616,25.028040201005027],[91.97945205479452,25.028040201005027],[91.97945205479452,25.031859296482413],[91.97561643835616,25.031859296482413],[91.97561643835616,25.028040201005027]]]}},{"type":"Feature","properties":{"stage":3,"elev":11.8,"name":"peak lowland water"},"geometry":{"type":"Polygon","coordinates":[[[91.97945205479452,25.028040201005027],[91.98328767123287,25.028040201005027],[91.98328767123287,25.031859296482413],[91.97945205479452,25.031859296482413],[91.97945205479452,25.028040201005027]]]}},{"type":"Feature","properties":{"stage":3,"elev":12.6,"name":"peak lowland water"},"geometry":{"type":"Polygon","coordinates":[[[91.98328767123287,25.028040201005027],[91.98712328767122,25.028040201005027],[91.98712328767122,25.031859296482413],[91.98328767123287,25.031859296482413],[91.98328767123287,25.028040201005027]]]}},{"type":"Feature","properties":{"stage":3,"elev":12.4,"name":"peak lowland water"},"geometry":{"type":"Polygon","coordinates":[[[91.78,25.031859296482413],[91.78383561643835,25.031859296482413],[91.78383561643835,25.0356783919598],[91.78,25.0356783919598],[91.78,25.031859296482413]]]}},{"type":"Feature","properties":{"stage":3,"elev":10.7,"name":"peak lowland water"},"geometry":{"type":"Polygon","coordinates":[[[91.78383561643835,25.031859296482413],[91.78767123287672,25.031859296482413],[91.78767123287672,25.0356783919598],[91.78383561643835,25.0356783919598],[91.78383561643835,25.031859296482413]]]}},{"type":"Feature","properties":{"stage":3,"elev":11.1,"name":"peak lowland water"},"geometry":{"type":"Polygon","coordinates":[[[91.78767123287672,25.031859296482413],[91.79150684931507,25.031859296482413],[91.79150684931507,25.0356783919598],[91.78767123287672,25.0356783919598],[91.78767123287672,25.031859296482413]]]}},{"type":"Feature","properties":{"stage":3,"elev":11.4,"name":"peak lowland water"},"geometry":{"type":"Polygon","coordinates":[[[91.79150684931507,25.031859296482413],[91.79534246575342,25.031859296482413],[91.79534246575342,25.0356783919598],[91.79150684931507,25.0356783919598],[91.79150684931507,25.031859296482413]]]}},{"type":"Feature","properties":{"stage":3,"elev":11.8,"name":"peak lowland water"},"geometry":{"type":"Polygon","coordinates":[[[91.79534246575342,25.031859296482413],[91.79917808219179,25.031859296482413],[91.79917808219179,25.0356783919598],[91.79534246575342,25.0356783919598],[91.79534246575342,25.031859296482413]]]}},{"type":"Feature","properties":{"stage":3,"elev":12.6,"name":"peak lowland water"},"geometry":{"type":"Polygon","coordinates":[[[91.79917808219179,25.031859296482413],[91.80301369863014,25.031859296482413],[91.80301369863014,25.0356783919598],[91.79917808219179,25.0356783919598],[91.79917808219179,25.031859296482413]]]}},{"type":"Feature","properties":{"stage":3,"elev":12.4,"name":"peak lowland water"},"geometry":{"type":"Polygon","coordinates":[[[91.80301369863014,25.031859296482413],[91.80684931506849,25.031859296482413],[91.80684931506849,25.0356783919598],[91.80301369863014,25.0356783919598],[91.80301369863014,25.031859296482413]]]}},{"type":"Feature","properties":{"stage":3,"elev":11.4,"name":"peak lowland water"},"geometry":{"type":"Polygon","coordinates":[[[91.80684931506849,25.031859296482413],[91.81068493150686,25.031859296482413],[91.81068493150686,25.0356783919598],[91.80684931506849,25.0356783919598],[91.80684931506849,25.031859296482413]]]}},{"type":"Feature","properties":{"stage":3,"elev":11.2,"name":"peak lowland water"},"geometry":{"type":"Polygon","coordinates":[[[91.81068493150686,25.031859296482413],[91.81452054794521,25.031859296482413],[91.81452054794521,25.0356783919598],[91.81068493150686,25.0356783919598],[91.81068493150686,25.031859296482413]]]}},{"type":"Feature","properties":{"stage":3,"elev":14.3,"name":"peak lowland water"},"geometry":{"type":"Polygon","coordinates":[[[91.81452054794521,25.031859296482413],[91.81835616438356,25.031859296482413],[91.81835616438356,25.0356783919598],[91.81452054794521,25.0356783919598],[91.81452054794521,25.031859296482413]]]}},{"type":"Feature","properties":{"stage":3,"elev":13.2,"name":"peak lowland water"},"geometry":{"type":"Polygon","coordinates":[[[91.81835616438356,25.031859296482413],[91.82219178082192,25.031859296482413],[91.82219178082192,25.0356783919598],[91.81835616438356,25.0356783919598],[91.81835616438356,25.031859296482413]]]}},{"type":"Feature","properties":{"stage":3,"elev":14,"name":"peak lowland water"},"geometry":{"type":"Polygon","coordinates":[[[91.82219178082192,25.031859296482413],[91.82602739726028,25.031859296482413],[91.82602739726028,25.0356783919598],[91.82219178082192,25.0356783919598],[91.82219178082192,25.031859296482413]]]}},{"type":"Feature","properties":{"stage":3,"elev":13.8,"name":"peak lowland water"},"geometry":{"type":"Polygon","coordinates":[[[91.82986301369863,25.031859296482413],[91.83369863013698,25.031859296482413],[91.83369863013698,25.0356783919598],[91.82986301369863,25.0356783919598],[91.82986301369863,25.031859296482413]]]}},{"type":"Feature","properties":{"stage":3,"elev":12.4,"name":"peak lowland water"},"geometry":{"type":"Polygon","coordinates":[[[91.83369863013698,25.031859296482413],[91.83753424657534,25.031859296482413],[91.83753424657534,25.0356783919598],[91.83369863013698,25.0356783919598],[91.83369863013698,25.031859296482413]]]}},{"type":"Feature","properties":{"stage":3,"elev":14.5,"name":"peak lowland water"},"geometry":{"type":"Polygon","coordinates":[[[91.83753424657534,25.031859296482413],[91.8413698630137,25.031859296482413],[91.8413698630137,25.0356783919598],[91.83753424657534,25.0356783919598],[91.83753424657534,25.031859296482413]]]}},{"type":"Feature","properties":{"stage":3,"elev":13.3,"name":"peak lowland water"},"geometry":{"type":"Polygon","coordinates":[[[91.84520547945205,25.031859296482413],[91.84904109589041,25.031859296482413],[91.84904109589041,25.0356783919598],[91.84520547945205,25.0356783919598],[91.84520547945205,25.031859296482413]]]}},{"type":"Feature","properties":{"stage":3,"elev":12.2,"name":"peak lowland water"},"geometry":{"type":"Polygon","coordinates":[[[91.84904109589041,25.031859296482413],[91.85287671232877,25.031859296482413],[91.85287671232877,25.0356783919598],[91.84904109589041,25.0356783919598],[91.84904109589041,25.031859296482413]]]}},{"type":"Feature","properties":{"stage":3,"elev":13.1,"name":"peak lowland water"},"geometry":{"type":"Polygon","coordinates":[[[91.85287671232877,25.031859296482413],[91.85671232876712,25.031859296482413],[91.85671232876712,25.0356783919598],[91.85287671232877,25.0356783919598],[91.85287671232877,25.031859296482413]]]}},{"type":"Feature","properties":{"stage":3,"elev":13.3,"name":"peak lowland water"},"geometry":{"type":"Polygon","coordinates":[[[91.85671232876712,25.031859296482413],[91.86054794520548,25.031859296482413],[91.86054794520548,25.0356783919598],[91.85671232876712,25.0356783919598],[91.85671232876712,25.031859296482413]]]}},{"type":"Feature","properties":{"stage":3,"elev":14.8,"name":"peak lowland water"},"geometry":{"type":"Polygon","coordinates":[[[91.86054794520548,25.031859296482413],[91.86438356164383,25.031859296482413],[91.86438356164383,25.0356783919598],[91.86054794520548,25.0356783919598],[91.86054794520548,25.031859296482413]]]}},{"type":"Feature","properties":{"stage":3,"elev":14.6,"name":"peak lowland water"},"geometry":{"type":"Polygon","coordinates":[[[91.86821917808219,25.031859296482413],[91.87205479452055,25.031859296482413],[91.87205479452055,25.0356783919598],[91.86821917808219,25.0356783919598],[91.86821917808219,25.031859296482413]]]}},{"type":"Feature","properties":{"stage":3,"elev":12.4,"name":"peak lowland water"},"geometry":{"type":"Polygon","coordinates":[[[91.87205479452055,25.031859296482413],[91.8758904109589,25.031859296482413],[91.8758904109589,25.0356783919598],[91.87205479452055,25.0356783919598],[91.87205479452055,25.031859296482413]]]}},{"type":"Feature","properties":{"stage":3,"elev":12.4,"name":"peak lowland water"},"geometry":{"type":"Polygon","coordinates":[[[91.8758904109589,25.031859296482413],[91.87972602739725,25.031859296482413],[91.87972602739725,25.0356783919598],[91.8758904109589,25.0356783919598],[91.8758904109589,25.031859296482413]]]}},{"type":"Feature","properties":{"stage":3,"elev":10.9,"name":"peak lowland water"},"geometry":{"type":"Polygon","coordinates":[[[91.87972602739725,25.031859296482413],[91.88356164383562,25.031859296482413],[91.88356164383562,25.0356783919598],[91.87972602739725,25.0356783919598],[91.87972602739725,25.031859296482413]]]}},{"type":"Feature","properties":{"stage":3,"elev":10.8,"name":"peak lowland water"},"geometry":{"type":"Polygon","coordinates":[[[91.88356164383562,25.031859296482413],[91.88739726027397,25.031859296482413],[91.88739726027397,25.0356783919598],[91.88356164383562,25.0356783919598],[91.88356164383562,25.031859296482413]]]}},{"type":"Feature","properties":{"stage":3,"elev":11.2,"name":"peak lowland water"},"geometry":{"type":"Polygon","coordinates":[[[91.88739726027397,25.031859296482413],[91.89123287671232,25.031859296482413],[91.89123287671232,25.0356783919598],[91.88739726027397,25.0356783919598],[91.88739726027397,25.031859296482413]]]}},{"type":"Feature","properties":{"stage":3,"elev":11.8,"name":"peak lowland water"},"geometry":{"type":"Polygon","coordinates":[[[91.89123287671232,25.031859296482413],[91.89506849315069,25.031859296482413],[91.89506849315069,25.0356783919598],[91.89123287671232,25.0356783919598],[91.89123287671232,25.031859296482413]]]}},{"type":"Feature","properties":{"stage":3,"elev":12.7,"name":"peak lowland water"},"geometry":{"type":"Polygon","coordinates":[[[91.89506849315069,25.031859296482413],[91.89890410958904,25.031859296482413],[91.89890410958904,25.0356783919598],[91.89506849315069,25.0356783919598],[91.89506849315069,25.031859296482413]]]}},{"type":"Feature","properties":{"stage":3,"elev":11.4,"name":"peak lowland water"},"geometry":{"type":"Polygon","coordinates":[[[91.89890410958904,25.031859296482413],[91.90273972602739,25.031859296482413],[91.90273972602739,25.0356783919598],[91.89890410958904,25.0356783919598],[91.89890410958904,25.031859296482413]]]}},{"type":"Feature","properties":{"stage":3,"elev":11.8,"name":"peak lowland water"},"geometry":{"type":"Polygon","coordinates":[[[91.90273972602739,25.031859296482413],[91.90657534246576,25.031859296482413],[91.90657534246576,25.0356783919598],[91.90273972602739,25.0356783919598],[91.90273972602739,25.031859296482413]]]}},{"type":"Feature","properties":{"stage":3,"elev":10.8,"name":"peak lowland water"},"geometry":{"type":"Polygon","coordinates":[[[91.90657534246576,25.031859296482413],[91.91041095890411,25.031859296482413],[91.91041095890411,25.0356783919598],[91.90657534246576,25.0356783919598],[91.90657534246576,25.031859296482413]]]}},{"type":"Feature","properties":{"stage":3,"elev":10.3,"name":"peak lowland water"},"geometry":{"type":"Polygon","coordinates":[[[91.91041095890411,25.031859296482413],[91.91424657534246,25.031859296482413],[91.91424657534246,25.0356783919598],[91.91041095890411,25.0356783919598],[91.91041095890411,25.031859296482413]]]}},{"type":"Feature","properties":{"stage":3,"elev":10.4,"name":"peak lowland water"},"geometry":{"type":"Polygon","coordinates":[[[91.91424657534246,25.031859296482413],[91.91808219178083,25.031859296482413],[91.91808219178083,25.0356783919598],[91.91424657534246,25.0356783919598],[91.91424657534246,25.031859296482413]]]}},{"type":"Feature","properties":{"stage":3,"elev":11.6,"name":"peak lowland water"},"geometry":{"type":"Polygon","coordinates":[[[91.91808219178083,25.031859296482413],[91.92191780821918,25.031859296482413],[91.92191780821918,25.0356783919598],[91.91808219178083,25.0356783919598],[91.91808219178083,25.031859296482413]]]}},{"type":"Feature","properties":{"stage":3,"elev":10.5,"name":"peak lowland water"},"geometry":{"type":"Polygon","coordinates":[[[91.92191780821918,25.031859296482413],[91.92575342465753,25.031859296482413],[91.92575342465753,25.0356783919598],[91.92191780821918,25.0356783919598],[91.92191780821918,25.031859296482413]]]}},{"type":"Feature","properties":{"stage":3,"elev":10.4,"name":"peak lowland water"},"geometry":{"type":"Polygon","coordinates":[[[91.92575342465753,25.031859296482413],[91.92958904109588,25.031859296482413],[91.92958904109588,25.0356783919598],[91.92575342465753,25.0356783919598],[91.92575342465753,25.031859296482413]]]}},{"type":"Feature","properties":{"stage":3,"elev":10.6,"name":"peak lowland water"},"geometry":{"type":"Polygon","coordinates":[[[91.92958904109588,25.031859296482413],[91.93342465753425,25.031859296482413],[91.93342465753425,25.0356783919598],[91.92958904109588,25.0356783919598],[91.92958904109588,25.031859296482413]]]}},{"type":"Feature","properties":{"stage":3,"elev":12,"name":"peak lowland water"},"geometry":{"type":"Polygon","coordinates":[[[91.93342465753425,25.031859296482413],[91.9372602739726,25.031859296482413],[91.9372602739726,25.0356783919598],[91.93342465753425,25.0356783919598],[91.93342465753425,25.031859296482413]]]}},{"type":"Feature","properties":{"stage":3,"elev":10.4,"name":"peak lowland water"},"geometry":{"type":"Polygon","coordinates":[[[91.9372602739726,25.031859296482413],[91.94109589041095,25.031859296482413],[91.94109589041095,25.0356783919598],[91.9372602739726,25.0356783919598],[91.9372602739726,25.031859296482413]]]}},{"type":"Feature","properties":{"stage":3,"elev":12.4,"name":"peak lowland water"},"geometry":{"type":"Polygon","coordinates":[[[91.94109589041095,25.031859296482413],[91.94493150684931,25.031859296482413],[91.94493150684931,25.0356783919598],[91.94109589041095,25.0356783919598],[91.94109589041095,25.031859296482413]]]}},{"type":"Feature","properties":{"stage":3,"elev":11.5,"name":"peak lowland water"},"geometry":{"type":"Polygon","coordinates":[[[91.94493150684931,25.031859296482413],[91.94876712328767,25.031859296482413],[91.94876712328767,25.0356783919598],[91.94493150684931,25.0356783919598],[91.94493150684931,25.031859296482413]]]}},{"type":"Feature","properties":{"stage":3,"elev":11.3,"name":"peak lowland water"},"geometry":{"type":"Polygon","coordinates":[[[91.94876712328767,25.031859296482413],[91.95260273972602,25.031859296482413],[91.95260273972602,25.0356783919598],[91.94876712328767,25.0356783919598],[91.94876712328767,25.031859296482413]]]}},{"type":"Feature","properties":{"stage":3,"elev":11.8,"name":"peak lowland water"},"geometry":{"type":"Polygon","coordinates":[[[91.95260273972602,25.031859296482413],[91.95643835616438,25.031859296482413],[91.95643835616438,25.0356783919598],[91.95260273972602,25.0356783919598],[91.95260273972602,25.031859296482413]]]}},{"type":"Feature","properties":{"stage":3,"elev":11.6,"name":"peak lowland water"},"geometry":{"type":"Polygon","coordinates":[[[91.95643835616438,25.031859296482413],[91.96027397260274,25.031859296482413],[91.96027397260274,25.0356783919598],[91.95643835616438,25.0356783919598],[91.95643835616438,25.031859296482413]]]}},{"type":"Feature","properties":{"stage":3,"elev":11.4,"name":"peak lowland water"},"geometry":{"type":"Polygon","coordinates":[[[91.96027397260274,25.031859296482413],[91.96410958904109,25.031859296482413],[91.96410958904109,25.0356783919598],[91.96027397260274,25.0356783919598],[91.96027397260274,25.031859296482413]]]}},{"type":"Feature","properties":{"stage":3,"elev":12,"name":"peak lowland water"},"geometry":{"type":"Polygon","coordinates":[[[91.96410958904109,25.031859296482413],[91.96794520547945,25.031859296482413],[91.96794520547945,25.0356783919598],[91.96410958904109,25.0356783919598],[91.96410958904109,25.031859296482413]]]}},{"type":"Feature","properties":{"stage":3,"elev":12.1,"name":"peak lowland water"},"geometry":{"type":"Polygon","coordinates":[[[91.96794520547945,25.031859296482413],[91.9717808219178,25.031859296482413],[91.9717808219178,25.0356783919598],[91.96794520547945,25.0356783919598],[91.96794520547945,25.031859296482413]]]}},{"type":"Feature","properties":{"stage":3,"elev":12.8,"name":"peak lowland water"},"geometry":{"type":"Polygon","coordinates":[[[91.9717808219178,25.031859296482413],[91.97561643835616,25.031859296482413],[91.97561643835616,25.0356783919598],[91.9717808219178,25.0356783919598],[91.9717808219178,25.031859296482413]]]}},{"type":"Feature","properties":{"stage":3,"elev":12.8,"name":"peak lowland water"},"geometry":{"type":"Polygon","coordinates":[[[91.97561643835616,25.031859296482413],[91.97945205479452,25.031859296482413],[91.97945205479452,25.0356783919598],[91.97561643835616,25.0356783919598],[91.97561643835616,25.031859296482413]]]}},{"type":"Feature","properties":{"stage":3,"elev":12.8,"name":"peak lowland water"},"geometry":{"type":"Polygon","coordinates":[[[91.97945205479452,25.031859296482413],[91.98328767123287,25.031859296482413],[91.98328767123287,25.0356783919598],[91.97945205479452,25.0356783919598],[91.97945205479452,25.031859296482413]]]}},{"type":"Feature","properties":{"stage":3,"elev":14.1,"name":"peak lowland water"},"geometry":{"type":"Polygon","coordinates":[[[91.98328767123287,25.031859296482413],[91.98712328767122,25.031859296482413],[91.98712328767122,25.0356783919598],[91.98328767123287,25.0356783919598],[91.98328767123287,25.031859296482413]]]}},{"type":"Feature","properties":{"stage":3,"elev":12.8,"name":"peak lowland water"},"geometry":{"type":"Polygon","coordinates":[[[91.78,25.0356783919598],[91.78383561643835,25.0356783919598],[91.78383561643835,25.03949748743719],[91.78,25.03949748743719],[91.78,25.0356783919598]]]}},{"type":"Feature","properties":{"stage":3,"elev":12.4,"name":"peak lowland water"},"geometry":{"type":"Polygon","coordinates":[[[91.78383561643835,25.0356783919598],[91.78767123287672,25.0356783919598],[91.78767123287672,25.03949748743719],[91.78383561643835,25.03949748743719],[91.78383561643835,25.0356783919598]]]}},{"type":"Feature","properties":{"stage":3,"elev":13,"name":"peak lowland water"},"geometry":{"type":"Polygon","coordinates":[[[91.78767123287672,25.0356783919598],[91.79150684931507,25.0356783919598],[91.79150684931507,25.03949748743719],[91.78767123287672,25.03949748743719],[91.78767123287672,25.0356783919598]]]}},{"type":"Feature","properties":{"stage":3,"elev":12.6,"name":"peak lowland water"},"geometry":{"type":"Polygon","coordinates":[[[91.79150684931507,25.0356783919598],[91.79534246575342,25.0356783919598],[91.79534246575342,25.03949748743719],[91.79150684931507,25.03949748743719],[91.79150684931507,25.0356783919598]]]}},{"type":"Feature","properties":{"stage":3,"elev":12.1,"name":"peak lowland water"},"geometry":{"type":"Polygon","coordinates":[[[91.79534246575342,25.0356783919598],[91.79917808219179,25.0356783919598],[91.79917808219179,25.03949748743719],[91.79534246575342,25.03949748743719],[91.79534246575342,25.0356783919598]]]}},{"type":"Feature","properties":{"stage":3,"elev":12.5,"name":"peak lowland water"},"geometry":{"type":"Polygon","coordinates":[[[91.79917808219179,25.0356783919598],[91.80301369863014,25.0356783919598],[91.80301369863014,25.03949748743719],[91.79917808219179,25.03949748743719],[91.79917808219179,25.0356783919598]]]}},{"type":"Feature","properties":{"stage":3,"elev":13,"name":"peak lowland water"},"geometry":{"type":"Polygon","coordinates":[[[91.80301369863014,25.0356783919598],[91.80684931506849,25.0356783919598],[91.80684931506849,25.03949748743719],[91.80301369863014,25.03949748743719],[91.80301369863014,25.0356783919598]]]}},{"type":"Feature","properties":{"stage":3,"elev":13.6,"name":"peak lowland water"},"geometry":{"type":"Polygon","coordinates":[[[91.80684931506849,25.0356783919598],[91.81068493150686,25.0356783919598],[91.81068493150686,25.03949748743719],[91.80684931506849,25.03949748743719],[91.80684931506849,25.0356783919598]]]}},{"type":"Feature","properties":{"stage":3,"elev":14.8,"name":"peak lowland water"},"geometry":{"type":"Polygon","coordinates":[[[91.81452054794521,25.0356783919598],[91.81835616438356,25.0356783919598],[91.81835616438356,25.03949748743719],[91.81452054794521,25.03949748743719],[91.81452054794521,25.0356783919598]]]}},{"type":"Feature","properties":{"stage":3,"elev":13.6,"name":"peak lowland water"},"geometry":{"type":"Polygon","coordinates":[[[91.81835616438356,25.0356783919598],[91.82219178082192,25.0356783919598],[91.82219178082192,25.03949748743719],[91.81835616438356,25.03949748743719],[91.81835616438356,25.0356783919598]]]}},{"type":"Feature","properties":{"stage":3,"elev":13.6,"name":"peak lowland water"},"geometry":{"type":"Polygon","coordinates":[[[91.82219178082192,25.0356783919598],[91.82602739726028,25.0356783919598],[91.82602739726028,25.03949748743719],[91.82219178082192,25.03949748743719],[91.82219178082192,25.0356783919598]]]}},{"type":"Feature","properties":{"stage":3,"elev":12.3,"name":"peak lowland water"},"geometry":{"type":"Polygon","coordinates":[[[91.82602739726028,25.0356783919598],[91.82986301369863,25.0356783919598],[91.82986301369863,25.03949748743719],[91.82602739726028,25.03949748743719],[91.82602739726028,25.0356783919598]]]}},{"type":"Feature","properties":{"stage":3,"elev":12.6,"name":"peak lowland water"},"geometry":{"type":"Polygon","coordinates":[[[91.82986301369863,25.0356783919598],[91.83369863013698,25.0356783919598],[91.83369863013698,25.03949748743719],[91.82986301369863,25.03949748743719],[91.82986301369863,25.0356783919598]]]}},{"type":"Feature","properties":{"stage":3,"elev":13.4,"name":"peak lowland water"},"geometry":{"type":"Polygon","coordinates":[[[91.83369863013698,25.0356783919598],[91.83753424657534,25.0356783919598],[91.83753424657534,25.03949748743719],[91.83369863013698,25.03949748743719],[91.83369863013698,25.0356783919598]]]}},{"type":"Feature","properties":{"stage":3,"elev":12.8,"name":"peak lowland water"},"geometry":{"type":"Polygon","coordinates":[[[91.8413698630137,25.0356783919598],[91.84520547945205,25.0356783919598],[91.84520547945205,25.03949748743719],[91.8413698630137,25.03949748743719],[91.8413698630137,25.0356783919598]]]}},{"type":"Feature","properties":{"stage":3,"elev":13.1,"name":"peak lowland water"},"geometry":{"type":"Polygon","coordinates":[[[91.84520547945205,25.0356783919598],[91.84904109589041,25.0356783919598],[91.84904109589041,25.03949748743719],[91.84520547945205,25.03949748743719],[91.84520547945205,25.0356783919598]]]}},{"type":"Feature","properties":{"stage":3,"elev":12.8,"name":"peak lowland water"},"geometry":{"type":"Polygon","coordinates":[[[91.84904109589041,25.0356783919598],[91.85287671232877,25.0356783919598],[91.85287671232877,25.03949748743719],[91.84904109589041,25.03949748743719],[91.84904109589041,25.0356783919598]]]}},{"type":"Feature","properties":{"stage":3,"elev":12.5,"name":"peak lowland water"},"geometry":{"type":"Polygon","coordinates":[[[91.85287671232877,25.0356783919598],[91.85671232876712,25.0356783919598],[91.85671232876712,25.03949748743719],[91.85287671232877,25.03949748743719],[91.85287671232877,25.0356783919598]]]}},{"type":"Feature","properties":{"stage":3,"elev":13.5,"name":"peak lowland water"},"geometry":{"type":"Polygon","coordinates":[[[91.85671232876712,25.0356783919598],[91.86054794520548,25.0356783919598],[91.86054794520548,25.03949748743719],[91.85671232876712,25.03949748743719],[91.85671232876712,25.0356783919598]]]}},{"type":"Feature","properties":{"stage":3,"elev":14.6,"name":"peak lowland water"},"geometry":{"type":"Polygon","coordinates":[[[91.86054794520548,25.0356783919598],[91.86438356164383,25.0356783919598],[91.86438356164383,25.03949748743719],[91.86054794520548,25.03949748743719],[91.86054794520548,25.0356783919598]]]}},{"type":"Feature","properties":{"stage":3,"elev":13.1,"name":"peak lowland water"},"geometry":{"type":"Polygon","coordinates":[[[91.86438356164383,25.0356783919598],[91.86821917808219,25.0356783919598],[91.86821917808219,25.03949748743719],[91.86438356164383,25.03949748743719],[91.86438356164383,25.0356783919598]]]}},{"type":"Feature","properties":{"stage":3,"elev":14.3,"name":"peak lowland water"},"geometry":{"type":"Polygon","coordinates":[[[91.87205479452055,25.0356783919598],[91.8758904109589,25.0356783919598],[91.8758904109589,25.03949748743719],[91.87205479452055,25.03949748743719],[91.87205479452055,25.0356783919598]]]}},{"type":"Feature","properties":{"stage":3,"elev":12.6,"name":"peak lowland water"},"geometry":{"type":"Polygon","coordinates":[[[91.8758904109589,25.0356783919598],[91.87972602739725,25.0356783919598],[91.87972602739725,25.03949748743719],[91.8758904109589,25.03949748743719],[91.8758904109589,25.0356783919598]]]}},{"type":"Feature","properties":{"stage":3,"elev":11.8,"name":"peak lowland water"},"geometry":{"type":"Polygon","coordinates":[[[91.87972602739725,25.0356783919598],[91.88356164383562,25.0356783919598],[91.88356164383562,25.03949748743719],[91.87972602739725,25.03949748743719],[91.87972602739725,25.0356783919598]]]}},{"type":"Feature","properties":{"stage":3,"elev":11.3,"name":"peak lowland water"},"geometry":{"type":"Polygon","coordinates":[[[91.88356164383562,25.0356783919598],[91.88739726027397,25.0356783919598],[91.88739726027397,25.03949748743719],[91.88356164383562,25.03949748743719],[91.88356164383562,25.0356783919598]]]}},{"type":"Feature","properties":{"stage":3,"elev":11.5,"name":"peak lowland water"},"geometry":{"type":"Polygon","coordinates":[[[91.88739726027397,25.0356783919598],[91.89123287671232,25.0356783919598],[91.89123287671232,25.03949748743719],[91.88739726027397,25.03949748743719],[91.88739726027397,25.0356783919598]]]}},{"type":"Feature","properties":{"stage":3,"elev":10.9,"name":"peak lowland water"},"geometry":{"type":"Polygon","coordinates":[[[91.89123287671232,25.0356783919598],[91.89506849315069,25.0356783919598],[91.89506849315069,25.03949748743719],[91.89123287671232,25.03949748743719],[91.89123287671232,25.0356783919598]]]}},{"type":"Feature","properties":{"stage":3,"elev":12,"name":"peak lowland water"},"geometry":{"type":"Polygon","coordinates":[[[91.89506849315069,25.0356783919598],[91.89890410958904,25.0356783919598],[91.89890410958904,25.03949748743719],[91.89506849315069,25.03949748743719],[91.89506849315069,25.0356783919598]]]}},{"type":"Feature","properties":{"stage":3,"elev":10.8,"name":"peak lowland water"},"geometry":{"type":"Polygon","coordinates":[[[91.89890410958904,25.0356783919598],[91.90273972602739,25.0356783919598],[91.90273972602739,25.03949748743719],[91.89890410958904,25.03949748743719],[91.89890410958904,25.0356783919598]]]}},{"type":"Feature","properties":{"stage":3,"elev":11.3,"name":"peak lowland water"},"geometry":{"type":"Polygon","coordinates":[[[91.90273972602739,25.0356783919598],[91.90657534246576,25.0356783919598],[91.90657534246576,25.03949748743719],[91.90273972602739,25.03949748743719],[91.90273972602739,25.0356783919598]]]}},{"type":"Feature","properties":{"stage":3,"elev":11.2,"name":"peak lowland water"},"geometry":{"type":"Polygon","coordinates":[[[91.90657534246576,25.0356783919598],[91.91041095890411,25.0356783919598],[91.91041095890411,25.03949748743719],[91.90657534246576,25.03949748743719],[91.90657534246576,25.0356783919598]]]}},{"type":"Feature","properties":{"stage":3,"elev":11.5,"name":"peak lowland water"},"geometry":{"type":"Polygon","coordinates":[[[91.91041095890411,25.0356783919598],[91.91424657534246,25.0356783919598],[91.91424657534246,25.03949748743719],[91.91041095890411,25.03949748743719],[91.91041095890411,25.0356783919598]]]}},{"type":"Feature","properties":{"stage":3,"elev":11.3,"name":"peak lowland water"},"geometry":{"type":"Polygon","coordinates":[[[91.91424657534246,25.0356783919598],[91.91808219178083,25.0356783919598],[91.91808219178083,25.03949748743719],[91.91424657534246,25.03949748743719],[91.91424657534246,25.0356783919598]]]}},{"type":"Feature","properties":{"stage":3,"elev":10.5,"name":"peak lowland water"},"geometry":{"type":"Polygon","coordinates":[[[91.91808219178083,25.0356783919598],[91.92191780821918,25.0356783919598],[91.92191780821918,25.03949748743719],[91.91808219178083,25.03949748743719],[91.91808219178083,25.0356783919598]]]}},{"type":"Feature","properties":{"stage":3,"elev":10.9,"name":"peak lowland water"},"geometry":{"type":"Polygon","coordinates":[[[91.92191780821918,25.0356783919598],[91.92575342465753,25.0356783919598],[91.92575342465753,25.03949748743719],[91.92191780821918,25.03949748743719],[91.92191780821918,25.0356783919598]]]}},{"type":"Feature","properties":{"stage":3,"elev":11.5,"name":"peak lowland water"},"geometry":{"type":"Polygon","coordinates":[[[91.92575342465753,25.0356783919598],[91.92958904109588,25.0356783919598],[91.92958904109588,25.03949748743719],[91.92575342465753,25.03949748743719],[91.92575342465753,25.0356783919598]]]}},{"type":"Feature","properties":{"stage":3,"elev":11.3,"name":"peak lowland water"},"geometry":{"type":"Polygon","coordinates":[[[91.92958904109588,25.0356783919598],[91.93342465753425,25.0356783919598],[91.93342465753425,25.03949748743719],[91.92958904109588,25.03949748743719],[91.92958904109588,25.0356783919598]]]}},{"type":"Feature","properties":{"stage":3,"elev":10.9,"name":"peak lowland water"},"geometry":{"type":"Polygon","coordinates":[[[91.93342465753425,25.0356783919598],[91.9372602739726,25.0356783919598],[91.9372602739726,25.03949748743719],[91.93342465753425,25.03949748743719],[91.93342465753425,25.0356783919598]]]}},{"type":"Feature","properties":{"stage":3,"elev":10.6,"name":"peak lowland water"},"geometry":{"type":"Polygon","coordinates":[[[91.9372602739726,25.0356783919598],[91.94109589041095,25.0356783919598],[91.94109589041095,25.03949748743719],[91.9372602739726,25.03949748743719],[91.9372602739726,25.0356783919598]]]}},{"type":"Feature","properties":{"stage":3,"elev":11.2,"name":"peak lowland water"},"geometry":{"type":"Polygon","coordinates":[[[91.94109589041095,25.0356783919598],[91.94493150684931,25.0356783919598],[91.94493150684931,25.03949748743719],[91.94109589041095,25.03949748743719],[91.94109589041095,25.0356783919598]]]}},{"type":"Feature","properties":{"stage":3,"elev":13.1,"name":"peak lowland water"},"geometry":{"type":"Polygon","coordinates":[[[91.94493150684931,25.0356783919598],[91.94876712328767,25.0356783919598],[91.94876712328767,25.03949748743719],[91.94493150684931,25.03949748743719],[91.94493150684931,25.0356783919598]]]}},{"type":"Feature","properties":{"stage":3,"elev":12,"name":"peak lowland water"},"geometry":{"type":"Polygon","coordinates":[[[91.94876712328767,25.0356783919598],[91.95260273972602,25.0356783919598],[91.95260273972602,25.03949748743719],[91.94876712328767,25.03949748743719],[91.94876712328767,25.0356783919598]]]}},{"type":"Feature","properties":{"stage":3,"elev":11.7,"name":"peak lowland water"},"geometry":{"type":"Polygon","coordinates":[[[91.95260273972602,25.0356783919598],[91.95643835616438,25.0356783919598],[91.95643835616438,25.03949748743719],[91.95260273972602,25.03949748743719],[91.95260273972602,25.0356783919598]]]}},{"type":"Feature","properties":{"stage":3,"elev":11.6,"name":"peak lowland water"},"geometry":{"type":"Polygon","coordinates":[[[91.95643835616438,25.0356783919598],[91.96027397260274,25.0356783919598],[91.96027397260274,25.03949748743719],[91.95643835616438,25.03949748743719],[91.95643835616438,25.0356783919598]]]}},{"type":"Feature","properties":{"stage":3,"elev":13.8,"name":"peak lowland water"},"geometry":{"type":"Polygon","coordinates":[[[91.96027397260274,25.0356783919598],[91.96410958904109,25.0356783919598],[91.96410958904109,25.03949748743719],[91.96027397260274,25.03949748743719],[91.96027397260274,25.0356783919598]]]}},{"type":"Feature","properties":{"stage":3,"elev":10.6,"name":"peak lowland water"},"geometry":{"type":"Polygon","coordinates":[[[91.96410958904109,25.0356783919598],[91.96794520547945,25.0356783919598],[91.96794520547945,25.03949748743719],[91.96410958904109,25.03949748743719],[91.96410958904109,25.0356783919598]]]}},{"type":"Feature","properties":{"stage":3,"elev":10.6,"name":"peak lowland water"},"geometry":{"type":"Polygon","coordinates":[[[91.96794520547945,25.0356783919598],[91.9717808219178,25.0356783919598],[91.9717808219178,25.03949748743719],[91.96794520547945,25.03949748743719],[91.96794520547945,25.0356783919598]]]}},{"type":"Feature","properties":{"stage":3,"elev":11.1,"name":"peak lowland water"},"geometry":{"type":"Polygon","coordinates":[[[91.9717808219178,25.0356783919598],[91.97561643835616,25.0356783919598],[91.97561643835616,25.03949748743719],[91.9717808219178,25.03949748743719],[91.9717808219178,25.0356783919598]]]}},{"type":"Feature","properties":{"stage":3,"elev":12.9,"name":"peak lowland water"},"geometry":{"type":"Polygon","coordinates":[[[91.97561643835616,25.0356783919598],[91.97945205479452,25.0356783919598],[91.97945205479452,25.03949748743719],[91.97561643835616,25.03949748743719],[91.97561643835616,25.0356783919598]]]}},{"type":"Feature","properties":{"stage":3,"elev":13.8,"name":"peak lowland water"},"geometry":{"type":"Polygon","coordinates":[[[91.97945205479452,25.0356783919598],[91.98328767123287,25.0356783919598],[91.98328767123287,25.03949748743719],[91.97945205479452,25.03949748743719],[91.97945205479452,25.0356783919598]]]}},{"type":"Feature","properties":{"stage":3,"elev":12.6,"name":"peak lowland water"},"geometry":{"type":"Polygon","coordinates":[[[91.78,25.03949748743719],[91.78383561643835,25.03949748743719],[91.78383561643835,25.043316582914574],[91.78,25.043316582914574],[91.78,25.03949748743719]]]}},{"type":"Feature","properties":{"stage":3,"elev":12.4,"name":"peak lowland water"},"geometry":{"type":"Polygon","coordinates":[[[91.78383561643835,25.03949748743719],[91.78767123287672,25.03949748743719],[91.78767123287672,25.043316582914574],[91.78383561643835,25.043316582914574],[91.78383561643835,25.03949748743719]]]}},{"type":"Feature","properties":{"stage":3,"elev":13.3,"name":"peak lowland water"},"geometry":{"type":"Polygon","coordinates":[[[91.78767123287672,25.03949748743719],[91.79150684931507,25.03949748743719],[91.79150684931507,25.043316582914574],[91.78767123287672,25.043316582914574],[91.78767123287672,25.03949748743719]]]}},{"type":"Feature","properties":{"stage":3,"elev":13,"name":"peak lowland water"},"geometry":{"type":"Polygon","coordinates":[[[91.79150684931507,25.03949748743719],[91.79534246575342,25.03949748743719],[91.79534246575342,25.043316582914574],[91.79150684931507,25.043316582914574],[91.79150684931507,25.03949748743719]]]}},{"type":"Feature","properties":{"stage":3,"elev":12.8,"name":"peak lowland water"},"geometry":{"type":"Polygon","coordinates":[[[91.79534246575342,25.03949748743719],[91.79917808219179,25.03949748743719],[91.79917808219179,25.043316582914574],[91.79534246575342,25.043316582914574],[91.79534246575342,25.03949748743719]]]}},{"type":"Feature","properties":{"stage":3,"elev":13.4,"name":"peak lowland water"},"geometry":{"type":"Polygon","coordinates":[[[91.79917808219179,25.03949748743719],[91.80301369863014,25.03949748743719],[91.80301369863014,25.043316582914574],[91.79917808219179,25.043316582914574],[91.79917808219179,25.03949748743719]]]}},{"type":"Feature","properties":{"stage":3,"elev":14.6,"name":"peak lowland water"},"geometry":{"type":"Polygon","coordinates":[[[91.80301369863014,25.03949748743719],[91.80684931506849,25.03949748743719],[91.80684931506849,25.043316582914574],[91.80301369863014,25.043316582914574],[91.80301369863014,25.03949748743719]]]}},{"type":"Feature","properties":{"stage":3,"elev":14.6,"name":"peak lowland water"},"geometry":{"type":"Polygon","coordinates":[[[91.80684931506849,25.03949748743719],[91.81068493150686,25.03949748743719],[91.81068493150686,25.043316582914574],[91.80684931506849,25.043316582914574],[91.80684931506849,25.03949748743719]]]}},{"type":"Feature","properties":{"stage":3,"elev":15,"name":"peak lowland water"},"geometry":{"type":"Polygon","coordinates":[[[91.81452054794521,25.03949748743719],[91.81835616438356,25.03949748743719],[91.81835616438356,25.043316582914574],[91.81452054794521,25.043316582914574],[91.81452054794521,25.03949748743719]]]}},{"type":"Feature","properties":{"stage":3,"elev":13.3,"name":"peak lowland water"},"geometry":{"type":"Polygon","coordinates":[[[91.81835616438356,25.03949748743719],[91.82219178082192,25.03949748743719],[91.82219178082192,25.043316582914574],[91.81835616438356,25.043316582914574],[91.81835616438356,25.03949748743719]]]}},{"type":"Feature","properties":{"stage":3,"elev":12.6,"name":"peak lowland water"},"geometry":{"type":"Polygon","coordinates":[[[91.82219178082192,25.03949748743719],[91.82602739726028,25.03949748743719],[91.82602739726028,25.043316582914574],[91.82219178082192,25.043316582914574],[91.82219178082192,25.03949748743719]]]}},{"type":"Feature","properties":{"stage":3,"elev":14.3,"name":"peak lowland water"},"geometry":{"type":"Polygon","coordinates":[[[91.82602739726028,25.03949748743719],[91.82986301369863,25.03949748743719],[91.82986301369863,25.043316582914574],[91.82602739726028,25.043316582914574],[91.82602739726028,25.03949748743719]]]}},{"type":"Feature","properties":{"stage":3,"elev":12.8,"name":"peak lowland water"},"geometry":{"type":"Polygon","coordinates":[[[91.8413698630137,25.03949748743719],[91.84520547945205,25.03949748743719],[91.84520547945205,25.043316582914574],[91.8413698630137,25.043316582914574],[91.8413698630137,25.03949748743719]]]}},{"type":"Feature","properties":{"stage":3,"elev":11.9,"name":"peak lowland water"},"geometry":{"type":"Polygon","coordinates":[[[91.84520547945205,25.03949748743719],[91.84904109589041,25.03949748743719],[91.84904109589041,25.043316582914574],[91.84520547945205,25.043316582914574],[91.84520547945205,25.03949748743719]]]}},{"type":"Feature","properties":{"stage":3,"elev":13.3,"name":"peak lowland water"},"geometry":{"type":"Polygon","coordinates":[[[91.84904109589041,25.03949748743719],[91.85287671232877,25.03949748743719],[91.85287671232877,25.043316582914574],[91.84904109589041,25.043316582914574],[91.84904109589041,25.03949748743719]]]}},{"type":"Feature","properties":{"stage":3,"elev":13.8,"name":"peak lowland water"},"geometry":{"type":"Polygon","coordinates":[[[91.85287671232877,25.03949748743719],[91.85671232876712,25.03949748743719],[91.85671232876712,25.043316582914574],[91.85287671232877,25.043316582914574],[91.85287671232877,25.03949748743719]]]}},{"type":"Feature","properties":{"stage":3,"elev":13.2,"name":"peak lowland water"},"geometry":{"type":"Polygon","coordinates":[[[91.85671232876712,25.03949748743719],[91.86054794520548,25.03949748743719],[91.86054794520548,25.043316582914574],[91.85671232876712,25.043316582914574],[91.85671232876712,25.03949748743719]]]}},{"type":"Feature","properties":{"stage":3,"elev":13.2,"name":"peak lowland water"},"geometry":{"type":"Polygon","coordinates":[[[91.86054794520548,25.03949748743719],[91.86438356164383,25.03949748743719],[91.86438356164383,25.043316582914574],[91.86054794520548,25.043316582914574],[91.86054794520548,25.03949748743719]]]}},{"type":"Feature","properties":{"stage":3,"elev":12.2,"name":"peak lowland water"},"geometry":{"type":"Polygon","coordinates":[[[91.86438356164383,25.03949748743719],[91.86821917808219,25.03949748743719],[91.86821917808219,25.043316582914574],[91.86438356164383,25.043316582914574],[91.86438356164383,25.03949748743719]]]}},{"type":"Feature","properties":{"stage":3,"elev":14.4,"name":"peak lowland water"},"geometry":{"type":"Polygon","coordinates":[[[91.86821917808219,25.03949748743719],[91.87205479452055,25.03949748743719],[91.87205479452055,25.043316582914574],[91.86821917808219,25.043316582914574],[91.86821917808219,25.03949748743719]]]}},{"type":"Feature","properties":{"stage":3,"elev":13.9,"name":"peak lowland water"},"geometry":{"type":"Polygon","coordinates":[[[91.87205479452055,25.03949748743719],[91.8758904109589,25.03949748743719],[91.8758904109589,25.043316582914574],[91.87205479452055,25.043316582914574],[91.87205479452055,25.03949748743719]]]}},{"type":"Feature","properties":{"stage":3,"elev":12.1,"name":"peak lowland water"},"geometry":{"type":"Polygon","coordinates":[[[91.8758904109589,25.03949748743719],[91.87972602739725,25.03949748743719],[91.87972602739725,25.043316582914574],[91.8758904109589,25.043316582914574],[91.8758904109589,25.03949748743719]]]}},{"type":"Feature","properties":{"stage":3,"elev":12.1,"name":"peak lowland water"},"geometry":{"type":"Polygon","coordinates":[[[91.87972602739725,25.03949748743719],[91.88356164383562,25.03949748743719],[91.88356164383562,25.043316582914574],[91.87972602739725,25.043316582914574],[91.87972602739725,25.03949748743719]]]}},{"type":"Feature","properties":{"stage":3,"elev":12.3,"name":"peak lowland water"},"geometry":{"type":"Polygon","coordinates":[[[91.88356164383562,25.03949748743719],[91.88739726027397,25.03949748743719],[91.88739726027397,25.043316582914574],[91.88356164383562,25.043316582914574],[91.88356164383562,25.03949748743719]]]}},{"type":"Feature","properties":{"stage":3,"elev":11.2,"name":"peak lowland water"},"geometry":{"type":"Polygon","coordinates":[[[91.88739726027397,25.03949748743719],[91.89123287671232,25.03949748743719],[91.89123287671232,25.043316582914574],[91.88739726027397,25.043316582914574],[91.88739726027397,25.03949748743719]]]}},{"type":"Feature","properties":{"stage":3,"elev":11.2,"name":"peak lowland water"},"geometry":{"type":"Polygon","coordinates":[[[91.89123287671232,25.03949748743719],[91.89506849315069,25.03949748743719],[91.89506849315069,25.043316582914574],[91.89123287671232,25.043316582914574],[91.89123287671232,25.03949748743719]]]}},{"type":"Feature","properties":{"stage":3,"elev":11,"name":"peak lowland water"},"geometry":{"type":"Polygon","coordinates":[[[91.89506849315069,25.03949748743719],[91.89890410958904,25.03949748743719],[91.89890410958904,25.043316582914574],[91.89506849315069,25.043316582914574],[91.89506849315069,25.03949748743719]]]}},{"type":"Feature","properties":{"stage":3,"elev":11.2,"name":"peak lowland water"},"geometry":{"type":"Polygon","coordinates":[[[91.89890410958904,25.03949748743719],[91.90273972602739,25.03949748743719],[91.90273972602739,25.043316582914574],[91.89890410958904,25.043316582914574],[91.89890410958904,25.03949748743719]]]}},{"type":"Feature","properties":{"stage":3,"elev":11.2,"name":"peak lowland water"},"geometry":{"type":"Polygon","coordinates":[[[91.90273972602739,25.03949748743719],[91.90657534246576,25.03949748743719],[91.90657534246576,25.043316582914574],[91.90273972602739,25.043316582914574],[91.90273972602739,25.03949748743719]]]}},{"type":"Feature","properties":{"stage":3,"elev":10.7,"name":"peak lowland water"},"geometry":{"type":"Polygon","coordinates":[[[91.90657534246576,25.03949748743719],[91.91041095890411,25.03949748743719],[91.91041095890411,25.043316582914574],[91.90657534246576,25.043316582914574],[91.90657534246576,25.03949748743719]]]}},{"type":"Feature","properties":{"stage":3,"elev":10.1,"name":"peak lowland water"},"geometry":{"type":"Polygon","coordinates":[[[91.91041095890411,25.03949748743719],[91.91424657534246,25.03949748743719],[91.91424657534246,25.043316582914574],[91.91041095890411,25.043316582914574],[91.91041095890411,25.03949748743719]]]}},{"type":"Feature","properties":{"stage":3,"elev":9.8,"name":"peak lowland water"},"geometry":{"type":"Polygon","coordinates":[[[91.91424657534246,25.03949748743719],[91.91808219178083,25.03949748743719],[91.91808219178083,25.043316582914574],[91.91424657534246,25.043316582914574],[91.91424657534246,25.03949748743719]]]}},{"type":"Feature","properties":{"stage":3,"elev":11.4,"name":"peak lowland water"},"geometry":{"type":"Polygon","coordinates":[[[91.91808219178083,25.03949748743719],[91.92191780821918,25.03949748743719],[91.92191780821918,25.043316582914574],[91.91808219178083,25.043316582914574],[91.91808219178083,25.03949748743719]]]}},{"type":"Feature","properties":{"stage":3,"elev":10.4,"name":"peak lowland water"},"geometry":{"type":"Polygon","coordinates":[[[91.92191780821918,25.03949748743719],[91.92575342465753,25.03949748743719],[91.92575342465753,25.043316582914574],[91.92191780821918,25.043316582914574],[91.92191780821918,25.03949748743719]]]}},{"type":"Feature","properties":{"stage":3,"elev":11.5,"name":"peak lowland water"},"geometry":{"type":"Polygon","coordinates":[[[91.92575342465753,25.03949748743719],[91.92958904109588,25.03949748743719],[91.92958904109588,25.043316582914574],[91.92575342465753,25.043316582914574],[91.92575342465753,25.03949748743719]]]}},{"type":"Feature","properties":{"stage":3,"elev":11.7,"name":"peak lowland water"},"geometry":{"type":"Polygon","coordinates":[[[91.92958904109588,25.03949748743719],[91.93342465753425,25.03949748743719],[91.93342465753425,25.043316582914574],[91.92958904109588,25.043316582914574],[91.92958904109588,25.03949748743719]]]}},{"type":"Feature","properties":{"stage":3,"elev":12.4,"name":"peak lowland water"},"geometry":{"type":"Polygon","coordinates":[[[91.93342465753425,25.03949748743719],[91.9372602739726,25.03949748743719],[91.9372602739726,25.043316582914574],[91.93342465753425,25.043316582914574],[91.93342465753425,25.03949748743719]]]}},{"type":"Feature","properties":{"stage":3,"elev":11.6,"name":"peak lowland water"},"geometry":{"type":"Polygon","coordinates":[[[91.9372602739726,25.03949748743719],[91.94109589041095,25.03949748743719],[91.94109589041095,25.043316582914574],[91.9372602739726,25.043316582914574],[91.9372602739726,25.03949748743719]]]}},{"type":"Feature","properties":{"stage":3,"elev":11,"name":"peak lowland water"},"geometry":{"type":"Polygon","coordinates":[[[91.94109589041095,25.03949748743719],[91.94493150684931,25.03949748743719],[91.94493150684931,25.043316582914574],[91.94109589041095,25.043316582914574],[91.94109589041095,25.03949748743719]]]}},{"type":"Feature","properties":{"stage":3,"elev":12.2,"name":"peak lowland water"},"geometry":{"type":"Polygon","coordinates":[[[91.94493150684931,25.03949748743719],[91.94876712328767,25.03949748743719],[91.94876712328767,25.043316582914574],[91.94493150684931,25.043316582914574],[91.94493150684931,25.03949748743719]]]}},{"type":"Feature","properties":{"stage":3,"elev":12.8,"name":"peak lowland water"},"geometry":{"type":"Polygon","coordinates":[[[91.94876712328767,25.03949748743719],[91.95260273972602,25.03949748743719],[91.95260273972602,25.043316582914574],[91.94876712328767,25.043316582914574],[91.94876712328767,25.03949748743719]]]}},{"type":"Feature","properties":{"stage":3,"elev":11.8,"name":"peak lowland water"},"geometry":{"type":"Polygon","coordinates":[[[91.95260273972602,25.03949748743719],[91.95643835616438,25.03949748743719],[91.95643835616438,25.043316582914574],[91.95260273972602,25.043316582914574],[91.95260273972602,25.03949748743719]]]}},{"type":"Feature","properties":{"stage":3,"elev":13.1,"name":"peak lowland water"},"geometry":{"type":"Polygon","coordinates":[[[91.95643835616438,25.03949748743719],[91.96027397260274,25.03949748743719],[91.96027397260274,25.043316582914574],[91.95643835616438,25.043316582914574],[91.95643835616438,25.03949748743719]]]}},{"type":"Feature","properties":{"stage":3,"elev":13.4,"name":"peak lowland water"},"geometry":{"type":"Polygon","coordinates":[[[91.96027397260274,25.03949748743719],[91.96410958904109,25.03949748743719],[91.96410958904109,25.043316582914574],[91.96027397260274,25.043316582914574],[91.96027397260274,25.03949748743719]]]}},{"type":"Feature","properties":{"stage":3,"elev":11.7,"name":"peak lowland water"},"geometry":{"type":"Polygon","coordinates":[[[91.96410958904109,25.03949748743719],[91.96794520547945,25.03949748743719],[91.96794520547945,25.043316582914574],[91.96410958904109,25.043316582914574],[91.96410958904109,25.03949748743719]]]}},{"type":"Feature","properties":{"stage":3,"elev":12.1,"name":"peak lowland water"},"geometry":{"type":"Polygon","coordinates":[[[91.96794520547945,25.03949748743719],[91.9717808219178,25.03949748743719],[91.9717808219178,25.043316582914574],[91.96794520547945,25.043316582914574],[91.96794520547945,25.03949748743719]]]}},{"type":"Feature","properties":{"stage":3,"elev":13,"name":"peak lowland water"},"geometry":{"type":"Polygon","coordinates":[[[91.9717808219178,25.03949748743719],[91.97561643835616,25.03949748743719],[91.97561643835616,25.043316582914574],[91.9717808219178,25.043316582914574],[91.9717808219178,25.03949748743719]]]}},{"type":"Feature","properties":{"stage":3,"elev":14.2,"name":"peak lowland water"},"geometry":{"type":"Polygon","coordinates":[[[91.97561643835616,25.03949748743719],[91.97945205479452,25.03949748743719],[91.97945205479452,25.043316582914574],[91.97561643835616,25.043316582914574],[91.97561643835616,25.03949748743719]]]}},{"type":"Feature","properties":{"stage":3,"elev":12.9,"name":"peak lowland water"},"geometry":{"type":"Polygon","coordinates":[[[91.78,25.043316582914574],[91.78383561643835,25.043316582914574],[91.78383561643835,25.04713567839196],[91.78,25.04713567839196],[91.78,25.043316582914574]]]}},{"type":"Feature","properties":{"stage":3,"elev":14.2,"name":"peak lowland water"},"geometry":{"type":"Polygon","coordinates":[[[91.78383561643835,25.043316582914574],[91.78767123287672,25.043316582914574],[91.78767123287672,25.04713567839196],[91.78383561643835,25.04713567839196],[91.78383561643835,25.043316582914574]]]}},{"type":"Feature","properties":{"stage":3,"elev":14.9,"name":"peak lowland water"},"geometry":{"type":"Polygon","coordinates":[[[91.78767123287672,25.043316582914574],[91.79150684931507,25.043316582914574],[91.79150684931507,25.04713567839196],[91.78767123287672,25.04713567839196],[91.78767123287672,25.043316582914574]]]}},{"type":"Feature","properties":{"stage":3,"elev":13.7,"name":"peak lowland water"},"geometry":{"type":"Polygon","coordinates":[[[91.79150684931507,25.043316582914574],[91.79534246575342,25.043316582914574],[91.79534246575342,25.04713567839196],[91.79150684931507,25.04713567839196],[91.79150684931507,25.043316582914574]]]}},{"type":"Feature","properties":{"stage":3,"elev":13.1,"name":"peak lowland water"},"geometry":{"type":"Polygon","coordinates":[[[91.79534246575342,25.043316582914574],[91.79917808219179,25.043316582914574],[91.79917808219179,25.04713567839196],[91.79534246575342,25.04713567839196],[91.79534246575342,25.043316582914574]]]}},{"type":"Feature","properties":{"stage":3,"elev":13.5,"name":"peak lowland water"},"geometry":{"type":"Polygon","coordinates":[[[91.79917808219179,25.043316582914574],[91.80301369863014,25.043316582914574],[91.80301369863014,25.04713567839196],[91.79917808219179,25.04713567839196],[91.79917808219179,25.043316582914574]]]}},{"type":"Feature","properties":{"stage":3,"elev":12.9,"name":"peak lowland water"},"geometry":{"type":"Polygon","coordinates":[[[91.80301369863014,25.043316582914574],[91.80684931506849,25.043316582914574],[91.80684931506849,25.04713567839196],[91.80301369863014,25.04713567839196],[91.80301369863014,25.043316582914574]]]}},{"type":"Feature","properties":{"stage":3,"elev":12.8,"name":"peak lowland water"},"geometry":{"type":"Polygon","coordinates":[[[91.80684931506849,25.043316582914574],[91.81068493150686,25.043316582914574],[91.81068493150686,25.04713567839196],[91.80684931506849,25.04713567839196],[91.80684931506849,25.043316582914574]]]}},{"type":"Feature","properties":{"stage":3,"elev":11.6,"name":"peak lowland water"},"geometry":{"type":"Polygon","coordinates":[[[91.81068493150686,25.043316582914574],[91.81452054794521,25.043316582914574],[91.81452054794521,25.04713567839196],[91.81068493150686,25.04713567839196],[91.81068493150686,25.043316582914574]]]}},{"type":"Feature","properties":{"stage":3,"elev":12.4,"name":"peak lowland water"},"geometry":{"type":"Polygon","coordinates":[[[91.81452054794521,25.043316582914574],[91.81835616438356,25.043316582914574],[91.81835616438356,25.04713567839196],[91.81452054794521,25.04713567839196],[91.81452054794521,25.043316582914574]]]}},{"type":"Feature","properties":{"stage":3,"elev":12.6,"name":"peak lowland water"},"geometry":{"type":"Polygon","coordinates":[[[91.81835616438356,25.043316582914574],[91.82219178082192,25.043316582914574],[91.82219178082192,25.04713567839196],[91.81835616438356,25.04713567839196],[91.81835616438356,25.043316582914574]]]}},{"type":"Feature","properties":{"stage":3,"elev":12.9,"name":"peak lowland water"},"geometry":{"type":"Polygon","coordinates":[[[91.82219178082192,25.043316582914574],[91.82602739726028,25.043316582914574],[91.82602739726028,25.04713567839196],[91.82219178082192,25.04713567839196],[91.82219178082192,25.043316582914574]]]}},{"type":"Feature","properties":{"stage":3,"elev":14,"name":"peak lowland water"},"geometry":{"type":"Polygon","coordinates":[[[91.83369863013698,25.043316582914574],[91.83753424657534,25.043316582914574],[91.83753424657534,25.04713567839196],[91.83369863013698,25.04713567839196],[91.83369863013698,25.043316582914574]]]}},{"type":"Feature","properties":{"stage":3,"elev":14.1,"name":"peak lowland water"},"geometry":{"type":"Polygon","coordinates":[[[91.83753424657534,25.043316582914574],[91.8413698630137,25.043316582914574],[91.8413698630137,25.04713567839196],[91.83753424657534,25.04713567839196],[91.83753424657534,25.043316582914574]]]}},{"type":"Feature","properties":{"stage":3,"elev":13.4,"name":"peak lowland water"},"geometry":{"type":"Polygon","coordinates":[[[91.8413698630137,25.043316582914574],[91.84520547945205,25.043316582914574],[91.84520547945205,25.04713567839196],[91.8413698630137,25.04713567839196],[91.8413698630137,25.043316582914574]]]}},{"type":"Feature","properties":{"stage":3,"elev":12.8,"name":"peak lowland water"},"geometry":{"type":"Polygon","coordinates":[[[91.84520547945205,25.043316582914574],[91.84904109589041,25.043316582914574],[91.84904109589041,25.04713567839196],[91.84520547945205,25.04713567839196],[91.84520547945205,25.043316582914574]]]}},{"type":"Feature","properties":{"stage":3,"elev":13.1,"name":"peak lowland water"},"geometry":{"type":"Polygon","coordinates":[[[91.84904109589041,25.043316582914574],[91.85287671232877,25.043316582914574],[91.85287671232877,25.04713567839196],[91.84904109589041,25.04713567839196],[91.84904109589041,25.043316582914574]]]}},{"type":"Feature","properties":{"stage":3,"elev":12.8,"name":"peak lowland water"},"geometry":{"type":"Polygon","coordinates":[[[91.85287671232877,25.043316582914574],[91.85671232876712,25.043316582914574],[91.85671232876712,25.04713567839196],[91.85287671232877,25.04713567839196],[91.85287671232877,25.043316582914574]]]}},{"type":"Feature","properties":{"stage":3,"elev":13.1,"name":"peak lowland water"},"geometry":{"type":"Polygon","coordinates":[[[91.85671232876712,25.043316582914574],[91.86054794520548,25.043316582914574],[91.86054794520548,25.04713567839196],[91.85671232876712,25.04713567839196],[91.85671232876712,25.043316582914574]]]}},{"type":"Feature","properties":{"stage":3,"elev":13.2,"name":"peak lowland water"},"geometry":{"type":"Polygon","coordinates":[[[91.86054794520548,25.043316582914574],[91.86438356164383,25.043316582914574],[91.86438356164383,25.04713567839196],[91.86054794520548,25.04713567839196],[91.86054794520548,25.043316582914574]]]}},{"type":"Feature","properties":{"stage":3,"elev":13.8,"name":"peak lowland water"},"geometry":{"type":"Polygon","coordinates":[[[91.86438356164383,25.043316582914574],[91.86821917808219,25.043316582914574],[91.86821917808219,25.04713567839196],[91.86438356164383,25.04713567839196],[91.86438356164383,25.043316582914574]]]}},{"type":"Feature","properties":{"stage":3,"elev":12.4,"name":"peak lowland water"},"geometry":{"type":"Polygon","coordinates":[[[91.86821917808219,25.043316582914574],[91.87205479452055,25.043316582914574],[91.87205479452055,25.04713567839196],[91.86821917808219,25.04713567839196],[91.86821917808219,25.043316582914574]]]}},{"type":"Feature","properties":{"stage":3,"elev":14.8,"name":"peak lowland water"},"geometry":{"type":"Polygon","coordinates":[[[91.8758904109589,25.043316582914574],[91.87972602739725,25.043316582914574],[91.87972602739725,25.04713567839196],[91.8758904109589,25.04713567839196],[91.8758904109589,25.043316582914574]]]}},{"type":"Feature","properties":{"stage":3,"elev":12.3,"name":"peak lowland water"},"geometry":{"type":"Polygon","coordinates":[[[91.87972602739725,25.043316582914574],[91.88356164383562,25.043316582914574],[91.88356164383562,25.04713567839196],[91.87972602739725,25.04713567839196],[91.87972602739725,25.043316582914574]]]}},{"type":"Feature","properties":{"stage":3,"elev":11.8,"name":"peak lowland water"},"geometry":{"type":"Polygon","coordinates":[[[91.88356164383562,25.043316582914574],[91.88739726027397,25.043316582914574],[91.88739726027397,25.04713567839196],[91.88356164383562,25.04713567839196],[91.88356164383562,25.043316582914574]]]}},{"type":"Feature","properties":{"stage":3,"elev":10.3,"name":"peak lowland water"},"geometry":{"type":"Polygon","coordinates":[[[91.88739726027397,25.043316582914574],[91.89123287671232,25.043316582914574],[91.89123287671232,25.04713567839196],[91.88739726027397,25.04713567839196],[91.88739726027397,25.043316582914574]]]}},{"type":"Feature","properties":{"stage":3,"elev":9,"name":"peak lowland water"},"geometry":{"type":"Polygon","coordinates":[[[91.89123287671232,25.043316582914574],[91.89506849315069,25.043316582914574],[91.89506849315069,25.04713567839196],[91.89123287671232,25.04713567839196],[91.89123287671232,25.043316582914574]]]}},{"type":"Feature","properties":{"stage":3,"elev":8.9,"name":"peak lowland water"},"geometry":{"type":"Polygon","coordinates":[[[91.89506849315069,25.043316582914574],[91.89890410958904,25.043316582914574],[91.89890410958904,25.04713567839196],[91.89506849315069,25.04713567839196],[91.89506849315069,25.043316582914574]]]}},{"type":"Feature","properties":{"stage":3,"elev":11,"name":"peak lowland water"},"geometry":{"type":"Polygon","coordinates":[[[91.89890410958904,25.043316582914574],[91.90273972602739,25.043316582914574],[91.90273972602739,25.04713567839196],[91.89890410958904,25.04713567839196],[91.89890410958904,25.043316582914574]]]}},{"type":"Feature","properties":{"stage":3,"elev":11.7,"name":"peak lowland water"},"geometry":{"type":"Polygon","coordinates":[[[91.90273972602739,25.043316582914574],[91.90657534246576,25.043316582914574],[91.90657534246576,25.04713567839196],[91.90273972602739,25.04713567839196],[91.90273972602739,25.043316582914574]]]}},{"type":"Feature","properties":{"stage":3,"elev":11.4,"name":"peak lowland water"},"geometry":{"type":"Polygon","coordinates":[[[91.90657534246576,25.043316582914574],[91.91041095890411,25.043316582914574],[91.91041095890411,25.04713567839196],[91.90657534246576,25.04713567839196],[91.90657534246576,25.043316582914574]]]}},{"type":"Feature","properties":{"stage":3,"elev":11.1,"name":"peak lowland water"},"geometry":{"type":"Polygon","coordinates":[[[91.91041095890411,25.043316582914574],[91.91424657534246,25.043316582914574],[91.91424657534246,25.04713567839196],[91.91041095890411,25.04713567839196],[91.91041095890411,25.043316582914574]]]}},{"type":"Feature","properties":{"stage":3,"elev":11.9,"name":"peak lowland water"},"geometry":{"type":"Polygon","coordinates":[[[91.91424657534246,25.043316582914574],[91.91808219178083,25.043316582914574],[91.91808219178083,25.04713567839196],[91.91424657534246,25.04713567839196],[91.91424657534246,25.043316582914574]]]}},{"type":"Feature","properties":{"stage":3,"elev":11.4,"name":"peak lowland water"},"geometry":{"type":"Polygon","coordinates":[[[91.91808219178083,25.043316582914574],[91.92191780821918,25.043316582914574],[91.92191780821918,25.04713567839196],[91.91808219178083,25.04713567839196],[91.91808219178083,25.043316582914574]]]}},{"type":"Feature","properties":{"stage":3,"elev":11.4,"name":"peak lowland water"},"geometry":{"type":"Polygon","coordinates":[[[91.92191780821918,25.043316582914574],[91.92575342465753,25.043316582914574],[91.92575342465753,25.04713567839196],[91.92191780821918,25.04713567839196],[91.92191780821918,25.043316582914574]]]}},{"type":"Feature","properties":{"stage":3,"elev":11.8,"name":"peak lowland water"},"geometry":{"type":"Polygon","coordinates":[[[91.92575342465753,25.043316582914574],[91.92958904109588,25.043316582914574],[91.92958904109588,25.04713567839196],[91.92575342465753,25.04713567839196],[91.92575342465753,25.043316582914574]]]}},{"type":"Feature","properties":{"stage":3,"elev":11.3,"name":"peak lowland water"},"geometry":{"type":"Polygon","coordinates":[[[91.92958904109588,25.043316582914574],[91.93342465753425,25.043316582914574],[91.93342465753425,25.04713567839196],[91.92958904109588,25.04713567839196],[91.92958904109588,25.043316582914574]]]}},{"type":"Feature","properties":{"stage":3,"elev":12.4,"name":"peak lowland water"},"geometry":{"type":"Polygon","coordinates":[[[91.93342465753425,25.043316582914574],[91.9372602739726,25.043316582914574],[91.9372602739726,25.04713567839196],[91.93342465753425,25.04713567839196],[91.93342465753425,25.043316582914574]]]}},{"type":"Feature","properties":{"stage":3,"elev":13.4,"name":"peak lowland water"},"geometry":{"type":"Polygon","coordinates":[[[91.9372602739726,25.043316582914574],[91.94109589041095,25.043316582914574],[91.94109589041095,25.04713567839196],[91.9372602739726,25.04713567839196],[91.9372602739726,25.043316582914574]]]}},{"type":"Feature","properties":{"stage":3,"elev":13.3,"name":"peak lowland water"},"geometry":{"type":"Polygon","coordinates":[[[91.94109589041095,25.043316582914574],[91.94493150684931,25.043316582914574],[91.94493150684931,25.04713567839196],[91.94109589041095,25.04713567839196],[91.94109589041095,25.043316582914574]]]}},{"type":"Feature","properties":{"stage":3,"elev":11.8,"name":"peak lowland water"},"geometry":{"type":"Polygon","coordinates":[[[91.94493150684931,25.043316582914574],[91.94876712328767,25.043316582914574],[91.94876712328767,25.04713567839196],[91.94493150684931,25.04713567839196],[91.94493150684931,25.043316582914574]]]}},{"type":"Feature","properties":{"stage":3,"elev":11.4,"name":"peak lowland water"},"geometry":{"type":"Polygon","coordinates":[[[91.94876712328767,25.043316582914574],[91.95260273972602,25.043316582914574],[91.95260273972602,25.04713567839196],[91.94876712328767,25.04713567839196],[91.94876712328767,25.043316582914574]]]}},{"type":"Feature","properties":{"stage":3,"elev":13.2,"name":"peak lowland water"},"geometry":{"type":"Polygon","coordinates":[[[91.95260273972602,25.043316582914574],[91.95643835616438,25.043316582914574],[91.95643835616438,25.04713567839196],[91.95260273972602,25.04713567839196],[91.95260273972602,25.043316582914574]]]}},{"type":"Feature","properties":{"stage":3,"elev":12.8,"name":"peak lowland water"},"geometry":{"type":"Polygon","coordinates":[[[91.95643835616438,25.043316582914574],[91.96027397260274,25.043316582914574],[91.96027397260274,25.04713567839196],[91.95643835616438,25.04713567839196],[91.95643835616438,25.043316582914574]]]}},{"type":"Feature","properties":{"stage":3,"elev":13.1,"name":"peak lowland water"},"geometry":{"type":"Polygon","coordinates":[[[91.96027397260274,25.043316582914574],[91.96410958904109,25.043316582914574],[91.96410958904109,25.04713567839196],[91.96027397260274,25.04713567839196],[91.96027397260274,25.043316582914574]]]}},{"type":"Feature","properties":{"stage":3,"elev":13.3,"name":"peak lowland water"},"geometry":{"type":"Polygon","coordinates":[[[91.96410958904109,25.043316582914574],[91.96794520547945,25.043316582914574],[91.96794520547945,25.04713567839196],[91.96410958904109,25.04713567839196],[91.96410958904109,25.043316582914574]]]}},{"type":"Feature","properties":{"stage":3,"elev":12.4,"name":"peak lowland water"},"geometry":{"type":"Polygon","coordinates":[[[91.96794520547945,25.043316582914574],[91.9717808219178,25.043316582914574],[91.9717808219178,25.04713567839196],[91.96794520547945,25.04713567839196],[91.96794520547945,25.043316582914574]]]}},{"type":"Feature","properties":{"stage":3,"elev":12.8,"name":"peak lowland water"},"geometry":{"type":"Polygon","coordinates":[[[91.9717808219178,25.043316582914574],[91.97561643835616,25.043316582914574],[91.97561643835616,25.04713567839196],[91.9717808219178,25.04713567839196],[91.9717808219178,25.043316582914574]]]}},{"type":"Feature","properties":{"stage":3,"elev":14.9,"name":"peak lowland water"},"geometry":{"type":"Polygon","coordinates":[[[91.97561643835616,25.043316582914574],[91.97945205479452,25.043316582914574],[91.97945205479452,25.04713567839196],[91.97561643835616,25.04713567839196],[91.97561643835616,25.043316582914574]]]}},{"type":"Feature","properties":{"stage":3,"elev":14.6,"name":"peak lowland water"},"geometry":{"type":"Polygon","coordinates":[[[91.98328767123287,25.043316582914574],[91.98712328767122,25.043316582914574],[91.98712328767122,25.04713567839196],[91.98328767123287,25.04713567839196],[91.98328767123287,25.043316582914574]]]}}]}